Supplemental results for CODEML (seqf: lysc1_aln.phy  treef: lysc1_tree.nwk)


NSsites Model 0: one-ratio
I	J	ij	2Ns_IJ	pMut_IJ	pSub_IJ	2Ns_JI	pMut_JI	pSub_JI

TTC	TTT	CT	0.99887	0.03687	0.05829	-0.99887	0.10010	0.05829	0.05829	0.05829
TTA	TTT	AT	0.20358	0.03593	0.03971	-0.20358	0.04404	0.03971	0.00417	0.00417
TTA	TTC	AC	-0.79529	0.04997	0.03270	0.79529	0.02256	0.03270	0.00343	0.00343
TTG	TTT	GT	0.79147	0.01266	0.01832	-0.79147	0.02793	0.01832	0.00192	0.00192
TTG	TTC	GC	-0.20741	0.01760	0.01584	0.20741	0.01431	0.01584	0.00166	0.00166
TTG	TTA	GA	0.58789	0.03579	0.04734	-0.58789	0.06444	0.04734	0.04734	0.04734
TCT	TTT	CT	1.64550	0.01931	0.03937	-1.64550	0.10010	0.03937	0.00413	0.00413
TCC	TTC	CT	0.28330	0.03862	0.04435	-0.28330	0.05127	0.04435	0.00466	0.00466
TCC	TCT	CT	-0.36332	0.03862	0.03203	0.36332	0.02686	0.03203	0.03203	0.03203
TCA	TTA	CT	0.95701	0.04125	0.06410	-0.95701	0.10742	0.06410	0.00673	0.00673
TCA	TCT	AT	-0.48491	0.01919	0.01491	0.48491	0.01182	0.01491	0.01491	0.01491
TCA	TCC	AC	-0.12158	0.02669	0.02510	0.12158	0.02363	0.02510	0.02510	0.02510
TCG	TTG	CT	0.87344	0.01580	0.02369	-0.87344	0.03784	0.02369	0.00249	0.00249
TCG	TCT	GT	0.01941	0.00735	0.00742	-0.01941	0.00749	0.00742	0.00742	0.00742
TCG	TCC	GC	0.38273	0.01022	0.01230	-0.38273	0.01499	0.01230	0.01230	0.01230
TCG	TCA	GA	0.50431	0.02078	0.02646	-0.50431	0.03441	0.02646	0.02646	0.02646
TAT	TTT	AT	0.49126	0.02695	0.03411	-0.49126	0.04404	0.03411	0.00358	0.00358
TAT	TCT	AC	-1.15424	0.03748	0.01992	1.15424	0.01182	0.01992	0.00209	0.00209
TAC	TTC	AT	0.27420	0.01715	0.01961	-0.27420	0.02256	0.01961	0.00206	0.00206
TAC	TCC	AC	-0.00911	0.02385	0.02374	0.00911	0.02363	0.02374	0.00249	0.00249
TAC	TAT	CT	0.78181	0.03687	0.05314	-0.78181	0.08057	0.05314	0.05314	0.05314
TGT	TTT	GT	-0.56204	0.04899	0.03651	0.56204	0.02793	0.03651	0.00383	0.00383
TGT	TCT	GC	-2.20754	0.06814	0.01859	2.20754	0.00749	0.01859	0.00195	0.00195
TGT	TAT	GA	-1.05330	0.13856	0.07817	1.05330	0.04833	0.07817	0.00821	0.00821
TGC	TTC	GT	-0.70627	0.02899	0.01995	0.70627	0.01431	0.01995	0.00209	0.00209
TGC	TCC	GC	-0.98958	0.04031	0.02360	0.98958	0.01499	0.02360	0.00248	0.00248
TGC	TAC	GA	-0.98047	0.08198	0.04826	0.98047	0.03075	0.04826	0.00507	0.00507
TGC	TGT	CT	0.85464	0.06232	0.09270	-0.85464	0.14648	0.09270	0.09270	0.09270
TGG	TTG	GT	-0.38486	0.01551	0.01272	0.38486	0.01056	0.01272	0.00134	0.00134
TGG	TCG	GC	-1.25830	0.02158	0.01078	1.25830	0.00613	0.01078	0.00113	0.00113
TGG	TGT	GT	0.96864	0.01551	0.02422	-0.96864	0.04087	0.02422	0.00254	0.00254
TGG	TGC	GC	0.11401	0.02158	0.02283	-0.11401	0.02418	0.02283	0.00240	0.00240
CTT	TTT	CT	1.44071	0.02370	0.04473	-1.44071	0.10010	0.04473	0.00470	0.00470
CTC	TTC	CT	1.12305	0.01668	0.02776	-1.12305	0.05127	0.02776	0.00291	0.00291
CTC	CTT	CT	0.68122	0.01668	0.02300	-0.68122	0.03296	0.02300	0.02300	0.02300
CTA	TTA	CT	1.04596	0.03774	0.06086	-1.04596	0.10742	0.06086	0.06086	0.06086
CTA	CTT	AT	-0.19117	0.01756	0.01593	0.19117	0.01450	0.01593	0.01593	0.01593
CTA	CTC	AC	-0.87239	0.02442	0.01530	0.87239	0.01020	0.01530	0.01530	0.01530
CTG	TTG	CT	0.29807	0.02809	0.03248	-0.29807	0.03784	0.03248	0.03248	0.03248
CTG	CTT	GT	-0.35116	0.01307	0.01091	0.35116	0.00920	0.01091	0.01091	0.01091
CTG	CTC	GC	-1.03238	0.01817	0.01038	1.03238	0.00647	0.01038	0.01038	0.01038
CTG	CTA	GA	-0.16000	0.03695	0.03407	0.16000	0.03149	0.03407	0.03407	0.03407
CCT	TCT	CT	1.22364	0.00790	0.01369	-1.22364	0.02686	0.01369	0.00144	0.00144
CCT	CTT	CT	1.42844	0.00790	0.01484	-1.42844	0.03296	0.01484	0.00156	0.00156
CCC	TCC	CT	1.34142	0.01404	0.02551	-1.34142	0.05371	0.02551	0.00268	0.00268
CCC	CTC	CT	0.50167	0.01404	0.01786	-0.50167	0.02319	0.01786	0.00188	0.00188
CCC	CCT	CT	-0.24554	0.01404	0.01239	0.24554	0.01099	0.01239	0.01239	0.01239
CCA	TCA	CT	0.68346	0.02897	0.03998	-0.68346	0.05737	0.03998	0.00420	0.00420
CCA	CTA	CT	0.59452	0.02897	0.03842	-0.59452	0.05249	0.03842	0.00403	0.00403
CCA	CCT	AT	-1.02509	0.01347	0.00773	1.02509	0.00483	0.00773	0.00773	0.00773
CCA	CCC	AC	-0.77954	0.01874	0.01237	0.77954	0.00859	0.01237	0.01237	0.01237
CCG	TCG	CT	1.61076	0.00439	0.00883	-1.61076	0.02197	0.00883	0.00093	0.00093
CCG	CTG	CT	2.18612	0.00439	0.01081	-2.18612	0.03906	0.01081	0.00113	0.00113
CCG	CCT	GT	0.40652	0.00204	0.00248	-0.40652	0.00307	0.00248	0.00248	0.00248
CCG	CCC	GC	0.65206	0.00284	0.00386	-0.65206	0.00545	0.00386	0.00386	0.00386
CCG	CCA	GA	1.43161	0.00577	0.01086	-1.43161	0.02416	0.01086	0.01086	0.01086
CAT	TAT	CT	1.22364	0.02370	0.04108	-1.22364	0.08057	0.04108	0.00431	0.00431
CAT	CTT	AT	0.27420	0.01102	0.01260	-0.27420	0.01450	0.01260	0.00132	0.00132
CAT	CCT	AC	-1.15424	0.01533	0.00815	1.15424	0.00483	0.00815	0.00086	0.00086
CAC	TAC	CT	1.58259	0.01053	0.02098	-1.58259	0.05127	0.02098	0.00220	0.00220
CAC	CTC	AT	0.73373	0.00490	0.00691	-0.73373	0.01020	0.00691	0.00073	0.00073
CAC	CCC	AC	0.23206	0.00681	0.00763	-0.23206	0.00859	0.00763	0.00080	0.00080
CAC	CAT	CT	1.14075	0.01053	0.01766	-1.14075	0.03296	0.01766	0.01766	0.01766
CAA	CTA	AT	-0.58958	0.04165	0.03057	0.58958	0.02309	0.03057	0.00321	0.00321
CAA	CCA	AC	-1.18409	0.05792	0.03024	1.18409	0.01772	0.03024	0.00317	0.00317
CAA	CAT	AT	-1.05494	0.04165	0.02347	1.05494	0.01450	0.02347	0.00246	0.00246
CAA	CAC	AC	-2.19569	0.05792	0.01592	2.19569	0.00645	0.01592	0.00167	0.00167
CAG	CTG	AT	1.25503	0.00490	0.00860	-1.25503	0.01719	0.00860	0.00090	0.00090
CAG	CCG	AC	-0.93109	0.00681	0.00413	0.93109	0.00269	0.00413	0.00043	0.00043
CAG	CAT	GT	0.62967	0.00490	0.00660	-0.62967	0.00920	0.00660	0.00069	0.00069
CAG	CAC	GC	-0.51109	0.00681	0.00522	0.51109	0.00409	0.00522	0.00055	0.00055
CAG	CAA	GA	1.68460	0.01386	0.02866	-1.68460	0.07469	0.02866	0.02866	0.02866
CGT	TGT	CT	3.50788	0.00439	0.01587	-3.50788	0.14648	0.01587	0.00167	0.00167
CGT	CTT	GT	1.50513	0.00204	0.00395	-1.50513	0.00920	0.00395	0.00041	0.00041
CGT	CCT	GC	0.07670	0.00284	0.00295	-0.07670	0.00307	0.00295	0.00031	0.00031
CGT	CAT	GA	1.23094	0.00577	0.01004	-1.23094	0.01977	0.01004	0.00105	0.00105
CGC	TGC	CT	1.75929	0.01492	0.03171	-1.75929	0.08667	0.03171	0.00333	0.00333
CGC	CTC	GT	-0.07004	0.00694	0.00670	0.07004	0.00647	0.00670	0.00070	0.00070
CGC	CCC	GC	-0.57171	0.00965	0.00716	0.57171	0.00545	0.00716	0.00075	0.00075
CGC	CAC	GA	-0.80377	0.01963	0.01279	0.80377	0.00879	0.01279	0.00134	0.00134
CGC	CGT	CT	-0.89395	0.01492	0.00923	0.89395	0.00610	0.00923	0.00923	0.00923
CGA	CTA	GT	-0.40905	0.02205	0.01784	0.40905	0.01465	0.01784	0.00187	0.00187
CGA	CCA	GC	-1.00356	0.03066	0.01781	1.00356	0.01124	0.01781	0.00187	0.00187
CGA	CAA	GA	0.18053	0.06235	0.06815	-0.18053	0.07469	0.06815	0.00715	0.00715
CGA	CGT	AT	-2.10535	0.02205	0.00644	2.10535	0.00269	0.00644	0.00644	0.00644
CGA	CGC	AC	-1.21140	0.03066	0.01575	1.21140	0.00913	0.01575	0.01575	0.01575
CGG	TGG	CT	2.17565	0.00527	0.01293	-2.17565	0.04639	0.01293	0.00136	0.00136
CGG	CTG	GT	1.49271	0.00245	0.00472	-1.49271	0.01090	0.00472	0.00050	0.00050
CGG	CCG	GC	-0.69341	0.00341	0.00236	0.69341	0.00170	0.00236	0.00025	0.00025
CGG	CAG	GA	0.23769	0.00693	0.00778	-0.23769	0.00879	0.00778	0.00082	0.00082
CGG	CGT	GT	-0.36359	0.00245	0.00203	0.36359	0.00170	0.00203	0.00203	0.00203
CGG	CGC	GC	0.53037	0.00341	0.00439	-0.53037	0.00579	0.00439	0.00439	0.00439
CGG	CGA	GA	1.74176	0.00693	0.01463	-1.74176	0.03954	0.01463	0.01463	0.01463
ATT	TTT	AT	0.18111	0.03675	0.04017	-0.18111	0.04404	0.04017	0.00422	0.00422
ATT	CTT	AC	-1.25960	0.05110	0.02550	1.25960	0.01450	0.02550	0.00268	0.00268
ATC	TTC	AT	1.44692	0.00531	0.01004	-1.44692	0.02256	0.01004	0.00105	0.00105
ATC	CTC	AC	0.32386	0.00738	0.00864	-0.32386	0.01020	0.00864	0.00091	0.00091
ATC	ATT	CT	2.26468	0.01141	0.02884	-2.26468	0.10986	0.02884	0.02884	0.02884
ATA	TTA	AT	0.43405	0.03062	0.03775	-0.43405	0.04726	0.03775	0.00396	0.00396
ATA	CTA	AC	-0.61191	0.04259	0.03088	0.61191	0.02309	0.03088	0.00324	0.00324
ATA	ATT	AT	0.45652	0.03062	0.03814	-0.45652	0.04834	0.03814	0.03814	0.03814
ATA	ATC	AC	-1.80816	0.04259	0.01510	1.80816	0.00698	0.01510	0.01510	0.01510
ATG	TTG	AT	0.21168	0.01347	0.01495	-0.21168	0.01665	0.01495	0.00157	0.00157
ATG	CTG	AC	-0.08640	0.01874	0.01794	0.08640	0.01719	0.01794	0.00188	0.00188
ATG	ATT	GT	0.82204	0.01347	0.01976	-0.82204	0.03065	0.01976	0.00207	0.00207
ATG	ATC	GC	-1.44265	0.01874	0.00836	1.44265	0.00443	0.00836	0.00088	0.00088
ATG	ATA	GA	0.36552	0.03810	0.04549	-0.36552	0.05492	0.04549	0.00478	0.00478
ACT	TCT	AT	-0.21828	0.01470	0.01315	0.21828	0.01182	0.01315	0.00138	0.00138
ACT	CCT	AC	-1.44192	0.02044	0.00913	1.44192	0.00483	0.00913	0.00096	0.00096
ACT	ATT	CT	1.24611	0.03160	0.05527	-1.24611	0.10986	0.05527	0.00580	0.00580
ACC	TCC	AT	0.59265	0.01307	0.01732	-0.59265	0.02363	0.01732	0.00182	0.00182
ACC	CCC	AC	-0.74877	0.01817	0.01221	0.74877	0.00859	0.01221	0.00128	0.00128
ACC	ATC	CT	-0.57096	0.02809	0.02083	0.57096	0.01587	0.02083	0.00219	0.00219
ACC	ACT	CT	0.44761	0.02809	0.03484	-0.44761	0.04395	0.03484	0.03484	0.03484
ACA	TCA	AT	-0.49078	0.04124	0.03194	0.49078	0.02524	0.03194	0.00335	0.00335
ACA	CCA	AC	-1.17424	0.05735	0.03012	1.17424	0.01772	0.03012	0.00316	0.00316
ACA	ATA	CT	0.03219	0.08865	0.09009	-0.03219	0.09155	0.09009	0.00946	0.00946
ACA	ACT	AT	-0.75740	0.04124	0.02757	0.75740	0.01934	0.02757	0.02757	0.02757
ACA	ACC	AC	-1.20501	0.05735	0.02957	1.20501	0.01719	0.02957	0.02957	0.02957
ACG	TCG	AT	-0.13127	0.01102	0.01032	0.13127	0.00967	0.01032	0.00108	0.00108
ACG	CCG	AC	-1.74202	0.01533	0.00567	1.74202	0.00269	0.00567	0.00060	0.00060
ACG	ATG	CT	0.53049	0.02370	0.03054	-0.53049	0.04028	0.03054	0.00321	0.00321
ACG	ACT	GT	0.10642	0.01102	0.01162	-0.10642	0.01226	0.01162	0.01162	0.01162
ACG	ACC	GC	-0.34119	0.01533	0.01286	0.34119	0.01090	0.01286	0.01286	0.01286
ACG	ACA	GA	0.86382	0.03118	0.04656	-0.86382	0.07396	0.04656	0.04656	0.04656
AAT	TAT	AT	-0.75108	0.07512	0.05041	0.75108	0.03545	0.05041	0.00529	0.00529
AAT	CAT	AC	-1.97472	0.10448	0.03325	1.97472	0.01450	0.03325	0.00349	0.00349
AAT	ATT	AT	-0.44093	0.07512	0.05978	0.44093	0.04834	0.05978	0.00628	0.00628
AAT	ACT	AC	-1.68704	0.10448	0.04003	1.68704	0.01934	0.04003	0.00420	0.00420
AAC	TAC	AT	-0.38258	0.03307	0.02715	0.38258	0.02256	0.02715	0.00285	0.00285
AAC	CAC	AC	-1.96517	0.04599	0.01473	1.96517	0.00645	0.01473	0.00155	0.00155
AAC	ATC	AT	-1.55530	0.03307	0.01377	1.55530	0.00698	0.01377	0.00145	0.00145
AAC	ACC	AC	-0.98434	0.04599	0.02701	0.98434	0.01719	0.02701	0.00284	0.00284
AAC	AAT	CT	1.15031	0.07110	0.11966	-1.15031	0.22461	0.11966	0.11966	0.11966
AAA	CAA	AC	-0.73396	0.11413	0.07733	0.73396	0.05478	0.07733	0.00812	0.00812
AAA	ATA	AT	-0.71162	0.08207	0.05630	0.71162	0.04028	0.05630	0.00591	0.00591
AAA	ACA	AC	-0.74381	0.11413	0.07690	0.74381	0.05425	0.07690	0.00807	0.00807
AAA	AAT	AT	0.18583	0.08207	0.08993	-0.18583	0.09882	0.08993	0.00944	0.00944
AAA	AAC	AC	-0.96448	0.11413	0.06781	0.96448	0.04350	0.06781	0.00712	0.00712
AAG	CAG	AC	-1.33192	0.02442	0.01166	1.33192	0.00645	0.01166	0.00122	0.00122
AAG	ATG	AT	0.00950	0.01756	0.01764	-0.00950	0.01772	0.01764	0.00185	0.00185
AAG	ACG	AC	-0.52099	0.02442	0.01861	0.52099	0.01450	0.01861	0.00195	0.00195
AAG	AAT	GT	1.27247	0.01756	0.03103	-1.27247	0.06267	0.03103	0.00326	0.00326
AAG	AAC	GC	0.12216	0.02442	0.02594	-0.12216	0.02759	0.02594	0.00272	0.00272
AAG	AAA	GA	1.08664	0.04965	0.08142	-1.08664	0.14718	0.08142	0.08142	0.08142
AGT	TGT	AT	0.55083	0.03715	0.04832	-0.55083	0.06445	0.04832	0.00507	0.00507
AGT	CGT	AC	-2.95705	0.05167	0.00838	2.95705	0.00269	0.00838	0.00088	0.00088
AGT	ATT	GT	-0.19231	0.03715	0.03370	0.19231	0.03065	0.03370	0.00354	0.00354
AGT	ACT	GC	-1.43843	0.05167	0.02312	1.43843	0.01226	0.02312	0.00243	0.00243
AGT	AAT	GA	0.24861	0.10507	0.11868	-0.24861	0.13473	0.11868	0.01246	0.01246
AGC	TGC	AT	0.44253	0.02450	0.03032	-0.44253	0.03813	0.03032	0.00318	0.00318
AGC	CGC	AC	-1.31676	0.03407	0.01642	1.31676	0.00913	0.01642	0.00172	0.00172
AGC	ATC	GT	-1.71066	0.02450	0.00925	1.71066	0.00443	0.00925	0.00097	0.00097
AGC	ACC	GC	-1.13970	0.03407	0.01827	1.13970	0.01090	0.01827	0.00192	0.00192
AGC	AAC	GA	-0.15536	0.06928	0.06404	0.15536	0.05931	0.06404	0.00672	0.00672
AGC	AGT	CT	0.74634	0.05266	0.07474	-0.74634	0.11108	0.07474	0.07474	0.07474
AGA	CGA	AC	-0.31514	0.03975	0.03381	0.31514	0.02900	0.03381	0.03381	0.03381
AGA	ATA	GT	-0.11227	0.02858	0.02701	0.11227	0.02554	0.02701	0.00284	0.00284
AGA	ACA	GC	-0.14446	0.03975	0.03695	0.14446	0.03440	0.03695	0.00388	0.00388
AGA	AAA	GA	0.59935	0.08083	0.10745	-0.59935	0.14718	0.10745	0.01128	0.01128
AGA	AGT	AT	0.53656	0.02858	0.03693	-0.53656	0.04888	0.03693	0.00388	0.00388
AGA	AGC	AC	-0.20978	0.03975	0.03572	0.20978	0.03223	0.03572	0.00375	0.00375
AGG	TGG	AT	0.91605	0.00817	0.01247	-0.91605	0.02041	0.01247	0.00131	0.00131
AGG	CGG	AC	-1.25960	0.01136	0.00567	1.25960	0.00322	0.00567	0.00567	0.00567
AGG	ATG	GT	0.31951	0.00817	0.00954	-0.31951	0.01124	0.00954	0.00100	0.00100
AGG	ACG	GC	-0.21098	0.01136	0.01020	0.21098	0.00920	0.01020	0.00107	0.00107
AGG	AAG	GA	0.31001	0.02309	0.02686	-0.31001	0.03149	0.02686	0.00282	0.00282
AGG	AGT	GT	1.33386	0.00817	0.01479	-1.33386	0.03099	0.01479	0.00155	0.00155
AGG	AGC	GC	0.58752	0.01136	0.01502	-0.58752	0.02044	0.01502	0.00158	0.00158
AGG	AGA	GA	0.79730	0.02309	0.03351	-0.79730	0.05126	0.03351	0.03351	0.03351
GTT	TTT	GT	0.31343	0.02041	0.02378	-0.31343	0.02793	0.02378	0.00250	0.00250
GTT	CTT	GC	-1.12727	0.02839	0.01533	1.12727	0.00920	0.01533	0.00161	0.00161
GTT	ATT	GA	0.13232	0.05773	0.06164	-0.13232	0.06590	0.06164	0.00647	0.00647
GTC	TTC	GT	0.91735	0.00572	0.00873	-0.91735	0.01431	0.00873	0.00092	0.00092
GTC	CTC	GC	-0.20571	0.00795	0.00716	0.20571	0.00647	0.00716	0.00075	0.00075
GTC	ATC	GA	-0.52957	0.01617	0.01226	0.52957	0.00952	0.01226	0.00129	0.00129
GTC	GTT	CT	1.60279	0.01229	0.02466	-1.60279	0.06104	0.02466	0.02466	0.02466
GTA	TTA	GT	0.92878	0.01184	0.01818	-0.92878	0.02997	0.01818	0.00191	0.00191
GTA	CTA	GC	-0.11718	0.01647	0.01552	0.11718	0.01465	0.01552	0.00163	0.00163
GTA	ATA	GA	0.49473	0.03348	0.04245	-0.49473	0.05492	0.04245	0.00446	0.00446
GTA	GTT	AT	0.81892	0.01184	0.01734	-0.81892	0.02685	0.01734	0.01734	0.01734
GTA	GTC	AC	-0.78386	0.01647	0.01085	0.78386	0.00752	0.01085	0.01085	0.01085
GTG	TTG	GT	-0.41084	0.01592	0.01288	0.41084	0.01056	0.01288	0.00135	0.00135
GTG	CTG	GC	-0.70891	0.02214	0.01522	0.70891	0.01090	0.01522	0.00160	0.00160
GTG	ATG	GA	-0.62252	0.04503	0.03246	0.62252	0.02416	0.03246	0.00341	0.00341
GTG	GTT	GT	0.06720	0.01592	0.01646	-0.06720	0.01703	0.01646	0.01646	0.01646
GTG	GTC	GC	-1.53559	0.02214	0.00933	1.53559	0.00477	0.00933	0.00933	0.00933
GTG	GTA	GA	-0.75173	0.04503	0.03021	0.75173	0.02123	0.03021	0.03021	0.03021
GCT	TCT	GT	-0.72781	0.01551	0.01055	0.72781	0.00749	0.01055	0.00111	0.00111
GCT	CCT	GC	-1.95145	0.02158	0.00697	1.95145	0.00307	0.00697	0.00073	0.00073
GCT	ACT	GA	-0.50953	0.04388	0.03364	0.50953	0.02636	0.03364	0.00353	0.00353
GCT	GTT	CT	0.60426	0.03335	0.04444	-0.60426	0.06104	0.04444	0.00467	0.00467
GCC	TCC	GT	1.40570	0.00367	0.00684	-1.40570	0.01499	0.00684	0.00072	0.00072
GCC	CCC	GC	0.06428	0.00511	0.00528	-0.06428	0.00545	0.00528	0.00055	0.00055
GCC	ACC	GA	0.81305	0.01039	0.01518	-0.81305	0.02343	0.01518	0.00159	0.00159
GCC	GTC	CT	0.77166	0.00790	0.01134	-0.77166	0.01709	0.01134	0.00119	0.00119
GCC	GCT	CT	1.77019	0.00790	0.01685	-1.77019	0.04639	0.01685	0.01685	0.01685
GCA	TCA	GT	0.67315	0.00817	0.01122	-0.67315	0.01601	0.01122	0.00118	0.00118
GCA	CCA	GC	-0.01031	0.01136	0.01130	0.01031	0.01124	0.01130	0.00119	0.00119
GCA	ACA	GA	1.16393	0.02309	0.03908	-1.16393	0.07396	0.03908	0.00410	0.00410
GCA	GTA	CT	0.70139	0.01755	0.02443	-0.70139	0.03540	0.02443	0.00256	0.00256
GCA	GCT	AT	0.91605	0.00817	0.01247	-0.91605	0.02041	0.01247	0.01247	0.01247
GCA	GCC	AC	-0.85413	0.01136	0.00719	0.85413	0.00483	0.00719	0.00719	0.00719
GCG	TCG	GT	0.51188	0.00367	0.00469	-0.51188	0.00613	0.00469	0.00049	0.00049
GCG	CCG	GC	-1.09887	0.00511	0.00281	1.09887	0.00170	0.00281	0.00029	0.00029
GCG	ACG	GA	0.64315	0.01039	0.01409	-0.64315	0.01977	0.01409	0.00148	0.00148
GCG	GTG	CT	1.79616	0.00790	0.01701	-1.79616	0.04761	0.01701	0.00179	0.00179
GCG	GCT	GT	1.25910	0.00367	0.00646	-1.25910	0.01294	0.00646	0.00646	0.00646
GCG	GCC	GC	-0.51109	0.00511	0.00392	0.51109	0.00307	0.00392	0.00392	0.00392
GCG	GCA	GA	0.34305	0.01039	0.01228	-0.34305	0.01464	0.01228	0.01228	0.01228
GAT	TAT	GT	-0.58673	0.04042	0.02972	0.58673	0.02248	0.02972	0.00312	0.00312
GAT	CAT	GC	-1.81037	0.05621	0.01990	1.81037	0.00920	0.01990	0.00209	0.00209
GAT	AAT	GA	0.16435	0.11431	0.12396	-0.16435	0.13473	0.12396	0.01301	0.01301
GAT	GTT	AT	-0.40890	0.04042	0.03272	0.40890	0.02685	0.03272	0.00343	0.00343
GAT	GCT	AC	-1.01316	0.05621	0.03247	1.01316	0.02041	0.03247	0.00341	0.00341
GAC	TAC	GT	-0.15717	0.01674	0.01546	0.15717	0.01431	0.01546	0.00162	0.00162
GAC	CAC	GC	-1.73975	0.02328	0.00862	1.73975	0.00409	0.00862	0.00091	0.00091
GAC	AAC	GA	0.22542	0.04734	0.05288	-0.22542	0.05931	0.05288	0.00555	0.00555
GAC	GTC	AT	-0.80032	0.01674	0.01093	0.80032	0.00752	0.01093	0.00115	0.00115
GAC	GCC	AC	-1.57197	0.02328	0.00959	1.57197	0.00483	0.00959	0.00101	0.00101
GAC	GAT	CT	1.21137	0.03599	0.06208	-1.21137	0.12085	0.06208	0.06208	0.06208
GAA	CAA	GC	-0.96129	0.09085	0.05407	0.96129	0.03474	0.05407	0.00568	0.00568
GAA	AAA	GA	-0.22733	0.18474	0.16454	0.22733	0.14718	0.16454	0.01727	0.01727
GAA	GTA	AT	-1.43368	0.06533	0.02932	1.43368	0.01558	0.02932	0.00308	0.00308
GAA	GCA	AC	-2.13507	0.09085	0.02601	2.13507	0.01074	0.02601	0.00273	0.00273
GAA	GAT	AT	-0.20586	0.06533	0.05883	0.20586	0.05317	0.05883	0.00618	0.00618
GAA	GAC	AC	-1.41723	0.09085	0.04119	1.41723	0.02202	0.04119	0.00432	0.00432
GAG	CAG	GC	-1.28428	0.01476	0.00726	1.28428	0.00409	0.00726	0.00076	0.00076
GAG	AAG	GA	0.04764	0.03002	0.03074	-0.04764	0.03149	0.03074	0.00323	0.00323
GAG	GTG	AT	0.67966	0.01062	0.01463	-0.67966	0.02095	0.01463	0.00154	0.00154
GAG	GCG	AC	-1.11650	0.01476	0.00802	1.11650	0.00483	0.00802	0.00084	0.00084
GAG	GAT	GT	1.15576	0.01062	0.01791	-1.15576	0.03372	0.01791	0.00188	0.00188
GAG	GAC	GC	-0.05561	0.01476	0.01436	0.05561	0.01396	0.01436	0.00151	0.00151
GAG	GAA	GA	1.36162	0.03002	0.05496	-1.36162	0.11716	0.05496	0.05496	0.05496
GGT	TGT	GT	0.77759	0.01878	0.02702	-0.77759	0.04087	0.02702	0.00284	0.00284
GGT	CGT	GC	-2.73029	0.02612	0.00497	2.73029	0.00170	0.00497	0.00052	0.00052
GGT	AGT	GA	0.22676	0.05311	0.05936	-0.22676	0.06663	0.05936	0.00623	0.00623
GGT	GTT	GT	-0.09788	0.01878	0.01788	0.09788	0.01703	0.01788	0.00188	0.00188
GGT	GCT	GC	-0.70214	0.02612	0.01801	0.70214	0.01294	0.01801	0.00189	0.00189
GGT	GAT	GA	0.31102	0.05311	0.06180	-0.31102	0.07249	0.06180	0.00649	0.00649
GGC	TGC	GT	0.44383	0.01551	0.01921	-0.44383	0.02418	0.01921	0.00202	0.00202
GGC	CGC	GC	-1.31546	0.02158	0.01041	1.31546	0.00579	0.01041	0.00109	0.00109
GGC	AGC	GA	0.00130	0.04388	0.04391	-0.00130	0.04393	0.04391	0.00461	0.00461
GGC	GTC	GT	-1.17979	0.01551	0.00812	1.17979	0.00477	0.00812	0.00085	0.00085
GGC	GCC	GC	-1.95145	0.02158	0.00697	1.95145	0.00307	0.00697	0.00073	0.00073
GGC	GAC	GA	-0.37948	0.04388	0.03608	0.37948	0.03002	0.03608	0.00379	0.00379
GGC	GGT	CT	0.52088	0.03335	0.04279	-0.52088	0.05615	0.04279	0.04279	0.04279
GGA	CGA	GC	0.38685	0.01249	0.01506	-0.38685	0.01839	0.01506	0.00158	0.00158
GGA	AGA	GA	0.70199	0.02540	0.03535	-0.70199	0.05126	0.03535	0.00371	0.00371
GGA	GTA	GT	0.09499	0.00898	0.00942	-0.09499	0.00988	0.00942	0.00099	0.00099
GGA	GCA	GC	-0.60640	0.01249	0.00908	0.60640	0.00681	0.00908	0.00095	0.00095
GGA	GAA	GA	1.52867	0.02540	0.04958	-1.52867	0.11716	0.04958	0.00521	0.00521
GGA	GGT	AT	1.01180	0.00898	0.01428	-1.01180	0.02471	0.01428	0.01428	0.01428
GGA	GGC	AC	0.49092	0.01249	0.01581	-0.49092	0.02041	0.01581	0.01581	0.01581
GGG	TGG	GT	1.25910	0.00367	0.00646	-1.25910	0.01294	0.00646	0.00068	0.00068
GGG	CGG	GC	-0.91655	0.00511	0.00312	0.91655	0.00204	0.00312	0.00033	0.00033
GGG	AGG	GA	0.34305	0.01039	0.01228	-0.34305	0.01464	0.01228	0.00129	0.00129
GGG	GTG	GT	1.28507	0.00367	0.00653	-1.28507	0.01328	0.00653	0.00069	0.00069
GGG	GCG	GC	-0.51109	0.00511	0.00392	0.51109	0.00307	0.00392	0.00041	0.00041
GGG	GAG	GA	0.60541	0.01039	0.01385	-0.60541	0.01904	0.01385	0.00145	0.00145
GGG	GGT	GT	1.45015	0.00367	0.00696	-1.45015	0.01567	0.00696	0.00696	0.00696
GGG	GGC	GC	0.92927	0.00511	0.00785	-0.92927	0.01294	0.00785	0.00785	0.00785
GGG	GGA	GA	0.43836	0.01039	0.01284	-0.43836	0.01611	0.01284	0.01284	0.01284


Histograms
2Ns	FMut	FSub(CodonUsage)	FSubw(after w)

-3.34084	0.00917	0.00115	0.00037
-3.00675	0.00324	0.00061	0.00020
-2.67267	0.00164	0.00036	0.00012
-2.33858	0.02013	0.00632	0.00778
-2.00450	0.01920	0.00684	0.00349
-1.67042	0.06266	0.02811	0.03082
-1.33633	0.09675	0.05426	0.05581
-1.00225	0.13592	0.09067	0.14112
-0.66817	0.15118	0.12313	0.12168
-0.33408	0.13275	0.13123	0.10128
0.00000	0.09921	0.11463	0.07467
0.33408	0.09782	0.13123	0.10128
0.66817	0.07780	0.12313	0.12168
1.00225	0.04925	0.09067	0.14112
1.33633	0.02619	0.05426	0.05581
1.67042	0.01182	0.02811	0.03082
2.00450	0.00254	0.00684	0.00349
2.33858	0.00219	0.00632	0.00778
2.67267	0.00011	0.00036	0.00012
3.00675	0.00017	0.00061	0.00020
3.34084	0.00027	0.00115	0.00037

Proportion of advantageous (S > 0) mutations:
 0.31525

Proportions of good & bad mutations (|S| > 2.0000) among mutations:
0.00358  0.04124

mean |Ns| = 0.84840	mean Ns+ = 0.63653	mean Ns- = -0.94594


NSsites Model 1: NearlyNeutral
I	J	ij	2Ns_IJ	pMut_IJ	pSub_IJ	2Ns_JI	pMut_JI	pSub_JI

TTC	TTT	CT	0.90200	0.06377	0.09680	-0.90200	0.15717	0.09680
TTA	TTT	AT	0.13123	0.05077	0.05418	-0.13123	0.05789	0.05418
TTA	TTC	AC	-0.77077	0.06409	0.04253	0.77077	0.02965	0.04253
TTG	TTT	GT	0.44567	0.01789	0.02217	-0.44567	0.02793	0.02217
TTG	TTC	GC	-0.45633	0.02258	0.01782	0.45633	0.01431	0.01782
TTG	TTA	GA	0.31444	0.05760	0.06713	-0.31444	0.07888	0.06713
TCT	TTT	CT	1.54863	0.03340	0.06569	-1.54863	0.15717	0.06569
TCC	TTC	CT	0.18643	0.06681	0.07323	-0.18643	0.08050	0.07323
TCC	TCT	CT	-0.46020	0.06681	0.05261	0.46020	0.04217	0.05261
TCA	TTA	CT	0.86014	0.07136	0.10640	-0.86014	0.16866	0.10640
TCA	TCT	AT	-0.55726	0.02712	0.02026	0.55726	0.01553	0.02026
TCA	TCC	AC	-0.09706	0.03423	0.03260	0.09706	0.03106	0.03260
TCG	TTG	CT	0.77657	0.02733	0.03930	-0.77657	0.05942	0.03930
TCG	TCT	GT	-0.32639	0.01039	0.00878	0.32639	0.00749	0.00878
TCG	TCC	GC	0.13380	0.01311	0.01401	-0.13380	0.01499	0.01401
TCG	TCA	GA	0.23087	0.03344	0.03745	-0.23087	0.04213	0.03745
TAT	TTT	AT	0.41891	0.03808	0.04661	-0.41891	0.05789	0.04661
TAT	TCT	AC	-1.12972	0.04807	0.02592	1.12972	0.01553	0.02592
TAC	TTC	AT	0.20185	0.02423	0.02676	-0.20185	0.02965	0.02676
TAC	TCC	AC	0.01541	0.03059	0.03083	-0.01541	0.03106	0.03083
TAC	TAT	CT	0.68494	0.06377	0.08808	-0.68494	0.12650	0.08808
TGT	TTT	GT	-0.90784	0.06924	0.04250	0.90784	0.02793	0.04250
TGT	TCT	GC	-2.45646	0.08740	0.02013	2.45646	0.00749	0.02013
TGT	TAT	GA	-1.32675	0.22295	0.10684	1.32675	0.05916	0.10684
TGC	TTC	GT	-1.05207	0.04096	0.02313	1.05207	0.01431	0.02313
TGC	TCC	GC	-1.23851	0.05171	0.02614	1.23851	0.01499	0.02614
TGC	TAC	GA	-1.25392	0.13191	0.06606	1.25392	0.03765	0.06606
TGC	TGT	CT	0.75776	0.10780	0.15376	-0.75776	0.23000	0.15376
TGG	TTG	GT	-0.73066	0.02192	0.01488	0.73066	0.01056	0.01488
TGG	TCG	GC	-1.50723	0.02768	0.01187	1.50723	0.00613	0.01187
TGG	TGT	GT	0.62284	0.02192	0.02946	-0.62284	0.04087	0.02946
TGG	TGC	GC	-0.13492	0.02768	0.02585	0.13492	0.02418	0.02585
CTT	TTT	CT	1.34383	0.04100	0.07453	-1.34383	0.15717	0.07453
CTC	TTC	CT	1.02618	0.02885	0.04614	-1.02618	0.08050	0.04614
CTC	CTT	CT	0.58435	0.02885	0.03809	-0.58435	0.05175	0.03809
CTA	TTA	CT	0.94909	0.06529	0.10110	-0.94909	0.16866	0.10110
CTA	CTT	AT	-0.26352	0.02481	0.02168	0.26352	0.01906	0.02168
CTA	CTC	AC	-0.84787	0.03132	0.01989	0.84787	0.01341	0.01989
CTG	TTG	CT	0.20120	0.04859	0.05364	-0.20120	0.05942	0.05364
CTG	CTT	GT	-0.69696	0.01846	0.01277	0.69696	0.00920	0.01277
CTG	CTC	GC	-1.28131	0.02331	0.01148	1.28131	0.00647	0.01148
CTG	CTA	GA	-0.43345	0.05945	0.04750	0.43345	0.03854	0.04750
CCT	TCT	CT	1.12677	0.01367	0.02278	-1.12677	0.04217	0.02278
CCT	CTT	CT	1.33156	0.01367	0.02473	-1.33156	0.05175	0.02473
CCC	TCC	CT	1.24455	0.02429	0.04247	-1.24455	0.08433	0.04247
CCC	CTC	CT	0.40480	0.02429	0.02954	-0.40480	0.03642	0.02954
CCC	CCT	CT	-0.34241	0.02429	0.02037	0.34241	0.01725	0.02037
CCA	TCA	CT	0.58659	0.05011	0.06623	-0.58659	0.09008	0.06623
CCA	CTA	CT	0.49764	0.05011	0.06360	-0.49764	0.08242	0.06360
CCA	CCT	AT	-1.09744	0.01904	0.01047	1.09744	0.00635	0.01047
CCA	CCC	AC	-0.75502	0.02403	0.01609	0.75502	0.01130	0.01609
CCG	TCG	CT	1.51389	0.00759	0.01474	-1.51389	0.03450	0.01474
CCG	CTG	CT	2.08925	0.00759	0.01810	-2.08925	0.06133	0.01810
CCG	CCT	GT	0.06072	0.00288	0.00297	-0.06072	0.00307	0.00297
CCG	CCC	GC	0.40314	0.00364	0.00442	-0.40314	0.00545	0.00442
CCG	CCA	GA	1.15816	0.00929	0.01569	-1.15816	0.02958	0.01569
CAT	TAT	CT	1.12677	0.04100	0.06834	-1.12677	0.12650	0.06834
CAT	CTT	AT	0.20185	0.01558	0.01720	-0.20185	0.01906	0.01720
CAT	CCT	AC	-1.12972	0.01966	0.01060	1.12972	0.00635	0.01060
CAC	TAC	CT	1.48572	0.01822	0.03499	-1.48572	0.08050	0.03499
CAC	CTC	AT	0.66138	0.00692	0.00946	-0.66138	0.01341	0.00946
CAC	CCC	AC	0.25658	0.00874	0.00991	-0.25658	0.01130	0.00991
CAC	CAT	CT	1.04388	0.01822	0.02936	-1.04388	0.05175	0.02936
CAA	CTA	AT	-0.66193	0.05885	0.04151	0.66193	0.03036	0.04151
CAA	CCA	AC	-1.15957	0.07429	0.03936	1.15957	0.02330	0.03936
CAA	CAT	AT	-1.12729	0.05885	0.03178	1.12729	0.01906	0.03178
CAA	CAC	AC	-2.17117	0.07429	0.02076	2.17117	0.00847	0.02076
CAG	CTG	AT	1.18268	0.00692	0.01181	-1.18268	0.02259	0.01181
CAG	CCG	AC	-0.90657	0.00874	0.00537	0.90657	0.00353	0.00537
CAG	CAT	GT	0.28387	0.00692	0.00795	-0.28387	0.00920	0.00795
CAG	CAC	GC	-0.76002	0.00874	0.00584	0.76002	0.00409	0.00584
CAG	CAA	GA	1.41116	0.02230	0.04161	-1.41116	0.09143	0.04161
CGT	TGT	CT	3.41101	0.00759	0.02678	-3.41101	0.23000	0.02678
CGT	CTT	GT	1.15934	0.00288	0.00487	-1.15934	0.00920	0.00487
CGT	CCT	GC	-0.17223	0.00364	0.00334	0.17223	0.00307	0.00334
CGT	CAT	GA	0.95749	0.00929	0.01444	-0.95749	0.02420	0.01444
CGC	TGC	CT	1.66242	0.02581	0.05295	-1.66242	0.13608	0.05295
CGC	CTC	GT	-0.41584	0.00981	0.00791	0.41584	0.00647	0.00791
CGC	CCC	GC	-0.82064	0.01238	0.00799	0.82064	0.00545	0.00799
CGC	CAC	GA	-1.07722	0.03159	0.01757	1.07722	0.01076	0.01757
CGC	CGT	CT	-0.99082	0.02581	0.01510	0.99082	0.00958	0.01510
CGA	CTA	GT	-0.75485	0.03116	0.02086	0.75485	0.01465	0.02086
CGA	CCA	GC	-1.25249	0.03933	0.01971	1.25249	0.01124	0.01971
CGA	CAA	GA	-0.09292	0.10033	0.09574	0.09292	0.09143	0.09574
CGA	CGT	AT	-2.17770	0.03116	0.00867	2.17770	0.00353	0.00867
CGA	CGC	AC	-1.18688	0.03933	0.02050	1.18688	0.01200	0.02050
CGG	TGG	CT	2.07878	0.00911	0.02165	-2.07878	0.07283	0.02165
CGG	CTG	GT	1.14691	0.00346	0.00582	-1.14691	0.01090	0.00582
CGG	CCG	GC	-0.94234	0.00437	0.00263	0.94234	0.00170	0.00263
CGG	CAG	GA	-0.03576	0.01115	0.01095	0.03576	0.01076	0.01095
CGG	CGT	GT	-0.70939	0.00346	0.00238	0.70939	0.00170	0.00238
CGG	CGC	GC	0.28144	0.00437	0.00501	-0.28144	0.00579	0.00501
CGG	CGA	GA	1.46831	0.01115	0.02127	-1.46831	0.04840	0.02127
ATT	TTT	AT	0.10876	0.05193	0.05480	-0.10876	0.05789	0.05480
ATT	CTT	AC	-1.23508	0.06555	0.03320	1.23508	0.01906	0.03320
ATC	TTC	AT	1.37457	0.00750	0.01380	-1.37457	0.02965	0.01380
ATC	CTC	AC	0.34838	0.00947	0.01121	-0.34838	0.01341	0.01121
ATC	ATT	CT	2.16781	0.01974	0.04832	-2.16781	0.17250	0.04832
ATA	TTA	AT	0.36169	0.04327	0.05157	-0.36169	0.06213	0.05157
ATA	CTA	AC	-0.58739	0.05462	0.04014	0.58739	0.03036	0.04014
ATA	ATT	AT	0.38417	0.04327	0.05211	-0.38417	0.06354	0.05211
ATA	ATC	AC	-1.78364	0.05462	0.01968	1.78364	0.00918	0.01968
ATG	TTG	AT	0.13933	0.01904	0.02040	-0.13933	0.02189	0.02040
ATG	CTG	AC	-0.06188	0.02403	0.02330	0.06188	0.02259	0.02330
ATG	ATT	GT	0.47624	0.01904	0.02393	-0.47624	0.03065	0.02393
ATG	ATC	GC	-1.69157	0.02403	0.00918	1.69157	0.00443	0.00918
ATG	ATA	GA	0.09207	0.06131	0.06418	-0.09207	0.06723	0.06418
ACT	TCT	AT	-0.29063	0.02077	0.01790	0.29063	0.01553	0.01790
ACT	CCT	AC	-1.41740	0.02622	0.01189	1.41740	0.00635	0.01189
ACT	ATT	CT	1.14924	0.05466	0.09196	-1.14924	0.17250	0.09196
ACC	TCC	AT	0.52030	0.01846	0.02368	-0.52030	0.03106	0.02368
ACC	CCC	AC	-0.72425	0.02331	0.01588	0.72425	0.01130	0.01588
ACC	ATC	CT	-0.66783	0.04859	0.03416	0.66783	0.02492	0.03416
ACC	ACT	CT	0.35074	0.04859	0.05760	-0.35074	0.06900	0.05760
ACA	TCA	AT	-0.56313	0.05827	0.04340	0.56313	0.03318	0.04340
ACA	CCA	AC	-1.14972	0.07356	0.03920	1.14972	0.02330	0.03920
ACA	ATA	CT	-0.06468	0.15335	0.14845	0.06468	0.14375	0.14845
ACA	ACT	AT	-0.82976	0.05827	0.03740	0.82976	0.02542	0.03740
ACA	ACC	AC	-1.18049	0.07356	0.03849	1.18049	0.02259	0.03849
ACG	TCG	AT	-0.20362	0.01558	0.01405	0.20362	0.01271	0.01405
ACG	CCG	AC	-1.71750	0.01966	0.00739	1.71750	0.00353	0.00739
ACG	ATG	CT	0.43362	0.04100	0.05052	-0.43362	0.06325	0.05052
ACG	ACT	GT	-0.23938	0.01558	0.01379	0.23938	0.01226	0.01379
ACG	ACC	GC	-0.59012	0.01966	0.01443	0.59012	0.01090	0.01443
ACG	ACA	GA	0.59037	0.05016	0.06642	-0.59037	0.09053	0.06642
AAT	TAT	AT	-0.82343	0.10616	0.06838	0.82343	0.04660	0.06838
AAT	CAT	AC	-1.95020	0.13401	0.04334	1.95020	0.01906	0.04334
AAT	ATT	AT	-0.51328	0.10616	0.08124	0.51328	0.06354	0.08124
AAT	ACT	AC	-1.66252	0.13401	0.05214	1.66252	0.02542	0.05214
AAC	TAC	AT	-0.45493	0.04673	0.03691	0.45493	0.02965	0.03691
AAC	CAC	AC	-1.94065	0.05899	0.01920	1.94065	0.00847	0.01920
AAC	ATC	AT	-1.62765	0.04673	0.01859	1.62765	0.00918	0.01859
AAC	ACC	AC	-0.95982	0.05899	0.03514	0.95982	0.02259	0.03514
AAC	AAT	CT	1.05344	0.12299	0.19893	-1.05344	0.35266	0.19893
AAA	CAA	AC	-0.70944	0.14639	0.10055	0.70944	0.07201	0.10055
AAA	ATA	AT	-0.78397	0.11597	0.07639	0.78397	0.05295	0.07639
AAA	ACA	AC	-0.71929	0.14639	0.10000	0.71929	0.07131	0.10000
AAA	AAT	AT	0.11348	0.11597	0.12267	-0.11348	0.12990	0.12267
AAA	AAC	AC	-0.93996	0.14639	0.08821	0.93996	0.05719	0.08821
AAG	CAG	AC	-1.30740	0.03132	0.01518	1.30740	0.00847	0.01518
AAG	ATG	AT	-0.06285	0.02481	0.02404	0.06285	0.02330	0.02404
AAG	ACG	AC	-0.49647	0.03132	0.02418	0.49647	0.01906	0.02418
AAG	AAT	GT	0.92667	0.02481	0.03805	-0.92667	0.06267	0.03805
AAG	AAC	GC	-0.12677	0.03132	0.02937	0.12677	0.02759	0.02937
AAG	AAA	GA	0.81320	0.07989	0.11673	-0.81320	0.18016	0.11673
AGT	TGT	AT	0.47848	0.05250	0.06606	-0.47848	0.08472	0.06606
AGT	CGT	AC	-2.93253	0.06628	0.01093	2.93253	0.00353	0.01093
AGT	ATT	GT	-0.53811	0.05250	0.03964	0.53811	0.03065	0.03964
AGT	ACT	GC	-1.68736	0.06628	0.02539	1.68736	0.01226	0.02539
AGT	AAT	GA	-0.02483	0.16907	0.16698	0.02483	0.16493	0.16698
AGC	TGC	AT	0.37018	0.03462	0.04142	-0.37018	0.05013	0.04142
AGC	CGC	AC	-1.29224	0.04370	0.02138	1.29224	0.01200	0.02138
AGC	ATC	GT	-2.05646	0.03462	0.01044	2.05646	0.00443	0.01044
AGC	ACC	GC	-1.38862	0.04370	0.02016	1.38862	0.01090	0.02016
AGC	AAC	GA	-0.42881	0.11148	0.08928	0.42881	0.07260	0.08928
AGC	AGT	CT	0.64947	0.09110	0.12386	-0.64947	0.17441	0.12386
AGA	CGA	AC	-0.29062	0.05098	0.04393	0.29062	0.03812	0.04393
AGA	ATA	GT	-0.45807	0.04039	0.03184	0.45807	0.02554	0.03184
AGA	ACA	GC	-0.39339	0.05098	0.04161	0.39339	0.03440	0.04161
AGA	AAA	GA	0.32590	0.13006	0.15240	-0.32590	0.18016	0.15240
AGA	AGT	AT	0.46421	0.04039	0.05048	-0.46421	0.06425	0.05048
AGA	AGC	AC	-0.18526	0.05098	0.04640	0.18526	0.04236	0.04640
AGG	TGG	AT	0.84370	0.01154	0.01708	-0.84370	0.02683	0.01708
AGG	CGG	AC	-1.23508	0.01457	0.00738	1.23508	0.00424	0.00738
AGG	ATG	GT	-0.02629	0.01154	0.01139	0.02629	0.01124	0.01139
AGG	ACG	GC	-0.45991	0.01457	0.01147	0.45991	0.00920	0.01147
AGG	AAG	GA	0.03656	0.03716	0.03784	-0.03656	0.03854	0.03784
AGG	AGT	GT	0.98806	0.01154	0.01816	-0.98806	0.03099	0.01816
AGG	AGC	GC	0.33860	0.01457	0.01717	-0.33860	0.02044	0.01717
AGG	AGA	GA	0.52385	0.03716	0.04774	-0.52385	0.06274	0.04774
GTT	TTT	GT	-0.03237	0.02885	0.02838	0.03237	0.02793	0.02838
GTT	CTT	GC	-1.37620	0.03642	0.01693	1.37620	0.00920	0.01693
GTT	ATT	GA	-0.14112	0.09290	0.08650	0.14112	0.08067	0.08650
GTC	TTC	GT	0.57155	0.00808	0.01060	-0.57155	0.01431	0.01060
GTC	CTC	GC	-0.45463	0.01020	0.00805	0.45463	0.00647	0.00805
GTC	ATC	GA	-0.80302	0.02601	0.01695	0.80302	0.01165	0.01695
GTC	GTT	CT	1.50592	0.02126	0.04114	-1.50592	0.09583	0.04114
GTA	TTA	GT	0.58298	0.01673	0.02208	-0.58298	0.02997	0.02208
GTA	CTA	GC	-0.36611	0.02112	0.01749	0.36611	0.01465	0.01749
GTA	ATA	GA	0.22128	0.05388	0.06006	-0.22128	0.06723	0.06006
GTA	GTT	AT	0.74657	0.01673	0.02375	-0.74657	0.03530	0.02375
GTA	GTC	AC	-0.75934	0.02112	0.01411	0.75934	0.00988	0.01411
GTG	TTG	GT	-0.75664	0.02250	0.01505	0.75664	0.01056	0.01505
GTG	CTG	GC	-0.95784	0.02840	0.01694	0.95784	0.01090	0.01694
GTG	ATG	GA	-0.89596	0.07246	0.04478	0.89596	0.02958	0.04478
GTG	GTT	GT	-0.27860	0.02250	0.01951	0.27860	0.01703	0.01951
GTG	GTC	GC	-1.78452	0.02840	0.01023	1.78452	0.00477	0.01023
GTG	GTA	GA	-1.02518	0.07246	0.04156	1.02518	0.02599	0.04156
GCT	TCT	GT	-1.07361	0.02192	0.01222	1.07361	0.00749	0.01222
GCT	CCT	GC	-2.20038	0.02768	0.00759	2.20038	0.00307	0.00759
GCT	ACT	GA	-0.78298	0.07060	0.04653	0.78298	0.03227	0.04653
GCT	GTT	CT	0.50739	0.05770	0.07357	-0.50739	0.09583	0.07357
GCC	TCC	GT	1.05990	0.00519	0.00842	-1.05990	0.01499	0.00842
GCC	CCC	GC	-0.18465	0.00655	0.00597	0.18465	0.00545	0.00597
GCC	ACC	GA	0.53960	0.01672	0.02164	-0.53960	0.02868	0.02164
GCC	GTC	CT	0.67478	0.01367	0.01879	-0.67478	0.02683	0.01879
GCC	GCT	CT	1.67331	0.01367	0.02815	-1.67331	0.07283	0.02815
GCA	TCA	GT	0.32735	0.01154	0.01353	-0.32735	0.01601	0.01353
GCA	CCA	GC	-0.25924	0.01457	0.01276	0.25924	0.01124	0.01276
GCA	ACA	GA	0.89048	0.03716	0.05613	-0.89048	0.09053	0.05613
GCA	GTA	CT	0.60452	0.03037	0.04046	-0.60452	0.05558	0.04046
GCA	GCT	AT	0.84370	0.01154	0.01708	-0.84370	0.02683	0.01708
GCA	GCC	AC	-0.82961	0.01457	0.00935	0.82961	0.00635	0.00935
GCG	TCG	GT	0.16608	0.00519	0.00564	-0.16608	0.00613	0.00564
GCG	CCG	GC	-1.34780	0.00655	0.00310	1.34780	0.00170	0.00310
GCG	ACG	GA	0.36970	0.01672	0.02000	-0.36970	0.02420	0.02000
GCG	GTG	CT	1.69929	0.01367	0.02842	-1.69929	0.07475	0.02842
GCG	GCT	GT	0.91330	0.00519	0.00792	-0.91330	0.01294	0.00792
GCG	GCC	GC	-0.76002	0.00655	0.00438	0.76002	0.00307	0.00438
GCG	GCA	GA	0.06960	0.01672	0.01731	-0.06960	0.01793	0.01731
GAT	TAT	GT	-0.93253	0.05712	0.03457	0.93253	0.02248	0.03457
GAT	CAT	GC	-2.05930	0.07210	0.02171	2.05930	0.00920	0.02171
GAT	AAT	GA	-0.10909	0.18394	0.17409	0.10909	0.16493	0.17409
GAT	GTT	AT	-0.48125	0.05712	0.04447	0.48125	0.03530	0.04447
GAT	GCT	AC	-0.98864	0.07210	0.04224	0.98864	0.02683	0.04224
GAC	TAC	GT	-0.50297	0.02366	0.01820	0.50297	0.01431	0.01820
GAC	CAC	GC	-1.98868	0.02986	0.00942	1.98868	0.00409	0.00942
GAC	AAC	GA	-0.04803	0.07618	0.07436	0.04803	0.07260	0.07436
GAC	GTC	AT	-0.87267	0.02366	0.01482	0.87267	0.00988	0.01482
GAC	GCC	AC	-1.54745	0.02986	0.01249	1.54745	0.00635	0.01249
GAC	GAT	CT	1.11450	0.06225	0.10326	-1.11450	0.18975	0.10326
GAA	CAA	GC	-1.21022	0.11653	0.05990	1.21022	0.03474	0.05990
GAA	AAA	GA	-0.50078	0.29727	0.22902	0.50078	0.18016	0.22902
GAA	GTA	AT	-1.50603	0.09231	0.03962	1.50603	0.02047	0.03962
GAA	GCA	AC	-2.11055	0.11653	0.03391	2.11055	0.01412	0.03391
GAA	GAT	AT	-0.27821	0.09231	0.08007	0.27821	0.06989	0.08007
GAA	GAC	AC	-1.39271	0.11653	0.05364	1.39271	0.02895	0.05364
GAG	CAG	GC	-1.53321	0.01894	0.00799	1.53321	0.00409	0.00799
GAG	AAG	GA	-0.22581	0.04831	0.04306	0.22581	0.03854	0.04306
GAG	GTG	AT	0.60731	0.01500	0.02001	-0.60731	0.02753	0.02001
GAG	GCG	AC	-1.09198	0.01894	0.01044	1.09198	0.00635	0.01044
GAG	GAT	GT	0.80996	0.01500	0.02189	-0.80996	0.03372	0.02189
GAG	GAC	GC	-0.30454	0.01894	0.01620	0.30454	0.01396	0.01620
GAG	GAA	GA	1.08817	0.04831	0.07926	-1.08817	0.14341	0.07926
GGT	TGT	GT	0.43179	0.02654	0.03268	-0.43179	0.04087	0.03268
GGT	CGT	GC	-2.97922	0.03350	0.00535	2.97922	0.00170	0.00535
GGT	AGT	GA	-0.04669	0.08547	0.08349	0.04669	0.08157	0.08349
GGT	GTT	GT	-0.44368	0.02654	0.02109	0.44368	0.01703	0.02109
GGT	GCT	GC	-0.95107	0.03350	0.02006	0.95107	0.01294	0.02006
GGT	GAT	GA	0.03757	0.08547	0.08708	-0.03757	0.08874	0.08708
GGC	TGC	GT	0.09803	0.02192	0.02302	-0.09803	0.02418	0.02302
GGC	CGC	GC	-1.56439	0.02768	0.01145	1.56439	0.00579	0.01145
GGC	AGC	GA	-0.27215	0.07060	0.06143	0.27215	0.05378	0.06143
GGC	GTC	GT	-1.52559	0.02192	0.00930	1.52559	0.00477	0.00930
GGC	GCC	GC	-2.20038	0.02768	0.00759	2.20038	0.00307	0.00759
GGC	GAC	GA	-0.65292	0.07060	0.05004	0.65292	0.03675	0.05004
GGC	GGT	CT	0.42401	0.05770	0.07079	-0.42401	0.08817	0.07079
GGA	CGA	GC	0.13793	0.01602	0.01715	-0.13793	0.01839	0.01715
GGA	AGA	GA	0.42854	0.04087	0.05026	-0.42854	0.06274	0.05026
GGA	GTA	GT	-0.25081	0.01269	0.01117	0.25081	0.00988	0.01117
GGA	GCA	GC	-0.85533	0.01602	0.01014	0.85533	0.00681	0.01014
GGA	GAA	GA	1.25522	0.04087	0.07176	-1.25522	0.14341	0.07176
GGA	GGT	AT	0.93945	0.01269	0.01958	-0.93945	0.03248	0.01958
GGA	GGC	AC	0.51544	0.01602	0.02051	-0.51544	0.02683	0.02051
GGG	TGG	GT	0.91330	0.00519	0.00792	-0.91330	0.01294	0.00792
GGG	CGG	GC	-1.16548	0.00655	0.00346	1.16548	0.00204	0.00346
GGG	AGG	GA	0.06960	0.01672	0.01731	-0.06960	0.01793	0.01731
GGG	GTG	GT	0.93927	0.00519	0.00801	-0.93927	0.01328	0.00801
GGG	GCG	GC	-0.76002	0.00655	0.00438	0.76002	0.00307	0.00438
GGG	GAG	GA	0.33196	0.01672	0.01965	-0.33196	0.02330	0.01965
GGG	GGT	GT	1.10435	0.00519	0.00858	-1.10435	0.01567	0.00858
GGG	GGC	GC	0.68035	0.00655	0.00904	-0.68035	0.01294	0.00904
GGG	GGA	GA	0.16491	0.01672	0.01814	-0.16491	0.01972	0.01814


Histograms
2Ns	FMut	FSub(CodonUsage)	FSubw(after w)

-3.24858	0.01035	0.00139
-2.92372	0.00449	0.00084
-2.59886	0.00393	0.00104
-2.27400	0.01499	0.00481
-1.94915	0.02611	0.00921
-1.62429	0.05813	0.02708
-1.29943	0.09178	0.05248
-0.97457	0.14382	0.09790
-0.64972	0.13706	0.11283
-0.32486	0.11494	0.11060
0.00000	0.14228	0.16363
0.32486	0.08128	0.11060
0.64972	0.07266	0.11283
0.97457	0.05450	0.09790
1.29943	0.02588	0.05248
1.62429	0.01175	0.02708
1.94915	0.00342	0.00921
2.27400	0.00170	0.00481
2.59886	0.00034	0.00104
2.92372	0.00024	0.00084
3.24858	0.00034	0.00139

Proportion of advantageous (S > 0) mutations:
 0.32042

Proportions of good & bad mutations (|S| > 2.0000) among mutations:
0.00462  0.04984

mean |Ns| = 0.82418	mean Ns+ = 0.61263	mean Ns- = -0.92392


MLEs of dN/dS (w) for site classes (K=2)

p:   0.81052  0.18948
w:   0.05047  1.00000

Naive Empirical Bayes (NEB) probabilities for 2 classes & postmean_w
(amino acids refer to 1st sequence: Musca_domestica_lysc1)

   1 T   0.00001 0.99999 ( 2)  1.000
   2 S   0.00637 0.99363 ( 2)  0.994
   3 P   0.13791 0.86209 ( 2)  0.869
   4 A   0.99965 0.00035 ( 1)  0.051
   5 Y   0.39393 0.60607 ( 2)  0.626
   6 G   0.88968 0.11032 ( 1)  0.155
   7 K   0.99996 0.00004 ( 1)  0.051
   8 K   0.99997 0.00003 ( 1)  0.051
   9 Y   0.99999 0.00001 ( 1)  0.050
  10 L   0.99998 0.00002 ( 1)  0.050
  11 R   0.99998 0.00002 ( 1)  0.050
  12 C   0.99964 0.00036 ( 1)  0.051
  13 E   0.99978 0.00022 ( 1)  0.051
  14 L   0.99890 0.00110 ( 1)  0.052
  15 S   0.99998 0.00002 ( 1)  0.050
  16 R   0.99987 0.00013 ( 1)  0.051
  17 E   0.99984 0.00016 ( 1)  0.051
  18 L   0.99940 0.00060 ( 1)  0.051
  19 V   0.99973 0.00027 ( 1)  0.051
  20 E   0.99999 0.00001 ( 1)  0.050
  21 R   0.99881 0.00119 ( 1)  0.052
  22 Y   0.99886 0.00114 ( 1)  0.052
  23 K   0.99788 0.00212 ( 1)  0.052
  24 V   0.27004 0.72996 ( 2)  0.744
  25 N   0.98581 0.01419 ( 1)  0.064
  26 K   0.99994 0.00006 ( 1)  0.051
  27 T   0.99996 0.00004 ( 1)  0.051
  28 F   0.99999 0.00001 ( 1)  0.050
  29 L   0.99979 0.00021 ( 1)  0.051
  30 S   0.99998 0.00002 ( 1)  0.050
  31 N   0.99993 0.00007 ( 1)  0.051
  32 I   0.99973 0.00027 ( 1)  0.051
  33 C   0.99897 0.00103 ( 1)  0.051
  34 L   0.99964 0.00036 ( 1)  0.051
  35 I   0.99998 0.00002 ( 1)  0.050
  36 E   0.99978 0.00022 ( 1)  0.051
  37 H   1.00000 0.00000 ( 1)  0.050
  38 E   0.99978 0.00022 ( 1)  0.051
  39 S   0.99999 0.00001 ( 1)  0.050
  40 D   0.99655 0.00345 ( 1)  0.054
  41 R   0.99999 0.00001 ( 1)  0.050
  42 D   0.99999 0.00001 ( 1)  0.050
  43 T   0.99997 0.00003 ( 1)  0.051
  44 K   0.00038 0.99962 ( 2)  1.000
  45 K   0.99885 0.00115 ( 1)  0.052
  46 V   0.00813 0.99187 ( 2)  0.992
  47 T   1.00000 0.00000 ( 1)  0.050
  48 R   0.94379 0.05621 ( 1)  0.104
  49 L   0.99929 0.00071 ( 1)  0.051
  50 G   0.00011 0.99989 ( 2)  1.000
  51 N   0.99991 0.00009 ( 1)  0.051
  52 G   0.99999 0.00001 ( 1)  0.050
  53 V   0.99563 0.00437 ( 1)  0.055
  54 N   0.52091 0.47909 ( 1)  0.505
  55 K   0.99995 0.00005 ( 1)  0.051
  56 F   0.99973 0.00027 ( 1)  0.051
  57 G   0.99998 0.00002 ( 1)  0.050
  58 I   0.98524 0.01476 ( 1)  0.064
  59 F   0.99999 0.00001 ( 1)  0.050
  60 Q   0.99994 0.00006 ( 1)  0.051
  61 I   1.00000 0.00000 ( 1)  0.050
  62 S   0.99999 0.00001 ( 1)  0.050
  63 S   0.99999 0.00001 ( 1)  0.050
  64 K   0.99893 0.00107 ( 1)  0.051
  65 E   0.99980 0.00020 ( 1)  0.051
  66 C   0.99920 0.00080 ( 1)  0.051
  67 N   0.00000 1.00000 ( 2)  1.000
  68 D   0.00032 0.99968 ( 2)  1.000
  69 G   0.99998 0.00002 ( 1)  0.050
  70 S   0.06080 0.93920 ( 2)  0.942
  71 K   0.99901 0.00099 ( 1)  0.051
  72 V   0.00088 0.99912 ( 2)  0.999
  73 T   0.41518 0.58482 ( 2)  0.606
  74 S   0.91005 0.08995 ( 1)  0.136
  75 C   0.99906 0.00094 ( 1)  0.051
  76 D   0.99999 0.00001 ( 1)  0.050
  77 T   0.99994 0.00006 ( 1)  0.051
  78 Q   0.05956 0.94044 ( 2)  0.943
  79 K   0.99885 0.00115 ( 1)  0.052
  80 Y   0.99984 0.00016 ( 1)  0.051
  81 P   1.00000 0.00000 ( 1)  0.050
  82 C   0.99970 0.00030 ( 1)  0.051
  83 C   0.99967 0.00033 ( 1)  0.051
  84 K   0.01050 0.98950 ( 2)  0.990
  85 V   0.00509 0.99491 ( 2)  0.995
  86 K   0.99870 0.00130 ( 1)  0.052
  87 C   0.99962 0.00038 ( 1)  0.051
  88 E   0.99978 0.00022 ( 1)  0.051
  89 F   0.99999 0.00001 ( 1)  0.050
  90 L   0.99984 0.00016 ( 1)  0.051
  91 N   0.99995 0.00005 ( 1)  0.051
  92 D   1.00000 0.00000 ( 1)  0.050
  93 D   0.99999 0.00001 ( 1)  0.050
  94 I   0.99997 0.00003 ( 1)  0.050
  95 S   0.99985 0.00015 ( 1)  0.051
  96 D   0.99999 0.00001 ( 1)  0.050
  97 D   0.99999 0.00001 ( 1)  0.050
  98 V   0.99999 0.00001 ( 1)  0.050
  99 A   0.00000 1.00000 ( 2)  1.000
 100 C   0.99919 0.00081 ( 1)  0.051
 101 A   1.00000 0.00000 ( 1)  0.050
 102 Q   0.61800 0.38200 ( 1)  0.413
 103 R   0.99983 0.00017 ( 1)  0.051
 104 I   1.00000 0.00000 ( 1)  0.050
 105 F   0.99998 0.00002 ( 1)  0.050
 106 D   0.99854 0.00146 ( 1)  0.052
 107 L   0.99094 0.00906 ( 1)  0.059
 108 K   0.99994 0.00006 ( 1)  0.051
 109 G   1.00000 0.00000 ( 1)  0.050
 110 F   0.99998 0.00002 ( 1)  0.050
 111 Q   0.79479 0.20521 ( 1)  0.245
 112 N   0.99997 0.00003 ( 1)  0.051
 113 W   0.99977 0.00023 ( 1)  0.051
 114 N   0.99991 0.00009 ( 1)  0.051
 115 G   0.61426 0.38574 ( 1)  0.417
 116 W   0.99977 0.00023 ( 1)  0.051
 117 S   0.00004 0.99996 ( 2)  1.000
 118 S   0.98385 0.01615 ( 1)  0.066
 119 F   0.99972 0.00028 ( 1)  0.051
 120 C   0.99933 0.00067 ( 1)  0.051
 121 R   1.00000 0.00000 ( 1)  0.050
 122 N   0.99996 0.00004 ( 1)  0.051
 123 P   0.99743 0.00257 ( 1)  0.053
 124 Q   0.99992 0.00008 ( 1)  0.051
 125 N   0.99992 0.00008 ( 1)  0.051
 126 L   0.99963 0.00037 ( 1)  0.051
 127 P   1.00000 0.00000 ( 1)  0.050
 128 N   0.99991 0.00009 ( 1)  0.051
 129 L   0.99980 0.00020 ( 1)  0.051
 130 S   0.99557 0.00443 ( 1)  0.055
 131 V   0.99978 0.00022 ( 1)  0.051
 132 A   0.00180 0.99820 ( 2)  0.998
 133 C   0.99899 0.00101 ( 1)  0.051
 134 N   0.99992 0.00008 ( 1)  0.051
 135 I   0.99999 0.00001 ( 1)  0.050
 136 N   0.98924 0.01076 ( 1)  0.061
 137 T   0.00324 0.99676 ( 2)  0.997
 138 V   1.00000 0.00000 ( 1)  0.050
 139 T   0.98525 0.01475 ( 1)  0.064
 140 P   1.00000 0.00000 ( 1)  0.050
 141 L   0.99974 0.00026 ( 1)  0.051
 142 S   0.99841 0.00159 ( 1)  0.052
 143 R   0.99505 0.00495 ( 1)  0.055
 144 L   0.99968 0.00032 ( 1)  0.051
 145 F   0.00007 0.99993 ( 2)  1.000
 146 A   0.02876 0.97124 ( 2)  0.973
 147 S   0.00000 1.00000 ( 2)  1.000
 148 A   0.00028 0.99972 ( 2)  1.000
 149 -   0.00000 1.00000 ( 2)  1.000
 150 -   0.07234 0.92766 ( 2)  0.931
 151 -   0.00277 0.99723 ( 2)  0.997
 152 Y   0.00176 0.99824 ( 2)  0.998
 153 R   0.99999 0.00001 ( 1)  0.050
 154 Q   0.99388 0.00612 ( 1)  0.056
 155 -   0.61045 0.38955 ( 1)  0.420
 156 -   0.19403 0.80597 ( 2)  0.816


lnL = -3382.687167


NSsites Model 2: PositiveSelection
I	J	ij	2Ns_IJ	pMut_IJ	pSub_IJ	2Ns_JI	pMut_JI	pSub_JI

TTC	TTT	CT	0.90200	0.06377	0.09680	-0.90200	0.15717	0.09680
TTA	TTT	AT	0.13123	0.05077	0.05418	-0.13123	0.05789	0.05418
TTA	TTC	AC	-0.77077	0.06409	0.04253	0.77077	0.02965	0.04253
TTG	TTT	GT	0.44566	0.01789	0.02217	-0.44566	0.02793	0.02217
TTG	TTC	GC	-0.45634	0.02258	0.01782	0.45634	0.01431	0.01782
TTG	TTA	GA	0.31443	0.05760	0.06713	-0.31443	0.07888	0.06713
TCT	TTT	CT	1.54862	0.03340	0.06569	-1.54862	0.15717	0.06569
TCC	TTC	CT	0.18643	0.06681	0.07323	-0.18643	0.08050	0.07323
TCC	TCT	CT	-0.46020	0.06681	0.05261	0.46020	0.04217	0.05261
TCA	TTA	CT	0.86014	0.07136	0.10640	-0.86014	0.16867	0.10640
TCA	TCT	AT	-0.55726	0.02712	0.02026	0.55726	0.01553	0.02026
TCA	TCC	AC	-0.09706	0.03423	0.03260	0.09706	0.03106	0.03260
TCG	TTG	CT	0.77656	0.02733	0.03930	-0.77656	0.05942	0.03930
TCG	TCT	GT	-0.32640	0.01039	0.00878	0.32640	0.00749	0.00878
TCG	TCC	GC	0.13380	0.01311	0.01401	-0.13380	0.01499	0.01401
TCG	TCA	GA	0.23085	0.03344	0.03745	-0.23085	0.04213	0.03745
TAT	TTT	AT	0.41891	0.03808	0.04661	-0.41891	0.05789	0.04661
TAT	TCT	AC	-1.12971	0.04807	0.02592	1.12971	0.01553	0.02592
TAC	TTC	AT	0.20185	0.02423	0.02676	-0.20185	0.02965	0.02676
TAC	TCC	AC	0.01542	0.03059	0.03083	-0.01542	0.03106	0.03083
TAC	TAT	CT	0.68493	0.06377	0.08808	-0.68493	0.12650	0.08808
TGT	TTT	GT	-0.90785	0.06924	0.04250	0.90785	0.02793	0.04250
TGT	TCT	GC	-2.45647	0.08740	0.02013	2.45647	0.00749	0.02013
TGT	TAT	GA	-1.32676	0.22296	0.10684	1.32676	0.05916	0.10684
TGC	TTC	GT	-1.05209	0.04096	0.02313	1.05209	0.01431	0.02313
TGC	TCC	GC	-1.23851	0.05171	0.02614	1.23851	0.01499	0.02614
TGC	TAC	GA	-1.25393	0.13192	0.06606	1.25393	0.03765	0.06606
TGC	TGT	CT	0.75776	0.10780	0.15376	-0.75776	0.23000	0.15376
TGG	TTG	GT	-0.73067	0.02192	0.01488	0.73067	0.01056	0.01488
TGG	TCG	GC	-1.50724	0.02768	0.01187	1.50724	0.00613	0.01187
TGG	TGT	GT	0.62283	0.02192	0.02946	-0.62283	0.04087	0.02946
TGG	TGC	GC	-0.13493	0.02768	0.02585	0.13493	0.02418	0.02585
CTT	TTT	CT	1.34383	0.04100	0.07453	-1.34383	0.15717	0.07453
CTC	TTC	CT	1.02618	0.02885	0.04614	-1.02618	0.08050	0.04614
CTC	CTT	CT	0.58434	0.02885	0.03809	-0.58434	0.05175	0.03809
CTA	TTA	CT	0.94908	0.06529	0.10110	-0.94908	0.16867	0.10110
CTA	CTT	AT	-0.26352	0.02481	0.02168	0.26352	0.01906	0.02168
CTA	CTC	AC	-0.84786	0.03132	0.01989	0.84786	0.01341	0.01989
CTG	TTG	CT	0.20120	0.04859	0.05364	-0.20120	0.05942	0.05364
CTG	CTT	GT	-0.69697	0.01846	0.01277	0.69697	0.00920	0.01277
CTG	CTC	GC	-1.28132	0.02331	0.01148	1.28132	0.00647	0.01148
CTG	CTA	GA	-0.43346	0.05946	0.04750	0.43346	0.03854	0.04750
CCT	TCT	CT	1.12676	0.01367	0.02278	-1.12676	0.04217	0.02278
CCT	CTT	CT	1.33156	0.01367	0.02473	-1.33156	0.05175	0.02473
CCC	TCC	CT	1.24455	0.02429	0.04247	-1.24455	0.08433	0.04247
CCC	CTC	CT	0.40480	0.02429	0.02954	-0.40480	0.03642	0.02954
CCC	CCT	CT	-0.34242	0.02429	0.02037	0.34242	0.01725	0.02037
CCA	TCA	CT	0.58659	0.05011	0.06623	-0.58659	0.09008	0.06623
CCA	CTA	CT	0.49764	0.05011	0.06360	-0.49764	0.08242	0.06360
CCA	CCT	AT	-1.09743	0.01904	0.01047	1.09743	0.00635	0.01047
CCA	CCC	AC	-0.75502	0.02403	0.01609	0.75502	0.01130	0.01609
CCG	TCG	CT	1.51388	0.00759	0.01474	-1.51388	0.03450	0.01474
CCG	CTG	CT	2.08924	0.00759	0.01810	-2.08924	0.06133	0.01810
CCG	CCT	GT	0.06071	0.00288	0.00297	-0.06071	0.00307	0.00297
CCG	CCC	GC	0.40313	0.00364	0.00442	-0.40313	0.00545	0.00442
CCG	CCA	GA	1.15815	0.00929	0.01569	-1.15815	0.02958	0.01569
CAT	TAT	CT	1.12676	0.04100	0.06834	-1.12676	0.12650	0.06834
CAT	CTT	AT	0.20185	0.01558	0.01720	-0.20185	0.01906	0.01720
CAT	CCT	AC	-1.12971	0.01966	0.01061	1.12971	0.00635	0.01061
CAC	TAC	CT	1.48571	0.01822	0.03499	-1.48571	0.08050	0.03499
CAC	CTC	AT	0.66138	0.00692	0.00946	-0.66138	0.01341	0.00946
CAC	CCC	AC	0.25658	0.00874	0.00991	-0.25658	0.01130	0.00991
CAC	CAT	CT	1.04388	0.01822	0.02936	-1.04388	0.05175	0.02936
CAA	CTA	AT	-0.66192	0.05885	0.04151	0.66192	0.03036	0.04151
CAA	CCA	AC	-1.15956	0.07429	0.03936	1.15956	0.02330	0.03936
CAA	CAT	AT	-1.12729	0.05885	0.03178	1.12729	0.01906	0.03178
CAA	CAC	AC	-2.17116	0.07429	0.02076	2.17116	0.00847	0.02076
CAG	CTG	AT	1.18268	0.00692	0.01181	-1.18268	0.02259	0.01181
CAG	CCG	AC	-0.90657	0.00874	0.00537	0.90657	0.00353	0.00537
CAG	CAT	GT	0.28386	0.00692	0.00795	-0.28386	0.00920	0.00795
CAG	CAC	GC	-0.76002	0.00874	0.00584	0.76002	0.00409	0.00584
CAG	CAA	GA	1.41114	0.02230	0.04161	-1.41114	0.09143	0.04161
CGT	TGT	CT	3.41100	0.00759	0.02678	-3.41100	0.23000	0.02678
CGT	CTT	GT	1.15932	0.00288	0.00487	-1.15932	0.00920	0.00487
CGT	CCT	GC	-0.17223	0.00364	0.00334	0.17223	0.00307	0.00334
CGT	CAT	GA	0.95748	0.00929	0.01444	-0.95748	0.02420	0.01444
CGC	TGC	CT	1.66241	0.02581	0.05296	-1.66241	0.13608	0.05296
CGC	CTC	GT	-0.41585	0.00981	0.00791	0.41585	0.00647	0.00791
CGC	CCC	GC	-0.82065	0.01238	0.00799	0.82065	0.00545	0.00799
CGC	CAC	GA	-1.07723	0.03159	0.01757	1.07723	0.01076	0.01757
CGC	CGT	CT	-0.99083	0.02581	0.01510	0.99083	0.00958	0.01510
CGA	CTA	GT	-0.75486	0.03116	0.02086	0.75486	0.01465	0.02086
CGA	CCA	GC	-1.25250	0.03933	0.01971	1.25250	0.01124	0.01971
CGA	CAA	GA	-0.09293	0.10033	0.09574	0.09293	0.09143	0.09574
CGA	CGT	AT	-2.17770	0.03116	0.00867	2.17770	0.00353	0.00867
CGA	CGC	AC	-1.18687	0.03933	0.02050	1.18687	0.01200	0.02050
CGG	TGG	CT	2.07877	0.00911	0.02165	-2.07877	0.07283	0.02165
CGG	CTG	GT	1.14690	0.00346	0.00582	-1.14690	0.01090	0.00582
CGG	CCG	GC	-0.94234	0.00437	0.00263	0.94234	0.00170	0.00263
CGG	CAG	GA	-0.03578	0.01115	0.01095	0.03578	0.01076	0.01095
CGG	CGT	GT	-0.70940	0.00346	0.00238	0.70940	0.00170	0.00238
CGG	CGC	GC	0.28143	0.00437	0.00501	-0.28143	0.00579	0.00501
CGG	CGA	GA	1.46830	0.01115	0.02127	-1.46830	0.04840	0.02127
ATT	TTT	AT	0.10876	0.05193	0.05480	-0.10876	0.05789	0.05480
ATT	CTT	AC	-1.23507	0.06555	0.03320	1.23507	0.01906	0.03320
ATC	TTC	AT	1.37457	0.00750	0.01380	-1.37457	0.02965	0.01380
ATC	CTC	AC	0.34839	0.00947	0.01121	-0.34839	0.01341	0.01121
ATC	ATT	CT	2.16781	0.01974	0.04832	-2.16781	0.17250	0.04832
ATA	TTA	AT	0.36170	0.04327	0.05157	-0.36170	0.06213	0.05157
ATA	CTA	AC	-0.58739	0.05462	0.04014	0.58739	0.03036	0.04014
ATA	ATT	AT	0.38417	0.04327	0.05212	-0.38417	0.06354	0.05212
ATA	ATC	AC	-1.78364	0.05462	0.01968	1.78364	0.00918	0.01968
ATG	TTG	AT	0.13933	0.01904	0.02040	-0.13933	0.02189	0.02040
ATG	CTG	AC	-0.06187	0.02403	0.02330	0.06187	0.02259	0.02330
ATG	ATT	GT	0.47623	0.01904	0.02393	-0.47623	0.03065	0.02393
ATG	ATC	GC	-1.69158	0.02403	0.00918	1.69158	0.00443	0.00918
ATG	ATA	GA	0.09206	0.06131	0.06418	-0.09206	0.06723	0.06418
ACT	TCT	AT	-0.29063	0.02077	0.01790	0.29063	0.01553	0.01790
ACT	CCT	AC	-1.41739	0.02622	0.01189	1.41739	0.00635	0.01189
ACT	ATT	CT	1.14924	0.05466	0.09196	-1.14924	0.17250	0.09196
ACC	TCC	AT	0.52030	0.01846	0.02368	-0.52030	0.03106	0.02368
ACC	CCC	AC	-0.72425	0.02331	0.01588	0.72425	0.01130	0.01588
ACC	ATC	CT	-0.66784	0.04859	0.03416	0.66784	0.02492	0.03416
ACC	ACT	CT	0.35073	0.04859	0.05761	-0.35073	0.06900	0.05761
ACA	TCA	AT	-0.56312	0.05827	0.04340	0.56312	0.03318	0.04340
ACA	CCA	AC	-1.14971	0.07356	0.03920	1.14971	0.02330	0.03920
ACA	ATA	CT	-0.06469	0.15336	0.14845	0.06469	0.14375	0.14845
ACA	ACT	AT	-0.82975	0.05827	0.03740	0.82975	0.02542	0.03740
ACA	ACC	AC	-1.18048	0.07356	0.03849	1.18048	0.02259	0.03849
ACG	TCG	AT	-0.20362	0.01558	0.01405	0.20362	0.01271	0.01405
ACG	CCG	AC	-1.71750	0.01966	0.00739	1.71750	0.00353	0.00739
ACG	ATG	CT	0.43362	0.04100	0.05052	-0.43362	0.06325	0.05052
ACG	ACT	GT	-0.23939	0.01558	0.01379	0.23939	0.01226	0.01379
ACG	ACC	GC	-0.59012	0.01966	0.01443	0.59012	0.01090	0.01443
ACG	ACA	GA	0.59036	0.05017	0.06642	-0.59036	0.09053	0.06642
AAT	TAT	AT	-0.82343	0.10616	0.06838	0.82343	0.04660	0.06838
AAT	CAT	AC	-1.95020	0.13401	0.04334	1.95020	0.01906	0.04334
AAT	ATT	AT	-0.51328	0.10616	0.08124	0.51328	0.06354	0.08124
AAT	ACT	AC	-1.66251	0.13401	0.05215	1.66251	0.02542	0.05215
AAC	TAC	AT	-0.45493	0.04673	0.03691	0.45493	0.02965	0.03691
AAC	CAC	AC	-1.94064	0.05899	0.01920	1.94064	0.00847	0.01920
AAC	ATC	AT	-1.62765	0.04673	0.01859	1.62765	0.00918	0.01859
AAC	ACC	AC	-0.95981	0.05899	0.03514	0.95981	0.02259	0.03514
AAC	AAT	CT	1.05343	0.12299	0.19894	-1.05343	0.35267	0.19894
AAA	CAA	AC	-0.70943	0.14639	0.10055	0.70943	0.07201	0.10055
AAA	ATA	AT	-0.78397	0.11597	0.07639	0.78397	0.05295	0.07639
AAA	ACA	AC	-0.71928	0.14639	0.10000	0.71928	0.07131	0.10000
AAA	AAT	AT	0.11348	0.11597	0.12267	-0.11348	0.12991	0.12267
AAA	AAC	AC	-0.93995	0.14639	0.08821	0.93995	0.05719	0.08821
AAG	CAG	AC	-1.30739	0.03132	0.01518	1.30739	0.00847	0.01518
AAG	ATG	AT	-0.06284	0.02481	0.02404	0.06284	0.02330	0.02404
AAG	ACG	AC	-0.49646	0.03132	0.02418	0.49646	0.01906	0.02418
AAG	AAT	GT	0.92666	0.02481	0.03805	-0.92666	0.06267	0.03805
AAG	AAC	GC	-0.12677	0.03132	0.02937	0.12677	0.02759	0.02937
AAG	AAA	GA	0.81318	0.07989	0.11673	-0.81318	0.18016	0.11673
AGT	TGT	AT	0.47848	0.05250	0.06606	-0.47848	0.08472	0.06606
AGT	CGT	AC	-2.93252	0.06628	0.01093	2.93252	0.00353	0.01093
AGT	ATT	GT	-0.53812	0.05250	0.03964	0.53812	0.03065	0.03964
AGT	ACT	GC	-1.68736	0.06628	0.02539	1.68736	0.01226	0.02539
AGT	AAT	GA	-0.02485	0.16908	0.16698	0.02485	0.16493	0.16698
AGC	TGC	AT	0.37018	0.03462	0.04142	-0.37018	0.05013	0.04142
AGC	CGC	AC	-1.29223	0.04370	0.02138	1.29223	0.01200	0.02138
AGC	ATC	GT	-2.05647	0.03462	0.01044	2.05647	0.00443	0.01044
AGC	ACC	GC	-1.38863	0.04370	0.02016	1.38863	0.01090	0.02016
AGC	AAC	GA	-0.42882	0.11148	0.08928	0.42882	0.07260	0.08928
AGC	AGT	CT	0.64946	0.09110	0.12387	-0.64946	0.17442	0.12387
AGA	CGA	AC	-0.29061	0.05098	0.04393	0.29061	0.03812	0.04393
AGA	ATA	GT	-0.45808	0.04039	0.03184	0.45808	0.02554	0.03184
AGA	ACA	GC	-0.39340	0.05098	0.04161	0.39340	0.03440	0.04161
AGA	AAA	GA	0.32589	0.13006	0.15240	-0.32589	0.18016	0.15240
AGA	AGT	AT	0.46421	0.04039	0.05048	-0.46421	0.06425	0.05048
AGA	AGC	AC	-0.18525	0.05098	0.04641	0.18525	0.04236	0.04641
AGG	TGG	AT	0.84370	0.01154	0.01708	-0.84370	0.02683	0.01708
AGG	CGG	AC	-1.23507	0.01457	0.00738	1.23507	0.00424	0.00738
AGG	ATG	GT	-0.02630	0.01154	0.01139	0.02630	0.01124	0.01139
AGG	ACG	GC	-0.45992	0.01457	0.01147	0.45992	0.00920	0.01147
AGG	AAG	GA	0.03654	0.03716	0.03784	-0.03654	0.03854	0.03784
AGG	AGT	GT	0.98805	0.01154	0.01816	-0.98805	0.03099	0.01816
AGG	AGC	GC	0.33859	0.01457	0.01717	-0.33859	0.02044	0.01717
AGG	AGA	GA	0.52384	0.03716	0.04774	-0.52384	0.06274	0.04774
GTT	TTT	GT	-0.03238	0.02885	0.02838	0.03238	0.02793	0.02838
GTT	CTT	GC	-1.37621	0.03642	0.01693	1.37621	0.00920	0.01693
GTT	ATT	GA	-0.14114	0.09290	0.08650	0.14114	0.08067	0.08650
GTC	TTC	GT	0.57154	0.00808	0.01060	-0.57154	0.01431	0.01060
GTC	CTC	GC	-0.45464	0.01020	0.00805	0.45464	0.00647	0.00805
GTC	ATC	GA	-0.80303	0.02601	0.01695	0.80303	0.01165	0.01695
GTC	GTT	CT	1.50591	0.02126	0.04114	-1.50591	0.09583	0.04114
GTA	TTA	GT	0.58297	0.01673	0.02208	-0.58297	0.02997	0.02208
GTA	CTA	GC	-0.36612	0.02112	0.01749	0.36612	0.01465	0.01749
GTA	ATA	GA	0.22127	0.05388	0.06006	-0.22127	0.06723	0.06006
GTA	GTT	AT	0.74658	0.01673	0.02375	-0.74658	0.03530	0.02375
GTA	GTC	AC	-0.75934	0.02112	0.01411	0.75934	0.00988	0.01411
GTG	TTG	GT	-0.75665	0.02250	0.01505	0.75665	0.01056	0.01505
GTG	CTG	GC	-0.95785	0.02840	0.01694	0.95785	0.01090	0.01694
GTG	ATG	GA	-0.89598	0.07246	0.04478	0.89598	0.02958	0.04478
GTG	GTT	GT	-0.27861	0.02250	0.01951	0.27861	0.01703	0.01951
GTG	GTC	GC	-1.78453	0.02840	0.01023	1.78453	0.00477	0.01023
GTG	GTA	GA	-1.02519	0.07246	0.04156	1.02519	0.02599	0.04156
GCT	TCT	GT	-1.07362	0.02192	0.01222	1.07362	0.00749	0.01222
GCT	CCT	GC	-2.20038	0.02768	0.00759	2.20038	0.00307	0.00759
GCT	ACT	GA	-0.78299	0.07060	0.04653	0.78299	0.03227	0.04653
GCT	GTT	CT	0.50738	0.05770	0.07357	-0.50738	0.09583	0.07357
GCC	TCC	GT	1.05989	0.00519	0.00842	-1.05989	0.01499	0.00842
GCC	CCC	GC	-0.18466	0.00655	0.00597	0.18466	0.00545	0.00597
GCC	ACC	GA	0.53959	0.01672	0.02164	-0.53959	0.02868	0.02164
GCC	GTC	CT	0.67478	0.01367	0.01879	-0.67478	0.02683	0.01879
GCC	GCT	CT	1.67331	0.01367	0.02815	-1.67331	0.07283	0.02815
GCA	TCA	GT	0.32734	0.01154	0.01353	-0.32734	0.01601	0.01353
GCA	CCA	GC	-0.25925	0.01457	0.01276	0.25925	0.01124	0.01276
GCA	ACA	GA	0.89047	0.03716	0.05613	-0.89047	0.09053	0.05613
GCA	GTA	CT	0.60451	0.03037	0.04047	-0.60451	0.05558	0.04047
GCA	GCT	AT	0.84370	0.01154	0.01708	-0.84370	0.02683	0.01708
GCA	GCC	AC	-0.82961	0.01457	0.00935	0.82961	0.00635	0.00935
GCG	TCG	GT	0.16607	0.00519	0.00564	-0.16607	0.00613	0.00564
GCG	CCG	GC	-1.34781	0.00655	0.00310	1.34781	0.00170	0.00310
GCG	ACG	GA	0.36969	0.01672	0.02000	-0.36969	0.02420	0.02000
GCG	GTG	CT	1.69928	0.01367	0.02842	-1.69928	0.07475	0.02842
GCG	GCT	GT	0.91329	0.00519	0.00792	-0.91329	0.01294	0.00792
GCG	GCC	GC	-0.76002	0.00655	0.00438	0.76002	0.00307	0.00438
GCG	GCA	GA	0.06958	0.01672	0.01731	-0.06958	0.01793	0.01731
GAT	TAT	GT	-0.93254	0.05712	0.03457	0.93254	0.02248	0.03457
GAT	CAT	GC	-2.05930	0.07210	0.02171	2.05930	0.00920	0.02171
GAT	AAT	GA	-0.10911	0.18394	0.17409	0.10911	0.16493	0.17409
GAT	GTT	AT	-0.48125	0.05712	0.04447	0.48125	0.03530	0.04447
GAT	GCT	AC	-0.98863	0.07210	0.04224	0.98863	0.02683	0.04224
GAC	TAC	GT	-0.50298	0.02366	0.01820	0.50298	0.01431	0.01820
GAC	CAC	GC	-1.98869	0.02986	0.00942	1.98869	0.00409	0.00942
GAC	AAC	GA	-0.04805	0.07618	0.07436	0.04805	0.07260	0.07436
GAC	GTC	AT	-0.87267	0.02366	0.01482	0.87267	0.00988	0.01482
GAC	GCC	AC	-1.54745	0.02986	0.01249	1.54745	0.00635	0.01249
GAC	GAT	CT	1.11449	0.06225	0.10326	-1.11449	0.18975	0.10326
GAA	CAA	GC	-1.21022	0.11653	0.05990	1.21022	0.03474	0.05990
GAA	AAA	GA	-0.50079	0.29728	0.22903	0.50079	0.18016	0.22903
GAA	GTA	AT	-1.50603	0.09231	0.03962	1.50603	0.02047	0.03962
GAA	GCA	AC	-2.11054	0.11653	0.03391	2.11054	0.01412	0.03391
GAA	GAT	AT	-0.27821	0.09231	0.08007	0.27821	0.06990	0.08007
GAA	GAC	AC	-1.39270	0.11653	0.05364	1.39270	0.02895	0.05364
GAG	CAG	GC	-1.53321	0.01894	0.00799	1.53321	0.00409	0.00799
GAG	AAG	GA	-0.22582	0.04831	0.04306	0.22582	0.03854	0.04306
GAG	GTG	AT	0.60731	0.01500	0.02001	-0.60731	0.02753	0.02001
GAG	GCG	AC	-1.09197	0.01894	0.01044	1.09197	0.00635	0.01044
GAG	GAT	GT	0.80995	0.01500	0.02189	-0.80995	0.03372	0.02189
GAG	GAC	GC	-0.30455	0.01894	0.01620	0.30455	0.01396	0.01620
GAG	GAA	GA	1.08815	0.04831	0.07927	-1.08815	0.14341	0.07927
GGT	TGT	GT	0.43178	0.02654	0.03268	-0.43178	0.04087	0.03268
GGT	CGT	GC	-2.97922	0.03350	0.00535	2.97922	0.00170	0.00535
GGT	AGT	GA	-0.04671	0.08547	0.08349	0.04671	0.08157	0.08349
GGT	GTT	GT	-0.44369	0.02654	0.02109	0.44369	0.01703	0.02109
GGT	GCT	GC	-0.95108	0.03350	0.02006	0.95108	0.01294	0.02006
GGT	GAT	GA	0.03756	0.08547	0.08708	-0.03756	0.08874	0.08708
GGC	TGC	GT	0.09802	0.02192	0.02302	-0.09802	0.02418	0.02302
GGC	CGC	GC	-1.56439	0.02768	0.01145	1.56439	0.00579	0.01145
GGC	AGC	GA	-0.27216	0.07060	0.06143	0.27216	0.05378	0.06143
GGC	GTC	GT	-1.52560	0.02192	0.00930	1.52560	0.00477	0.00930
GGC	GCC	GC	-2.20038	0.02768	0.00759	2.20038	0.00307	0.00759
GGC	GAC	GA	-0.65294	0.07060	0.05004	0.65294	0.03675	0.05004
GGC	GGT	CT	0.42400	0.05770	0.07079	-0.42400	0.08817	0.07079
GGA	CGA	GC	0.13792	0.01602	0.01715	-0.13792	0.01839	0.01715
GGA	AGA	GA	0.42853	0.04088	0.05026	-0.42853	0.06274	0.05026
GGA	GTA	GT	-0.25082	0.01269	0.01117	0.25082	0.00988	0.01117
GGA	GCA	GC	-0.85533	0.01602	0.01014	0.85533	0.00681	0.01014
GGA	GAA	GA	1.25521	0.04088	0.07176	-1.25521	0.14341	0.07176
GGA	GGT	AT	0.93945	0.01269	0.01958	-0.93945	0.03248	0.01958
GGA	GGC	AC	0.51545	0.01602	0.02051	-0.51545	0.02683	0.02051
GGG	TGG	GT	0.91329	0.00519	0.00792	-0.91329	0.01294	0.00792
GGG	CGG	GC	-1.16549	0.00655	0.00346	1.16549	0.00204	0.00346
GGG	AGG	GA	0.06958	0.01672	0.01731	-0.06958	0.01793	0.01731
GGG	GTG	GT	0.93926	0.00519	0.00801	-0.93926	0.01328	0.00801
GGG	GCG	GC	-0.76002	0.00655	0.00438	0.76002	0.00307	0.00438
GGG	GAG	GA	0.33195	0.01672	0.01965	-0.33195	0.02330	0.01965
GGG	GGT	GT	1.10434	0.00519	0.00858	-1.10434	0.01567	0.00858
GGG	GGC	GC	0.68034	0.00655	0.00904	-0.68034	0.01294	0.00904
GGG	GGA	GA	0.16489	0.01672	0.01814	-0.16489	0.01972	0.01814


Histograms
2Ns	FMut	FSub(CodonUsage)	FSubw(after w)

-3.24857	0.01035	0.00139
-2.92371	0.00449	0.00084
-2.59886	0.00393	0.00104
-2.27400	0.01499	0.00481
-1.94914	0.02611	0.00921
-1.62429	0.05813	0.02708
-1.29943	0.09178	0.05248
-0.97457	0.14382	0.09790
-0.64971	0.13706	0.11283
-0.32486	0.11494	0.11060
0.00000	0.14228	0.16363
0.32486	0.08128	0.11060
0.64971	0.07266	0.11283
0.97457	0.05450	0.09790
1.29943	0.02588	0.05248
1.62429	0.01175	0.02708
1.94914	0.00342	0.00921
2.27400	0.00170	0.00481
2.59886	0.00034	0.00104
2.92371	0.00024	0.00084
3.24857	0.00034	0.00139

Proportion of advantageous (S > 0) mutations:
 0.32042

Proportions of good & bad mutations (|S| > 2.0000) among mutations:
0.00462  0.04984

mean |Ns| = 0.82418	mean Ns+ = 0.61263	mean Ns- = -0.92392


MLEs of dN/dS (w) for site classes (K=3)

p:   0.81052  0.18948  0.00000
w:   0.05047  1.00000 108.56330
(note that p[2] is zero)


Naive Empirical Bayes (NEB) probabilities for 3 classes & postmean_w & P(w>1)
(amino acids refer to 1st sequence: Musca_domestica_lysc1)

   1 T   0.00001 0.99999 0.00000 ( 2)  1.000  0.000
   2 S   0.00637 0.99363 0.00000 ( 2)  0.994  0.000
   3 P   0.13791 0.86209 0.00000 ( 2)  0.869  0.000
   4 A   0.99965 0.00035 0.00000 ( 1)  0.051  0.000
   5 Y   0.39393 0.60607 0.00000 ( 2)  0.626  0.000
   6 G   0.88968 0.11032 0.00000 ( 1)  0.155  0.000
   7 K   0.99996 0.00004 0.00000 ( 1)  0.051  0.000
   8 K   0.99997 0.00003 0.00000 ( 1)  0.051  0.000
   9 Y   0.99999 0.00001 0.00000 ( 1)  0.050  0.000
  10 L   0.99998 0.00002 0.00000 ( 1)  0.050  0.000
  11 R   0.99998 0.00002 0.00000 ( 1)  0.050  0.000
  12 C   0.99964 0.00036 0.00000 ( 1)  0.051  0.000
  13 E   0.99978 0.00022 0.00000 ( 1)  0.051  0.000
  14 L   0.99890 0.00110 0.00000 ( 1)  0.052  0.000
  15 S   0.99998 0.00002 0.00000 ( 1)  0.050  0.000
  16 R   0.99987 0.00013 0.00000 ( 1)  0.051  0.000
  17 E   0.99984 0.00016 0.00000 ( 1)  0.051  0.000
  18 L   0.99940 0.00060 0.00000 ( 1)  0.051  0.000
  19 V   0.99973 0.00027 0.00000 ( 1)  0.051  0.000
  20 E   0.99999 0.00001 0.00000 ( 1)  0.050  0.000
  21 R   0.99881 0.00119 0.00000 ( 1)  0.052  0.000
  22 Y   0.99886 0.00114 0.00000 ( 1)  0.052  0.000
  23 K   0.99788 0.00212 0.00000 ( 1)  0.052  0.000
  24 V   0.27004 0.72996 0.00000 ( 2)  0.744  0.000
  25 N   0.98581 0.01419 0.00000 ( 1)  0.064  0.000
  26 K   0.99994 0.00006 0.00000 ( 1)  0.051  0.000
  27 T   0.99996 0.00004 0.00000 ( 1)  0.051  0.000
  28 F   0.99999 0.00001 0.00000 ( 1)  0.050  0.000
  29 L   0.99979 0.00021 0.00000 ( 1)  0.051  0.000
  30 S   0.99998 0.00002 0.00000 ( 1)  0.050  0.000
  31 N   0.99993 0.00007 0.00000 ( 1)  0.051  0.000
  32 I   0.99973 0.00027 0.00000 ( 1)  0.051  0.000
  33 C   0.99897 0.00103 0.00000 ( 1)  0.051  0.000
  34 L   0.99964 0.00036 0.00000 ( 1)  0.051  0.000
  35 I   0.99998 0.00002 0.00000 ( 1)  0.050  0.000
  36 E   0.99978 0.00022 0.00000 ( 1)  0.051  0.000
  37 H   1.00000 0.00000 0.00000 ( 1)  0.050  0.000
  38 E   0.99978 0.00022 0.00000 ( 1)  0.051  0.000
  39 S   0.99999 0.00001 0.00000 ( 1)  0.050  0.000
  40 D   0.99655 0.00345 0.00000 ( 1)  0.054  0.000
  41 R   0.99999 0.00001 0.00000 ( 1)  0.050  0.000
  42 D   0.99999 0.00001 0.00000 ( 1)  0.050  0.000
  43 T   0.99997 0.00003 0.00000 ( 1)  0.051  0.000
  44 K   0.00038 0.99962 0.00000 ( 2)  1.000  0.000
  45 K   0.99885 0.00115 0.00000 ( 1)  0.052  0.000
  46 V   0.00813 0.99187 0.00000 ( 2)  0.992  0.000
  47 T   1.00000 0.00000 0.00000 ( 1)  0.050  0.000
  48 R   0.94378 0.05622 0.00000 ( 1)  0.104  0.000
  49 L   0.99929 0.00071 0.00000 ( 1)  0.051  0.000
  50 G   0.00011 0.99989 0.00000 ( 2)  1.000  0.000
  51 N   0.99991 0.00009 0.00000 ( 1)  0.051  0.000
  52 G   0.99999 0.00001 0.00000 ( 1)  0.050  0.000
  53 V   0.99563 0.00437 0.00000 ( 1)  0.055  0.000
  54 N   0.52090 0.47910 0.00000 ( 1)  0.505  0.000
  55 K   0.99995 0.00005 0.00000 ( 1)  0.051  0.000
  56 F   0.99973 0.00027 0.00000 ( 1)  0.051  0.000
  57 G   0.99998 0.00002 0.00000 ( 1)  0.050  0.000
  58 I   0.98524 0.01476 0.00000 ( 1)  0.064  0.000
  59 F   0.99999 0.00001 0.00000 ( 1)  0.050  0.000
  60 Q   0.99994 0.00006 0.00000 ( 1)  0.051  0.000
  61 I   1.00000 0.00000 0.00000 ( 1)  0.050  0.000
  62 S   0.99999 0.00001 0.00000 ( 1)  0.050  0.000
  63 S   0.99999 0.00001 0.00000 ( 1)  0.050  0.000
  64 K   0.99893 0.00107 0.00000 ( 1)  0.051  0.000
  65 E   0.99980 0.00020 0.00000 ( 1)  0.051  0.000
  66 C   0.99920 0.00080 0.00000 ( 1)  0.051  0.000
  67 N   0.00000 1.00000 0.00000 ( 2)  1.000  0.000
  68 D   0.00032 0.99968 0.00000 ( 2)  1.000  0.000
  69 G   0.99998 0.00002 0.00000 ( 1)  0.050  0.000
  70 S   0.06080 0.93920 0.00000 ( 2)  0.942  0.000
  71 K   0.99901 0.00099 0.00000 ( 1)  0.051  0.000
  72 V   0.00088 0.99912 0.00000 ( 2)  0.999  0.000
  73 T   0.41517 0.58483 0.00000 ( 2)  0.606  0.000
  74 S   0.91005 0.08995 0.00000 ( 1)  0.136  0.000
  75 C   0.99906 0.00094 0.00000 ( 1)  0.051  0.000
  76 D   0.99999 0.00001 0.00000 ( 1)  0.050  0.000
  77 T   0.99994 0.00006 0.00000 ( 1)  0.051  0.000
  78 Q   0.05956 0.94044 0.00000 ( 2)  0.943  0.000
  79 K   0.99885 0.00115 0.00000 ( 1)  0.052  0.000
  80 Y   0.99984 0.00016 0.00000 ( 1)  0.051  0.000
  81 P   1.00000 0.00000 0.00000 ( 1)  0.050  0.000
  82 C   0.99970 0.00030 0.00000 ( 1)  0.051  0.000
  83 C   0.99967 0.00033 0.00000 ( 1)  0.051  0.000
  84 K   0.01050 0.98950 0.00000 ( 2)  0.990  0.000
  85 V   0.00509 0.99491 0.00000 ( 2)  0.995  0.000
  86 K   0.99870 0.00130 0.00000 ( 1)  0.052  0.000
  87 C   0.99962 0.00038 0.00000 ( 1)  0.051  0.000
  88 E   0.99978 0.00022 0.00000 ( 1)  0.051  0.000
  89 F   0.99999 0.00001 0.00000 ( 1)  0.050  0.000
  90 L   0.99984 0.00016 0.00000 ( 1)  0.051  0.000
  91 N   0.99995 0.00005 0.00000 ( 1)  0.051  0.000
  92 D   1.00000 0.00000 0.00000 ( 1)  0.050  0.000
  93 D   0.99999 0.00001 0.00000 ( 1)  0.050  0.000
  94 I   0.99997 0.00003 0.00000 ( 1)  0.050  0.000
  95 S   0.99985 0.00015 0.00000 ( 1)  0.051  0.000
  96 D   0.99999 0.00001 0.00000 ( 1)  0.050  0.000
  97 D   0.99999 0.00001 0.00000 ( 1)  0.050  0.000
  98 V   0.99999 0.00001 0.00000 ( 1)  0.050  0.000
  99 A   0.00000 1.00000 0.00000 ( 2)  1.000  0.000
 100 C   0.99919 0.00081 0.00000 ( 1)  0.051  0.000
 101 A   1.00000 0.00000 0.00000 ( 1)  0.050  0.000
 102 Q   0.61799 0.38201 0.00000 ( 1)  0.413  0.000
 103 R   0.99983 0.00017 0.00000 ( 1)  0.051  0.000
 104 I   1.00000 0.00000 0.00000 ( 1)  0.050  0.000
 105 F   0.99998 0.00002 0.00000 ( 1)  0.050  0.000
 106 D   0.99854 0.00146 0.00000 ( 1)  0.052  0.000
 107 L   0.99094 0.00906 0.00000 ( 1)  0.059  0.000
 108 K   0.99994 0.00006 0.00000 ( 1)  0.051  0.000
 109 G   1.00000 0.00000 0.00000 ( 1)  0.050  0.000
 110 F   0.99998 0.00002 0.00000 ( 1)  0.050  0.000
 111 Q   0.79479 0.20521 0.00000 ( 1)  0.245  0.000
 112 N   0.99997 0.00003 0.00000 ( 1)  0.051  0.000
 113 W   0.99977 0.00023 0.00000 ( 1)  0.051  0.000
 114 N   0.99991 0.00009 0.00000 ( 1)  0.051  0.000
 115 G   0.61425 0.38575 0.00000 ( 1)  0.417  0.000
 116 W   0.99977 0.00023 0.00000 ( 1)  0.051  0.000
 117 S   0.00004 0.99996 0.00000 ( 2)  1.000  0.000
 118 S   0.98385 0.01615 0.00000 ( 1)  0.066  0.000
 119 F   0.99972 0.00028 0.00000 ( 1)  0.051  0.000
 120 C   0.99933 0.00067 0.00000 ( 1)  0.051  0.000
 121 R   1.00000 0.00000 0.00000 ( 1)  0.050  0.000
 122 N   0.99996 0.00004 0.00000 ( 1)  0.051  0.000
 123 P   0.99743 0.00257 0.00000 ( 1)  0.053  0.000
 124 Q   0.99992 0.00008 0.00000 ( 1)  0.051  0.000
 125 N   0.99992 0.00008 0.00000 ( 1)  0.051  0.000
 126 L   0.99963 0.00037 0.00000 ( 1)  0.051  0.000
 127 P   1.00000 0.00000 0.00000 ( 1)  0.050  0.000
 128 N   0.99991 0.00009 0.00000 ( 1)  0.051  0.000
 129 L   0.99980 0.00020 0.00000 ( 1)  0.051  0.000
 130 S   0.99557 0.00443 0.00000 ( 1)  0.055  0.000
 131 V   0.99978 0.00022 0.00000 ( 1)  0.051  0.000
 132 A   0.00180 0.99820 0.00000 ( 2)  0.998  0.000
 133 C   0.99899 0.00101 0.00000 ( 1)  0.051  0.000
 134 N   0.99992 0.00008 0.00000 ( 1)  0.051  0.000
 135 I   0.99999 0.00001 0.00000 ( 1)  0.050  0.000
 136 N   0.98924 0.01076 0.00000 ( 1)  0.061  0.000
 137 T   0.00324 0.99676 0.00000 ( 2)  0.997  0.000
 138 V   1.00000 0.00000 0.00000 ( 1)  0.050  0.000
 139 T   0.98525 0.01475 0.00000 ( 1)  0.064  0.000
 140 P   1.00000 0.00000 0.00000 ( 1)  0.050  0.000
 141 L   0.99974 0.00026 0.00000 ( 1)  0.051  0.000
 142 S   0.99841 0.00159 0.00000 ( 1)  0.052  0.000
 143 R   0.99505 0.00495 0.00000 ( 1)  0.055  0.000
 144 L   0.99968 0.00032 0.00000 ( 1)  0.051  0.000
 145 F   0.00007 0.99993 0.00000 ( 2)  1.000  0.000
 146 A   0.02876 0.97124 0.00000 ( 2)  0.973  0.000
 147 S   0.00000 1.00000 0.00000 ( 2)  1.000  0.000
 148 A   0.00028 0.99972 0.00000 ( 2)  1.000  0.000
 149 -   0.00000 1.00000 0.00000 ( 2)  1.000  0.000
 150 -   0.07234 0.92766 0.00000 ( 2)  0.931  0.000
 151 -   0.00277 0.99723 0.00000 ( 2)  0.997  0.000
 152 Y   0.00176 0.99824 0.00000 ( 2)  0.998  0.000
 153 R   0.99999 0.00001 0.00000 ( 1)  0.050  0.000
 154 Q   0.99388 0.00612 0.00000 ( 1)  0.056  0.000
 155 -   0.61045 0.38955 0.00000 ( 1)  0.420  0.000
 156 -   0.19403 0.80597 0.00000 ( 2)  0.816  0.000

Positively selected sites

	Prob(w>1)  mean w



lnL = -3382.687167

Bayes Empirical Bayes (BEB) probabilities for 3 classes (class) & postmean_w
(amino acids refer to 1st sequence: Musca_domestica_lysc1)

   1 T   0.00001 0.98684 0.01315 ( 2)  1.007 +-  0.058
   2 S   0.00653 0.98708 0.00639 ( 2)  0.997 +-  0.087
   3 P   0.13979 0.85168 0.00853 ( 2)  0.872 +-  0.335
   4 A   0.99963 0.00037 0.00000 ( 1)  0.050 +-  0.018
   5 Y   0.39301 0.60169 0.00529 ( 2)  0.629 +-  0.468
   6 G   0.88448 0.11524 0.00029 ( 1)  0.160 +-  0.304
   7 K   0.99996 0.00004 0.00000 ( 1)  0.050 +-  0.006
   8 K   0.99997 0.00003 0.00000 ( 1)  0.050 +-  0.006
   9 Y   0.99999 0.00001 0.00000 ( 1)  0.050 +-  0.003
  10 L   0.99998 0.00002 0.00000 ( 1)  0.050 +-  0.004
  11 R   0.99998 0.00002 0.00000 ( 1)  0.050 +-  0.005
  12 C   0.99962 0.00038 0.00000 ( 1)  0.050 +-  0.018
  13 E   0.99977 0.00023 0.00000 ( 1)  0.050 +-  0.014
  14 L   0.99885 0.00114 0.00001 ( 1)  0.051 +-  0.032
  15 S   0.99998 0.00002 0.00000 ( 1)  0.050 +-  0.004
  16 R   0.99987 0.00013 0.00000 ( 1)  0.050 +-  0.011
  17 E   0.99983 0.00017 0.00000 ( 1)  0.050 +-  0.012
  18 L   0.99938 0.00062 0.00000 ( 1)  0.051 +-  0.024
  19 V   0.99972 0.00028 0.00000 ( 1)  0.050 +-  0.016
  20 E   0.99999 0.00001 0.00000 ( 1)  0.050 +-  0.003
  21 R   0.99875 0.00124 0.00000 ( 1)  0.051 +-  0.034
  22 Y   0.99880 0.00120 0.00000 ( 1)  0.051 +-  0.033
  23 K   0.99778 0.00222 0.00001 ( 1)  0.052 +-  0.045
  24 V   0.27196 0.72274 0.00529 ( 2)  0.744 +-  0.426
  25 N   0.98504 0.01492 0.00004 ( 1)  0.064 +-  0.116
  26 K   0.99994 0.00006 0.00000 ( 1)  0.050 +-  0.007
  27 T   0.99996 0.00004 0.00000 ( 1)  0.050 +-  0.006
  28 F   0.99999 0.00001 0.00000 ( 1)  0.050 +-  0.002
  29 L   0.99978 0.00022 0.00000 ( 1)  0.050 +-  0.014
  30 S   0.99998 0.00002 0.00000 ( 1)  0.050 +-  0.004
  31 N   0.99992 0.00008 0.00000 ( 1)  0.050 +-  0.008
  32 I   0.99972 0.00028 0.00000 ( 1)  0.050 +-  0.016
  33 C   0.99893 0.00107 0.00000 ( 1)  0.051 +-  0.031
  34 L   0.99963 0.00037 0.00000 ( 1)  0.050 +-  0.018
  35 I   0.99998 0.00002 0.00000 ( 1)  0.050 +-  0.004
  36 E   0.99977 0.00023 0.00000 ( 1)  0.050 +-  0.014
  37 H   1.00000 0.00000 0.00000 ( 1)  0.050 +-  0.000
  38 E   0.99977 0.00023 0.00000 ( 1)  0.050 +-  0.014
  39 S   0.99999 0.00001 0.00000 ( 1)  0.050 +-  0.003
  40 D   0.99636 0.00364 0.00001 ( 1)  0.053 +-  0.057
  41 R   0.99999 0.00001 0.00000 ( 1)  0.050 +-  0.003
  42 D   0.99999 0.00001 0.00000 ( 1)  0.050 +-  0.003
  43 T   0.99997 0.00003 0.00000 ( 1)  0.050 +-  0.006
  44 K   0.00038 0.97999 0.01963 ( 2)  1.010 +-  0.077
  45 K   0.99880 0.00120 0.00000 ( 1)  0.051 +-  0.033
  46 V   0.00831 0.98397 0.00771 ( 2)  0.996 +-  0.097
  47 T   1.00000 0.00000 0.00000 ( 1)  0.050 +-  0.001
  48 R   0.94085 0.05900 0.00015 ( 1)  0.106 +-  0.225
  49 L   0.99926 0.00074 0.00000 ( 1)  0.051 +-  0.026
  50 G   0.00011 0.98992 0.00997 ( 2)  1.005 +-  0.051
  51 N   0.99991 0.00009 0.00000 ( 1)  0.050 +-  0.009
  52 G   0.99999 0.00001 0.00000 ( 1)  0.050 +-  0.002
  53 V   0.99542 0.00456 0.00002 ( 1)  0.054 +-  0.064
  54 N   0.51677 0.47961 0.00362 ( 1)  0.511 +-  0.478
  55 K   0.99994 0.00006 0.00000 ( 1)  0.050 +-  0.007
  56 F   0.99972 0.00028 0.00000 ( 1)  0.050 +-  0.016
  57 G   0.99998 0.00002 0.00000 ( 1)  0.050 +-  0.004
  58 I   0.98434 0.01564 0.00002 ( 1)  0.065 +-  0.118
  59 F   0.99999 0.00001 0.00000 ( 1)  0.050 +-  0.004
  60 Q   0.99994 0.00006 0.00000 ( 1)  0.050 +-  0.007
  61 I   1.00000 0.00000 0.00000 ( 1)  0.050 +-  0.001
  62 S   0.99999 0.00001 0.00000 ( 1)  0.050 +-  0.003
  63 S   0.99999 0.00001 0.00000 ( 1)  0.050 +-  0.003
  64 K   0.99888 0.00111 0.00000 ( 1)  0.051 +-  0.032
  65 E   0.99979 0.00021 0.00000 ( 1)  0.050 +-  0.014
  66 C   0.99917 0.00083 0.00000 ( 1)  0.051 +-  0.027
  67 N   0.00000 0.97631 0.02369 ( 2)  1.012 +-  0.079
  68 D   0.00032 0.99162 0.00806 ( 2)  1.004 +-  0.048
  69 G   0.99998 0.00002 0.00000 ( 1)  0.050 +-  0.004
  70 S   0.06208 0.92720 0.01072 ( 2)  0.946 +-  0.237
  71 K   0.99896 0.00103 0.00000 ( 1)  0.051 +-  0.031
  72 V   0.00089 0.98922 0.00989 ( 2)  1.004 +-  0.058
  73 T   0.41376 0.58137 0.00487 ( 2)  0.609 +-  0.471
  74 S   0.90498 0.09493 0.00009 ( 1)  0.140 +-  0.279
  75 C   0.99902 0.00097 0.00000 ( 1)  0.051 +-  0.030
  76 D   0.99999 0.00001 0.00000 ( 1)  0.050 +-  0.003
  77 T   0.99994 0.00006 0.00000 ( 1)  0.050 +-  0.007
  78 Q   0.06095 0.93035 0.00870 ( 2)  0.946 +-  0.233
  79 K   0.99879 0.00120 0.00000 ( 1)  0.051 +-  0.033
  80 Y   0.99984 0.00016 0.00000 ( 1)  0.050 +-  0.012
  81 P   1.00000 0.00000 0.00000 ( 1)  0.050 +-  0.000
  82 C   0.99969 0.00031 0.00000 ( 1)  0.050 +-  0.017
  83 C   0.99965 0.00035 0.00000 ( 1)  0.050 +-  0.018
  84 K   0.01073 0.98070 0.00857 ( 2)  0.994 +-  0.109
  85 V   0.00519 0.99122 0.00359 ( 2)  0.997 +-  0.075
  86 K   0.99864 0.00136 0.00000 ( 1)  0.051 +-  0.035
  87 C   0.99961 0.00039 0.00000 ( 1)  0.050 +-  0.019
  88 E   0.99977 0.00023 0.00000 ( 1)  0.050 +-  0.014
  89 F   0.99999 0.00001 0.00000 ( 1)  0.050 +-  0.003
  90 L   0.99984 0.00016 0.00000 ( 1)  0.050 +-  0.012
  91 N   0.99994 0.00006 0.00000 ( 1)  0.050 +-  0.007
  92 D   1.00000 0.00000 0.00000 ( 1)  0.050 +-  0.002
  93 D   0.99999 0.00001 0.00000 ( 1)  0.050 +-  0.003
  94 I   0.99997 0.00003 0.00000 ( 1)  0.050 +-  0.005
  95 S   0.99985 0.00015 0.00000 ( 1)  0.050 +-  0.012
  96 D   0.99999 0.00001 0.00000 ( 1)  0.050 +-  0.003
  97 D   0.99999 0.00001 0.00000 ( 1)  0.050 +-  0.003
  98 V   0.99999 0.00001 0.00000 ( 1)  0.050 +-  0.002
  99 A   0.00000 0.96925 0.03075 ( 2)  1.016 +-  0.092
 100 C   0.99915 0.00084 0.00000 ( 1)  0.051 +-  0.028
 101 A   1.00000 0.00000 0.00000 ( 1)  0.050 +-  0.001
 102 Q   0.61198 0.38587 0.00215 ( 1)  0.420 +-  0.465
 103 R   0.99982 0.00018 0.00000 ( 1)  0.050 +-  0.013
 104 I   1.00000 0.00000 0.00000 ( 1)  0.050 +-  0.001
 105 F   0.99998 0.00002 0.00000 ( 1)  0.050 +-  0.004
 106 D   0.99847 0.00152 0.00000 ( 1)  0.051 +-  0.037
 107 L   0.99045 0.00953 0.00003 ( 1)  0.059 +-  0.093
 108 K   0.99994 0.00006 0.00000 ( 1)  0.050 +-  0.007
 109 G   1.00000 0.00000 0.00000 ( 1)  0.050 +-  0.002
 110 F   0.99998 0.00002 0.00000 ( 1)  0.050 +-  0.005
 111 Q   0.78823 0.21008 0.00168 ( 1)  0.252 +-  0.390
 112 N   0.99997 0.00003 0.00000 ( 1)  0.050 +-  0.006
 113 W   0.99976 0.00024 0.00000 ( 1)  0.050 +-  0.015
 114 N   0.99990 0.00010 0.00000 ( 1)  0.050 +-  0.009
 115 G   0.60737 0.39186 0.00076 ( 1)  0.423 +-  0.465
 116 W   0.99976 0.00024 0.00000 ( 1)  0.050 +-  0.015
 117 S   0.00004 0.98024 0.01972 ( 2)  1.010 +-  0.075
 118 S   0.98297 0.01698 0.00005 ( 1)  0.066 +-  0.123
 119 F   0.99971 0.00029 0.00000 ( 1)  0.050 +-  0.016
 120 C   0.99931 0.00069 0.00000 ( 1)  0.051 +-  0.025
 121 R   1.00000 0.00000 0.00000 ( 1)  0.050 +-  0.001
 122 N   0.99996 0.00004 0.00000 ( 1)  0.050 +-  0.006
 123 P   0.99729 0.00271 0.00000 ( 1)  0.053 +-  0.049
 124 Q   0.99991 0.00009 0.00000 ( 1)  0.050 +-  0.009
 125 N   0.99992 0.00008 0.00000 ( 1)  0.050 +-  0.009
 126 L   0.99962 0.00038 0.00000 ( 1)  0.050 +-  0.019
 127 P   1.00000 0.00000 0.00000 ( 1)  0.050 +-  0.000
 128 N   0.99990 0.00010 0.00000 ( 1)  0.050 +-  0.009
 129 L   0.99980 0.00020 0.00000 ( 1)  0.050 +-  0.014
 130 S   0.99533 0.00466 0.00001 ( 1)  0.054 +-  0.065
 131 V   0.99977 0.00023 0.00000 ( 1)  0.050 +-  0.014
 132 A   0.00183 0.99095 0.00722 ( 2)  1.002 +-  0.059
 133 C   0.99895 0.00105 0.00000 ( 1)  0.051 +-  0.031
 134 N   0.99991 0.00009 0.00000 ( 1)  0.050 +-  0.009
 135 I   0.99999 0.00001 0.00000 ( 1)  0.050 +-  0.004
 136 N   0.98865 0.01132 0.00003 ( 1)  0.061 +-  0.101
 137 T   0.00328 0.98159 0.01513 ( 2)  1.005 +-  0.084
 138 V   1.00000 0.00000 0.00000 ( 1)  0.050 +-  0.002
 139 T   0.98444 0.01552 0.00005 ( 1)  0.065 +-  0.118
 140 P   1.00000 0.00000 0.00000 ( 1)  0.050 +-  0.000
 141 L   0.99973 0.00027 0.00000 ( 1)  0.050 +-  0.016
 142 S   0.99834 0.00166 0.00000 ( 1)  0.052 +-  0.039
 143 R   0.99481 0.00516 0.00002 ( 1)  0.055 +-  0.068
 144 L   0.99966 0.00034 0.00000 ( 1)  0.050 +-  0.017
 145 F   0.00007 0.97149 0.02844 ( 2)  1.015 +-  0.091
 146 A   0.02941 0.96405 0.00654 ( 2)  0.975 +-  0.166
 147 S   0.00000 0.94596 0.05404 ( 2)  1.030 +-  0.140
 148 A   0.00028 0.99060 0.00912 ( 2)  1.004 +-  0.051
 149 -   0.00000 0.86598 0.13402 ( 2)  1.120 +-  0.430
 150 -   0.07367 0.91459 0.01175 ( 2)  0.936 +-  0.256
 151 -   0.00280 0.98028 0.01691 ( 2)  1.006 +-  0.085
 152 Y   0.00180 0.99309 0.00511 ( 2)  1.001 +-  0.054
 153 R   0.99999 0.00001 0.00000 ( 1)  0.050 +-  0.003
 154 Q   0.99358 0.00639 0.00003 ( 1)  0.056 +-  0.076
 155 -   0.60449 0.39031 0.00519 ( 1)  0.428 +-  0.469
 156 -   0.19605 0.79303 0.01092 ( 2)  0.819 +-  0.384

Positively selected sites

	Prob(w>1)  mean w



NSsites Model 7: beta
I	J	ij	2Ns_IJ	pMut_IJ	pSub_IJ	2Ns_JI	pMut_JI	pSub_JI

TTC	TTT	CT	0.76399	0.03862	0.05523	-0.76399	0.08291	0.05523
TTA	TTT	AT	0.08442	0.03734	0.03894	-0.08442	0.04063	0.03894
TTA	TTC	AC	-0.67956	0.04106	0.02868	0.67956	0.02081	0.02868
TTG	TTT	GT	0.75284	0.01316	0.01872	-0.75284	0.02793	0.01872
TTG	TTC	GC	-0.01114	0.01447	0.01439	0.01114	0.01431	0.01439
TTG	TTA	GA	0.66842	0.03328	0.04564	-0.66842	0.06494	0.04564
TCT	TTT	CT	1.41061	0.02023	0.03774	-1.41061	0.08291	0.03774
TCC	TTC	CT	0.04842	0.04046	0.04145	-0.04842	0.04247	0.04145
TCC	TCT	CT	-0.59821	0.04046	0.02956	0.59821	0.02224	0.02956
TCA	TTA	CT	0.72213	0.04322	0.06068	-0.72213	0.08897	0.06068
TCA	TCT	AT	-0.60406	0.01995	0.01452	0.60406	0.01090	0.01452
TCA	TCC	AC	-0.00585	0.02193	0.02187	0.00585	0.02180	0.02187
TCG	TTG	CT	0.63855	0.01655	0.02239	-0.63855	0.03134	0.02239
TCG	TCT	GT	-0.01922	0.00764	0.00757	0.01922	0.00749	0.00757
TCG	TCC	GC	0.57899	0.00840	0.01106	-0.57899	0.01499	0.01106
TCG	TCA	GA	0.58484	0.01933	0.02553	-0.58484	0.03469	0.02553
TAT	TTT	AT	0.37211	0.02801	0.03354	-0.37211	0.04063	0.03354
TAT	TCT	AC	-1.03851	0.03080	0.01753	1.03851	0.01090	0.01753
TAC	TTC	AT	0.15504	0.01782	0.01924	-0.15504	0.02081	0.01924
TAC	TCC	AC	0.10663	0.01960	0.02066	-0.10663	0.02180	0.02066
TAC	TAT	CT	0.54692	0.03862	0.05014	-0.54692	0.06673	0.05014
TGT	TTT	GT	-0.60066	0.05092	0.03715	0.60066	0.02793	0.03715
TGT	TCT	GC	-2.01128	0.05600	0.01740	2.01128	0.00749	0.01740
TGT	TAT	GA	-0.97277	0.12884	0.07618	0.97277	0.04871	0.07618
TGC	TTC	GT	-0.74490	0.03013	0.02029	0.74490	0.01431	0.02029
TGC	TCC	GC	-0.79332	0.03313	0.02171	0.79332	0.01499	0.02171
TGC	TAC	GA	-0.89994	0.07623	0.04701	0.89994	0.03100	0.04701
TGC	TGT	CT	0.61975	0.06528	0.08759	-0.61975	0.12133	0.08759
TGG	TTG	GT	-0.42349	0.01613	0.01295	0.42349	0.01056	0.01295
TGG	TCG	GC	-1.06204	0.01773	0.00995	1.06204	0.00613	0.00995
TGG	TGT	GT	0.93002	0.01613	0.02477	-0.93002	0.04087	0.02477
TGG	TGC	GC	0.31027	0.01773	0.02062	-0.31027	0.02418	0.02062
CTT	TTT	CT	1.20582	0.02483	0.04273	-1.20582	0.08291	0.04273
CTC	TTC	CT	0.88817	0.01747	0.02636	-0.88817	0.04247	0.02636
CTC	CTT	CT	0.44633	0.01747	0.02166	-0.44633	0.02730	0.02166
CTA	TTA	CT	0.81107	0.03954	0.05772	-0.81107	0.08897	0.05772
CTA	CTT	AT	-0.31032	0.01825	0.01556	0.31032	0.01338	0.01556
CTA	CTC	AC	-0.75666	0.02007	0.01342	0.75666	0.00942	0.01342
CTG	TTG	CT	0.06319	0.02942	0.03036	-0.06319	0.03134	0.03036
CTG	CTT	GT	-0.38979	0.01358	0.01110	0.38979	0.00920	0.01110
CTG	CTC	GC	-0.83612	0.01493	0.00955	0.83612	0.00647	0.00955
CTG	CTA	GA	-0.07947	0.03436	0.03301	0.07947	0.03173	0.03301
CCT	TCT	CT	0.98875	0.00828	0.01303	-0.98875	0.02224	0.01303
CCT	CTT	CT	1.19355	0.00828	0.01417	-1.19355	0.02730	0.01417
CCC	TCC	CT	1.10654	0.01471	0.02432	-1.10654	0.04449	0.02432
CCC	CTC	CT	0.26679	0.01471	0.01676	-0.26679	0.01921	0.01676
CCC	CCT	CT	-0.48043	0.01471	0.01146	0.48043	0.00910	0.01146
CCA	TCA	CT	0.44858	0.03034	0.03766	-0.44858	0.04752	0.03766
CCA	CTA	CT	0.35963	0.03034	0.03613	-0.35963	0.04348	0.03613
CCA	CCT	AT	-1.14424	0.01400	0.00749	1.14424	0.00446	0.00749
CCA	CCC	AC	-0.66381	0.01540	0.01085	0.66381	0.00793	0.01085
CCG	TCG	CT	1.37587	0.00460	0.00846	-1.37587	0.01820	0.00846
CCG	CTG	CT	1.95124	0.00460	0.01046	-1.95124	0.03235	0.01046
CCG	CCT	GT	0.36790	0.00212	0.00254	-0.36790	0.00307	0.00254
CCG	CCC	GC	0.84832	0.00233	0.00346	-0.84832	0.00545	0.00346
CCG	CCA	GA	1.51214	0.00537	0.01041	-1.51214	0.02435	0.01041
CAT	TAT	CT	0.98875	0.02483	0.03909	-0.98875	0.06673	0.03909
CAT	CTT	AT	0.15504	0.01146	0.01237	-0.15504	0.01338	0.01237
CAT	CCT	AC	-1.03851	0.01260	0.00717	1.03851	0.00446	0.00717
CAC	TAC	CT	1.34770	0.01103	0.02009	-1.34770	0.04247	0.02009
CAC	CTC	AT	0.61457	0.00509	0.00682	-0.61457	0.00942	0.00682
CAC	CCC	AC	0.34779	0.00560	0.00663	-0.34779	0.00793	0.00663
CAC	CAT	CT	0.90587	0.01103	0.01678	-0.90587	0.02730	0.01678
CAA	CTA	AT	-0.70873	0.04329	0.02974	0.70873	0.02131	0.02974
CAA	CCA	AC	-1.06836	0.04760	0.02661	1.06836	0.01635	0.02661
CAA	CAT	AT	-1.17409	0.04329	0.02274	1.17409	0.01338	0.02274
CAA	CAC	AC	-2.07996	0.04760	0.01413	2.07996	0.00595	0.01413
CAG	CTG	AT	1.13587	0.00509	0.00852	-1.13587	0.01586	0.00852
CAG	CCG	AC	-0.81536	0.00560	0.00362	0.81536	0.00248	0.00362
CAG	CAT	GT	0.59104	0.00509	0.00674	-0.59104	0.00920	0.00674
CAG	CAC	GC	-0.31483	0.00560	0.00476	0.31483	0.00409	0.00476
CAG	CAA	GA	1.76513	0.01288	0.02744	-1.76513	0.07528	0.02744
CGT	TGT	CT	3.27299	0.00460	0.01564	-3.27299	0.12133	0.01564
CGT	CTT	GT	1.46651	0.00212	0.00404	-1.46651	0.00920	0.00404
CGT	CCT	GC	0.27296	0.00233	0.00267	-0.27296	0.00307	0.00267
CGT	CAT	GA	1.31147	0.00537	0.00964	-1.31147	0.01993	0.00964
CGC	TGC	CT	1.52440	0.01563	0.03046	-1.52440	0.07179	0.03046
CGC	CTC	GT	-0.10866	0.00721	0.00683	0.10866	0.00647	0.00683
CGC	CCC	GC	-0.37545	0.00793	0.00654	0.37545	0.00545	0.00654
CGC	CAC	GA	-0.72324	0.01825	0.01244	0.72324	0.00886	0.01244
CGC	CGT	CT	-1.12884	0.01563	0.00843	1.12884	0.00506	0.00843
CGA	CTA	GT	-0.44767	0.02292	0.01817	0.44767	0.01465	0.01817
CGA	CCA	GC	-0.80730	0.02520	0.01638	0.80730	0.01124	0.01638
CGA	CAA	GA	0.26106	0.05798	0.06588	-0.26106	0.07528	0.06588
CGA	CGT	AT	-2.22450	0.02292	0.00618	2.22450	0.00248	0.00618
CGA	CGC	AC	-1.09567	0.02520	0.01387	1.09567	0.00842	0.01387
CGG	TGG	CT	1.94076	0.00552	0.01250	-1.94076	0.03842	0.01250
CGG	CTG	GT	1.45409	0.00255	0.00483	-1.45409	0.01090	0.00483
CGG	CCG	GC	-0.49715	0.00280	0.00216	0.49715	0.00170	0.00216
CGG	CAG	GA	0.31822	0.00644	0.00752	-0.31822	0.00886	0.00752
CGG	CGT	GT	-0.40221	0.00255	0.00207	0.40221	0.00170	0.00207
CGG	CGC	GC	0.72663	0.00280	0.00394	-0.72663	0.00579	0.00394
CGG	CGA	GA	1.82229	0.00644	0.01400	-1.82229	0.03985	0.01400
ATT	TTT	AT	0.06195	0.03819	0.03939	-0.06195	0.04063	0.03939
ATT	CTT	AC	-1.14387	0.04200	0.02246	1.14387	0.01338	0.02246
ATC	TTC	AT	1.32776	0.00552	0.00997	-1.32776	0.02081	0.00997
ATC	CTC	AC	0.43960	0.00607	0.00750	-0.43960	0.00942	0.00750
ATC	ATT	CT	2.02980	0.01195	0.02793	-2.02980	0.09100	0.02793
ATA	TTA	AT	0.31489	0.03183	0.03710	-0.31489	0.04361	0.03710
ATA	CTA	AC	-0.49618	0.03500	0.02703	0.49618	0.02131	0.02703
ATA	ATT	AT	0.33736	0.03183	0.03750	-0.33736	0.04460	0.03750
ATA	ATC	AC	-1.69243	0.03500	0.01336	1.69243	0.00644	0.01336
ATG	TTG	AT	0.09252	0.01400	0.01466	-0.09252	0.01536	0.01466
ATG	CTG	AC	0.02933	0.01540	0.01563	-0.02933	0.01586	0.01563
ATG	ATT	GT	0.78341	0.01400	0.02020	-0.78341	0.03065	0.02020
ATG	ATC	GC	-1.24638	0.01540	0.00775	1.24638	0.00443	0.00775
ATG	ATA	GA	0.44605	0.03543	0.04392	-0.44605	0.05535	0.04392
ACT	TCT	AT	-0.33743	0.01528	0.01284	0.33743	0.01090	0.01284
ACT	CCT	AC	-1.32619	0.01680	0.00805	1.32619	0.00446	0.00805
ACT	ATT	CT	1.01123	0.03310	0.05261	-1.01123	0.09100	0.05261
ACC	TCC	AT	0.47350	0.01358	0.01705	-0.47350	0.02180	0.01705
ACC	CCC	AC	-0.63304	0.01493	0.01070	0.63304	0.00793	0.01070
ACC	ATC	CT	-0.80585	0.02942	0.01914	0.80585	0.01314	0.01914
ACC	ACT	CT	0.21272	0.02942	0.03266	-0.21272	0.03640	0.03266
ACA	TCA	AT	-0.60993	0.04286	0.03111	0.60993	0.02329	0.03111
ACA	CCA	AC	-1.05851	0.04713	0.02651	1.05851	0.01635	0.02651
ACA	ATA	CT	-0.20270	0.09287	0.08378	0.20270	0.07583	0.08378
ACA	ACT	AT	-0.87656	0.04286	0.02679	0.87656	0.01784	0.02679
ACA	ACC	AC	-1.08928	0.04713	0.02603	1.08928	0.01586	0.02603
ACG	TCG	AT	-0.25042	0.01146	0.01008	0.25042	0.00892	0.01008
ACG	CCG	AC	-1.62629	0.01260	0.00502	1.62629	0.00248	0.00502
ACG	ATG	CT	0.29561	0.02483	0.02868	-0.29561	0.03337	0.02868
ACG	ACT	GT	0.06779	0.01146	0.01185	-0.06779	0.01226	0.01185
ACG	ACC	GC	-0.14493	0.01260	0.01171	0.14493	0.01090	0.01171
ACG	ACA	GA	0.94435	0.02899	0.04480	-0.94435	0.07454	0.04480
AAT	TAT	AT	-0.87024	0.07808	0.04897	0.87024	0.03271	0.04897
AAT	CAT	AC	-1.85899	0.08586	0.02946	1.85899	0.01338	0.02946
AAT	ATT	AT	-0.56008	0.07808	0.05825	0.56008	0.04460	0.05825
AAT	ACT	AC	-1.57131	0.08586	0.03538	1.57131	0.01784	0.03538
AAC	TAC	AT	-0.50174	0.03437	0.02647	0.50174	0.02081	0.02647
AAC	CAC	AC	-1.84944	0.03780	0.01305	1.84944	0.00595	0.01305
AAC	ATC	AT	-1.67446	0.03437	0.01327	1.67446	0.00644	0.01327
AAC	ACC	AC	-0.86861	0.03780	0.02373	0.86861	0.01586	0.02373
AAC	AAT	CT	0.91542	0.07448	0.11370	-0.91542	0.18604	0.11370
AAA	CAA	AC	-0.61823	0.09379	0.06777	0.61823	0.05054	0.06777
AAA	ATA	AT	-0.83077	0.08530	0.05472	0.83077	0.03717	0.05472
AAA	ACA	AC	-0.62808	0.09379	0.06740	0.62808	0.05005	0.06740
AAA	AAT	AT	0.06667	0.08530	0.08817	-0.06667	0.09118	0.08817
AAA	AAC	AC	-0.84875	0.09379	0.05955	0.84875	0.04014	0.05955
AAG	CAG	AC	-1.21619	0.02007	0.01028	1.21619	0.00595	0.01028
AAG	ATG	AT	-0.10965	0.01825	0.01727	0.10965	0.01635	0.01727
AAG	ACG	AC	-0.40526	0.02007	0.01627	0.40526	0.01338	0.01627
AAG	AAT	GT	1.23385	0.01825	0.03176	-1.23385	0.06267	0.03176
AAG	AAC	GC	0.31842	0.02007	0.02343	-0.31842	0.02759	0.02343
AAG	AAA	GA	1.16717	0.04617	0.07824	-1.16717	0.14834	0.07824
AGT	TGT	AT	0.43167	0.03862	0.04755	-0.43167	0.05946	0.04755
AGT	CGT	AC	-2.84132	0.04246	0.00748	2.84132	0.00248	0.00748
AGT	ATT	GT	-0.23094	0.03862	0.03433	0.23094	0.03065	0.03433
AGT	ACT	GC	-1.24217	0.04246	0.02141	1.24217	0.01226	0.02141
AGT	AAT	GA	0.32914	0.09771	0.11467	-0.32914	0.13579	0.11467
AGC	TGC	AT	0.32338	0.02546	0.02980	-0.32338	0.03518	0.02980
AGC	CGC	AC	-1.20103	0.02800	0.01447	1.20103	0.00842	0.01447
AGC	ATC	GT	-1.74928	0.02546	0.00938	1.74928	0.00443	0.00938
AGC	ACC	GC	-0.94343	0.02800	0.01684	0.94343	0.01090	0.01684
AGC	AAC	GA	-0.07483	0.06442	0.06204	0.07483	0.05978	0.06204
AGC	AGT	CT	0.51145	0.05517	0.07048	-0.51145	0.09201	0.07048
AGA	CGA	AC	-0.19941	0.03266	0.02952	0.19941	0.02676	0.02952
AGA	ATA	GT	-0.15090	0.02971	0.02752	0.15090	0.02554	0.02752
AGA	ACA	GC	0.05180	0.03266	0.03352	-0.05180	0.03440	0.03352
AGA	AAA	GA	0.67988	0.07516	0.10358	-0.67988	0.14834	0.10358
AGA	AGT	AT	0.41741	0.02971	0.03634	-0.41741	0.04509	0.03634
AGA	AGC	AC	-0.09405	0.03266	0.03115	0.09405	0.02973	0.03115
AGG	TGG	AT	0.79690	0.00849	0.01231	-0.79690	0.01883	0.01231
AGG	CGG	AC	-1.14387	0.00933	0.00499	1.14387	0.00297	0.00499
AGG	ATG	GT	0.28089	0.00849	0.00974	-0.28089	0.01124	0.00974
AGG	ACG	GC	-0.01472	0.00933	0.00926	0.01472	0.00920	0.00926
AGG	AAG	GA	0.39054	0.02147	0.02594	-0.39054	0.03173	0.02594
AGG	AGT	GT	1.29524	0.00849	0.01514	-1.29524	0.03099	0.01514
AGG	AGC	GC	0.78379	0.00933	0.01346	-0.78379	0.02044	0.01346
AGG	AGA	GA	0.87783	0.02147	0.03226	-0.87783	0.05166	0.03226
GTT	TTT	GT	0.27481	0.02122	0.02427	-0.27481	0.02793	0.02427
GTT	CTT	GC	-0.93101	0.02333	0.01413	0.93101	0.00920	0.01413
GTT	ATT	GA	0.21286	0.05369	0.05960	-0.21286	0.06642	0.05960
GTC	TTC	GT	0.87872	0.00594	0.00893	-0.87872	0.01431	0.00893
GTC	CTC	GC	-0.00944	0.00653	0.00650	0.00944	0.00647	0.00650
GTC	ATC	GA	-0.44904	0.01503	0.01191	0.44904	0.00959	0.01191
GTC	GTT	CT	1.36790	0.01287	0.02362	-1.36790	0.05055	0.02362
GTA	TTA	GT	0.89015	0.01231	0.01859	-0.89015	0.02997	0.01859
GTA	CTA	GC	0.07908	0.01353	0.01407	-0.07908	0.01465	0.01407
GTA	ATA	GA	0.57526	0.03114	0.04095	-0.57526	0.05535	0.04095
GTA	GTT	AT	0.69977	0.01231	0.01711	-0.69977	0.02478	0.01711
GTA	GTC	AC	-0.66813	0.01353	0.00951	0.66813	0.00694	0.00951
GTG	TTG	GT	-0.44946	0.01655	0.01311	0.44946	0.01056	0.01311
GTG	CTG	GC	-0.51265	0.01820	0.01393	0.51265	0.01090	0.01393
GTG	ATG	GA	-0.54199	0.04187	0.03155	0.54199	0.02435	0.03155
GTG	GTT	GT	0.02857	0.01655	0.01679	-0.02857	0.01703	0.01679
GTG	GTC	GC	-1.33933	0.01820	0.00865	1.33933	0.00477	0.00865
GTG	GTA	GA	-0.67120	0.04187	0.02938	0.67120	0.02140	0.02938
GCT	TCT	GT	-0.76643	0.01613	0.01073	0.76643	0.00749	0.01073
GCT	CCT	GC	-1.75519	0.01773	0.00650	1.75519	0.00307	0.00650
GCT	ACT	GA	-0.42900	0.04080	0.03267	0.42900	0.02657	0.03267
GCT	GTT	CT	0.36937	0.03494	0.04179	-0.36937	0.05055	0.04179
GCC	TCC	GT	1.36708	0.00382	0.00701	-1.36708	0.01499	0.00701
GCC	CCC	GC	0.26054	0.00420	0.00477	-0.26054	0.00545	0.00477
GCC	ACC	GA	0.89358	0.00966	0.01462	-0.89358	0.02362	0.01462
GCC	GTC	CT	0.53677	0.00828	0.01069	-0.53677	0.01416	0.01069
GCC	GCT	CT	1.53530	0.00828	0.01619	-1.53530	0.03842	0.01619
GCA	TCA	GT	0.63453	0.00849	0.01146	-0.63453	0.01601	0.01146
GCA	CCA	GC	0.18595	0.00933	0.01023	-0.18595	0.01124	0.01023
GCA	ACA	GA	1.24446	0.02147	0.03754	-1.24446	0.07454	0.03754
GCA	GTA	CT	0.46650	0.01839	0.02301	-0.46650	0.02932	0.02301
GCA	GCT	AT	0.79690	0.00849	0.01231	-0.79690	0.01883	0.01231
GCA	GCC	AC	-0.73840	0.00933	0.00631	0.73840	0.00446	0.00631
GCG	TCG	GT	0.47326	0.00382	0.00479	-0.47326	0.00613	0.00479
GCG	CCG	GC	-0.90261	0.00420	0.00259	0.90261	0.00170	0.00259
GCG	ACG	GA	0.72368	0.00966	0.01358	-0.72368	0.01993	0.01358
GCG	GTG	CT	1.56127	0.00828	0.01635	-1.56127	0.03943	0.01635
GCG	GCT	GT	1.22047	0.00382	0.00661	-1.22047	0.01294	0.00661
GCG	GCC	GC	-0.31483	0.00420	0.00357	0.31483	0.00307	0.00357
GCG	GCA	GA	0.42358	0.00966	0.01185	-0.42358	0.01476	0.01185
GAT	TAT	GT	-0.62535	0.04201	0.03024	0.62535	0.02248	0.03024
GAT	CAT	GC	-1.61411	0.04620	0.01853	1.61411	0.00920	0.01853
GAT	AAT	GA	0.24488	0.10630	0.11984	-0.24488	0.13579	0.11984
GAT	GTT	AT	-0.52805	0.04201	0.03189	0.52805	0.02478	0.03189
GAT	GCT	AC	-0.89743	0.04620	0.02853	0.89743	0.01883	0.02853
GAC	TAC	GT	-0.19579	0.01740	0.01575	0.19579	0.01431	0.01575
GAC	CAC	GC	-1.54349	0.01913	0.00802	1.54349	0.00409	0.00802
GAC	AAC	GA	0.30595	0.04402	0.05110	-0.30595	0.05978	0.05110
GAC	GTC	AT	-0.91947	0.01740	0.01061	0.91947	0.00694	0.01061
GAC	GCC	AC	-1.45624	0.01913	0.00847	1.45624	0.00446	0.00847
GAC	GAT	CT	0.97648	0.03770	0.05906	-0.97648	0.10010	0.05906
GAA	CAA	GC	-0.76503	0.07466	0.04971	0.76503	0.03474	0.04971
GAA	AAA	GA	-0.14680	0.17179	0.15949	0.14680	0.14834	0.15949
GAA	GTA	AT	-1.55284	0.06790	0.02831	1.55284	0.01437	0.02831
GAA	GCA	AC	-2.01934	0.07466	0.02308	2.01934	0.00991	0.02308
GAA	GAT	AT	-0.32501	0.06790	0.05746	0.32501	0.04906	0.05746
GAA	GAC	AC	-1.30150	0.07466	0.03633	1.30150	0.02032	0.03633
GAG	CAG	GC	-1.08802	0.01213	0.00671	1.08802	0.00409	0.00671
GAG	AAG	GA	0.12817	0.02792	0.02974	-0.12817	0.03173	0.02974
GAG	GTG	AT	0.56051	0.01103	0.01441	-0.56051	0.01933	0.01441
GAG	GCG	AC	-1.00077	0.01213	0.00706	1.00077	0.00446	0.00706
GAG	GAT	GT	1.11713	0.01103	0.01832	-1.11713	0.03372	0.01832
GAG	GAC	GC	0.14065	0.01213	0.01301	-0.14065	0.01396	0.01301
GAG	GAA	GA	1.44215	0.02792	0.05272	-1.44215	0.11808	0.05272
GGT	TGT	GT	0.73896	0.01952	0.02761	-0.73896	0.04087	0.02761
GGT	CGT	GC	-2.53403	0.02146	0.00469	2.53403	0.00170	0.00469
GGT	AGT	GA	0.30729	0.04939	0.05737	-0.30729	0.06716	0.05737
GGT	GTT	GT	-0.13651	0.01952	0.01822	0.13651	0.01703	0.01822
GGT	GCT	GC	-0.50588	0.02146	0.01649	0.50588	0.01294	0.01649
GGT	GAT	GA	0.39155	0.04939	0.05969	-0.39155	0.07306	0.05969
GGC	TGC	GT	0.40520	0.01613	0.01961	-0.40520	0.02418	0.01961
GGC	CGC	GC	-1.11920	0.01773	0.00962	1.11920	0.00579	0.00962
GGC	AGC	GA	0.08183	0.04080	0.04249	-0.08183	0.04428	0.04249
GGC	GTC	GT	-1.21842	0.01613	0.00825	1.21842	0.00477	0.00825
GGC	GCC	GC	-1.75519	0.01773	0.00650	1.75519	0.00307	0.00650
GGC	GAC	GA	-0.29895	0.04080	0.03501	0.29895	0.03026	0.03501
GGC	GGT	CT	0.28599	0.03494	0.04018	-0.28599	0.04651	0.04018
GGA	CGA	GC	0.58312	0.01027	0.01355	-0.58312	0.01839	0.01355
GGA	AGA	GA	0.78252	0.02362	0.03406	-0.78252	0.05166	0.03406
GGA	GTA	GT	0.05636	0.00934	0.00960	-0.05636	0.00988	0.00960
GGA	GCA	GC	-0.41014	0.01027	0.00830	0.41014	0.00681	0.00830
GGA	GAA	GA	1.60920	0.02362	0.04752	-1.60920	0.11808	0.04752
GGA	GGT	AT	0.89264	0.00934	0.01411	-0.89264	0.02279	0.01411
GGA	GGC	AC	0.60665	0.01027	0.01369	-0.60665	0.01883	0.01369
GGG	TGG	GT	1.22047	0.00382	0.00661	-1.22047	0.01294	0.00661
GGG	CGG	GC	-0.72029	0.00420	0.00287	0.72029	0.00204	0.00287
GGG	AGG	GA	0.42358	0.00966	0.01185	-0.42358	0.01476	0.01185
GGG	GTG	GT	1.24645	0.00382	0.00668	-1.24645	0.01328	0.00668
GGG	GCG	GC	-0.31483	0.00420	0.00357	0.31483	0.00307	0.00357
GGG	GAG	GA	0.68594	0.00966	0.01335	-0.68594	0.01919	0.01335
GGG	GGT	GT	1.41153	0.00382	0.00713	-1.41153	0.01567	0.00713
GGG	GGC	GC	1.12554	0.00420	0.00700	-1.12554	0.01294	0.00700
GGG	GGA	GA	0.51889	0.00966	0.01239	-0.51889	0.01624	0.01239


Histograms
2Ns	FMut	FSub(CodonUsage)	FSubw(after w)

-3.11713	0.00818	0.00119
-2.80542	0.00286	0.00057
-2.49371	0.00145	0.00036
-2.18199	0.01089	0.00368
-1.87028	0.03378	0.01295
-1.55857	0.05723	0.02729
-1.24685	0.07676	0.04433
-0.93514	0.13657	0.09457
-0.62343	0.14188	0.11524
-0.31171	0.13558	0.12974
0.00000	0.12407	0.14016
0.31171	0.09801	0.12974
0.62343	0.07570	0.11524
0.93514	0.05490	0.09457
1.24685	0.02265	0.04433
1.55857	0.01234	0.02729
1.87028	0.00517	0.01295
2.18199	0.00137	0.00368
2.49371	0.00011	0.00036
2.80542	0.00017	0.00057
3.11713	0.00031	0.00119

Proportion of advantageous (S > 0) mutations:
 0.32997

Proportions of good & bad mutations (|S| > 2.0000) among mutations:
0.00314  0.03218

mean |Ns| = 0.76620	mean Ns+ = 0.59025	mean Ns- = -0.85285


MLEs of dN/dS (w) for site classes (K=10)

p:   0.10000  0.10000  0.10000  0.10000  0.10000  0.10000  0.10000  0.10000  0.10000  0.10000
w:   0.00001  0.00040  0.00251  0.00841  0.02092  0.04384  0.08284  0.14749  0.25836  0.48786

Naive Empirical Bayes (NEB) probabilities for 10 classes & postmean_w
(amino acids refer to 1st sequence: Musca_domestica_lysc1)

   1 T   0.00000 0.00000 0.00000 0.00000 0.00000 0.00000 0.00034 0.01193 0.17689 0.81083 (10)  0.443
   2 S   0.00000 0.00000 0.00000 0.00000 0.00002 0.00076 0.01176 0.09699 0.39882 0.49163 (10)  0.358
   3 P   0.00000 0.00000 0.00000 0.00002 0.00052 0.00718 0.05227 0.21069 0.43472 0.29461 ( 9)  0.292
   4 A   0.00009 0.00454 0.02732 0.08321 0.16936 0.24632 0.25103 0.16259 0.05214 0.00340 ( 7)  0.075
   5 Y   0.00000 0.00000 0.00001 0.00026 0.00341 0.02377 0.10029 0.26317 0.39387 0.21522 ( 9)  0.255
   6 G   0.00000 0.00000 0.00002 0.00062 0.00779 0.04938 0.17726 0.35575 0.33661 0.07256 ( 8)  0.192
   7 K   0.18154 0.18045 0.17477 0.15981 0.13230 0.09374 0.05250 0.02043 0.00426 0.00021 ( 1)  0.017
   8 K   0.18280 0.18168 0.17580 0.16038 0.13210 0.09273 0.05111 0.01937 0.00386 0.00017 ( 1)  0.017
   9 Y   0.18827 0.18697 0.18024 0.16268 0.13098 0.08814 0.04515 0.01510 0.00240 0.00006 ( 1)  0.015
  10 L   0.00012 0.00583 0.03479 0.10376 0.20191 0.27012 0.23799 0.12015 0.02472 0.00062 ( 6)  0.061
  11 R   0.18333 0.18219 0.17624 0.16062 0.13203 0.09233 0.05054 0.01890 0.00367 0.00015 ( 1)  0.017
  12 C   0.16899 0.16823 0.16422 0.15351 0.13312 0.10264 0.06622 0.03237 0.00979 0.00093 ( 1)  0.022
  13 E   0.17059 0.16979 0.16559 0.15438 0.13314 0.10164 0.06449 0.03070 0.00890 0.00078 ( 1)  0.022
  14 L   0.16057 0.15997 0.15685 0.14844 0.13213 0.10687 0.07481 0.04189 0.01600 0.00247 ( 1)  0.027
  15 S   0.17923 0.17821 0.17288 0.15881 0.13273 0.09566 0.05504 0.02229 0.00491 0.00025 ( 1)  0.018
  16 R   0.00011 0.00544 0.03254 0.09751 0.19180 0.26236 0.24169 0.13361 0.03350 0.00144 ( 6)  0.066
  17 E   0.17350 0.17262 0.16805 0.15590 0.13305 0.09968 0.06132 0.02782 0.00748 0.00058 ( 1)  0.020
  18 L   0.16865 0.16788 0.16387 0.15316 0.13280 0.10249 0.06643 0.03301 0.01051 0.00120 ( 1)  0.023
  19 V   0.17070 0.16990 0.16568 0.15444 0.13314 0.10157 0.06438 0.03060 0.00883 0.00076 ( 1)  0.022
  20 E   0.18999 0.18863 0.18160 0.16330 0.13045 0.08657 0.04334 0.01398 0.00210 0.00005 ( 1)  0.015
  21 R   0.00008 0.00381 0.02301 0.07100 0.14850 0.22709 0.25210 0.18836 0.07745 0.00859 ( 7)  0.087
  22 Y   0.00000 0.00003 0.00124 0.01247 0.06114 0.17602 0.30753 0.30228 0.12982 0.00946 ( 7)  0.117
  23 K   0.00007 0.00364 0.02202 0.06813 0.14333 0.22160 0.25089 0.19412 0.08523 0.01097 ( 7)  0.090
  24 V   0.00000 0.00000 0.00000 0.00014 0.00207 0.01621 0.07943 0.24449 0.41912 0.23853 ( 9)  0.268
  25 N   0.00000 0.00002 0.00080 0.00816 0.04182 0.13043 0.26115 0.32175 0.20335 0.03252 ( 8)  0.144
  26 K   0.17828 0.17728 0.17208 0.15832 0.13276 0.09630 0.05607 0.02323 0.00536 0.00031 ( 1)  0.018
  27 T   0.17739 0.17642 0.17134 0.15791 0.13289 0.09701 0.05707 0.02399 0.00564 0.00033 ( 1)  0.019
  28 F   0.18843 0.18713 0.18036 0.16271 0.13087 0.08795 0.04500 0.01506 0.00242 0.00007 ( 1)  0.015
  29 L   0.16982 0.16903 0.16492 0.15395 0.13311 0.10209 0.06531 0.03153 0.00937 0.00088 ( 1)  0.022
  30 S   0.17967 0.17864 0.17325 0.15903 0.13268 0.09532 0.05455 0.02189 0.00474 0.00023 ( 1)  0.018
  31 N   0.17754 0.17657 0.17146 0.15795 0.13281 0.09682 0.05689 0.02394 0.00569 0.00035 ( 1)  0.019
  32 I   0.00009 0.00478 0.02870 0.08699 0.17524 0.25037 0.24822 0.15479 0.04766 0.00316 ( 6)  0.073
  33 C   0.16262 0.16198 0.15867 0.14976 0.13254 0.10607 0.07286 0.03947 0.01416 0.00188 ( 1)  0.026
  34 L   0.16704 0.16631 0.16251 0.15235 0.13292 0.10366 0.06824 0.03456 0.01116 0.00124 ( 1)  0.023
  35 I   0.18500 0.18381 0.17758 0.16129 0.13163 0.09088 0.04873 0.01768 0.00329 0.00013 ( 1)  0.016
  36 E   0.17059 0.16979 0.16559 0.15438 0.13314 0.10164 0.06449 0.03070 0.00890 0.00078 ( 1)  0.022
  37 H   0.21020 0.20801 0.19677 0.16844 0.12125 0.06647 0.02405 0.00454 0.00027 0.00000 ( 1)  0.010
  38 E   0.17059 0.16979 0.16559 0.15438 0.13314 0.10164 0.06449 0.03070 0.00890 0.00078 ( 1)  0.022
  39 S   0.18758 0.18631 0.17968 0.16238 0.13110 0.08871 0.04591 0.01566 0.00260 0.00008 ( 1)  0.015
  40 D   0.00000 0.00003 0.00110 0.01108 0.05502 0.16210 0.29479 0.31033 0.15091 0.01464 ( 8)  0.125
  41 R   0.19023 0.18886 0.18176 0.16329 0.13023 0.08624 0.04314 0.01401 0.00219 0.00006 ( 1)  0.015
  42 D   0.18982 0.18848 0.18147 0.16323 0.13048 0.08670 0.04351 0.01410 0.00215 0.00005 ( 1)  0.015
  43 T   0.17907 0.17805 0.17274 0.15871 0.13270 0.09573 0.05521 0.02250 0.00503 0.00027 ( 1)  0.018
  44 K   0.00000 0.00000 0.00000 0.00000 0.00000 0.00016 0.00399 0.04926 0.29584 0.65075 (10)  0.402
  45 K   0.00008 0.00396 0.02391 0.07353 0.15272 0.23074 0.25137 0.18289 0.07283 0.00797 ( 7)  0.084
  46 V   0.00000 0.00000 0.00000 0.00000 0.00005 0.00135 0.01847 0.12946 0.43385 0.41682 ( 9)  0.336
  47 T   0.19082 0.18944 0.18226 0.16361 0.13021 0.08581 0.04244 0.01341 0.00194 0.00004 ( 1)  0.014
  48 R   0.00000 0.00001 0.00022 0.00253 0.01615 0.06798 0.19241 0.34057 0.30904 0.07109 ( 8)  0.184
  49 L   0.16637 0.16566 0.16189 0.15183 0.13261 0.10371 0.06876 0.03548 0.01208 0.00160 ( 1)  0.024
  50 G   0.00000 0.00000 0.00000 0.00000 0.00000 0.00003 0.00159 0.03158 0.27340 0.69340 (10)  0.414
  51 N   0.17635 0.17541 0.17046 0.15737 0.13292 0.09770 0.05820 0.02504 0.00616 0.00040 ( 1)  0.019
  52 G   0.19136 0.18996 0.18270 0.16382 0.13008 0.08534 0.04186 0.01302 0.00183 0.00004 ( 1)  0.014
  53 V   0.00006 0.00317 0.01923 0.06005 0.12883 0.20638 0.24780 0.21034 0.10669 0.01745 ( 7)  0.100
  54 N   0.00000 0.00000 0.00001 0.00029 0.00384 0.02636 0.10862 0.27504 0.39026 0.19559 ( 9)  0.247
  55 K   0.17913 0.17811 0.17277 0.15871 0.13264 0.09564 0.05515 0.02250 0.00508 0.00028 ( 1)  0.018
  56 F   0.00009 0.00462 0.02774 0.08439 0.17127 0.24783 0.25046 0.16010 0.05032 0.00318 ( 7)  0.074
  57 G   0.18690 0.18566 0.17915 0.16215 0.13133 0.08935 0.04662 0.01607 0.00269 0.00008 ( 1)  0.016
  58 I   0.00000 0.00000 0.00003 0.00088 0.01076 0.06489 0.21439 0.37723 0.28928 0.04255 ( 8)  0.172
  59 F   0.18595 0.18473 0.17837 0.16173 0.13149 0.09012 0.04767 0.01686 0.00298 0.00010 ( 1)  0.016
  60 Q   0.17773 0.17675 0.17163 0.15810 0.13291 0.09680 0.05670 0.02363 0.00545 0.00030 ( 1)  0.019
  61 I   0.19519 0.19365 0.18564 0.16499 0.12859 0.08162 0.03798 0.01093 0.00138 0.00003 ( 1)  0.013
  62 S   0.18759 0.18632 0.17969 0.16239 0.13111 0.08871 0.04590 0.01563 0.00258 0.00008 ( 1)  0.015
  63 S   0.18758 0.18630 0.17968 0.16239 0.13112 0.08873 0.04591 0.01563 0.00258 0.00008 ( 1)  0.015
  64 K   0.00008 0.00395 0.02383 0.07331 0.15243 0.23066 0.25178 0.18341 0.07279 0.00775 ( 7)  0.084
  65 E   0.17138 0.17055 0.16625 0.15480 0.13314 0.10113 0.06364 0.02990 0.00849 0.00072 ( 1)  0.021
  66 C   0.16475 0.16407 0.16053 0.15103 0.13276 0.10495 0.07065 0.03707 0.01266 0.00155 ( 1)  0.024
  67 N   0.00000 0.00000 0.00000 0.00000 0.00000 0.00000 0.00018 0.00709 0.13094 0.86180 (10)  0.455
  68 D   0.00000 0.00000 0.00000 0.00000 0.00000 0.00006 0.00268 0.04685 0.33351 0.61690 (10)  0.394
  69 G   0.18607 0.18485 0.17848 0.16182 0.13153 0.09008 0.04753 0.01667 0.00287 0.00009 ( 1)  0.016
  70 S   0.00000 0.00000 0.00000 0.00001 0.00038 0.00546 0.04155 0.18017 0.41957 0.35285 ( 9)  0.311
  71 K   0.00008 0.00397 0.02398 0.07376 0.15322 0.23146 0.25188 0.18249 0.07169 0.00746 ( 7)  0.084
  72 V   0.00000 0.00000 0.00000 0.00000 0.00000 0.00018 0.00459 0.05617 0.32605 0.61301 (10)  0.392
  73 T   0.00000 0.00000 0.00001 0.00024 0.00322 0.02267 0.09702 0.25961 0.39739 0.21984 ( 9)  0.257
  74 S   0.00000 0.00000 0.00000 0.00006 0.00180 0.02214 0.13069 0.36922 0.40565 0.07044 ( 9)  0.205
  75 C   0.16367 0.16302 0.15959 0.15038 0.13264 0.10550 0.07176 0.03828 0.01343 0.00172 ( 1)  0.025
  76 D   0.18903 0.18771 0.18084 0.16293 0.13071 0.08742 0.04436 0.01464 0.00230 0.00006 ( 1)  0.015
  77 T   0.17547 0.17455 0.16973 0.15696 0.13304 0.09839 0.05918 0.02580 0.00645 0.00042 ( 1)  0.019
  78 Q   0.00000 0.00000 0.00000 0.00001 0.00028 0.00410 0.03289 0.15457 0.40520 0.40296 ( 9)  0.327
  79 K   0.00008 0.00385 0.02327 0.07171 0.14968 0.22809 0.25185 0.18679 0.07619 0.00848 ( 7)  0.086
  80 Y   0.00010 0.00493 0.02957 0.08947 0.17950 0.25433 0.24798 0.14941 0.04250 0.00222 ( 6)  0.070
  81 P   0.19791 0.19627 0.18776 0.16588 0.12763 0.07905 0.03518 0.00932 0.00100 0.00001 ( 1)  0.013
  82 C   0.17051 0.16971 0.16551 0.15433 0.13313 0.10167 0.06457 0.03080 0.00897 0.00080 ( 1)  0.022
  83 C   0.16963 0.16885 0.16476 0.15386 0.13313 0.10224 0.06553 0.03171 0.00943 0.00087 ( 1)  0.022
  84 K   0.00000 0.00000 0.00000 0.00000 0.00004 0.00121 0.01661 0.11767 0.41028 0.45419 (10)  0.346
  85 V   0.00000 0.00000 0.00000 0.00000 0.00001 0.00048 0.01100 0.11187 0.46324 0.41340 ( 9)  0.339
  86 K   0.00008 0.00380 0.02295 0.07080 0.14808 0.22650 0.25170 0.18867 0.07838 0.00906 ( 7)  0.087
  87 C   0.16879 0.16803 0.16404 0.15339 0.13311 0.10275 0.06643 0.03259 0.00991 0.00095 ( 1)  0.022
  88 E   0.17059 0.16979 0.16559 0.15438 0.13314 0.10164 0.06449 0.03070 0.00890 0.00078 ( 1)  0.022
  89 F   0.18643 0.18519 0.17875 0.16192 0.13137 0.08970 0.04716 0.01651 0.00287 0.00010 ( 1)  0.016
  90 L   0.17333 0.17246 0.16789 0.15576 0.13296 0.09968 0.06147 0.02808 0.00772 0.00065 ( 1)  0.021
  91 N   0.17917 0.17815 0.17281 0.15872 0.13262 0.09558 0.05510 0.02249 0.00508 0.00029 ( 1)  0.018
  92 D   0.19441 0.19290 0.18506 0.16479 0.12896 0.08242 0.03873 0.01127 0.00143 0.00003 ( 1)  0.013
  93 D   0.19036 0.18899 0.18189 0.16341 0.13031 0.08621 0.04295 0.01377 0.00206 0.00005 ( 1)  0.015
  94 I   0.18306 0.18193 0.17602 0.16049 0.13205 0.09253 0.05083 0.01915 0.00377 0.00016 ( 1)  0.017
  95 S   0.00009 0.00475 0.02853 0.08655 0.17463 0.25013 0.24882 0.15565 0.04779 0.00305 ( 6)  0.073
  96 D   0.18892 0.18760 0.18075 0.16290 0.13076 0.08753 0.04447 0.01469 0.00231 0.00006 ( 1)  0.015
  97 D   0.18996 0.18861 0.18158 0.16329 0.13045 0.08658 0.04336 0.01400 0.00211 0.00005 ( 1)  0.015
  98 V   0.18996 0.18861 0.18158 0.16331 0.13049 0.08662 0.04335 0.01395 0.00208 0.00005 ( 1)  0.015
  99 A   0.00000 0.00000 0.00000 0.00000 0.00000 0.00000 0.00004 0.00275 0.08116 0.91604 (10)  0.468
 100 C   0.16477 0.16410 0.16055 0.15104 0.13275 0.10492 0.07061 0.03704 0.01266 0.00156 ( 1)  0.024
 101 A   0.19267 0.19123 0.18371 0.16424 0.12959 0.08408 0.04051 0.01227 0.00166 0.00003 ( 1)  0.014
 102 Q   0.00000 0.00000 0.00001 0.00032 0.00419 0.02866 0.11680 0.28901 0.38996 0.17104 ( 9)  0.238
 103 R   0.00010 0.00496 0.02975 0.08994 0.18021 0.25475 0.24755 0.14849 0.04206 0.00220 ( 6)  0.070
 104 I   0.19440 0.19289 0.18505 0.16478 0.12894 0.08241 0.03875 0.01130 0.00145 0.00003 ( 1)  0.014
 105 F   0.18504 0.18385 0.17763 0.16136 0.13170 0.09090 0.04866 0.01754 0.00320 0.00012 ( 1)  0.016
 106 D   0.00008 0.00390 0.02357 0.07256 0.15112 0.22936 0.25167 0.18497 0.07457 0.00820 ( 7)  0.085
 107 L   0.00000 0.00002 0.00090 0.00913 0.04607 0.13998 0.26941 0.31520 0.18906 0.03023 ( 8)  0.140
 108 K   0.17834 0.17734 0.17212 0.15835 0.13275 0.09625 0.05601 0.02318 0.00535 0.00031 ( 1)  0.018
 109 G   0.19281 0.19136 0.18383 0.16432 0.12960 0.08398 0.04034 0.01212 0.00161 0.00003 ( 1)  0.014
 110 F   0.18384 0.18268 0.17666 0.16086 0.13196 0.09193 0.04997 0.01846 0.00350 0.00014 ( 1)  0.016
 111 Q   0.00000 0.00001 0.00037 0.00388 0.02113 0.07364 0.17760 0.29545 0.30518 0.12274 ( 9)  0.201
 112 N   0.18164 0.18054 0.17484 0.15985 0.13227 0.09366 0.05240 0.02036 0.00424 0.00020 ( 1)  0.017
 113 W   0.17241 0.17157 0.16718 0.15547 0.13334 0.10069 0.06258 0.02862 0.00761 0.00053 ( 1)  0.021
 114 N   0.17607 0.17513 0.17022 0.15723 0.13294 0.09791 0.05851 0.02530 0.00628 0.00042 ( 1)  0.019
 115 G   0.00000 0.00000 0.00000 0.00004 0.00128 0.01635 0.10308 0.32615 0.43822 0.11487 ( 9)  0.227
 116 W   0.17241 0.17157 0.16718 0.15547 0.13334 0.10069 0.06258 0.02862 0.00761 0.00053 ( 1)  0.021
 117 S   0.00000 0.00000 0.00000 0.00000 0.00000 0.00003 0.00118 0.02456 0.23162 0.74262 (10)  0.426
 118 S   0.00000 0.00002 0.00062 0.00646 0.03381 0.10979 0.23502 0.32193 0.24067 0.05168 ( 8)  0.160
 119 F   0.00009 0.00458 0.02755 0.08385 0.17037 0.24707 0.25063 0.16125 0.05128 0.00333 ( 7)  0.075
 120 C   0.16586 0.16517 0.16150 0.15169 0.13287 0.10436 0.06949 0.03582 0.01187 0.00137 ( 1)  0.024
 121 R   0.19824 0.19658 0.18796 0.16583 0.12729 0.07862 0.03499 0.00939 0.00107 0.00002 ( 1)  0.013
 122 N   0.18093 0.17986 0.17426 0.15954 0.13239 0.09423 0.05317 0.02095 0.00446 0.00022 ( 1)  0.018
 123 P   0.00000 0.00003 0.00101 0.01029 0.05150 0.15394 0.28700 0.31476 0.16372 0.01775 ( 8)  0.129
 124 Q   0.17599 0.17506 0.17018 0.15726 0.13308 0.09810 0.05862 0.02522 0.00612 0.00037 ( 1)  0.019
 125 N   0.17765 0.17667 0.17154 0.15798 0.13276 0.09671 0.05677 0.02388 0.00569 0.00036 ( 1)  0.019
 126 L   0.16664 0.16592 0.16217 0.15213 0.13292 0.10392 0.06867 0.03498 0.01138 0.00127 ( 1)  0.024
 127 P   0.20182 0.20002 0.19070 0.16688 0.12584 0.07512 0.03141 0.00752 0.00068 0.00001 ( 1)  0.012
 128 N   0.17615 0.17521 0.17029 0.15726 0.13293 0.09785 0.05842 0.02523 0.00625 0.00041 ( 1)  0.019
 129 L   0.16966 0.16888 0.16479 0.15387 0.13312 0.10221 0.06548 0.03167 0.00943 0.00088 ( 1)  0.022
 130 S   0.00000 0.00003 0.00104 0.01057 0.05277 0.15696 0.29006 0.31328 0.15875 0.01654 ( 8)  0.127
 131 V   0.00009 0.00476 0.02861 0.08680 0.17518 0.25095 0.24931 0.15501 0.04656 0.00271 ( 6)  0.072
 132 A   0.00000 0.00000 0.00000 0.00000 0.00000 0.00021 0.00533 0.06402 0.35425 0.57619 (10)  0.383
 133 C   0.16297 0.16233 0.15897 0.14996 0.13257 0.10587 0.07249 0.03908 0.01393 0.00183 ( 1)  0.025
 134 N   0.17690 0.17594 0.17092 0.15763 0.13287 0.09730 0.05760 0.02453 0.00594 0.00038 ( 1)  0.019
 135 I   0.18658 0.18533 0.17886 0.16193 0.13126 0.08952 0.04702 0.01650 0.00291 0.00010 ( 1)  0.016
 136 N   0.00000 0.00002 0.00082 0.00840 0.04287 0.13284 0.26333 0.32012 0.19951 0.03209 ( 8)  0.143
 137 T   0.00000 0.00000 0.00000 0.00000 0.00002 0.00066 0.00969 0.07799 0.33698 0.57466 (10)  0.380
 138 V   0.19150 0.19010 0.18280 0.16386 0.13001 0.08519 0.04172 0.01296 0.00182 0.00004 ( 1)  0.014
 139 T   0.00000 0.00002 0.00068 0.00699 0.03631 0.11617 0.24293 0.32142 0.22902 0.04646 ( 8)  0.155
 140 P   0.20412 0.20222 0.19240 0.16739 0.12468 0.07278 0.02929 0.00659 0.00054 0.00000 ( 1)  0.011
 141 L   0.16866 0.16791 0.16393 0.15329 0.13305 0.10277 0.06653 0.03277 0.01008 0.00101 ( 1)  0.023
 142 S   0.00006 0.00324 0.01963 0.06120 0.13081 0.20840 0.24845 0.20892 0.10376 0.01552 ( 7)  0.098
 143 R   0.00007 0.00337 0.02044 0.06351 0.13493 0.21246 0.24834 0.20299 0.09832 0.01558 ( 7)  0.096
 144 L   0.00008 0.00429 0.02583 0.07906 0.16258 0.24085 0.25283 0.17132 0.05885 0.00432 ( 7)  0.078
 145 F   0.00000 0.00000 0.00000 0.00000 0.00000 0.00004 0.00123 0.01980 0.18006 0.79887 (10)  0.439
 146 A   0.00000 0.00000 0.00000 0.00000 0.00006 0.00167 0.02184 0.14370 0.44334 0.38938 ( 9)  0.328
 147 S   0.00000 0.00000 0.00000 0.00000 0.00000 0.00000 0.00006 0.00299 0.07438 0.92256 (10)  0.470
 148 A   0.00000 0.00000 0.00000 0.00000 0.00000 0.00007 0.00296 0.05022 0.34265 0.60410 (10)  0.391
 149 -   0.00000 0.00000 0.00000 0.00000 0.00000 0.00000 0.00003 0.00141 0.04245 0.95611 (10)  0.478
 150 -   0.00000 0.00000 0.00000 0.00001 0.00034 0.00484 0.03748 0.16738 0.40905 0.38091 ( 9)  0.320
 151 -   0.00000 0.00000 0.00000 0.00000 0.00002 0.00068 0.00997 0.07898 0.33591 0.57443 (10)  0.380
 152 Y   0.00000 0.00000 0.00000 0.00000 0.00001 0.00031 0.00758 0.08515 0.41375 0.49320 (10)  0.361
 153 R   0.19062 0.18925 0.18209 0.16350 0.13021 0.08595 0.04269 0.01362 0.00203 0.00005 ( 1)  0.014
 154 Q   0.00006 0.00298 0.01807 0.05660 0.12220 0.19819 0.24354 0.21585 0.11902 0.02348 ( 7)  0.106
 155 -   0.00000 0.00001 0.00024 0.00254 0.01417 0.05179 0.13539 0.25709 0.33166 0.20712 ( 9)  0.238
 156 -   0.00000 0.00000 0.00000 0.00013 0.00183 0.01355 0.06344 0.19649 0.38370 0.34085 ( 9)  0.300


lnL = -3338.215581


NSsites Model 8: beta&w>1
I	J	ij	2Ns_IJ	pMut_IJ	pSub_IJ	2Ns_JI	pMut_JI	pSub_JI

TTC	TTT	CT	0.76399	0.03862	0.05523	-0.76399	0.08291	0.05523
TTA	TTT	AT	0.08442	0.03734	0.03894	-0.08442	0.04063	0.03894
TTA	TTC	AC	-0.67956	0.04106	0.02868	0.67956	0.02081	0.02868
TTG	TTT	GT	0.75284	0.01316	0.01872	-0.75284	0.02793	0.01872
TTG	TTC	GC	-0.01115	0.01447	0.01439	0.01115	0.01431	0.01439
TTG	TTA	GA	0.66841	0.03329	0.04564	-0.66841	0.06494	0.04564
TCT	TTT	CT	1.41061	0.02023	0.03775	-1.41061	0.08291	0.03775
TCC	TTC	CT	0.04842	0.04046	0.04145	-0.04842	0.04247	0.04145
TCC	TCT	CT	-0.59821	0.04046	0.02956	0.59821	0.02224	0.02956
TCA	TTA	CT	0.72213	0.04322	0.06068	-0.72213	0.08898	0.06068
TCA	TCT	AT	-0.60406	0.01995	0.01452	0.60406	0.01090	0.01452
TCA	TCC	AC	-0.00585	0.02193	0.02187	0.00585	0.02180	0.02187
TCG	TTG	CT	0.63855	0.01655	0.02239	-0.63855	0.03134	0.02239
TCG	TCT	GT	-0.01922	0.00764	0.00757	0.01922	0.00749	0.00757
TCG	TCC	GC	0.57899	0.00840	0.01106	-0.57899	0.01499	0.01106
TCG	TCA	GA	0.58484	0.01933	0.02553	-0.58484	0.03469	0.02553
TAT	TTT	AT	0.37211	0.02801	0.03354	-0.37211	0.04063	0.03354
TAT	TCT	AC	-1.03851	0.03080	0.01753	1.03851	0.01090	0.01753
TAC	TTC	AT	0.15504	0.01782	0.01924	-0.15504	0.02081	0.01924
TAC	TCC	AC	0.10662	0.01960	0.02066	-0.10662	0.02180	0.02066
TAC	TAT	CT	0.54692	0.03862	0.05014	-0.54692	0.06673	0.05014
TGT	TTT	GT	-0.60067	0.05092	0.03715	0.60067	0.02793	0.03715
TGT	TCT	GC	-2.01128	0.05600	0.01740	2.01128	0.00749	0.01740
TGT	TAT	GA	-0.97277	0.12885	0.07618	0.97277	0.04871	0.07618
TGC	TTC	GT	-0.74491	0.03013	0.02029	0.74491	0.01431	0.02029
TGC	TCC	GC	-0.79332	0.03313	0.02171	0.79332	0.01499	0.02171
TGC	TAC	GA	-0.89995	0.07623	0.04701	0.89995	0.03100	0.04701
TGC	TGT	CT	0.61975	0.06529	0.08759	-0.61975	0.12133	0.08759
TGG	TTG	GT	-0.42349	0.01613	0.01295	0.42349	0.01056	0.01295
TGG	TCG	GC	-1.06205	0.01773	0.00995	1.06205	0.00613	0.00995
TGG	TGT	GT	0.93001	0.01613	0.02477	-0.93001	0.04087	0.02477
TGG	TGC	GC	0.31026	0.01773	0.02062	-0.31026	0.02418	0.02062
CTT	TTT	CT	1.20582	0.02483	0.04273	-1.20582	0.08291	0.04273
CTC	TTC	CT	0.88817	0.01747	0.02636	-0.88817	0.04247	0.02636
CTC	CTT	CT	0.44634	0.01747	0.02166	-0.44634	0.02730	0.02166
CTA	TTA	CT	0.81107	0.03954	0.05772	-0.81107	0.08898	0.05772
CTA	CTT	AT	-0.31032	0.01825	0.01556	0.31032	0.01338	0.01556
CTA	CTC	AC	-0.75666	0.02007	0.01342	0.75666	0.00942	0.01342
CTG	TTG	CT	0.06319	0.02942	0.03036	-0.06319	0.03134	0.03036
CTG	CTT	GT	-0.38979	0.01358	0.01110	0.38979	0.00920	0.01110
CTG	CTC	GC	-0.83613	0.01493	0.00955	0.83613	0.00647	0.00955
CTG	CTA	GA	-0.07947	0.03436	0.03301	0.07947	0.03173	0.03301
CCT	TCT	CT	0.98876	0.00828	0.01303	-0.98876	0.02224	0.01303
CCT	CTT	CT	1.19355	0.00828	0.01417	-1.19355	0.02730	0.01417
CCC	TCC	CT	1.10654	0.01471	0.02432	-1.10654	0.04449	0.02432
CCC	CTC	CT	0.26679	0.01471	0.01676	-0.26679	0.01921	0.01676
CCC	CCT	CT	-0.48043	0.01471	0.01146	0.48043	0.00910	0.01146
CCA	TCA	CT	0.44858	0.03034	0.03766	-0.44858	0.04752	0.03766
CCA	CTA	CT	0.35963	0.03034	0.03613	-0.35963	0.04348	0.03613
CCA	CCT	AT	-1.14424	0.01400	0.00749	1.14424	0.00446	0.00749
CCA	CCC	AC	-0.66381	0.01540	0.01085	0.66381	0.00793	0.01085
CCG	TCG	CT	1.37587	0.00460	0.00846	-1.37587	0.01820	0.00846
CCG	CTG	CT	1.95124	0.00460	0.01046	-1.95124	0.03235	0.01046
CCG	CCT	GT	0.36789	0.00212	0.00254	-0.36789	0.00307	0.00254
CCG	CCC	GC	0.84832	0.00233	0.00346	-0.84832	0.00545	0.00346
CCG	CCA	GA	1.51213	0.00537	0.01041	-1.51213	0.02435	0.01041
CAT	TAT	CT	0.98876	0.02483	0.03909	-0.98876	0.06673	0.03909
CAT	CTT	AT	0.15504	0.01146	0.01237	-0.15504	0.01338	0.01237
CAT	CCT	AC	-1.03851	0.01260	0.00717	1.03851	0.00446	0.00717
CAC	TAC	CT	1.34770	0.01103	0.02009	-1.34770	0.04247	0.02009
CAC	CTC	AT	0.61457	0.00509	0.00682	-0.61457	0.00942	0.00682
CAC	CCC	AC	0.34779	0.00560	0.00663	-0.34779	0.00793	0.00663
CAC	CAT	CT	0.90587	0.01103	0.01678	-0.90587	0.02730	0.01678
CAA	CTA	AT	-0.70873	0.04329	0.02974	0.70873	0.02131	0.02974
CAA	CCA	AC	-1.06836	0.04760	0.02661	1.06836	0.01635	0.02661
CAA	CAT	AT	-1.17409	0.04329	0.02274	1.17409	0.01338	0.02274
CAA	CAC	AC	-2.07996	0.04760	0.01413	2.07996	0.00595	0.01413
CAG	CTG	AT	1.13587	0.00509	0.00852	-1.13587	0.01586	0.00852
CAG	CCG	AC	-0.81536	0.00560	0.00362	0.81536	0.00248	0.00362
CAG	CAT	GT	0.59104	0.00509	0.00674	-0.59104	0.00920	0.00674
CAG	CAC	GC	-0.31483	0.00560	0.00476	0.31483	0.00409	0.00476
CAG	CAA	GA	1.76513	0.01288	0.02744	-1.76513	0.07528	0.02744
CGT	TGT	CT	3.27299	0.00460	0.01564	-3.27299	0.12133	0.01564
CGT	CTT	GT	1.46650	0.00212	0.00404	-1.46650	0.00920	0.00404
CGT	CCT	GC	0.27295	0.00233	0.00267	-0.27295	0.00307	0.00267
CGT	CAT	GA	1.31146	0.00537	0.00964	-1.31146	0.01993	0.00964
CGC	TGC	CT	1.52440	0.01563	0.03046	-1.52440	0.07179	0.03046
CGC	CTC	GT	-0.10867	0.00721	0.00683	0.10867	0.00647	0.00683
CGC	CCC	GC	-0.37546	0.00793	0.00654	0.37546	0.00545	0.00654
CGC	CAC	GA	-0.72324	0.01825	0.01244	0.72324	0.00886	0.01244
CGC	CGT	CT	-1.12884	0.01563	0.00843	1.12884	0.00506	0.00843
CGA	CTA	GT	-0.44768	0.02292	0.01817	0.44768	0.01465	0.01817
CGA	CCA	GC	-0.80731	0.02520	0.01638	0.80731	0.01124	0.01638
CGA	CAA	GA	0.26105	0.05798	0.06588	-0.26105	0.07528	0.06588
CGA	CGT	AT	-2.22450	0.02292	0.00618	2.22450	0.00248	0.00618
CGA	CGC	AC	-1.09567	0.02520	0.01387	1.09567	0.00842	0.01387
CGG	TGG	CT	1.94076	0.00552	0.01250	-1.94076	0.03842	0.01250
CGG	CTG	GT	1.45408	0.00255	0.00483	-1.45408	0.01090	0.00483
CGG	CCG	GC	-0.49715	0.00280	0.00216	0.49715	0.00170	0.00216
CGG	CAG	GA	0.31821	0.00644	0.00752	-0.31821	0.00886	0.00752
CGG	CGT	GT	-0.40222	0.00255	0.00207	0.40222	0.00170	0.00207
CGG	CGC	GC	0.72662	0.00280	0.00394	-0.72662	0.00579	0.00394
CGG	CGA	GA	1.82229	0.00644	0.01400	-1.82229	0.03985	0.01400
ATT	TTT	AT	0.06195	0.03819	0.03939	-0.06195	0.04063	0.03939
ATT	CTT	AC	-1.14387	0.04200	0.02246	1.14387	0.01338	0.02246
ATC	TTC	AT	1.32776	0.00552	0.00997	-1.32776	0.02081	0.00997
ATC	CTC	AC	0.43959	0.00607	0.00750	-0.43959	0.00942	0.00750
ATC	ATT	CT	2.02980	0.01195	0.02793	-2.02980	0.09100	0.02793
ATA	TTA	AT	0.31489	0.03183	0.03710	-0.31489	0.04361	0.03710
ATA	CTA	AC	-0.49618	0.03500	0.02703	0.49618	0.02131	0.02703
ATA	ATT	AT	0.33736	0.03183	0.03750	-0.33736	0.04460	0.03750
ATA	ATC	AC	-1.69243	0.03500	0.01336	1.69243	0.00644	0.01336
ATG	TTG	AT	0.09252	0.01400	0.01466	-0.09252	0.01536	0.01466
ATG	CTG	AC	0.02933	0.01540	0.01563	-0.02933	0.01586	0.01563
ATG	ATT	GT	0.78341	0.01400	0.02020	-0.78341	0.03065	0.02020
ATG	ATC	GC	-1.24639	0.01540	0.00775	1.24639	0.00443	0.00775
ATG	ATA	GA	0.44604	0.03543	0.04392	-0.44604	0.05535	0.04392
ACT	TCT	AT	-0.33743	0.01528	0.01284	0.33743	0.01090	0.01284
ACT	CCT	AC	-1.32619	0.01680	0.00805	1.32619	0.00446	0.00805
ACT	ATT	CT	1.01123	0.03310	0.05261	-1.01123	0.09100	0.05261
ACC	TCC	AT	0.47350	0.01358	0.01705	-0.47350	0.02180	0.01705
ACC	CCC	AC	-0.63304	0.01493	0.01070	0.63304	0.00793	0.01070
ACC	ATC	CT	-0.80585	0.02942	0.01914	0.80585	0.01314	0.01914
ACC	ACT	CT	0.21272	0.02942	0.03266	-0.21272	0.03640	0.03266
ACA	TCA	AT	-0.60993	0.04286	0.03111	0.60993	0.02329	0.03111
ACA	CCA	AC	-1.05851	0.04713	0.02651	1.05851	0.01635	0.02651
ACA	ATA	CT	-0.20270	0.09287	0.08378	0.20270	0.07583	0.08378
ACA	ACT	AT	-0.87656	0.04286	0.02679	0.87656	0.01784	0.02679
ACA	ACC	AC	-1.08928	0.04713	0.02603	1.08928	0.01586	0.02603
ACG	TCG	AT	-0.25042	0.01146	0.01008	0.25042	0.00892	0.01008
ACG	CCG	AC	-1.62629	0.01260	0.00502	1.62629	0.00248	0.00502
ACG	ATG	CT	0.29561	0.02483	0.02868	-0.29561	0.03337	0.02868
ACG	ACT	GT	0.06779	0.01146	0.01185	-0.06779	0.01226	0.01185
ACG	ACC	GC	-0.14493	0.01260	0.01171	0.14493	0.01090	0.01171
ACG	ACA	GA	0.94435	0.02899	0.04480	-0.94435	0.07454	0.04480
AAT	TAT	AT	-0.87024	0.07808	0.04897	0.87024	0.03271	0.04897
AAT	CAT	AC	-1.85899	0.08586	0.02946	1.85899	0.01338	0.02946
AAT	ATT	AT	-0.56008	0.07808	0.05825	0.56008	0.04460	0.05825
AAT	ACT	AC	-1.57131	0.08586	0.03538	1.57131	0.01784	0.03538
AAC	TAC	AT	-0.50174	0.03437	0.02647	0.50174	0.02081	0.02647
AAC	CAC	AC	-1.84944	0.03780	0.01305	1.84944	0.00595	0.01305
AAC	ATC	AT	-1.67446	0.03437	0.01327	1.67446	0.00644	0.01327
AAC	ACC	AC	-0.86861	0.03780	0.02373	0.86861	0.01586	0.02373
AAC	AAT	CT	0.91542	0.07448	0.11370	-0.91542	0.18604	0.11370
AAA	CAA	AC	-0.61823	0.09379	0.06777	0.61823	0.05054	0.06777
AAA	ATA	AT	-0.83078	0.08530	0.05472	0.83078	0.03717	0.05472
AAA	ACA	AC	-0.62808	0.09379	0.06740	0.62808	0.05005	0.06740
AAA	AAT	AT	0.06667	0.08530	0.08817	-0.06667	0.09118	0.08817
AAA	AAC	AC	-0.84875	0.09379	0.05955	0.84875	0.04014	0.05955
AAG	CAG	AC	-1.21619	0.02007	0.01028	1.21619	0.00595	0.01028
AAG	ATG	AT	-0.10965	0.01825	0.01727	0.10965	0.01635	0.01727
AAG	ACG	AC	-0.40526	0.02007	0.01627	0.40526	0.01338	0.01627
AAG	AAT	GT	1.23384	0.01825	0.03176	-1.23384	0.06267	0.03176
AAG	AAC	GC	0.31842	0.02007	0.02343	-0.31842	0.02759	0.02343
AAG	AAA	GA	1.16717	0.04617	0.07824	-1.16717	0.14834	0.07824
AGT	TGT	AT	0.43167	0.03862	0.04755	-0.43167	0.05946	0.04755
AGT	CGT	AC	-2.84132	0.04246	0.00748	2.84132	0.00248	0.00748
AGT	ATT	GT	-0.23094	0.03862	0.03433	0.23094	0.03065	0.03433
AGT	ACT	GC	-1.24217	0.04246	0.02141	1.24217	0.01226	0.02141
AGT	AAT	GA	0.32914	0.09771	0.11467	-0.32914	0.13579	0.11467
AGC	TGC	AT	0.32338	0.02546	0.02980	-0.32338	0.03518	0.02980
AGC	CGC	AC	-1.20103	0.02800	0.01447	1.20103	0.00842	0.01447
AGC	ATC	GT	-1.74929	0.02546	0.00938	1.74929	0.00443	0.00938
AGC	ACC	GC	-0.94344	0.02800	0.01684	0.94344	0.01090	0.01684
AGC	AAC	GA	-0.07483	0.06442	0.06204	0.07483	0.05978	0.06204
AGC	AGT	CT	0.51145	0.05517	0.07048	-0.51145	0.09201	0.07048
AGA	CGA	AC	-0.19941	0.03266	0.02952	0.19941	0.02676	0.02952
AGA	ATA	GT	-0.15090	0.02971	0.02752	0.15090	0.02554	0.02752
AGA	ACA	GC	0.05179	0.03266	0.03352	-0.05179	0.03440	0.03352
AGA	AAA	GA	0.67987	0.07516	0.10358	-0.67987	0.14834	0.10358
AGA	AGT	AT	0.41741	0.02971	0.03634	-0.41741	0.04509	0.03634
AGA	AGC	AC	-0.09405	0.03266	0.03115	0.09405	0.02973	0.03115
AGG	TGG	AT	0.79690	0.00849	0.01231	-0.79690	0.01883	0.01231
AGG	CGG	AC	-1.14387	0.00933	0.00499	1.14387	0.00297	0.00499
AGG	ATG	GT	0.28088	0.00849	0.00974	-0.28088	0.01124	0.00974
AGG	ACG	GC	-0.01473	0.00933	0.00926	0.01473	0.00920	0.00926
AGG	AAG	GA	0.39053	0.02147	0.02594	-0.39053	0.03173	0.02594
AGG	AGT	GT	1.29523	0.00849	0.01514	-1.29523	0.03099	0.01514
AGG	AGC	GC	0.78378	0.00933	0.01346	-0.78378	0.02044	0.01346
AGG	AGA	GA	0.87783	0.02147	0.03226	-0.87783	0.05166	0.03226
GTT	TTT	GT	0.27480	0.02122	0.02427	-0.27480	0.02793	0.02427
GTT	CTT	GC	-0.93102	0.02333	0.01413	0.93102	0.00920	0.01413
GTT	ATT	GA	0.21285	0.05369	0.05960	-0.21285	0.06642	0.05960
GTC	TTC	GT	0.87872	0.00594	0.00893	-0.87872	0.01431	0.00893
GTC	CTC	GC	-0.00945	0.00653	0.00650	0.00945	0.00647	0.00650
GTC	ATC	GA	-0.44904	0.01503	0.01191	0.44904	0.00959	0.01191
GTC	GTT	CT	1.36790	0.01287	0.02363	-1.36790	0.05055	0.02363
GTA	TTA	GT	0.89015	0.01231	0.01859	-0.89015	0.02997	0.01859
GTA	CTA	GC	0.07907	0.01353	0.01407	-0.07907	0.01465	0.01407
GTA	ATA	GA	0.57526	0.03114	0.04095	-0.57526	0.05535	0.04095
GTA	GTT	AT	0.69977	0.01231	0.01711	-0.69977	0.02478	0.01711
GTA	GTC	AC	-0.66813	0.01353	0.00951	0.66813	0.00694	0.00951
GTG	TTG	GT	-0.44947	0.01655	0.01311	0.44947	0.01056	0.01311
GTG	CTG	GC	-0.51266	0.01820	0.01393	0.51266	0.01090	0.01393
GTG	ATG	GA	-0.54199	0.04188	0.03155	0.54199	0.02435	0.03155
GTG	GTT	GT	0.02857	0.01655	0.01679	-0.02857	0.01703	0.01679
GTG	GTC	GC	-1.33934	0.01820	0.00865	1.33934	0.00477	0.00865
GTG	GTA	GA	-0.67120	0.04188	0.02938	0.67120	0.02140	0.02938
GCT	TCT	GT	-0.76644	0.01613	0.01073	0.76644	0.00749	0.01073
GCT	CCT	GC	-1.75519	0.01773	0.00650	1.75519	0.00307	0.00650
GCT	ACT	GA	-0.42900	0.04080	0.03267	0.42900	0.02657	0.03267
GCT	GTT	CT	0.36937	0.03494	0.04179	-0.36937	0.05055	0.04179
GCC	TCC	GT	1.36707	0.00382	0.00701	-1.36707	0.01499	0.00701
GCC	CCC	GC	0.26053	0.00420	0.00477	-0.26053	0.00545	0.00477
GCC	ACC	GA	0.89357	0.00966	0.01462	-0.89357	0.02362	0.01462
GCC	GTC	CT	0.53677	0.00828	0.01069	-0.53677	0.01416	0.01069
GCC	GCT	CT	1.53530	0.00828	0.01619	-1.53530	0.03842	0.01619
GCA	TCA	GT	0.63452	0.00849	0.01146	-0.63452	0.01601	0.01146
GCA	CCA	GC	0.18594	0.00933	0.01023	-0.18594	0.01124	0.01023
GCA	ACA	GA	1.24445	0.02147	0.03754	-1.24445	0.07454	0.03754
GCA	GTA	CT	0.46650	0.01839	0.02301	-0.46650	0.02932	0.02301
GCA	GCT	AT	0.79690	0.00849	0.01231	-0.79690	0.01883	0.01231
GCA	GCC	AC	-0.73840	0.00933	0.00631	0.73840	0.00446	0.00631
GCG	TCG	GT	0.47325	0.00382	0.00479	-0.47325	0.00613	0.00479
GCG	CCG	GC	-0.90262	0.00420	0.00259	0.90262	0.00170	0.00259
GCG	ACG	GA	0.72368	0.00966	0.01358	-0.72368	0.01993	0.01358
GCG	GTG	CT	1.56127	0.00828	0.01635	-1.56127	0.03943	0.01635
GCG	GCT	GT	1.22047	0.00382	0.00661	-1.22047	0.01294	0.00661
GCG	GCC	GC	-0.31483	0.00420	0.00357	0.31483	0.00307	0.00357
GCG	GCA	GA	0.42357	0.00966	0.01185	-0.42357	0.01476	0.01185
GAT	TAT	GT	-0.62536	0.04201	0.03024	0.62536	0.02248	0.03024
GAT	CAT	GC	-1.61412	0.04620	0.01853	1.61412	0.00920	0.01853
GAT	AAT	GA	0.24488	0.10630	0.11984	-0.24488	0.13579	0.11984
GAT	GTT	AT	-0.52806	0.04201	0.03189	0.52806	0.02478	0.03189
GAT	GCT	AC	-0.89743	0.04620	0.02853	0.89743	0.01883	0.02853
GAC	TAC	GT	-0.19580	0.01740	0.01575	0.19580	0.01431	0.01575
GAC	CAC	GC	-1.54350	0.01913	0.00802	1.54350	0.00409	0.00802
GAC	AAC	GA	0.30594	0.04402	0.05110	-0.30594	0.05978	0.05110
GAC	GTC	AT	-0.91947	0.01740	0.01061	0.91947	0.00694	0.01061
GAC	GCC	AC	-1.45624	0.01913	0.00847	1.45624	0.00446	0.00847
GAC	GAT	CT	0.97649	0.03770	0.05906	-0.97649	0.10010	0.05906
GAA	CAA	GC	-0.76503	0.07466	0.04971	0.76503	0.03474	0.04971
GAA	AAA	GA	-0.14681	0.17180	0.15949	0.14681	0.14834	0.15949
GAA	GTA	AT	-1.55284	0.06790	0.02831	1.55284	0.01437	0.02831
GAA	GCA	AC	-2.01934	0.07466	0.02308	2.01934	0.00991	0.02308
GAA	GAT	AT	-0.32501	0.06790	0.05746	0.32501	0.04906	0.05746
GAA	GAC	AC	-1.30150	0.07466	0.03633	1.30150	0.02032	0.03633
GAG	CAG	GC	-1.08802	0.01213	0.00671	1.08802	0.00409	0.00671
GAG	AAG	GA	0.12817	0.02792	0.02974	-0.12817	0.03173	0.02974
GAG	GTG	AT	0.56051	0.01103	0.01441	-0.56051	0.01933	0.01441
GAG	GCG	AC	-1.00077	0.01213	0.00706	1.00077	0.00446	0.00706
GAG	GAT	GT	1.11713	0.01103	0.01832	-1.11713	0.03372	0.01832
GAG	GAC	GC	0.14064	0.01213	0.01301	-0.14064	0.01396	0.01301
GAG	GAA	GA	1.44214	0.02792	0.05273	-1.44214	0.11808	0.05273
GGT	TGT	GT	0.73896	0.01952	0.02761	-0.73896	0.04087	0.02761
GGT	CGT	GC	-2.53404	0.02147	0.00469	2.53404	0.00170	0.00469
GGT	AGT	GA	0.30728	0.04939	0.05737	-0.30728	0.06716	0.05737
GGT	GTT	GT	-0.13651	0.01952	0.01822	0.13651	0.01703	0.01822
GGT	GCT	GC	-0.50589	0.02147	0.01649	0.50589	0.01294	0.01649
GGT	GAT	GA	0.39154	0.04939	0.05969	-0.39154	0.07306	0.05969
GGC	TGC	GT	0.40520	0.01613	0.01961	-0.40520	0.02418	0.01961
GGC	CGC	GC	-1.11920	0.01773	0.00962	1.11920	0.00579	0.00962
GGC	AGC	GA	0.08182	0.04080	0.04249	-0.08182	0.04428	0.04249
GGC	GTC	GT	-1.21842	0.01613	0.00825	1.21842	0.00477	0.00825
GGC	GCC	GC	-1.75519	0.01773	0.00650	1.75519	0.00307	0.00650
GGC	GAC	GA	-0.29895	0.04080	0.03501	0.29895	0.03026	0.03501
GGC	GGT	CT	0.28599	0.03494	0.04018	-0.28599	0.04651	0.04018
GGA	CGA	GC	0.58311	0.01027	0.01355	-0.58311	0.01839	0.01355
GGA	AGA	GA	0.78252	0.02362	0.03406	-0.78252	0.05166	0.03406
GGA	GTA	GT	0.05636	0.00934	0.00960	-0.05636	0.00988	0.00960
GGA	GCA	GC	-0.41014	0.01027	0.00830	0.41014	0.00681	0.00830
GGA	GAA	GA	1.60919	0.02362	0.04752	-1.60919	0.11808	0.04752
GGA	GGT	AT	0.89264	0.00934	0.01411	-0.89264	0.02279	0.01411
GGA	GGC	AC	0.60665	0.01027	0.01369	-0.60665	0.01883	0.01369
GGG	TGG	GT	1.22047	0.00382	0.00661	-1.22047	0.01294	0.00661
GGG	CGG	GC	-0.72030	0.00420	0.00287	0.72030	0.00204	0.00287
GGG	AGG	GA	0.42357	0.00966	0.01185	-0.42357	0.01476	0.01185
GGG	GTG	GT	1.24644	0.00382	0.00668	-1.24644	0.01328	0.00668
GGG	GCG	GC	-0.31483	0.00420	0.00357	0.31483	0.00307	0.00357
GGG	GAG	GA	0.68594	0.00966	0.01335	-0.68594	0.01919	0.01335
GGG	GGT	GT	1.41152	0.00382	0.00713	-1.41152	0.01567	0.00713
GGG	GGC	GC	1.12553	0.00420	0.00700	-1.12553	0.01294	0.00700
GGG	GGA	GA	0.51888	0.00966	0.01239	-0.51888	0.01624	0.01239


Histograms
2Ns	FMut	FSub(CodonUsage)	FSubw(after w)

-3.11713	0.00818	0.00119
-2.80542	0.00286	0.00057
-2.49371	0.00145	0.00036
-2.18199	0.01089	0.00368
-1.87028	0.03378	0.01295
-1.55857	0.05723	0.02729
-1.24685	0.07676	0.04433
-0.93514	0.13657	0.09457
-0.62343	0.14188	0.11524
-0.31171	0.13558	0.12974
0.00000	0.12407	0.14016
0.31171	0.09801	0.12974
0.62343	0.07570	0.11524
0.93514	0.05490	0.09457
1.24685	0.02265	0.04433
1.55857	0.01234	0.02729
1.87028	0.00517	0.01295
2.18199	0.00137	0.00368
2.49371	0.00011	0.00036
2.80542	0.00017	0.00057
3.11713	0.00031	0.00119

Proportion of advantageous (S > 0) mutations:
 0.32997

Proportions of good & bad mutations (|S| > 2.0000) among mutations:
0.00314  0.03218

mean |Ns| = 0.76620	mean Ns+ = 0.59025	mean Ns- = -0.85285


MLEs of dN/dS (w) for site classes (K=11)

p:   0.10000  0.10000  0.10000  0.10000  0.10000  0.10000  0.10000  0.10000  0.10000  0.10000  0.00001
w:   0.00001  0.00040  0.00251  0.00841  0.02091  0.04384  0.08284  0.14748  0.25834  0.48784  1.00000

Naive Empirical Bayes (NEB) probabilities for 11 classes & postmean_w
(amino acids refer to 1st sequence: Musca_domestica_lysc1)

   1 T   0.00000 0.00000 0.00000 0.00000 0.00000 0.00000 0.00034 0.01193 0.17686 0.81084 0.00002 (10)  0.443
   2 S   0.00000 0.00000 0.00000 0.00000 0.00002 0.00076 0.01176 0.09698 0.39880 0.49168 0.00000 (10)  0.358
   3 P   0.00000 0.00000 0.00000 0.00002 0.00052 0.00718 0.05226 0.21067 0.43471 0.29464 0.00000 ( 9)  0.292
   4 A   0.00009 0.00454 0.02732 0.08321 0.16935 0.24632 0.25103 0.16259 0.05215 0.00340 0.00000 ( 7)  0.075
   5 Y   0.00000 0.00000 0.00001 0.00026 0.00341 0.02377 0.10028 0.26316 0.39387 0.21525 0.00000 ( 9)  0.255
   6 G   0.00000 0.00000 0.00002 0.00062 0.00779 0.04938 0.17725 0.35574 0.33663 0.07258 0.00000 ( 8)  0.192
   7 K   0.18154 0.18045 0.17476 0.15981 0.13230 0.09375 0.05250 0.02043 0.00426 0.00021 0.00000 ( 1)  0.017
   8 K   0.18280 0.18167 0.17580 0.16038 0.13210 0.09274 0.05112 0.01937 0.00386 0.00017 0.00000 ( 1)  0.017
   9 Y   0.18826 0.18697 0.18024 0.16268 0.13098 0.08815 0.04516 0.01510 0.00240 0.00006 0.00000 ( 1)  0.015
  10 L   0.00012 0.00583 0.03479 0.10376 0.20191 0.27011 0.23799 0.12015 0.02472 0.00062 0.00000 ( 6)  0.061
  11 R   0.18333 0.18219 0.17624 0.16062 0.13203 0.09233 0.05054 0.01891 0.00367 0.00015 0.00000 ( 1)  0.017
  12 C   0.16899 0.16823 0.16422 0.15351 0.13312 0.10264 0.06622 0.03237 0.00979 0.00093 0.00000 ( 1)  0.022
  13 E   0.17059 0.16979 0.16558 0.15438 0.13314 0.10164 0.06449 0.03071 0.00890 0.00078 0.00000 ( 1)  0.022
  14 L   0.16056 0.15997 0.15685 0.14844 0.13213 0.10688 0.07482 0.04189 0.01600 0.00247 0.00000 ( 1)  0.027
  15 S   0.17923 0.17821 0.17288 0.15881 0.13273 0.09566 0.05504 0.02229 0.00491 0.00025 0.00000 ( 1)  0.018
  16 R   0.00011 0.00544 0.03254 0.09751 0.19180 0.26235 0.24169 0.13362 0.03350 0.00144 0.00000 ( 6)  0.066
  17 E   0.17350 0.17262 0.16805 0.15590 0.13305 0.09968 0.06132 0.02782 0.00748 0.00058 0.00000 ( 1)  0.020
  18 L   0.16865 0.16788 0.16387 0.15315 0.13280 0.10249 0.06644 0.03301 0.01051 0.00120 0.00000 ( 1)  0.023
  19 V   0.17070 0.16989 0.16568 0.15444 0.13314 0.10157 0.06438 0.03060 0.00883 0.00076 0.00000 ( 1)  0.022
  20 E   0.18998 0.18863 0.18160 0.16330 0.13045 0.08657 0.04334 0.01398 0.00210 0.00005 0.00000 ( 1)  0.015
  21 R   0.00008 0.00381 0.02301 0.07100 0.14850 0.22708 0.25210 0.18837 0.07746 0.00859 0.00000 ( 7)  0.087
  22 Y   0.00000 0.00003 0.00124 0.01247 0.06114 0.17601 0.30752 0.30228 0.12983 0.00947 0.00000 ( 7)  0.117
  23 K   0.00007 0.00364 0.02202 0.06813 0.14332 0.22159 0.25089 0.19412 0.08524 0.01097 0.00000 ( 7)  0.090
  24 V   0.00000 0.00000 0.00000 0.00014 0.00207 0.01621 0.07942 0.24447 0.41912 0.23856 0.00000 ( 9)  0.268
  25 N   0.00000 0.00002 0.00080 0.00816 0.04182 0.13042 0.26114 0.32175 0.20337 0.03252 0.00000 ( 8)  0.144
  26 K   0.17828 0.17728 0.17208 0.15832 0.13276 0.09630 0.05608 0.02323 0.00536 0.00031 0.00000 ( 1)  0.018
  27 T   0.17739 0.17642 0.17134 0.15791 0.13289 0.09701 0.05707 0.02399 0.00564 0.00033 0.00000 ( 1)  0.019
  28 F   0.18843 0.18713 0.18036 0.16270 0.13087 0.08796 0.04500 0.01506 0.00242 0.00007 0.00000 ( 1)  0.015
  29 L   0.16981 0.16903 0.16492 0.15395 0.13311 0.10209 0.06531 0.03153 0.00937 0.00088 0.00000 ( 1)  0.022
  30 S   0.17967 0.17864 0.17325 0.15902 0.13268 0.09532 0.05455 0.02189 0.00474 0.00023 0.00000 ( 1)  0.018
  31 N   0.17754 0.17656 0.17145 0.15794 0.13280 0.09682 0.05689 0.02394 0.00569 0.00035 0.00000 ( 1)  0.019
  32 I   0.00009 0.00478 0.02870 0.08698 0.17523 0.25036 0.24821 0.15480 0.04767 0.00317 0.00000 ( 6)  0.073
  33 C   0.16261 0.16198 0.15867 0.14976 0.13254 0.10607 0.07286 0.03947 0.01416 0.00188 0.00000 ( 1)  0.026
  34 L   0.16704 0.16631 0.16251 0.15235 0.13292 0.10366 0.06824 0.03456 0.01117 0.00124 0.00000 ( 1)  0.023
  35 I   0.18500 0.18380 0.17758 0.16129 0.13163 0.09088 0.04873 0.01768 0.00329 0.00013 0.00000 ( 1)  0.016
  36 E   0.17059 0.16979 0.16558 0.15438 0.13314 0.10164 0.06449 0.03071 0.00890 0.00078 0.00000 ( 1)  0.022
  37 H   0.21019 0.20801 0.19677 0.16844 0.12125 0.06647 0.02406 0.00454 0.00027 0.00000 0.00000 ( 1)  0.010
  38 E   0.17059 0.16979 0.16558 0.15438 0.13314 0.10164 0.06449 0.03071 0.00890 0.00078 0.00000 ( 1)  0.022
  39 S   0.18758 0.18631 0.17968 0.16238 0.13110 0.08871 0.04592 0.01566 0.00260 0.00008 0.00000 ( 1)  0.015
  40 D   0.00000 0.00003 0.00110 0.01108 0.05502 0.16209 0.29478 0.31033 0.15093 0.01464 0.00000 ( 8)  0.125
  41 R   0.19023 0.18886 0.18176 0.16329 0.13023 0.08624 0.04314 0.01401 0.00219 0.00006 0.00000 ( 1)  0.015
  42 D   0.18982 0.18848 0.18147 0.16323 0.13048 0.08670 0.04351 0.01411 0.00215 0.00005 0.00000 ( 1)  0.015
  43 T   0.17907 0.17805 0.17274 0.15871 0.13270 0.09573 0.05522 0.02250 0.00503 0.00027 0.00000 ( 1)  0.018
  44 K   0.00000 0.00000 0.00000 0.00000 0.00000 0.00016 0.00399 0.04925 0.29581 0.65077 0.00002 (10)  0.402
  45 K   0.00008 0.00396 0.02391 0.07353 0.15272 0.23073 0.25137 0.18289 0.07284 0.00798 0.00000 ( 7)  0.084
  46 V   0.00000 0.00000 0.00000 0.00000 0.00005 0.00135 0.01846 0.12945 0.43383 0.41687 0.00000 ( 9)  0.336
  47 T   0.19082 0.18944 0.18226 0.16361 0.13021 0.08581 0.04245 0.01341 0.00194 0.00004 0.00000 ( 1)  0.014
  48 R   0.00000 0.00001 0.00022 0.00253 0.01615 0.06798 0.19239 0.34056 0.30906 0.07111 0.00000 ( 8)  0.184
  49 L   0.16637 0.16566 0.16189 0.15183 0.13261 0.10371 0.06876 0.03548 0.01208 0.00160 0.00000 ( 1)  0.024
  50 G   0.00000 0.00000 0.00000 0.00000 0.00000 0.00003 0.00159 0.03157 0.27337 0.69343 0.00001 (10)  0.414
  51 N   0.17635 0.17540 0.17046 0.15736 0.13292 0.09770 0.05820 0.02504 0.00616 0.00041 0.00000 ( 1)  0.019
  52 G   0.19136 0.18996 0.18269 0.16382 0.13008 0.08534 0.04186 0.01302 0.00183 0.00004 0.00000 ( 1)  0.014
  53 V   0.00006 0.00317 0.01923 0.06005 0.12883 0.20638 0.24780 0.21035 0.10670 0.01745 0.00000 ( 7)  0.100
  54 N   0.00000 0.00000 0.00001 0.00029 0.00384 0.02636 0.10861 0.27503 0.39026 0.19561 0.00000 ( 9)  0.247
  55 K   0.17912 0.17810 0.17277 0.15871 0.13264 0.09564 0.05515 0.02250 0.00508 0.00029 0.00000 ( 1)  0.018
  56 F   0.00009 0.00462 0.02774 0.08439 0.17126 0.24783 0.25046 0.16010 0.05033 0.00318 0.00000 ( 7)  0.074
  57 G   0.18690 0.18565 0.17915 0.16215 0.13133 0.08935 0.04663 0.01607 0.00269 0.00008 0.00000 ( 1)  0.016
  58 I   0.00000 0.00000 0.00003 0.00088 0.01075 0.06488 0.21438 0.37722 0.28930 0.04256 0.00000 ( 8)  0.172
  59 F   0.18595 0.18473 0.17837 0.16173 0.13149 0.09013 0.04768 0.01686 0.00298 0.00010 0.00000 ( 1)  0.016
  60 Q   0.17773 0.17675 0.17163 0.15810 0.13291 0.09680 0.05670 0.02363 0.00545 0.00030 0.00000 ( 1)  0.019
  61 I   0.19519 0.19365 0.18564 0.16498 0.12859 0.08162 0.03798 0.01093 0.00138 0.00003 0.00000 ( 1)  0.013
  62 S   0.18759 0.18632 0.17969 0.16239 0.13111 0.08871 0.04590 0.01563 0.00258 0.00008 0.00000 ( 1)  0.015
  63 S   0.18757 0.18630 0.17968 0.16239 0.13112 0.08873 0.04591 0.01564 0.00258 0.00008 0.00000 ( 1)  0.015
  64 K   0.00008 0.00395 0.02383 0.07331 0.15243 0.23066 0.25178 0.18342 0.07279 0.00775 0.00000 ( 7)  0.084
  65 E   0.17137 0.17055 0.16625 0.15480 0.13314 0.10113 0.06364 0.02990 0.00849 0.00072 0.00000 ( 1)  0.021
  66 C   0.16475 0.16407 0.16053 0.15102 0.13276 0.10495 0.07065 0.03707 0.01266 0.00155 0.00000 ( 1)  0.024
  67 N   0.00000 0.00000 0.00000 0.00000 0.00000 0.00000 0.00018 0.00709 0.13091 0.86179 0.00003 (10)  0.455
  68 D   0.00000 0.00000 0.00000 0.00000 0.00000 0.00006 0.00268 0.04685 0.33347 0.61693 0.00000 (10)  0.394
  69 G   0.18607 0.18485 0.17848 0.16182 0.13153 0.09008 0.04753 0.01668 0.00288 0.00009 0.00000 ( 1)  0.016
  70 S   0.00000 0.00000 0.00000 0.00001 0.00038 0.00546 0.04155 0.18016 0.41956 0.35288 0.00000 ( 9)  0.311
  71 K   0.00008 0.00398 0.02398 0.07376 0.15322 0.23145 0.25187 0.18249 0.07170 0.00746 0.00000 ( 7)  0.084
  72 V   0.00000 0.00000 0.00000 0.00000 0.00000 0.00018 0.00459 0.05616 0.32602 0.61304 0.00001 (10)  0.392
  73 T   0.00000 0.00000 0.00001 0.00024 0.00322 0.02267 0.09701 0.25959 0.39739 0.21987 0.00000 ( 9)  0.257
  74 S   0.00000 0.00000 0.00000 0.00006 0.00180 0.02214 0.13067 0.36920 0.40567 0.07046 0.00000 ( 9)  0.205
  75 C   0.16367 0.16302 0.15959 0.15038 0.13264 0.10550 0.07176 0.03828 0.01343 0.00172 0.00000 ( 1)  0.025
  76 D   0.18903 0.18771 0.18084 0.16293 0.13071 0.08742 0.04436 0.01464 0.00230 0.00006 0.00000 ( 1)  0.015
  77 T   0.17547 0.17455 0.16973 0.15696 0.13304 0.09840 0.05918 0.02580 0.00645 0.00042 0.00000 ( 1)  0.019
  78 Q   0.00000 0.00000 0.00000 0.00001 0.00028 0.00410 0.03289 0.15455 0.40518 0.40299 0.00000 ( 9)  0.327
  79 K   0.00008 0.00385 0.02327 0.07171 0.14968 0.22809 0.25185 0.18679 0.07620 0.00848 0.00000 ( 7)  0.086
  80 Y   0.00010 0.00493 0.02957 0.08946 0.17949 0.25432 0.24798 0.14942 0.04250 0.00222 0.00000 ( 6)  0.070
  81 P   0.19791 0.19627 0.18776 0.16587 0.12763 0.07905 0.03518 0.00933 0.00100 0.00001 0.00000 ( 1)  0.013
  82 C   0.17050 0.16970 0.16551 0.15433 0.13313 0.10167 0.06458 0.03080 0.00897 0.00080 0.00000 ( 1)  0.022
  83 C   0.16963 0.16885 0.16476 0.15385 0.13313 0.10224 0.06553 0.03171 0.00944 0.00087 0.00000 ( 1)  0.022
  84 K   0.00000 0.00000 0.00000 0.00000 0.00004 0.00121 0.01660 0.11765 0.41026 0.45423 0.00000 (10)  0.346
  85 V   0.00000 0.00000 0.00000 0.00000 0.00001 0.00048 0.01100 0.11185 0.46321 0.41345 0.00000 ( 9)  0.339
  86 K   0.00008 0.00380 0.02295 0.07080 0.14807 0.22649 0.25170 0.18867 0.07839 0.00906 0.00000 ( 7)  0.087
  87 C   0.16879 0.16803 0.16404 0.15339 0.13311 0.10276 0.06643 0.03259 0.00991 0.00095 0.00000 ( 1)  0.022
  88 E   0.17059 0.16979 0.16558 0.15438 0.13314 0.10164 0.06449 0.03071 0.00890 0.00078 0.00000 ( 1)  0.022
  89 F   0.18642 0.18519 0.17875 0.16191 0.13137 0.08970 0.04716 0.01652 0.00287 0.00010 0.00000 ( 1)  0.016
  90 L   0.17333 0.17245 0.16789 0.15576 0.13296 0.09968 0.06147 0.02808 0.00772 0.00065 0.00000 ( 1)  0.021
  91 N   0.17917 0.17815 0.17281 0.15872 0.13262 0.09559 0.05510 0.02249 0.00508 0.00029 0.00000 ( 1)  0.018
  92 D   0.19441 0.19290 0.18506 0.16479 0.12896 0.08242 0.03873 0.01127 0.00143 0.00003 0.00000 ( 1)  0.013
  93 D   0.19035 0.18899 0.18188 0.16341 0.13031 0.08621 0.04295 0.01377 0.00206 0.00005 0.00000 ( 1)  0.015
  94 I   0.18306 0.18193 0.17601 0.16049 0.13205 0.09253 0.05084 0.01915 0.00377 0.00016 0.00000 ( 1)  0.017
  95 S   0.00009 0.00475 0.02853 0.08655 0.17462 0.25012 0.24882 0.15566 0.04780 0.00305 0.00000 ( 6)  0.073
  96 D   0.18892 0.18760 0.18075 0.16290 0.13076 0.08753 0.04447 0.01470 0.00231 0.00006 0.00000 ( 1)  0.015
  97 D   0.18996 0.18861 0.18158 0.16329 0.13045 0.08658 0.04336 0.01400 0.00211 0.00005 0.00000 ( 1)  0.015
  98 V   0.18995 0.18861 0.18158 0.16331 0.13049 0.08662 0.04335 0.01395 0.00208 0.00005 0.00000 ( 1)  0.015
  99 A   0.00000 0.00000 0.00000 0.00000 0.00000 0.00000 0.00004 0.00275 0.08115 0.91599 0.00008 (10)  0.468
 100 C   0.16477 0.16410 0.16055 0.15103 0.13275 0.10492 0.07061 0.03705 0.01267 0.00156 0.00000 ( 1)  0.024
 101 A   0.19267 0.19123 0.18371 0.16424 0.12959 0.08408 0.04052 0.01227 0.00166 0.00003 0.00000 ( 1)  0.014
 102 Q   0.00000 0.00000 0.00001 0.00032 0.00419 0.02866 0.11679 0.28899 0.38997 0.17106 0.00000 ( 9)  0.238
 103 R   0.00010 0.00496 0.02975 0.08994 0.18020 0.25475 0.24755 0.14850 0.04206 0.00220 0.00000 ( 6)  0.070
 104 I   0.19440 0.19289 0.18505 0.16478 0.12894 0.08242 0.03875 0.01130 0.00145 0.00003 0.00000 ( 1)  0.014
 105 F   0.18504 0.18385 0.17763 0.16136 0.13170 0.09091 0.04866 0.01754 0.00320 0.00012 0.00000 ( 1)  0.016
 106 D   0.00008 0.00390 0.02357 0.07256 0.15111 0.22936 0.25167 0.18497 0.07457 0.00821 0.00000 ( 7)  0.085
 107 L   0.00000 0.00002 0.00090 0.00913 0.04607 0.13997 0.26940 0.31520 0.18907 0.03024 0.00000 ( 8)  0.140
 108 K   0.17834 0.17734 0.17212 0.15834 0.13275 0.09625 0.05601 0.02318 0.00535 0.00031 0.00000 ( 1)  0.018
 109 G   0.19281 0.19136 0.18383 0.16432 0.12960 0.08398 0.04034 0.01212 0.00161 0.00003 0.00000 ( 1)  0.014
 110 F   0.18383 0.18268 0.17666 0.16086 0.13196 0.09193 0.04997 0.01847 0.00350 0.00014 0.00000 ( 1)  0.016
 111 Q   0.00000 0.00001 0.00037 0.00388 0.02113 0.07364 0.17759 0.29544 0.30519 0.12275 0.00000 ( 9)  0.201
 112 N   0.18163 0.18054 0.17484 0.15985 0.13227 0.09366 0.05240 0.02036 0.00424 0.00020 0.00000 ( 1)  0.017
 113 W   0.17241 0.17157 0.16718 0.15547 0.13334 0.10069 0.06258 0.02862 0.00761 0.00053 0.00000 ( 1)  0.021
 114 N   0.17606 0.17513 0.17022 0.15723 0.13294 0.09791 0.05851 0.02530 0.00628 0.00042 0.00000 ( 1)  0.019
 115 G   0.00000 0.00000 0.00000 0.00004 0.00128 0.01635 0.10307 0.32613 0.43823 0.11489 0.00000 ( 9)  0.227
 116 W   0.17241 0.17157 0.16718 0.15547 0.13334 0.10069 0.06258 0.02862 0.00761 0.00053 0.00000 ( 1)  0.021
 117 S   0.00000 0.00000 0.00000 0.00000 0.00000 0.00003 0.00118 0.02455 0.23159 0.74263 0.00002 (10)  0.426
 118 S   0.00000 0.00002 0.00062 0.00646 0.03381 0.10979 0.23501 0.32193 0.24068 0.05169 0.00000 ( 8)  0.160
 119 F   0.00009 0.00458 0.02755 0.08385 0.17036 0.24706 0.25063 0.16126 0.05129 0.00333 0.00000 ( 7)  0.075
 120 C   0.16586 0.16517 0.16150 0.15169 0.13287 0.10436 0.06950 0.03582 0.01187 0.00137 0.00000 ( 1)  0.024
 121 R   0.19824 0.19658 0.18796 0.16583 0.12729 0.07862 0.03499 0.00939 0.00107 0.00002 0.00000 ( 1)  0.013
 122 N   0.18093 0.17986 0.17426 0.15954 0.13239 0.09423 0.05317 0.02095 0.00446 0.00022 0.00000 ( 1)  0.018
 123 P   0.00000 0.00003 0.00101 0.01029 0.05149 0.15393 0.28699 0.31477 0.16373 0.01775 0.00000 ( 8)  0.129
 124 Q   0.17599 0.17506 0.17018 0.15726 0.13308 0.09810 0.05862 0.02522 0.00612 0.00037 0.00000 ( 1)  0.019
 125 N   0.17765 0.17667 0.17154 0.15798 0.13276 0.09671 0.05677 0.02388 0.00569 0.00036 0.00000 ( 1)  0.019
 126 L   0.16664 0.16592 0.16217 0.15213 0.13292 0.10392 0.06867 0.03498 0.01139 0.00127 0.00000 ( 1)  0.024
 127 P   0.20182 0.20002 0.19070 0.16688 0.12584 0.07512 0.03141 0.00752 0.00068 0.00001 0.00000 ( 1)  0.012
 128 N   0.17614 0.17521 0.17029 0.15726 0.13293 0.09785 0.05842 0.02523 0.00625 0.00041 0.00000 ( 1)  0.019
 129 L   0.16966 0.16888 0.16479 0.15387 0.13312 0.10221 0.06549 0.03167 0.00943 0.00088 0.00000 ( 1)  0.022
 130 S   0.00000 0.00003 0.00104 0.01057 0.05277 0.15696 0.29004 0.31328 0.15876 0.01655 0.00000 ( 8)  0.127
 131 V   0.00009 0.00476 0.02861 0.08680 0.17518 0.25094 0.24931 0.15502 0.04657 0.00271 0.00000 ( 6)  0.072
 132 A   0.00000 0.00000 0.00000 0.00000 0.00000 0.00021 0.00533 0.06401 0.35421 0.57623 0.00000 (10)  0.383
 133 C   0.16297 0.16233 0.15897 0.14996 0.13257 0.10587 0.07249 0.03908 0.01393 0.00183 0.00000 ( 1)  0.025
 134 N   0.17690 0.17594 0.17092 0.15763 0.13287 0.09730 0.05760 0.02453 0.00594 0.00038 0.00000 ( 1)  0.019
 135 I   0.18657 0.18533 0.17885 0.16193 0.13126 0.08952 0.04702 0.01650 0.00291 0.00010 0.00000 ( 1)  0.016
 136 N   0.00000 0.00002 0.00082 0.00840 0.04287 0.13283 0.26332 0.32012 0.19953 0.03209 0.00000 ( 8)  0.143
 137 T   0.00000 0.00000 0.00000 0.00000 0.00002 0.00066 0.00969 0.07798 0.33696 0.57468 0.00001 (10)  0.380
 138 V   0.19150 0.19010 0.18280 0.16386 0.13001 0.08519 0.04172 0.01296 0.00182 0.00004 0.00000 ( 1)  0.014
 139 T   0.00000 0.00002 0.00068 0.00699 0.03630 0.11617 0.24292 0.32142 0.22903 0.04647 0.00000 ( 8)  0.155
 140 P   0.20412 0.20222 0.19239 0.16739 0.12468 0.07278 0.02929 0.00659 0.00054 0.00000 0.00000 ( 1)  0.011
 141 L   0.16866 0.16790 0.16392 0.15329 0.13305 0.10277 0.06653 0.03277 0.01008 0.00101 0.00000 ( 1)  0.023
 142 S   0.00006 0.00324 0.01963 0.06120 0.13081 0.20840 0.24845 0.20892 0.10376 0.01553 0.00000 ( 7)  0.098
 143 R   0.00007 0.00337 0.02044 0.06351 0.13492 0.21245 0.24833 0.20299 0.09833 0.01558 0.00000 ( 7)  0.096
 144 L   0.00008 0.00429 0.02583 0.07906 0.16257 0.24084 0.25283 0.17133 0.05885 0.00432 0.00000 ( 7)  0.078
 145 F   0.00000 0.00000 0.00000 0.00000 0.00000 0.00004 0.00123 0.01979 0.18003 0.79885 0.00005 (10)  0.439
 146 A   0.00000 0.00000 0.00000 0.00000 0.00006 0.00167 0.02184 0.14369 0.44333 0.38942 0.00000 ( 9)  0.328
 147 S   0.00000 0.00000 0.00000 0.00000 0.00000 0.00000 0.00006 0.00299 0.07436 0.92242 0.00016 (10)  0.470
 148 A   0.00000 0.00000 0.00000 0.00000 0.00000 0.00007 0.00296 0.05021 0.34262 0.60414 0.00001 (10)  0.391
 149 -   0.00000 0.00000 0.00000 0.00000 0.00000 0.00000 0.00003 0.00141 0.04242 0.95556 0.00058 (10)  0.478
 150 -   0.00000 0.00000 0.00000 0.00001 0.00034 0.00484 0.03748 0.16737 0.40903 0.38094 0.00000 ( 9)  0.320
 151 -   0.00000 0.00000 0.00000 0.00000 0.00002 0.00068 0.00997 0.07897 0.33588 0.57445 0.00001 (10)  0.380
 152 Y   0.00000 0.00000 0.00000 0.00000 0.00001 0.00031 0.00758 0.08513 0.41372 0.49325 0.00000 (10)  0.361
 153 R   0.19062 0.18924 0.18209 0.16349 0.13021 0.08595 0.04269 0.01362 0.00203 0.00005 0.00000 ( 1)  0.014
 154 Q   0.00006 0.00298 0.01807 0.05660 0.12220 0.19819 0.24353 0.21585 0.11903 0.02349 0.00000 ( 7)  0.106
 155 -   0.00000 0.00001 0.00024 0.00254 0.01417 0.05179 0.13538 0.25708 0.33166 0.20714 0.00000 ( 9)  0.238
 156 -   0.00000 0.00000 0.00000 0.00013 0.00183 0.01355 0.06344 0.19648 0.38369 0.34087 0.00000 ( 9)  0.300

Positively selected sites

	Prob(w>1)  mean w



lnL = -3338.216095

Bayes Empirical Bayes (BEB) probabilities for 11 classes (class) & postmean_w
(amino acids refer to 1st sequence: Musca_domestica_lysc1)

   1 T   0.00011 0.01159 0.08362 0.18173 0.22248 0.19602 0.14022 0.08711 0.04890 0.02596 0.00227 ( 5)  0.520 +-  0.183
   2 S   0.01732 0.10439 0.23409 0.24957 0.18429 0.10971 0.05685 0.02678 0.01179 0.00508 0.00013 ( 4)  0.378 +-  0.167
   3 P   0.13120 0.20946 0.25050 0.18470 0.11000 0.05884 0.02976 0.01462 0.00708 0.00352 0.00030 ( 3)  0.287 +-  0.175
   4 A   0.93027 0.05427 0.01197 0.00268 0.00061 0.00014 0.00003 0.00001 0.00000 0.00000 0.00000 ( 1)  0.059 +-  0.037
   5 Y   0.32166 0.21986 0.19610 0.12595 0.06962 0.03553 0.01732 0.00821 0.00382 0.00182 0.00011 ( 1)  0.216 +-  0.168
   6 G   0.52125 0.24155 0.14262 0.06076 0.02240 0.00768 0.00254 0.00083 0.00027 0.00009 0.00000 ( 1)  0.136 +-  0.115
   7 K   0.97484 0.02126 0.00317 0.00058 0.00012 0.00003 0.00001 0.00000 0.00000 0.00000 0.00000 ( 1)  0.053 +-  0.020
   8 K   0.97600 0.02044 0.00292 0.00051 0.00010 0.00002 0.00001 0.00000 0.00000 0.00000 0.00000 ( 1)  0.053 +-  0.020
   9 Y   0.98071 0.01697 0.00198 0.00028 0.00004 0.00001 0.00000 0.00000 0.00000 0.00000 0.00000 ( 1)  0.052 +-  0.017
  10 L   0.95505 0.03830 0.00566 0.00084 0.00013 0.00002 0.00000 0.00000 0.00000 0.00000 0.00000 ( 1)  0.055 +-  0.026
  11 R   0.97655 0.02006 0.00280 0.00048 0.00009 0.00002 0.00000 0.00000 0.00000 0.00000 0.00000 ( 1)  0.053 +-  0.019
  12 C   0.96180 0.02983 0.00621 0.00155 0.00043 0.00013 0.00004 0.00001 0.00000 0.00000 0.00000 ( 1)  0.055 +-  0.028
  13 E   0.96366 0.02869 0.00575 0.00139 0.00037 0.00011 0.00003 0.00001 0.00000 0.00000 0.00000 ( 1)  0.055 +-  0.027
  14 L   0.95004 0.03621 0.00931 0.00288 0.00098 0.00036 0.00014 0.00005 0.00002 0.00001 0.00000 ( 1)  0.057 +-  0.036
  15 S   0.97301 0.02261 0.00353 0.00067 0.00014 0.00003 0.00001 0.00000 0.00000 0.00000 0.00000 ( 1)  0.053 +-  0.021
  16 R   0.94732 0.04329 0.00764 0.00141 0.00027 0.00005 0.00001 0.00000 0.00000 0.00000 0.00000 ( 1)  0.056 +-  0.030
  17 E   0.96677 0.02669 0.00500 0.00114 0.00029 0.00008 0.00002 0.00001 0.00000 0.00000 0.00000 ( 1)  0.054 +-  0.025
  18 L   0.96039 0.03041 0.00663 0.00177 0.00053 0.00017 0.00006 0.00002 0.00001 0.00000 0.00000 ( 1)  0.055 +-  0.029
  19 V   0.96380 0.02861 0.00571 0.00137 0.00036 0.00010 0.00003 0.00001 0.00000 0.00000 0.00000 ( 1)  0.055 +-  0.027
  20 E   0.98187 0.01606 0.00178 0.00024 0.00004 0.00001 0.00000 0.00000 0.00000 0.00000 0.00000 ( 1)  0.052 +-  0.016
  21 R   0.90893 0.06572 0.01814 0.00511 0.00148 0.00044 0.00013 0.00004 0.00001 0.00000 0.00000 ( 1)  0.063 +-  0.046
  22 Y   0.84426 0.11270 0.03251 0.00807 0.00190 0.00044 0.00010 0.00002 0.00001 0.00000 0.00000 ( 1)  0.071 +-  0.056
  23 K   0.90244 0.06868 0.02011 0.00604 0.00186 0.00059 0.00019 0.00006 0.00002 0.00001 0.00000 ( 1)  0.064 +-  0.049
  24 V   0.24517 0.22108 0.22332 0.15050 0.08363 0.04183 0.01969 0.00894 0.00397 0.00180 0.00009 ( 1)  0.239 +-  0.168
  25 N   0.76830 0.14283 0.05836 0.02050 0.00678 0.00220 0.00071 0.00023 0.00007 0.00003 0.00000 ( 1)  0.087 +-  0.080
  26 K   0.97185 0.02335 0.00381 0.00076 0.00017 0.00004 0.00001 0.00000 0.00000 0.00000 0.00000 ( 1)  0.053 +-  0.022
  27 T   0.97111 0.02389 0.00396 0.00080 0.00018 0.00004 0.00001 0.00000 0.00000 0.00000 0.00000 ( 1)  0.054 +-  0.022
  28 F   0.98068 0.01698 0.00200 0.00029 0.00005 0.00001 0.00000 0.00000 0.00000 0.00000 0.00000 ( 1)  0.052 +-  0.017
  29 L   0.96267 0.02927 0.00600 0.00149 0.00041 0.00012 0.00004 0.00001 0.00000 0.00000 0.00000 ( 1)  0.055 +-  0.028
  30 S   0.97344 0.02231 0.00344 0.00064 0.00013 0.00003 0.00001 0.00000 0.00000 0.00000 0.00000 ( 1)  0.053 +-  0.021
  31 N   0.97104 0.02389 0.00400 0.00082 0.00019 0.00005 0.00001 0.00000 0.00000 0.00000 0.00000 ( 1)  0.054 +-  0.023
  32 I   0.93463 0.05130 0.01090 0.00242 0.00056 0.00014 0.00004 0.00001 0.00000 0.00000 0.00000 ( 1)  0.058 +-  0.035
  33 C   0.95338 0.03459 0.00841 0.00244 0.00078 0.00026 0.00009 0.00003 0.00001 0.00000 0.00000 ( 1)  0.056 +-  0.033
  34 L   0.95905 0.03136 0.00693 0.00185 0.00055 0.00017 0.00006 0.00002 0.00001 0.00000 0.00000 ( 1)  0.055 +-  0.030
  35 I   0.97778 0.01913 0.00257 0.00042 0.00008 0.00002 0.00000 0.00000 0.00000 0.00000 0.00000 ( 1)  0.053 +-  0.019
  36 E   0.96366 0.02869 0.00575 0.00139 0.00037 0.00011 0.00003 0.00001 0.00000 0.00000 0.00000 ( 1)  0.055 +-  0.027
  37 H   0.99253 0.00710 0.00035 0.00002 0.00000 0.00000 0.00000 0.00000 0.00000 0.00000 0.00000 ( 1)  0.051 +-  0.009
  38 E   0.96366 0.02869 0.00575 0.00139 0.00037 0.00011 0.00003 0.00001 0.00000 0.00000 0.00000 ( 1)  0.055 +-  0.027
  39 S   0.98003 0.01747 0.00212 0.00031 0.00005 0.00001 0.00000 0.00000 0.00000 0.00000 0.00000 ( 1)  0.052 +-  0.017
  40 D   0.82421 0.12161 0.03923 0.01098 0.00293 0.00077 0.00021 0.00006 0.00002 0.00000 0.00000 ( 1)  0.075 +-  0.063
  41 R   0.98166 0.01617 0.00185 0.00027 0.00004 0.00001 0.00000 0.00000 0.00000 0.00000 0.00000 ( 1)  0.052 +-  0.016
  42 D   0.98171 0.01618 0.00182 0.00025 0.00004 0.00001 0.00000 0.00000 0.00000 0.00000 0.00000 ( 1)  0.052 +-  0.016
  43 T   0.97270 0.02279 0.00362 0.00070 0.00015 0.00004 0.00001 0.00000 0.00000 0.00000 0.00000 ( 1)  0.053 +-  0.021
  44 K   0.00358 0.04854 0.15340 0.21195 0.19984 0.15282 0.10303 0.06403 0.03760 0.02166 0.00355 ( 4)  0.467 +-  0.199
  45 K   0.91308 0.06330 0.01697 0.00471 0.00136 0.00041 0.00013 0.00004 0.00001 0.00000 0.00000 ( 1)  0.062 +-  0.045
  46 V   0.03023 0.13930 0.25941 0.24187 0.16199 0.08990 0.04437 0.02027 0.00877 0.00377 0.00011 ( 3)  0.350 +-  0.164
  47 T   0.98250 0.01557 0.00167 0.00022 0.00003 0.00001 0.00000 0.00000 0.00000 0.00000 0.00000 ( 1)  0.052 +-  0.016
  48 R   0.59676 0.20600 0.11698 0.05050 0.01925 0.00690 0.00240 0.00082 0.00028 0.00010 0.00000 ( 1)  0.123 +-  0.111
  49 L   0.95729 0.03211 0.00743 0.00212 0.00068 0.00024 0.00009 0.00003 0.00001 0.00001 0.00000 ( 1)  0.056 +-  0.032
  50 G   0.00094 0.03288 0.14538 0.23047 0.22405 0.16488 0.10193 0.05612 0.02850 0.01399 0.00086 ( 4)  0.461 +-  0.176
  51 N   0.96986 0.02469 0.00427 0.00090 0.00021 0.00005 0.00001 0.00000 0.00000 0.00000 0.00000 ( 1)  0.054 +-  0.023
  52 G   0.98295 0.01523 0.00159 0.00020 0.00003 0.00000 0.00000 0.00000 0.00000 0.00000 0.00000 ( 1)  0.052 +-  0.015
  53 V   0.88357 0.07738 0.02582 0.00870 0.00296 0.00103 0.00036 0.00013 0.00005 0.00002 0.00000 ( 1)  0.068 +-  0.057
  54 N   0.34681 0.22462 0.19093 0.11762 0.06270 0.03102 0.01474 0.00685 0.00314 0.00149 0.00010 ( 1)  0.204 +-  0.163
  55 K   0.97261 0.02282 0.00365 0.00071 0.00016 0.00004 0.00001 0.00000 0.00000 0.00000 0.00000 ( 1)  0.053 +-  0.022
  56 F   0.93189 0.05327 0.01154 0.00255 0.00058 0.00013 0.00003 0.00001 0.00000 0.00000 0.00000 ( 1)  0.059 +-  0.036
  57 G   0.97967 0.01777 0.00217 0.00032 0.00005 0.00001 0.00000 0.00000 0.00000 0.00000 0.00000 ( 1)  0.052 +-  0.017
  58 I   0.60057 0.22956 0.11213 0.04006 0.01253 0.00369 0.00106 0.00030 0.00009 0.00003 0.00000 ( 1)  0.115 +-  0.098
  59 F   0.97875 0.01844 0.00236 0.00037 0.00007 0.00001 0.00000 0.00000 0.00000 0.00000 0.00000 ( 1)  0.052 +-  0.018
  60 Q   0.97159 0.02360 0.00385 0.00075 0.00016 0.00004 0.00001 0.00000 0.00000 0.00000 0.00000 ( 1)  0.053 +-  0.022
  61 I   0.98506 0.01348 0.00128 0.00015 0.00002 0.00000 0.00000 0.00000 0.00000 0.00000 0.00000 ( 1)  0.052 +-  0.014
  62 S   0.98008 0.01744 0.00211 0.00031 0.00005 0.00001 0.00000 0.00000 0.00000 0.00000 0.00000 ( 1)  0.052 +-  0.017
  63 S   0.98009 0.01743 0.00210 0.00031 0.00005 0.00001 0.00000 0.00000 0.00000 0.00000 0.00000 ( 1)  0.052 +-  0.017
  64 K   0.91301 0.06347 0.01696 0.00467 0.00133 0.00039 0.00012 0.00004 0.00001 0.00000 0.00000 ( 1)  0.062 +-  0.044
  65 E   0.96454 0.02813 0.00553 0.00131 0.00034 0.00010 0.00003 0.00001 0.00000 0.00000 0.00000 ( 1)  0.055 +-  0.026
  66 C   0.95617 0.03302 0.00767 0.00214 0.00066 0.00022 0.00007 0.00003 0.00001 0.00000 0.00000 ( 1)  0.056 +-  0.032
  67 N   0.00005 0.00625 0.05496 0.14171 0.20161 0.20306 0.16379 0.11333 0.07001 0.04026 0.00497 ( 6)  0.563 +-  0.192
  68 D   0.00177 0.05029 0.18633 0.25360 0.21640 0.14249 0.08009 0.04062 0.01919 0.00885 0.00037 ( 4)  0.427 +-  0.168
  69 G   0.97904 0.01825 0.00229 0.00035 0.00006 0.00001 0.00000 0.00000 0.00000 0.00000 0.00000 ( 1)  0.052 +-  0.018
  70 S   0.10125 0.18076 0.24107 0.19672 0.12832 0.07431 0.04019 0.02087 0.01057 0.00544 0.00052 ( 3)  0.317 +-  0.185
  71 K   0.91392 0.06303 0.01669 0.00455 0.00128 0.00037 0.00011 0.00004 0.00001 0.00000 0.00000 ( 1)  0.062 +-  0.044
  72 V   0.00438 0.05865 0.17997 0.23622 0.20695 0.14394 0.08651 0.04708 0.02386 0.01175 0.00067 ( 4)  0.433 +-  0.179
  73 T   0.31115 0.21931 0.19967 0.12967 0.07190 0.03658 0.01770 0.00830 0.00382 0.00180 0.00011 ( 1)  0.219 +-  0.169
  74 S   0.33714 0.31779 0.21569 0.08865 0.02906 0.00849 0.00234 0.00063 0.00017 0.00005 0.00000 ( 1)  0.169 +-  0.117
  75 C   0.95473 0.03382 0.00805 0.00230 0.00072 0.00024 0.00008 0.00003 0.00001 0.00000 0.00000 ( 1)  0.056 +-  0.033
  76 D   0.98113 0.01663 0.00192 0.00027 0.00004 0.00001 0.00000 0.00000 0.00000 0.00000 0.00000 ( 1)  0.052 +-  0.017
  77 T   0.96913 0.02521 0.00442 0.00094 0.00022 0.00006 0.00001 0.00000 0.00000 0.00000 0.00000 ( 1)  0.054 +-  0.024
  78 Q   0.07729 0.15656 0.23240 0.20691 0.14439 0.08776 0.04892 0.02574 0.01300 0.00656 0.00048 ( 3)  0.340 +-  0.188
  79 K   0.91007 0.06503 0.01782 0.00501 0.00145 0.00043 0.00013 0.00004 0.00001 0.00000 0.00000 ( 1)  0.062 +-  0.046
  80 Y   0.93874 0.04906 0.00971 0.00197 0.00041 0.00009 0.00002 0.00000 0.00000 0.00000 0.00000 ( 1)  0.058 +-  0.033
  81 P   0.98697 0.01194 0.00098 0.00010 0.00001 0.00000 0.00000 0.00000 0.00000 0.00000 0.00000 ( 1)  0.051 +-  0.013
  82 C   0.96351 0.02876 0.00579 0.00141 0.00038 0.00011 0.00003 0.00001 0.00000 0.00000 0.00000 ( 1)  0.055 +-  0.027
  83 C   0.96253 0.02938 0.00603 0.00149 0.00041 0.00012 0.00004 0.00001 0.00000 0.00000 0.00000 ( 1)  0.055 +-  0.028
  84 K   0.02674 0.12487 0.24084 0.23654 0.16907 0.10117 0.05429 0.02713 0.01291 0.00612 0.00032 ( 3)  0.368 +-  0.174
  85 V   0.01237 0.12409 0.28110 0.26872 0.17008 0.08514 0.03681 0.01445 0.00531 0.00192 0.00002 ( 3)  0.348 +-  0.147
  86 K   0.90822 0.06594 0.01837 0.00525 0.00154 0.00047 0.00015 0.00005 0.00002 0.00001 0.00000 ( 1)  0.063 +-  0.046
  87 C   0.96155 0.02998 0.00627 0.00158 0.00044 0.00013 0.00004 0.00001 0.00000 0.00000 0.00000 ( 1)  0.055 +-  0.028
  88 E   0.96366 0.02869 0.00575 0.00139 0.00037 0.00011 0.00003 0.00001 0.00000 0.00000 0.00000 ( 1)  0.055 +-  0.027
  89 F   0.97910 0.01817 0.00230 0.00036 0.00006 0.00001 0.00000 0.00000 0.00000 0.00000 0.00000 ( 1)  0.052 +-  0.018
  90 L   0.96628 0.02693 0.00514 0.00120 0.00032 0.00009 0.00003 0.00001 0.00000 0.00000 0.00000 ( 1)  0.054 +-  0.026
  91 N   0.97260 0.02282 0.00365 0.00072 0.00016 0.00004 0.00001 0.00000 0.00000 0.00000 0.00000 ( 1)  0.053 +-  0.022
  92 D   0.98477 0.01374 0.00131 0.00015 0.00002 0.00000 0.00000 0.00000 0.00000 0.00000 0.00000 ( 1)  0.052 +-  0.014
  93 D   0.98205 0.01590 0.00176 0.00024 0.00004 0.00001 0.00000 0.00000 0.00000 0.00000 0.00000 ( 1)  0.052 +-  0.016
  94 I   0.97625 0.02027 0.00287 0.00050 0.00010 0.00002 0.00000 0.00000 0.00000 0.00000 0.00000 ( 1)  0.053 +-  0.019
  95 S   0.93436 0.05159 0.01094 0.00240 0.00055 0.00013 0.00003 0.00001 0.00000 0.00000 0.00000 ( 1)  0.058 +-  0.035
  96 D   0.98110 0.01666 0.00192 0.00027 0.00004 0.00001 0.00000 0.00000 0.00000 0.00000 0.00000 ( 1)  0.052 +-  0.017
  97 D   0.98184 0.01608 0.00179 0.00024 0.00004 0.00001 0.00000 0.00000 0.00000 0.00000 0.00000 ( 1)  0.052 +-  0.016
  98 V   0.98194 0.01602 0.00176 0.00024 0.00004 0.00001 0.00000 0.00000 0.00000 0.00000 0.00000 ( 1)  0.052 +-  0.016
  99 A   0.00001 0.00203 0.02732 0.09308 0.16384 0.19693 0.18531 0.14724 0.10315 0.06621 0.01487 ( 6)  0.626 +-  0.209
 100 C   0.95616 0.03301 0.00768 0.00215 0.00066 0.00022 0.00008 0.00003 0.00001 0.00000 0.00000 ( 1)  0.056 +-  0.032
 101 A   0.98370 0.01461 0.00147 0.00018 0.00003 0.00000 0.00000 0.00000 0.00000 0.00000 0.00000 ( 1)  0.052 +-  0.015
 102 Q   0.36946 0.23189 0.18845 0.11004 0.05524 0.02561 0.01136 0.00491 0.00209 0.00092 0.00004 ( 1)  0.192 +-  0.154
 103 R   0.93920 0.04873 0.00961 0.00194 0.00040 0.00009 0.00002 0.00000 0.00000 0.00000 0.00000 ( 1)  0.058 +-  0.033
 104 I   0.98471 0.01378 0.00132 0.00016 0.00002 0.00000 0.00000 0.00000 0.00000 0.00000 0.00000 ( 1)  0.052 +-  0.014
 105 F   0.97802 0.01898 0.00250 0.00040 0.00007 0.00001 0.00000 0.00000 0.00000 0.00000 0.00000 ( 1)  0.053 +-  0.018
 106 D   0.91152 0.06421 0.01741 0.00486 0.00140 0.00042 0.00013 0.00004 0.00001 0.00000 0.00000 ( 1)  0.062 +-  0.045
 107 L   0.78590 0.13458 0.05241 0.01810 0.00603 0.00200 0.00066 0.00022 0.00008 0.00003 0.00000 ( 1)  0.083 +-  0.076
 108 K   0.97190 0.02332 0.00380 0.00076 0.00017 0.00004 0.00001 0.00000 0.00000 0.00000 0.00000 ( 1)  0.053 +-  0.022
 109 G   0.98392 0.01445 0.00143 0.00017 0.00002 0.00000 0.00000 0.00000 0.00000 0.00000 0.00000 ( 1)  0.052 +-  0.015
 110 F   0.97705 0.01970 0.00269 0.00045 0.00008 0.00002 0.00000 0.00000 0.00000 0.00000 0.00000 ( 1)  0.053 +-  0.019
 111 Q   0.60344 0.17342 0.11035 0.05902 0.02908 0.01370 0.00629 0.00284 0.00127 0.00058 0.00003 ( 1)  0.133 +-  0.133
 112 N   0.97491 0.02121 0.00315 0.00058 0.00012 0.00003 0.00001 0.00000 0.00000 0.00000 0.00000 ( 1)  0.053 +-  0.020
 113 W   0.96638 0.02713 0.00503 0.00111 0.00026 0.00007 0.00002 0.00000 0.00000 0.00000 0.00000 ( 1)  0.054 +-  0.025
 114 N   0.96958 0.02488 0.00433 0.00092 0.00022 0.00006 0.00002 0.00000 0.00000 0.00000 0.00000 ( 1)  0.054 +-  0.023
 115 G   0.26835 0.29836 0.24271 0.11977 0.04696 0.01629 0.00527 0.00164 0.00050 0.00016 0.00000 ( 2)  0.196 +-  0.130
 116 W   0.96638 0.02713 0.00503 0.00111 0.00026 0.00007 0.00002 0.00000 0.00000 0.00000 0.00000 ( 1)  0.054 +-  0.025
 117 S   0.00063 0.02362 0.11276 0.19565 0.21120 0.17511 0.12368 0.07880 0.04681 0.02701 0.00472 ( 5)  0.504 +-  0.198
 118 S   0.72119 0.15667 0.07449 0.03005 0.01128 0.00409 0.00146 0.00052 0.00018 0.00007 0.00000 ( 1)  0.098 +-  0.094
 119 F   0.93107 0.05375 0.01177 0.00263 0.00060 0.00014 0.00003 0.00001 0.00000 0.00000 0.00000 ( 1)  0.059 +-  0.036
 120 C   0.95768 0.03219 0.00728 0.00198 0.00059 0.00019 0.00006 0.00002 0.00001 0.00000 0.00000 ( 1)  0.056 +-  0.031
 121 R   0.98672 0.01211 0.00104 0.00011 0.00001 0.00000 0.00000 0.00000 0.00000 0.00000 0.00000 ( 1)  0.051 +-  0.013
 122 N   0.97429 0.02165 0.00328 0.00061 0.00013 0.00003 0.00001 0.00000 0.00000 0.00000 0.00000 ( 1)  0.053 +-  0.021
 123 P   0.81140 0.12716 0.04359 0.01289 0.00360 0.00099 0.00027 0.00007 0.00002 0.00001 0.00000 ( 1)  0.077 +-  0.066
 124 Q   0.96990 0.02475 0.00423 0.00087 0.00020 0.00005 0.00001 0.00000 0.00000 0.00000 0.00000 ( 1)  0.054 +-  0.023
 125 N   0.97105 0.02387 0.00401 0.00083 0.00019 0.00005 0.00001 0.00000 0.00000 0.00000 0.00000 ( 1)  0.054 +-  0.023
 126 L   0.95862 0.03163 0.00704 0.00189 0.00056 0.00018 0.00006 0.00002 0.00001 0.00000 0.00000 ( 1)  0.056 +-  0.030
 127 P   0.98899 0.01022 0.00072 0.00006 0.00001 0.00000 0.00000 0.00000 0.00000 0.00000 0.00000 ( 1)  0.051 +-  0.012
 128 N   0.96965 0.02483 0.00432 0.00091 0.00022 0.00006 0.00002 0.00000 0.00000 0.00000 0.00000 ( 1)  0.054 +-  0.023
 129 L   0.96255 0.02936 0.00603 0.00149 0.00041 0.00012 0.00004 0.00001 0.00000 0.00000 0.00000 ( 1)  0.055 +-  0.028
 130 S   0.81629 0.12512 0.04189 0.01212 0.00333 0.00091 0.00025 0.00007 0.00002 0.00001 0.00000 ( 1)  0.077 +-  0.065
 131 V   0.93519 0.05125 0.01066 0.00226 0.00049 0.00011 0.00003 0.00001 0.00000 0.00000 0.00000 ( 1)  0.058 +-  0.035
 132 A   0.00526 0.06842 0.20118 0.24975 0.20493 0.13271 0.07408 0.03747 0.01769 0.00817 0.00034 ( 4)  0.413 +-  0.171
 133 C   0.95380 0.03434 0.00830 0.00240 0.00076 0.00026 0.00009 0.00003 0.00001 0.00000 0.00000 ( 1)  0.056 +-  0.033
 134 N   0.97040 0.02432 0.00414 0.00086 0.00020 0.00005 0.00001 0.00000 0.00000 0.00000 0.00000 ( 1)  0.054 +-  0.023
 135 I   0.97903 0.01819 0.00233 0.00037 0.00007 0.00001 0.00000 0.00000 0.00000 0.00000 0.00000 ( 1)  0.052 +-  0.018
 136 N   0.77289 0.14068 0.05675 0.01985 0.00660 0.00216 0.00071 0.00024 0.00008 0.00003 0.00000 ( 1)  0.086 +-  0.079
 137 T   0.01370 0.07832 0.18319 0.21737 0.18710 0.13444 0.08639 0.05156 0.02923 0.01637 0.00233 ( 4)  0.431 +-  0.198
 138 V   0.98299 0.01519 0.00159 0.00020 0.00003 0.00000 0.00000 0.00000 0.00000 0.00000 0.00000 ( 1)  0.052 +-  0.015
 139 T   0.73659 0.15188 0.06914 0.02699 0.00991 0.00355 0.00127 0.00045 0.00016 0.00006 0.00000 ( 1)  0.094 +-  0.090
 140 P   0.99007 0.00929 0.00059 0.00005 0.00000 0.00000 0.00000 0.00000 0.00000 0.00000 0.00000 ( 1)  0.051 +-  0.011
 141 L   0.96121 0.03012 0.00637 0.00163 0.00046 0.00014 0.00004 0.00001 0.00001 0.00000 0.00000 ( 1)  0.055 +-  0.029
 142 S   0.88632 0.07647 0.02504 0.00819 0.00268 0.00088 0.00029 0.00010 0.00003 0.00001 0.00000 ( 1)  0.067 +-  0.055
 143 R   0.89118 0.07354 0.02353 0.00773 0.00261 0.00091 0.00032 0.00012 0.00004 0.00002 0.00000 ( 1)  0.066 +-  0.054
 144 L   0.92435 0.05783 0.01358 0.00322 0.00077 0.00019 0.00005 0.00001 0.00000 0.00000 0.00000 ( 1)  0.060 +-  0.039
 145 F   0.00078 0.01608 0.07391 0.14200 0.17932 0.17765 0.15038 0.11390 0.07915 0.05208 0.01476 ( 5)  0.571 +-  0.227
 146 A   0.03701 0.15392 0.26587 0.23511 0.15225 0.08315 0.04107 0.01908 0.00853 0.00385 0.00017 ( 3)  0.340 +-  0.166
 147 S   0.00001 0.00171 0.01970 0.06644 0.12428 0.16543 0.17695 0.16246 0.13270 0.09928 0.05104 ( 7)  0.697 +-  0.262
 148 A   0.00198 0.05373 0.19155 0.25322 0.21223 0.13889 0.07850 0.04045 0.01960 0.00934 0.00052 ( 4)  0.424 +-  0.170
 149 -   0.00000 0.00042 0.00573 0.02473 0.06019 0.10397 0.14277 0.16593 0.16888 0.15413 0.17325 (11)  0.894 +-  0.450
 150 -   0.08943 0.16722 0.23289 0.19837 0.13528 0.08214 0.04675 0.02564 0.01376 0.00751 0.00102 ( 3)  0.333 +-  0.193
 151 -   0.01417 0.07888 0.18181 0.21478 0.18551 0.13450 0.08749 0.05293 0.03038 0.01718 0.00237 ( 4)  0.433 +-  0.200
 152 Y   0.00799 0.09374 0.24532 0.26800 0.19176 0.10736 0.05140 0.02212 0.00883 0.00344 0.00005 ( 4)  0.376 +-  0.155
 153 R   0.98220 0.01579 0.00173 0.00023 0.00004 0.00001 0.00000 0.00000 0.00000 0.00000 0.00000 ( 1)  0.052 +-  0.016
 154 Q   0.87247 0.08128 0.02923 0.01067 0.00395 0.00148 0.00056 0.00022 0.00008 0.00003 0.00000 ( 1)  0.070 +-  0.063
 155 -   0.49447 0.17170 0.13344 0.08682 0.05179 0.02940 0.01618 0.00872 0.00463 0.00252 0.00034 ( 1)  0.178 +-  0.173
 156 -   0.20192 0.17708 0.20069 0.16105 0.10951 0.06781 0.03962 0.02229 0.01222 0.00680 0.00101 ( 1)  0.291 +-  0.204

Positively selected sites

	Prob(w>1)  mean w

