

NSsites Model 0: one-ratio

TREE # 1

  0  0.0000   3855.091622  x:  0.21903   0.27591   0.29463   0.12205   0.00000   0.09513   0.15248   0.09684   0.13942   0.07066   0.08178   0.06488   0.13540   0.08879   0.08871   0.11169   0.03383   0.09419   0.02432   0.08559   0.06503   0.05288   0.08548   0.03810   0.09979   0.00843   0.11183   0.06018   0.01838   0.15444   0.11769   0.09292   0.12246   0.03217   0.04567   1.05910   1.32430   0.79977   1.90681   0.49441  
  1 99.0000   3561.397049  x:  0.27395   0.34448   0.41012   0.27752   1.39827   0.19672   0.26272   0.12684   0.15890   0.36262   0.08312   0.06456   0.18542   0.04555   0.10306   0.14290   0.20780   0.15670   0.00935   0.07295   0.04892   0.00000   0.13779   0.17246   0.10254   0.18446   0.11797   0.05789   0.23695   0.27562   0.18472   0.25376   0.16383   0.05183   0.01578   1.18383   1.32877   0.85662   1.88960   0.07720  
  2 1902.9109   3555.886101  x:  0.27510   0.34639   0.41254   0.27941   1.41424   0.19807   0.26480   0.12696   0.15907   0.36602   0.08261   0.06469   0.18659   0.04508   0.10354   0.14353   0.20913   0.15745   0.01063   0.07282   0.05085   0.02421   0.13826   0.17344   0.10234   0.18501   0.11811   0.05766   0.23875   0.27769   0.18570   0.25596   0.16435   0.05203   0.01656   1.18644   1.32885   0.85775   1.88919   0.07233  
  3 1584.5672   3552.611822  x:  0.27936   0.35513   0.42143   0.28120   1.42168   0.19998   0.27144   0.12545   0.15891   0.36806   0.07871   0.06493   0.19131   0.04450   0.10627   0.14507   0.20430   0.15791   0.01846   0.06897   0.05435   0.02561   0.13763   0.17008   0.10071   0.17505   0.11868   0.05615   0.23483   0.28344   0.18763   0.25954   0.16484   0.05179   0.02385   1.19554   1.32898   0.86146   1.88758   0.08873  
  4 233.0807   3532.551943  x:  0.34140   0.48798   0.55357   0.29587   1.44651   0.22123   0.36807   0.09669   0.15301   0.37939   0.01272   0.06610   0.26046   0.03633   0.14628   0.16594   0.11297   0.15895   0.08608   0.00841   0.10054   0.01923   0.12266   0.10455   0.07494   0.00000   0.12659   0.03297   0.15427   0.36495   0.21148   0.30345   0.16701   0.03799   0.11060   1.34053   1.33158   0.92089   1.86168   0.06110  
  5 471.0925   3531.800724  x:  0.34431   0.49436   0.55994   0.29636   1.44614   0.22220   0.37262   0.09523   0.15271   0.37960   0.00942   0.06619   0.26367   0.03592   0.14805   0.16696   0.10861   0.15893   0.08803   0.00708   0.10230   0.01899   0.12197   0.10134   0.07436   0.00198   0.12697   0.03247   0.15002   0.36876   0.21252   0.30536   0.16698   0.03705   0.11385   1.34763   1.33171   0.92382   1.86039   0.06015  
  6 485.5421   3526.747791  x:  0.35165   0.51136   0.57751   0.29733   1.44562   0.22519   0.38459   0.09111   0.15206   0.38016   0.00000   0.06665   0.27146   0.03433   0.15155   0.16995   0.09956   0.15887   0.08374   0.01731   0.10326   0.01877   0.12073   0.09357   0.07694   0.00212   0.12799   0.03543   0.13832   0.37887   0.21508   0.31026   0.16627   0.03287   0.11531   1.36793   1.33208   0.93229   1.85667   0.06044  
  7 670.2500   3515.675923  x:  0.37569   0.57144   0.64209   0.29901   1.44295   0.23831   0.42592   0.07640   0.15077   0.38178   0.00000   0.06725   0.29559   0.02674   0.15908   0.17607   0.07367   0.15824   0.03665   0.00361   0.09374   0.02146   0.11935   0.07274   0.09505   0.00148   0.13074   0.04813   0.09642   0.41387   0.22359   0.32629   0.16171   0.01933   0.09653   1.44545   1.33353   0.96517   1.84211   0.07019  
  8 699.2403   3508.338534  x:  0.39216   0.62186   0.70027   0.29630   1.42902   0.25313   0.45820   0.06591   0.15259   0.38096   0.00000   0.06436   0.31048   0.02492   0.15952   0.17145   0.09814   0.15676   0.01299   0.00359   0.07833   0.02311   0.12572   0.07952   0.09513   0.00165   0.12992   0.02167   0.06706   0.44150   0.23144   0.33678   0.15719   0.05246   0.07737   1.51783   1.33498   0.99660   1.82769   0.07495  
  9 283.3794   3503.692105  x:  0.39986   0.65278   0.73877   0.29213   1.41645   0.26395   0.47652   0.06009   0.15514   0.37976   0.00000   0.06151   0.31614   0.02611   0.15592   0.16559   0.12192   0.15551   0.02388   0.00000   0.06566   0.02368   0.13270   0.09347   0.09672   0.00152   0.12906   0.03701   0.05561   0.45778   0.23651   0.34139   0.15332   0.06499   0.05643   1.56751   1.33600   1.01861   1.81737   0.07469  
 10 345.3989   3499.506938  x:  0.40037   0.68326   0.78505   0.28148   1.40234   0.28243   0.49040   0.05807   0.16184   0.37891   0.00000   0.05130   0.31186   0.02869   0.14281   0.14045   0.11388   0.15307   0.03704   0.00235   0.05992   0.02411   0.14583   0.12914   0.08549   0.00156   0.12456   0.02913   0.06926   0.47071   0.24377   0.34156   0.14867   0.05443   0.02146   1.63235   1.33752   1.04865   1.80276   0.07638  
 11 193.2809   3495.836953  x:  0.38774   0.70840   0.83907   0.26020   1.38537   0.30635   0.49448   0.05664   0.17137   0.37815   0.00000   0.04319   0.29329   0.04049   0.12039   0.11371   0.11175   0.15294   0.01985   0.00354   0.07368   0.02329   0.16286   0.17276   0.09025   0.00139   0.11980   0.04420   0.10679   0.47564   0.25008   0.33538   0.14444   0.05736   0.04646   1.71432   1.33962   1.08834   1.78261   0.07754  
 12 141.6487   3493.591019  x:  0.36304   0.71206   0.87564   0.23522   1.37904   0.32088   0.48307   0.05009   0.17417   0.37870   0.00000   0.05653   0.27162   0.04634   0.11038   0.12748   0.12519   0.15704   0.02541   0.00195   0.07326   0.02286   0.16684   0.17658   0.11578   0.00121   0.12138   0.02902   0.12771   0.46572   0.24536   0.32646   0.13857   0.03653   0.05741   1.77702   1.34130   1.12100   1.76500   0.07767  
 13 85.7235   3489.616916  x:  0.28476   0.69452   0.94877   0.16712   1.38317   0.34350   0.43592   0.04069   0.17433   0.38405   0.00000   0.06579   0.22230   0.04173   0.11770   0.16720   0.11934   0.16310   0.02757   0.00194   0.06565   0.02327   0.15319   0.14687   0.08370   0.00170   0.13127   0.03490   0.15467   0.42285   0.22209   0.30620   0.12915   0.05158   0.05460   1.91291   1.34460   1.19668   1.72265   0.08303  
 14 90.0921   3488.311070  x:  0.25026   0.67906   0.97456   0.13850   1.38733   0.34216   0.41556   0.05097   0.17416   0.38668   0.00000   0.04256   0.22086   0.03919   0.12802   0.15850   0.12585   0.15821   0.03125   0.00209   0.08163   0.02231   0.14170   0.12906   0.09297   0.00177   0.12381   0.03432   0.15198   0.40383   0.21551   0.30438   0.14017   0.05429   0.04863   1.96073   1.34525   1.22691   1.70501   0.08487  
 15 67.9043   3487.556794  x:  0.22538   0.65889   0.99110   0.11811   1.39082   0.32905   0.40017   0.06393   0.17226   0.38804   0.00000   0.05050   0.24170   0.03719   0.12920   0.14314   0.12790   0.15341   0.03179   0.00280   0.06635   0.02326   0.14591   0.12808   0.08973   0.00178   0.11944   0.03466   0.13926   0.39195   0.21544   0.30778   0.15808   0.04760   0.05790   1.98835   1.34461   1.25063   1.69020   0.08570  
 16 35.9946   3487.245518  x:  0.21770   0.64541   0.99917   0.11058   1.39261   0.31514   0.39299   0.06782   0.16947   0.38801   0.00000   0.06020   0.25454   0.04276   0.12530   0.14484   0.12688   0.15623   0.03122   0.00277   0.07754   0.02250   0.15299   0.13437   0.08947   0.00169   0.12531   0.03546   0.12989   0.38850   0.21754   0.30831   0.16218   0.04900   0.05378   1.99797   1.34306   1.26468   1.68103   0.08630  
 17 25.7744   3486.990411  x:  0.22112   0.63122   1.00689   0.10834   1.39414   0.29606   0.38893   0.06907   0.16693   0.38731   0.00000   0.05391   0.25705   0.03691   0.11704   0.15019   0.12205   0.16085   0.03346   0.00310   0.07464   0.02266   0.15504   0.14013   0.09489   0.00160   0.12701   0.03524   0.12402   0.38893   0.22235   0.30543   0.15701   0.05285   0.05518   2.00111   1.33946   1.28092   1.67006   0.08633  
 18 15.2527   3486.657417  x:  0.23290   0.61206   1.01767   0.10761   1.39518   0.27098   0.38646   0.07105   0.16546   0.38616   0.00000   0.04648   0.25401   0.04660   0.12084   0.15550   0.12504   0.16249   0.03163   0.00302   0.07076   0.02297   0.15432   0.14406   0.09222   0.00161   0.12405   0.03520   0.11977   0.39197   0.22996   0.30162   0.14806   0.04796   0.05767   2.00171   1.33275   1.30549   1.65322   0.08707  
 19 28.6571   3486.191187  x:  0.25526   0.58683   1.03101   0.10688   1.39398   0.24935   0.38725   0.07659   0.16775   0.38447   0.00000   0.05643   0.24311   0.03455   0.12650   0.15349   0.13320   0.15602   0.02921   0.00300   0.07641   0.02265   0.15105   0.14252   0.08929   0.00166   0.11890   0.03677   0.11937   0.39709   0.23908   0.30047   0.14103   0.04367   0.05732   1.99733   1.32095   1.34150   1.62799   0.08781  
 20 30.7232   3485.643455  x:  0.28382   0.55836   1.04327   0.10453   1.39175   0.24537   0.39014   0.08400   0.17157   0.38311   0.00000   0.06806   0.23338   0.04118   0.13265   0.14917   0.12874   0.15038   0.03193   0.00372   0.07110   0.02288   0.14667   0.13483   0.10165   0.00153   0.12431   0.03843   0.12438   0.40080   0.24585   0.30564   0.14451   0.05411   0.05268   1.98593   1.30349   1.38675   1.59547   0.08748  
 21 34.3683   3484.545427  x:  0.33419   0.51495   1.05870   0.09748   1.38282   0.27360   0.39602   0.08564   0.17039   0.38097   0.00000   0.06059   0.23832   0.04354   0.11357   0.15877   0.14425   0.16426   0.02767   0.00382   0.06936   0.02294   0.14281   0.11790   0.09699   0.00169   0.13585   0.04199   0.12838   0.40205   0.24445   0.32116   0.16417   0.04688   0.05042   1.95483   1.26329   1.47379   1.53111   0.08795  
 22 37.1790   3483.689507  x:  0.35537   0.49858   1.06058   0.09130   1.37996   0.30490   0.39667   0.06630   0.16199   0.38207   0.00000   0.05760   0.25240   0.04053   0.12410   0.17215   0.14587   0.16006   0.02640   0.00448   0.06961   0.02286   0.15658   0.12644   0.10374   0.00162   0.11350   0.04590   0.12004   0.39802   0.22508   0.32123   0.16095   0.04729   0.05031   1.92825   1.22711   1.53526   1.48338   0.08784  
 23 33.3913   3483.197084  x:  0.34900   0.50934   1.05372   0.08992   1.38092   0.31364   0.40000   0.05595   0.16475   0.38557   0.00000   0.05284   0.25587   0.03708   0.13158   0.16592   0.15151   0.15174   0.02513   0.00507   0.06828   0.02298   0.15976   0.13117   0.10695   0.00159   0.13415   0.04704   0.10879   0.39736   0.21173   0.31138   0.14907   0.04221   0.05369   1.91415   1.20079   1.56421   1.45821   0.08788  
 24 21.1527   3482.028565  x:  0.29518   0.57583   1.02315   0.09522   1.38225   0.30530   0.41790   0.05411   0.18309   0.39319   0.00000   0.06344   0.25111   0.04606   0.11483   0.15912   0.15889   0.16686   0.02373   0.00613   0.06673   0.02298   0.15149   0.11883   0.11205   0.00165   0.12183   0.05194   0.09203   0.40849   0.20677   0.28772   0.13872   0.04279   0.05020   1.89031   1.13036   1.61200   1.40839   0.08791  
 25 21.8830   3481.101664  x:  0.24411   0.63979   0.99666   0.10676   1.37483   0.28688   0.42683   0.05225   0.17475   0.38955   0.00000   0.06089   0.24638   0.04079   0.12269   0.18272   0.16626   0.15787   0.01914   0.00609   0.06336   0.02323   0.15123   0.12237   0.11704   0.00167   0.12489   0.05527   0.10265   0.42053   0.22657   0.29118   0.16252   0.04203   0.04549   1.88060   1.07123   1.63869   1.37346   0.08796  
 26 35.3315   3480.768625  x:  0.23827   0.65941   0.99152   0.12229   1.37187   0.28428   0.41499   0.06852   0.15724   0.37916   0.00000   0.06204   0.24144   0.04025   0.12501   0.18096   0.16910   0.16456   0.01846   0.00636   0.06228   0.02327   0.15997   0.11820   0.11909   0.00166   0.12594   0.05642   0.10242   0.41471   0.22475   0.31583   0.14747   0.04120   0.04532   1.89745   1.05345   1.62557   1.36985   0.08777  
 27  9.2026   3480.401911  x:  0.24641   0.66747   0.99071   0.13639   1.36969   0.28259   0.39549   0.06101   0.16856   0.37459   0.00000   0.06345   0.24663   0.04456   0.11370   0.18432   0.17102   0.14951   0.01771   0.00657   0.06235   0.02320   0.15081   0.11757   0.11961   0.00171   0.12371   0.05766   0.09835   0.40597   0.22888   0.33261   0.14011   0.04083   0.04450   1.93413   1.04299   1.58671   1.37455   0.08774  
 28  9.7550   3479.878937  x:  0.26191   0.66662   0.99196   0.14602   1.36228   0.28461   0.38303   0.05261   0.18864   0.37464   0.00000   0.06553   0.25352   0.03940   0.12821   0.18552   0.17360   0.16960   0.01591   0.00700   0.06118   0.02319   0.14309   0.12443   0.12374   0.00175   0.12540   0.05972   0.09336   0.40031   0.23894   0.33396   0.14312   0.03969   0.04333   1.99656   1.03536   1.51518   1.38579   0.08715  
 29 22.1565   3478.821018  x:  0.28700   0.64305   1.00020   0.14078   1.35171   0.29239   0.41300   0.06432   0.17495   0.38673   0.00000   0.06274   0.25620   0.04080   0.12474   0.19502   0.17895   0.16010   0.01378   0.00754   0.06004   0.02303   0.16149   0.11229   0.12624   0.00190   0.12607   0.06305   0.08398   0.41365   0.24355   0.29651   0.14988   0.03879   0.03999   2.12494   1.03546   1.35812   1.41125   0.08653  
 30 26.6909   3478.597305  x:  0.28695   0.63708   1.00647   0.13248   1.34979   0.28620   0.42432   0.04793   0.16196   0.38734   0.00000   0.06453   0.25270   0.04230   0.12224   0.18763   0.18030   0.16287   0.01357   0.00774   0.05999   0.02300   0.15628   0.11137   0.12711   0.00196   0.12594   0.06362   0.08528   0.42270   0.23506   0.30216   0.15281   0.03893   0.03885   2.14620   1.04280   1.32755   1.41433   0.08658  
 31 16.0038   3478.417614  x:  0.27982   0.63418   1.02036   0.11922   1.34582   0.28180   0.44006   0.05111   0.17165   0.38598   0.00000   0.06271   0.25221   0.04164   0.12317   0.19410   0.17996   0.16220   0.01251   0.00768   0.05961   0.02297   0.15356   0.11652   0.12755   0.00196   0.12571   0.06373   0.08712   0.43341   0.22029   0.31918   0.14899   0.03829   0.03873   2.15394   1.06045   1.30749   1.41285   0.08614  
 32  8.9482   3478.026534  x:  0.26126   0.65102   1.08463   0.10492   1.34060   0.28790   0.43882   0.04137   0.17893   0.37558   0.00000   0.05876   0.25249   0.04088   0.12437   0.19104   0.18030   0.16188   0.01202   0.00784   0.05947   0.02282   0.17218   0.10377   0.12752   0.00204   0.12579   0.06438   0.08599   0.44101   0.24216   0.32693   0.13923   0.03842   0.03652   2.14041   1.12927   1.29067   1.39788   0.08436  
 33  5.7067   3477.736242  x:  0.25641   0.67188   1.13640   0.10448   1.33536   0.29424   0.43503   0.05224   0.16537   0.37680   0.00000   0.06263   0.25269   0.04139   0.12377   0.19346   0.17896   0.16095   0.01094   0.00802   0.05959   0.02265   0.15181   0.11489   0.12800   0.00202   0.12562   0.06498   0.07915   0.43603   0.24532   0.31914   0.14122   0.03770   0.03598   2.13037   1.17500   1.28977   1.38946   0.08304  
 34 12.8021   3477.531000  x:  0.26319   0.69006   1.16825   0.11511   1.32639   0.28118   0.43249   0.05316   0.16621   0.39149   0.00000   0.06243   0.25708   0.04059   0.12404   0.19274   0.17864   0.16164   0.01083   0.00794   0.05932   0.02259   0.15861   0.10956   0.12773   0.00206   0.12576   0.06493   0.08886   0.42726   0.22490   0.31289   0.15294   0.03898   0.03361   2.13139   1.18769   1.30795   1.39501   0.08232  
 35  6.0229   3476.936459  x:  0.26626   0.70299   1.20815   0.11405   1.31009   0.28524   0.44511   0.04905   0.17014   0.40122   0.00000   0.05856   0.23820   0.04140   0.12325   0.19066   0.17190   0.16028   0.01392   0.00860   0.06199   0.02203   0.16804   0.11474   0.12499   0.00208   0.12480   0.06417   0.06444   0.43235   0.22610   0.32493   0.16757   0.03784   0.03571   2.15859   1.15360   1.40919   1.45364   0.08061  
 36  4.9018   3475.893255  x:  0.26846   0.72176   1.27161   0.09922   1.27612   0.29505   0.47301   0.04604   0.16563   0.39988   0.00000   0.05817   0.27584   0.03774   0.12886   0.18538   0.16603   0.15905   0.01743   0.00898   0.06368   0.02135   0.15384   0.10833   0.12185   0.00230   0.12571   0.06271   0.08027   0.45686   0.24127   0.33184   0.14756   0.04210   0.03365   2.21407   1.08226   1.60241   1.56668   0.07808  
 37 38.7677   3475.760287  x:  0.27228   0.72526   1.25983   0.10763   1.27866   0.29501   0.47513   0.04593   0.16858   0.36837   0.00000   0.05785   0.27785   0.03765   0.12896   0.18452   0.16513   0.15868   0.01835   0.00911   0.06409   0.02127   0.15342   0.10779   0.12127   0.00234   0.12584   0.06253   0.08032   0.46453   0.23168   0.32332   0.15439   0.04255   0.03375   2.23148   1.09608   1.63167   1.57315   0.07847  
 38  3.9982   3475.315647  x:  0.28917   0.74069   1.16657   0.12024   1.25806   0.29838   0.48171   0.04644   0.16402   0.39138   0.00000   0.05690   0.28387   0.03668   0.12966   0.18273   0.16395   0.15805   0.02066   0.00963   0.06470   0.02105   0.15125   0.10844   0.12051   0.00252   0.12580   0.06266   0.08030   0.47407   0.24072   0.33231   0.14829   0.04345   0.03417   2.30500   1.20088   1.73964   1.58662   0.08079  
 39  4.3557   3473.593858  x:  0.27222   0.75213   1.23489   0.11164   1.20760   0.29932   0.54554   0.03468   0.16716   0.37177   0.00000   0.05601   0.27549   0.03783   0.12269   0.17428   0.16264   0.15850   0.02093   0.01130   0.06096   0.02145   0.15382   0.11949   0.12499   0.00321   0.12341   0.06613   0.08752   0.38654   0.25934   0.33542   0.13973   0.04455   0.02651   2.40036   1.35595   1.99605   1.92704   0.08694  
 40  2.3615   3471.460135  x:  0.24627   0.76323   1.34371   0.09189   1.13184   0.32313   0.47529   0.04467   0.16701   0.38933   0.00000   0.05253   0.25570   0.03869   0.11490   0.16533   0.16022   0.15858   0.02068   0.01342   0.05597   0.02200   0.15861   0.12847   0.13157   0.00398   0.12210   0.06916   0.09054   0.47678   0.24128   0.32165   0.14420   0.04553   0.01684   2.51052   1.53301   2.31290   2.37083   0.09397  
 41 36.8417   3471.217914  x:  0.26753   0.78275   1.34761   0.05227   1.12802   0.31572   0.46517   0.04850   0.16646   0.38409   0.00000   0.05231   0.25283   0.03924   0.11376   0.16489   0.15929   0.15871   0.02055   0.01370   0.05569   0.02204   0.16259   0.12909   0.13141   0.00408   0.12205   0.06910   0.09051   0.47196   0.24135   0.32041   0.14687   0.04532   0.01793   2.52211   1.51657   2.32597   2.35937   0.09468  
 42  1.0808   3466.851930  x:  0.24473   0.75795   1.56703   0.07995   0.90080   0.33933   0.47878   0.03272   0.18570   0.39944   0.00000   0.04365   0.23545   0.04077   0.11158   0.14405   0.14023   0.15931   0.01952   0.02053   0.05214   0.02208   0.17832   0.13409   0.12683   0.00665   0.12085   0.06759   0.09830   0.48713   0.24632   0.32468   0.14981   0.03897   0.05243   2.82862   1.13691   2.58675   1.92944   0.10285  
 43  5.1148   3457.064175  x:  0.26412   0.81831   1.57306   0.10638   0.43164   0.28930   0.44820   0.05657   0.17364   0.38826   0.00000   0.06170   0.28625   0.04425   0.12944   0.16479   0.12437   0.16045   0.01241   0.03454   0.07780   0.01998   0.16003   0.09449   0.12198   0.01264   0.12503   0.07228   0.06612   0.44502   0.25524   0.32918   0.14890   0.03261   0.06027   3.09681   1.50005   3.63667   2.74841   0.11279  
 44  0.6734   3448.701205  x:  0.30935   0.73609   1.15543   0.24045   0.20644   0.25283   0.43325   0.06576   0.16527   0.34525   0.00000   0.06850   0.28613   0.04058   0.12969   0.17092   0.10816   0.16133   0.01660   0.04060   0.07622   0.02156   0.14977   0.09386   0.11806   0.01613   0.12603   0.06807   0.06365   0.37490   0.26189   0.32151   0.15865   0.03921   0.03580   2.81428   1.10064   3.58044   2.08348   0.10919  
 45  0.6793   3445.346220  x:  0.28779   0.68646   0.99433   0.26564   0.30613   0.25003   0.40805   0.06810   0.15584   0.33928   0.00000   0.06778   0.27208   0.03824   0.12648   0.18281   0.12793   0.15953   0.02391   0.03854   0.06644   0.02341   0.14373   0.10316   0.12031   0.01544   0.12603   0.06589   0.07556   0.37982   0.24524   0.30560   0.15735   0.04277   0.03149   2.41425   1.18319   3.10454   1.98460   0.10362  
 46  1.2527   3442.788039  x:  0.25458   0.64199   1.06801   0.22402   0.23724   0.27282   0.40588   0.05794   0.15465   0.36082   0.00000   0.05595   0.24837   0.03722   0.11965   0.17393   0.13643   0.15705   0.02765   0.04085   0.05593   0.02544   0.15233   0.11800   0.12051   0.01661   0.12333   0.06400   0.08958   0.40689   0.23192   0.29647   0.15383   0.04377   0.03219   2.15624   1.22233   2.80637   1.90101   0.10349  
 47  0.5693   3441.612717  x:  0.26985   0.64369   1.06665   0.18136   0.26783   0.27818   0.43046   0.05321   0.16346   0.35751   0.00000   0.05161   0.24539   0.03988   0.11708   0.14465   0.13003   0.15528   0.02125   0.04031   0.06028   0.02641   0.16440   0.11571   0.11422   0.01661   0.12041   0.06100   0.07989   0.41245   0.23729   0.29809   0.15562   0.04259   0.02746   2.09654   1.06512   2.32194   1.51808   0.10323  
 48  0.5875   3440.432844  x:  0.26301   0.69109   1.06449   0.16828   0.25475   0.27000   0.43206   0.06162   0.16430   0.35703   0.00000   0.05594   0.25061   0.04163   0.11871   0.13491   0.13109   0.15355   0.01818   0.04207   0.06286   0.02733   0.16222   0.10578   0.10998   0.01727   0.11954   0.06008   0.07025   0.42077   0.23783   0.29741   0.15629   0.04110   0.03557   2.10229   1.23866   1.87696   1.69237   0.10471  
 49  0.6977   3439.941475  x:  0.25545   0.68690   1.03585   0.19207   0.24142   0.26786   0.42898   0.06313   0.16163   0.35579   0.00000   0.05827   0.25372   0.03957   0.12206   0.15103   0.12812   0.15367   0.01888   0.04294   0.06220   0.02779   0.15365   0.10424   0.11019   0.01769   0.12117   0.05958   0.07298   0.41246   0.23517   0.29667   0.15470   0.04150   0.03554   2.12236   1.19929   1.57554   1.52838   0.10460  
 50  0.4321   3439.851921  x:  0.25666   0.68004   1.02377   0.20427   0.23400   0.26940   0.42610   0.06069   0.15934   0.35322   0.00000   0.05808   0.25491   0.03928   0.12189   0.15358   0.12419   0.15457   0.01795   0.04299   0.06121   0.02770   0.15323   0.10588   0.11109   0.01774   0.12191   0.05943   0.07502   0.41037   0.23446   0.29647   0.15412   0.04081   0.03484   2.15464   1.20200   1.68397   1.57790   0.10497  
 51  0.2425   3439.826296  x:  0.25542   0.67477   1.04211   0.20402   0.23766   0.26836   0.42318   0.05930   0.15781   0.35251   0.00000   0.05747   0.25462   0.03918   0.12112   0.15489   0.12260   0.15544   0.01849   0.04311   0.06034   0.02780   0.15362   0.10776   0.11238   0.01773   0.12258   0.05922   0.07662   0.40689   0.23386   0.29649   0.15350   0.04116   0.03373   2.15055   1.19737   1.66233   1.58150   0.10490  
 52  0.0369   3439.812442  x:  0.25631   0.67136   1.03222   0.20560   0.23124   0.26848   0.42314   0.05797   0.15787   0.35401   0.00000   0.05670   0.25417   0.03930   0.12057   0.15405   0.12154   0.15566   0.01847   0.04392   0.06052   0.02793   0.15409   0.10678   0.11304   0.01800   0.12253   0.05870   0.07695   0.40604   0.23481   0.29740   0.15305   0.04097   0.03282   2.14027   1.19201   1.64177   1.56620   0.10520  
 53  0.0141   3439.754710  x:  0.25781   0.67467   1.04526   0.20506   0.23620   0.26995   0.42783   0.05709   0.16041   0.35665   0.00000   0.05596   0.25434   0.03949   0.12057   0.15440   0.11938   0.15519   0.01949   0.04736   0.06150   0.02786   0.15304   0.10303   0.11527   0.01876   0.12214   0.05739   0.07592   0.40812   0.23671   0.29839   0.15323   0.04098   0.03319   2.15509   1.17376   1.65866   1.53153   0.10631  
 54  0.0115   3439.673854  x:  0.25853   0.67744   1.02818   0.20687   0.24548   0.26974   0.42682   0.05790   0.15931   0.35171   0.00000   0.05587   0.25439   0.03909   0.12129   0.15174   0.11593   0.15473   0.01766   0.05233   0.06085   0.02797   0.15424   0.10502   0.11500   0.01997   0.12200   0.05581   0.07409   0.41060   0.23433   0.29548   0.15403   0.04036   0.03385   2.13811   1.19739   1.66995   1.58249   0.10648  
 55  0.0325   3439.598544  x:  0.25366   0.68011   1.03843   0.20151   0.23853   0.26592   0.42328   0.06093   0.15633   0.35143   0.00000   0.05694   0.25517   0.03818   0.12212   0.15261   0.11668   0.15546   0.01862   0.05772   0.06023   0.02772   0.15253   0.10784   0.11297   0.02136   0.12275   0.05598   0.07760   0.40661   0.23256   0.29511   0.15359   0.04114   0.03372   2.14577   1.21450   1.69574   1.59737   0.10594  
 56  0.0266   3439.576093  x:  0.25459   0.67474   1.03990   0.20224   0.24193   0.26917   0.42402   0.05913   0.15774   0.35567   0.00000   0.05649   0.25594   0.03864   0.12148   0.15153   0.11690   0.15546   0.01799   0.05968   0.06073   0.02753   0.15317   0.10590   0.11102   0.02186   0.12243   0.05653   0.07768   0.40700   0.23482   0.29758   0.15345   0.04120   0.03316   2.15387   1.20537   1.67115   1.58494   0.10514  
 57  0.0271   3439.573871  x:  0.25638   0.67468   1.03898   0.20280   0.24169   0.26852   0.42401   0.05902   0.15837   0.35412   0.00000   0.05643   0.25614   0.03880   0.12138   0.15161   0.11687   0.15529   0.01829   0.06016   0.06085   0.02746   0.15323   0.10599   0.11093   0.02198   0.12227   0.05689   0.07686   0.40726   0.23488   0.29698   0.15387   0.04138   0.03303   2.14941   1.19846   1.66811   1.57661   0.10495  
 58  0.0113   3439.573273  x:  0.25620   0.67501   1.03969   0.20258   0.24147   0.26869   0.42464   0.05903   0.15822   0.35412   0.00000   0.05636   0.25558   0.03875   0.12145   0.15131   0.11631   0.15524   0.01829   0.06031   0.06082   0.02737   0.15319   0.10609   0.11103   0.02204   0.12214   0.05723   0.07699   0.40724   0.23469   0.29673   0.15387   0.04117   0.03323   2.15042   1.19676   1.66629   1.57550   0.10493  
 59  0.0018   3439.572874  x:  0.25576   0.67487   1.03901   0.20267   0.24171   0.26846   0.42430   0.05915   0.15810   0.35463   0.00000   0.05643   0.25592   0.03870   0.12149   0.15147   0.11628   0.15530   0.01832   0.06025   0.06088   0.02725   0.15319   0.10593   0.11115   0.02205   0.12221   0.05759   0.07708   0.40714   0.23486   0.29708   0.15372   0.04118   0.03327   2.14871   1.19764   1.66896   1.57685   0.10494  
 60  0.0018   3439.572376  x:  0.25644   0.67472   1.03878   0.20241   0.24169   0.26872   0.42407   0.05896   0.15833   0.35397   0.00000   0.05640   0.25632   0.03880   0.12137   0.15149   0.11625   0.15526   0.01823   0.06014   0.06089   0.02703   0.15327   0.10598   0.11103   0.02212   0.12221   0.05773   0.07714   0.40738   0.23478   0.29693   0.15393   0.04125   0.03315   2.15015   1.19920   1.66627   1.57557   0.10503  
 61  0.0012   3439.571485  x:  0.25625   0.67419   1.03886   0.20264   0.24166   0.26858   0.42450   0.05917   0.15810   0.35431   0.00000   0.05647   0.25566   0.03877   0.12145   0.15149   0.11651   0.15522   0.01828   0.06014   0.06084   0.02662   0.15298   0.10589   0.11072   0.02234   0.12209   0.05741   0.07698   0.40681   0.23465   0.29664   0.15396   0.04121   0.03309   2.14883   1.19939   1.66667   1.57598   0.10507  
 62  0.0006   3439.571127  x:  0.25600   0.67502   1.03913   0.20283   0.24140   0.26850   0.42418   0.05905   0.15818   0.35444   0.00000   0.05640   0.25589   0.03872   0.12146   0.15142   0.11651   0.15530   0.01829   0.06006   0.06090   0.02650   0.15341   0.10605   0.11083   0.02242   0.12221   0.05722   0.07696   0.40733   0.23482   0.29700   0.15372   0.04125   0.03320   2.14996   1.19765   1.66708   1.57628   0.10502  
 63  0.0015   3439.570582  x:  0.25558   0.67507   1.03897   0.20240   0.24168   0.26891   0.42441   0.05893   0.15831   0.35387   0.00000   0.05654   0.25605   0.03884   0.12131   0.15149   0.11640   0.15531   0.01826   0.05980   0.06083   0.02649   0.15307   0.10571   0.11118   0.02255   0.12229   0.05707   0.07710   0.40703   0.23480   0.29692   0.15393   0.04126   0.03320   2.14921   1.19663   1.66685   1.57511   0.10487  
 64  0.0005   3439.568659  x:  0.25725   0.67507   1.03941   0.20187   0.24200   0.26872   0.42469   0.05915   0.15797   0.35515   0.00000   0.05616   0.25597   0.03877   0.12148   0.15187   0.11674   0.15510   0.01827   0.05939   0.06116   0.02668   0.15337   0.10597   0.11142   0.02320   0.12211   0.05711   0.07689   0.40703   0.23459   0.29666   0.15427   0.04119   0.03315   2.14881   1.20038   1.66342   1.57570   0.10481  
 65  0.0009   3439.566751  x:  0.25611   0.67429   1.03954   0.20258   0.24148   0.26845   0.42422   0.05921   0.15810   0.35431   0.00000   0.05652   0.25603   0.03888   0.12141   0.15127   0.11678   0.15532   0.01828   0.05923   0.06080   0.02698   0.15326   0.10558   0.11072   0.02393   0.12208   0.05720   0.07670   0.40750   0.23479   0.29683   0.15373   0.04131   0.03317   2.14991   1.20006   1.66545   1.57702   0.10498  
 66  0.0017   3439.566567  x:  0.25607   0.67489   1.03920   0.20265   0.24149   0.26881   0.42443   0.05903   0.15820   0.35428   0.00000   0.05650   0.25591   0.03887   0.12134   0.15148   0.11681   0.15527   0.01829   0.05912   0.06085   0.02701   0.15337   0.10569   0.11047   0.02400   0.12213   0.05723   0.07691   0.40703   0.23478   0.29684   0.15394   0.04128   0.03314   2.14986   1.19902   1.66739   1.57736   0.10499  
 67  0.0023   3439.566562  x:  0.25602   0.67493   1.03920   0.20259   0.24151   0.26879   0.42443   0.05901   0.15816   0.35436   0.00000   0.05651   0.25597   0.03886   0.12134   0.15146   0.11679   0.15528   0.01829   0.05910   0.06084   0.02701   0.15336   0.10571   0.11044   0.02399   0.12214   0.05723   0.07685   0.40702   0.23475   0.29679   0.15397   0.04129   0.03314   2.14984   1.19872   1.66715   1.57690   0.10499  
 68  0.0007   3439.566562  x:  0.25601   0.67494   1.03920   0.20258   0.24152   0.26879   0.42444   0.05901   0.15816   0.35435   0.00000   0.05651   0.25597   0.03886   0.12134   0.15146   0.11679   0.15528   0.01829   0.05909   0.06085   0.02701   0.15336   0.10570   0.11043   0.02399   0.12214   0.05723   0.07686   0.40703   0.23476   0.29679   0.15396   0.04129   0.03314   2.14982   1.19873   1.66710   1.57689   0.10499  
 69  0.0001   3439.566562  x:  0.25602   0.67494   1.03920   0.20258   0.24152   0.26879   0.42444   0.05901   0.15816   0.35435   0.00000   0.05651   0.25597   0.03886   0.12134   0.15146   0.11679   0.15528   0.01829   0.05909   0.06085   0.02701   0.15336   0.10570   0.11043   0.02399   0.12214   0.05723   0.07686   0.40703   0.23476   0.29679   0.15396   0.04129   0.03314   2.14982   1.19873   1.66710   1.57690   0.10499  
 70  0.0000   3439.566562  x:  0.25602   0.67494   1.03920   0.20258   0.24152   0.26879   0.42444   0.05901   0.15816   0.35435   0.00000   0.05651   0.25597   0.03886   0.12134   0.15146   0.11679   0.15528   0.01829   0.05909   0.06085   0.02701   0.15336   0.10570   0.11043   0.02399   0.12214   0.05723   0.07686   0.40703   0.23476   0.29679   0.15396   0.04129   0.03314   2.14982   1.19873   1.66710   1.57690   0.10499  

NSsites Model 1: NearlyNeutral

TREE # 1

  0  0.0000   3773.115146  x:  0.21425   0.22483   0.33326   0.12168   0.00000   0.08095   0.13983   0.06577   0.13624   0.05959   0.09742   0.05855   0.12558   0.05650   0.05374   0.06807   0.08263   0.10615   0.06164   0.04720   0.02656   0.09152   0.07004   0.05876   0.07571   0.02184   0.05309   0.03453   0.03197   0.10447   0.10888   0.12461   0.09988   0.02171   0.05292   2.44988   1.08671   1.63869   1.43806   0.79782   0.45682  
  1 99.0000   3501.374397  x:  0.26633   0.30093   0.41082   0.25105   1.06855   0.19044   0.24930   0.12390   0.15826   0.34962   0.09128   0.06619   0.18104   0.05389   0.13064   0.14112   0.11086   0.13725   0.00000   0.07040   0.11384   0.03097   0.13382   0.10409   0.09864   0.05825   0.15802   0.09662   0.13535   0.27656   0.17488   0.20342   0.15359   0.07783   0.02464   2.45664   1.10098   1.64677   1.43126   0.90656   0.15862  
  2 1858.8159   3472.289018  x:  0.27408   0.31326   0.42186   0.25874   1.13476   0.19756   0.26139   0.12476   0.15870   0.36805   0.08633   0.06419   0.18748   0.04979   0.13343   0.14628   0.11392   0.14230   0.11236   0.07024   0.11137   0.02336   0.13759   0.10415   0.09980   0.05328   0.16056   0.09404   0.13890   0.29173   0.18064   0.21246   0.15847   0.07513   0.02278   2.45761   1.10306   1.64786   1.43035   0.90977   0.07644  
  3 1417.3586   3462.562331  x:  0.28055   0.32438   0.43155   0.25960   1.13727   0.19809   0.26846   0.12007   0.15673   0.36809   0.08006   0.05993   0.19057   0.04333   0.12913   0.14594   0.11072   0.14186   0.10296   0.06661   0.09854   0.01905   0.13670   0.09864   0.09842   0.04127   0.15316   0.08306   0.13429   0.29774   0.18232   0.21789   0.15985   0.06529   0.02227   2.45799   1.10434   1.64830   1.43007   0.88656   0.04294  
  4 320.6205   3448.287781  x:  0.29896   0.35583   0.45948   0.26412   1.15924   0.20019   0.28908   0.10677   0.15090   0.37161   0.06201   0.04712   0.19912   0.02492   0.11836   0.14568   0.10272   0.14102   0.10892   0.05667   0.06425   0.01083   0.13450   0.08264   0.09439   0.00835   0.13318   0.05319   0.12207   0.31586   0.18686   0.23296   0.16333   0.03918   0.02129   2.45947   1.10827   1.64969   1.42904   0.81753   0.04054  
  5 540.1320   3444.322089  x:  0.31529   0.38305   0.48435   0.26647   1.16423   0.20226   0.30681   0.09580   0.14799   0.37205   0.04681   0.03993   0.20785   0.02153   0.11584   0.14809   0.10012   0.14315   0.10992   0.05630   0.04788   0.04818   0.13495   0.07381   0.09913   0.00971   0.12046   0.04160   0.11253   0.33073   0.19124   0.24565   0.16642   0.03149   0.03667   2.46080   1.11222   1.65115   1.42768   0.79975   0.03886  
  6 264.9766   3434.319049  x:  0.36595   0.46773   0.56466   0.26889   1.14849   0.21177   0.36170   0.06333   0.14447   0.36776   0.00000   0.02661   0.23726   0.03502   0.12080   0.15814   0.09949   0.15416   0.10894   0.06153   0.03317   0.03041   0.14222   0.05808   0.11993   0.04382   0.09465   0.04997   0.08517   0.37548   0.20576   0.28388   0.17474   0.02783   0.05607   2.46511   1.12596   1.65630   1.42276   0.79715   0.04358  
  7 201.1425   3426.772850  x:  0.42777   0.57546   0.67432   0.26605   1.11627   0.23955   0.43219   0.02974   0.14854   0.36279   0.00000   0.02872   0.27180   0.03063   0.12471   0.16977   0.10189   0.16555   0.10740   0.06707   0.09772   0.03175   0.15989   0.05136   0.12691   0.02120   0.09038   0.05482   0.05670   0.43138   0.22484   0.32806   0.18224   0.03268   0.04947   2.47217   1.14593   1.66373   1.41572   0.79447   0.04889  
  8 283.9835   3421.683963  x:  0.46299   0.64835   0.76524   0.25163   1.08270   0.27919   0.47985   0.02879   0.17062   0.36708   0.00000   0.04157   0.28571   0.02405   0.13649   0.17441   0.10907   0.16689   0.10691   0.06989   0.07575   0.04010   0.18089   0.08826   0.11683   0.01178   0.14466   0.06879   0.07572   0.46923   0.24084   0.34692   0.17998   0.05099   0.02523   2.48129   1.16511   1.67098   1.40943   0.78182   0.05308  
  9 135.8130   3420.249613  x:  0.46554   0.66720   0.80520   0.23652   1.07133   0.30223   0.49090   0.03680   0.18396   0.37815   0.00000   0.04032   0.28097   0.03144   0.14537   0.17249   0.11529   0.16507   0.10785   0.06756   0.08772   0.03595   0.18521   0.09918   0.11222   0.02276   0.15889   0.06110   0.09137   0.47746   0.24343   0.34264   0.17490   0.05847   0.04718   2.48781   1.17577   1.67505   1.40660   0.75840   0.05266  
 10 76.6645   3419.192927  x:  0.45886   0.67579   0.84504   0.21552   1.06374   0.32376   0.49370   0.04465   0.19441   0.39706   0.00000   0.03333   0.27213   0.04078   0.15323   0.17251   0.12555   0.16806   0.10798   0.07048   0.09457   0.03972   0.18503   0.09745   0.11857   0.03185   0.15510   0.06337   0.10265   0.47964   0.24221   0.33241   0.17043   0.04221   0.03690   2.49615   1.18833   1.67981   1.40370   0.74726   0.05247  
 11 58.7206   3417.796019  x:  0.43817   0.68146   0.91762   0.17260   1.05441   0.35574   0.49008   0.04995   0.20327   0.43520   0.00000   0.02548   0.25780   0.03421   0.15500   0.17717   0.13769   0.17691   0.10688   0.07358   0.08687   0.03881   0.18397   0.08444   0.12971   0.01732   0.13618   0.07270   0.11222   0.47831   0.23709   0.31353   0.16874   0.05297   0.04168   2.51325   1.21315   1.68916   1.39870   0.75145   0.05334  
 12 64.7459   3416.850433  x:  0.41353   0.67880   0.98132   0.13486   1.05174   0.36944   0.47958   0.03719   0.19454   0.46136   0.00000   0.03318   0.25423   0.02040   0.14797   0.18309   0.12658   0.17535   0.10666   0.06436   0.08623   0.03788   0.18736   0.08254   0.12750   0.02880   0.13400   0.06343   0.11003   0.47383   0.23155   0.30414   0.17444   0.05386   0.03692   2.52982   1.23598   1.69807   1.39533   0.75737   0.05395  
 13 52.7654   3416.119832  x:  0.38861   0.67367   1.04021   0.10224   1.05200   0.37486   0.46845   0.02155   0.18236   0.48035   0.00000   0.03649   0.25526   0.03703   0.14590   0.18665   0.11479   0.17094   0.10657   0.06013   0.08298   0.03824   0.18951   0.08211   0.11885   0.02509   0.13808   0.05837   0.10426   0.46837   0.22658   0.29895   0.18096   0.05318   0.03607   2.54592   1.25753   1.70663   1.39298   0.76232   0.05427  
 14 98.2118   3415.704211  x:  0.36930   0.66679   1.08048   0.08768   1.05465   0.36844   0.46202   0.01449   0.17558   0.48257   0.00000   0.03028   0.25824   0.03385   0.14100   0.18093   0.11670   0.16595   0.10658   0.07053   0.08403   0.03828   0.18815   0.08544   0.11197   0.02531   0.14545   0.06904   0.09776   0.46277   0.22433   0.30044   0.18345   0.04757   0.04113   2.55835   1.27243   1.71282   1.39331   0.76005   0.05381  
 15 40.3752   3415.136180  x:  0.33653   0.65188   1.14777   0.08147   1.06090   0.34624   0.45821   0.02514   0.17869   0.46816   0.00000   0.02131   0.26755   0.03242   0.14288   0.16403   0.12436   0.16322   0.10602   0.07233   0.08352   0.03741   0.18426   0.09443   0.11667   0.02412   0.14585   0.05659   0.08995   0.45195   0.22506   0.30958   0.18090   0.05084   0.03780   2.58147   1.29755   1.72396   1.39773   0.76549   0.05391  
 16 30.3945   3414.795517  x:  0.31614   0.64191   1.19326   0.08320   1.06604   0.32996   0.45603   0.03706   0.18229   0.45144   0.00000   0.03169   0.27075   0.03255   0.14512   0.16099   0.12078   0.16386   0.10620   0.06187   0.08379   0.03854   0.18235   0.09535   0.11741   0.02275   0.14016   0.06563   0.09014   0.44548   0.22604   0.31393   0.17431   0.04865   0.03960   2.59839   1.31504   1.73225   1.40337   0.76368   0.05341  
 17 39.0409   3414.624488  x:  0.30950   0.63832   1.21771   0.08724   1.06892   0.32085   0.45300   0.04260   0.18147   0.43722   0.00000   0.03901   0.26613   0.03287   0.14347   0.17012   0.11952   0.16698   0.10609   0.07056   0.08325   0.03774   0.18069   0.08952   0.11308   0.02294   0.13874   0.06201   0.09714   0.44336   0.22818   0.31264   0.16997   0.04769   0.03977   2.60932   1.32546   1.73783   1.41033   0.76468   0.05327  
 18 20.3001   3414.524679  x:  0.31064   0.63840   1.23087   0.09003   1.07087   0.31566   0.44878   0.04362   0.17843   0.42681   0.00000   0.03280   0.25816   0.03287   0.14152   0.17452   0.11726   0.16649   0.10614   0.06714   0.08427   0.03814   0.17823   0.08381   0.11436   0.02327   0.14283   0.06257   0.10240   0.44296   0.22988   0.30873   0.17018   0.05000   0.03799   2.61754   1.33252   1.74230   1.41906   0.76499   0.05290  
 19 13.2569   3414.439983  x:  0.31703   0.64028   1.23909   0.09066   1.07270   0.31480   0.44318   0.04475   0.17657   0.41874   0.00000   0.03282   0.25176   0.03174   0.14235   0.17459   0.11901   0.16362   0.10589   0.06486   0.08339   0.03717   0.18062   0.08641   0.11620   0.02052   0.14316   0.06108   0.10278   0.44317   0.22921   0.30331   0.17336   0.04434   0.04130   2.62681   1.33982   1.74786   1.43317   0.76912   0.05309  
 20  9.2811   3414.280070  x:  0.33147   0.64360   1.25029   0.08891   1.07668   0.31581   0.43221   0.04633   0.17502   0.40666   0.00000   0.03644   0.24534   0.03314   0.14338   0.17032   0.12204   0.15958   0.10604   0.06670   0.08280   0.03817   0.18432   0.09024   0.11507   0.02199   0.13769   0.06176   0.09618   0.44325   0.22388   0.29401   0.17662   0.04941   0.03785   2.64651   1.35487   1.76036   1.46698   0.76544   0.05230  
 21 17.1611   3413.956528  x:  0.35679   0.64534   1.26318   0.08015   1.07788   0.32196   0.42125   0.05503   0.18465   0.39819   0.00000   0.03592   0.25579   0.03379   0.13615   0.16283   0.11764   0.17148   0.10537   0.06540   0.08100   0.03829   0.17809   0.08436   0.10582   0.02313   0.14153   0.06042   0.08980   0.44360   0.21769   0.29077   0.17819   0.04655   0.03872   2.68895   1.38776   1.78969   1.54730   0.76647   0.05217  
 22 18.7250   3413.333995  x:  0.38890   0.63800   1.27816   0.06579   1.06981   0.32677   0.41822   0.04808   0.18724   0.40090   0.00000   0.04138   0.27934   0.03334   0.13452   0.16883   0.11306   0.16691   0.10486   0.07100   0.08147   0.03893   0.16851   0.08608   0.12775   0.01893   0.14322   0.05980   0.10394   0.44589   0.22369   0.30627   0.17448   0.04609   0.04034   2.77254   1.45630   1.85279   1.71485   0.75485   0.05142  
 23 35.3651   3412.581927  x:  0.40947   0.62655   1.29303   0.07014   1.05177   0.32749   0.43956   0.03590   0.18272   0.42217   0.00000   0.03392   0.28144   0.02832   0.15050   0.17983   0.12525   0.16402   0.10329   0.06203   0.07954   0.04099   0.17319   0.08790   0.10790   0.01890   0.13316   0.05903   0.11146   0.45261   0.23756   0.32970   0.16994   0.04582   0.03902   2.86511   1.53981   1.93094   1.91163   0.74885   0.05060  
 24 58.7620   3411.930536  x:  0.40930   0.61949   1.30496   0.09398   1.03275   0.33113   0.47672   0.03361   0.17991   0.45037   0.00000   0.03775   0.26158   0.03186   0.14264   0.18208   0.12312   0.17100   0.10235   0.06398   0.07669   0.04162   0.19224   0.08388   0.11658   0.01833   0.14525   0.05697   0.09049   0.46133   0.24304   0.33827   0.16661   0.04432   0.04095   2.93698   1.61674   2.00416   2.08165   0.73883   0.04960  
 25 55.1798   3411.717156  x:  0.39532   0.63017   1.30683   0.10640   1.02659   0.33369   0.49086   0.03186   0.18074   0.45531   0.00000   0.03751   0.26146   0.03408   0.13259   0.17374   0.11443   0.16797   0.10225   0.06743   0.07684   0.04194   0.18702   0.08987   0.11407   0.01791   0.13815   0.05750   0.09692   0.47144   0.24570   0.32884   0.17818   0.04430   0.04014   2.94679   1.64496   2.03287   2.13347   0.73895   0.04960  
 26 17.1912   3411.424739  x:  0.36242   0.65971   1.30501   0.11791   1.02136   0.33712   0.50235   0.02176   0.17850   0.45279   0.00000   0.04491   0.27073   0.03126   0.14259   0.16867   0.12120   0.16818   0.10144   0.06605   0.07498   0.04208   0.17387   0.08255   0.11530   0.01742   0.14368   0.05563   0.09739   0.48476   0.23991   0.30986   0.18635   0.04389   0.04031   2.94375   1.68673   2.07770   2.20014   0.73657   0.04907  
 27 20.0607   3410.898484  x:  0.29387   0.73609   1.29435   0.11273   1.01870   0.34272   0.50193   0.02260   0.18552   0.43555   0.00000   0.03035   0.27974   0.02971   0.14003   0.19112   0.12032   0.17033   0.10007   0.06330   0.07377   0.04258   0.18686   0.09208   0.11612   0.01571   0.14053   0.05489   0.09241   0.49257   0.22867   0.30795   0.17918   0.04262   0.04090   2.90991   1.76536   2.16661   2.31296   0.73259   0.04845  
 28 20.6855   3410.513331  x:  0.25555   0.79745   1.28977   0.10147   1.01698   0.34425   0.49163   0.03078   0.18164   0.43003   0.00000   0.03718   0.26382   0.02978   0.14074   0.17594   0.11854   0.16723   0.09917   0.06517   0.07197   0.04265   0.18968   0.08074   0.11502   0.01547   0.14094   0.05388   0.09709   0.48632   0.23835   0.33461   0.17955   0.04205   0.04052   2.86918   1.82407   2.23555   2.39108   0.73269   0.04840  
 29 25.2331   3410.331857  x:  0.25725   0.81788   1.29742   0.10499   1.01421   0.33318   0.48378   0.03123   0.17490   0.44107   0.00000   0.04107   0.26122   0.03147   0.13506   0.17468   0.12397   0.17713   0.09830   0.06251   0.07245   0.04272   0.18043   0.09021   0.11549   0.01492   0.14072   0.05349   0.09731   0.47391   0.24659   0.33453   0.17063   0.04214   0.04060   2.83517   1.85238   2.27116   2.42183   0.73067   0.04811  
 30 10.9237   3410.115637  x:  0.26846   0.82987   1.31144   0.11102   1.00855   0.32000   0.47859   0.04234   0.17763   0.45662   0.00000   0.04035   0.26492   0.02877   0.14161   0.18038   0.11695   0.16607   0.09779   0.06585   0.07218   0.04239   0.17377   0.09016   0.11416   0.01429   0.14235   0.05353   0.09153   0.45976   0.25178   0.33029   0.16784   0.04182   0.04065   2.78744   1.88521   2.31432   2.45395   0.73000   0.04775  
 31 18.5103   3409.769702  x:  0.29102   0.81405   1.33786   0.11089   0.99876   0.30636   0.47598   0.05056   0.17784   0.46222   0.00000   0.03968   0.27801   0.02889   0.14252   0.18368   0.12371   0.17319   0.09618   0.06512   0.07258   0.04274   0.19495   0.08266   0.11663   0.01534   0.14370   0.05489   0.10176   0.45943   0.24762   0.33114   0.19200   0.04312   0.04018   2.70007   1.93599   2.38620   2.49838   0.72061   0.04724  
 32 14.2318   3409.314940  x:  0.32049   0.77052   1.37153   0.09811   0.99379   0.32014   0.48809   0.04484   0.17333   0.44478   0.00000   0.03502   0.27160   0.02682   0.14643   0.17705   0.11660   0.17508   0.09390   0.06695   0.07024   0.04172   0.18946   0.08669   0.11722   0.01421   0.14108   0.05380   0.10180   0.49161   0.23530   0.33991   0.17376   0.04141   0.04077   2.59243   1.99382   2.47728   2.54601   0.72186   0.04674  
 33 16.2752   3409.219896  x:  0.32443   0.76240   1.37699   0.09567   0.99333   0.32763   0.49110   0.04389   0.17786   0.43931   0.00000   0.03724   0.27033   0.02913   0.13870   0.18206   0.12454   0.16902   0.09329   0.06366   0.06922   0.04154   0.18299   0.08630   0.11638   0.01529   0.14132   0.05366   0.09642   0.49471   0.24045   0.34293   0.17587   0.04149   0.04047   2.57793   2.00307   2.49554   2.55248   0.72193   0.04672  
 34  9.8414   3409.052523  x:  0.32700   0.75660   1.38215   0.09410   0.99192   0.34019   0.49367   0.03636   0.18529   0.42962   0.00000   0.03568   0.26780   0.02777   0.14640   0.18596   0.12002   0.17773   0.09196   0.06583   0.06850   0.04110   0.17864   0.09108   0.11791   0.01598   0.14043   0.05492   0.08800   0.48821   0.25885   0.34296   0.18523   0.04179   0.04046   2.57716   2.01077   2.52491   2.55473   0.71882   0.04641  
 35  4.8287   3408.151376  x:  0.34547   0.76625   1.40516   0.10253   0.97870   0.37386   0.51030   0.01238   0.18583   0.41066   0.00000   0.02934   0.29048   0.02858   0.13985   0.16714   0.11968   0.17006   0.08401   0.06584   0.06347   0.03666   0.20644   0.07619   0.11589   0.01968   0.13622   0.05674   0.09316   0.45853   0.28860   0.32704   0.16037   0.04042   0.03927   2.63116   2.02920   2.67398   2.54727   0.72565   0.04474  
 36  8.2889   3405.559255  x:  0.39278   0.82534   1.46340   0.09384   0.92024   0.37332   0.54755   0.03059   0.16364   0.41042   0.00000   0.02736   0.28626   0.02954   0.14463   0.17782   0.12240   0.17380   0.06001   0.06764   0.06056   0.02421   0.17892   0.09003   0.11969   0.02685   0.13367   0.06356   0.09916   0.46279   0.22655   0.36102   0.17934   0.04145   0.03525   2.82775   2.05137   3.08377   2.52385   0.73037   0.04088  
 37 25.4570   3404.890704  x:  0.39689   0.84159   1.48322   0.08450   0.90117   0.33820   0.52485   0.01825   0.19796   0.42592   0.00000   0.03088   0.27839   0.03045   0.14450   0.17431   0.12363   0.17363   0.05369   0.06838   0.06042   0.02123   0.18439   0.08777   0.12061   0.02807   0.13477   0.06445   0.09473   0.51339   0.24015   0.35997   0.17244   0.04148   0.03451   2.87588   2.03930   3.17909   2.52897   0.73096   0.04009  
 38 20.2149   3404.608259  x:  0.38890   0.84693   1.50184   0.08626   0.88798   0.34068   0.50454   0.04059   0.17708   0.43308   0.00000   0.02861   0.28896   0.03033   0.14638   0.17640   0.12448   0.17476   0.05120   0.06898   0.06033   0.02029   0.18773   0.08785   0.12148   0.02946   0.13522   0.06589   0.08541   0.54537   0.26335   0.35716   0.16964   0.04195   0.03446   2.88808   2.01147   3.20351   2.54694   0.72933   0.04016  
 39  9.0426   3403.802754  x:  0.34891   0.87364   1.61311   0.11783   0.86348   0.36613   0.47839   0.02197   0.18799   0.44373   0.00000   0.02563   0.28855   0.03211   0.14677   0.17809   0.12436   0.17449   0.04512   0.06916   0.05825   0.01756   0.18680   0.08829   0.12333   0.03131   0.13381   0.06748   0.08906   0.53594   0.24482   0.37409   0.17200   0.04200   0.03400   2.87048   1.82658   3.19047   2.67193   0.73376   0.03988  
 40  5.7592   3403.214713  x:  0.32627   0.89664   1.68154   0.07640   0.85802   0.34573   0.51785   0.02437   0.18443   0.43766   0.00000   0.02871   0.28298   0.03377   0.14528   0.17745   0.12607   0.17456   0.04030   0.06847   0.05772   0.01601   0.18849   0.08724   0.12262   0.03247   0.13371   0.06858   0.08894   0.51939   0.25179   0.35381   0.17347   0.04243   0.03289   2.85388   1.69129   3.16675   2.76306   0.73776   0.03998  
 41 17.9910   3398.353552  x:  0.30674   1.02313   1.88969   0.08203   0.73381   0.34274   0.54756   0.01589   0.18690   0.43877   0.00000   0.02639   0.29452   0.03648   0.14349   0.18129   0.12931   0.17856   0.00638   0.06543   0.05436   0.02451   0.19010   0.08665   0.12385   0.03397   0.12931   0.06798   0.08498   0.52668   0.25530   0.36083   0.18150   0.04138   0.03423   2.84437   1.91468   2.40256   2.71226   0.71577   0.04371  
 42  1.3028   3396.528934  x:  0.29929   0.97353   1.83229   0.11031   0.72858   0.32699   0.51431   0.02204   0.18438   0.42649   0.00000   0.03217   0.28756   0.03593   0.13897   0.18226   0.13336   0.18153   0.01702   0.06477   0.06610   0.03506   0.18498   0.08429   0.12144   0.02573   0.13019   0.05977   0.08379   0.50867   0.24787   0.34755   0.18346   0.04225   0.04248   2.79887   1.71543   1.96279   2.21110   0.71443   0.04811  
 43  0.6509   3394.639921  x:  0.29194   0.89711   1.73870   0.12907   0.67520   0.30747   0.48507   0.02788   0.17270   0.40796   0.00000   0.03456   0.27455   0.03526   0.13522   0.17916   0.13334   0.17810   0.00482   0.06485   0.07555   0.03576   0.17919   0.08105   0.11745   0.02054   0.12805   0.05454   0.07963   0.48286   0.23734   0.32625   0.17808   0.04415   0.04722   2.75438   1.70123   2.19067   1.92261   0.74375   0.05125  
 44  0.4718   3392.464048  x:  0.22708   0.82081   1.59451   0.12661   0.59605   0.30061   0.48602   0.03180   0.15810   0.40710   0.00000   0.03181   0.25423   0.03512   0.13468   0.17483   0.13064   0.17337   0.00092   0.06384   0.07551   0.03705   0.18142   0.08112   0.11177   0.02281   0.12701   0.05663   0.08004   0.44041   0.23118   0.30101   0.16509   0.04237   0.04421   2.61221   1.99236   1.70919   2.08743   0.77685   0.05027  
 45  0.5020   3388.118768  x:  0.21692   0.63698   1.29808   0.11868   0.41442   0.30567   0.46189   0.04337   0.14538   0.41449   0.00000   0.01984   0.23310   0.02801   0.13438   0.16957   0.12548   0.16828   0.00821   0.06095   0.06296   0.04940   0.18573   0.08258   0.10431   0.01730   0.12291   0.05653   0.07846   0.41350   0.22388   0.28733   0.15598   0.03381   0.03954   2.50526   1.80657   2.06011   1.91897   0.79262   0.04706  
 46  0.9126   3384.995125  x:  0.27234   0.66241   1.16178   0.15488   0.25427   0.28770   0.44391   0.04456   0.15295   0.38910   0.00000   0.02981   0.23910   0.02721   0.12937   0.16389   0.12161   0.16206   0.00348   0.05683   0.05142   0.05045   0.17308   0.08546   0.10300   0.01885   0.12229   0.05378   0.07821   0.41680   0.21981   0.30374   0.15612   0.03442   0.03551   2.55861   1.60245   2.05760   1.83384   0.78739   0.04613  
 47  0.4175   3384.981638  x:  0.27320   0.66287   1.15945   0.15554   0.25203   0.28735   0.44363   0.04455   0.15308   0.38856   0.00589   0.02999   0.23919   0.02721   0.12927   0.16379   0.12154   0.16194   0.00344   0.05676   0.05126   0.05042   0.17285   0.08550   0.10298   0.01889   0.12227   0.05375   0.07820   0.41679   0.21974   0.30396   0.15611   0.03444   0.03544   2.55962   1.60000   2.05802   1.83375   0.78738   0.04613  
 48  3.1654   3383.590867  x:  0.28540   0.67932   1.09422   0.17865   0.25708   0.27019   0.43795   0.04035   0.15624   0.35996   0.00000   0.03634   0.23995   0.02978   0.12535   0.15949   0.11908   0.15780   0.00840   0.05553   0.05082   0.04401   0.16428   0.08575   0.10258   0.02245   0.12128   0.05397   0.07714   0.40807   0.21612   0.30224   0.15477   0.03742   0.03320   2.60007   1.67284   2.13227   2.01624   0.79818   0.04815  
 49  1.0929   3382.784954  x:  0.30096   0.69433   1.13283   0.19446   0.23974   0.27194   0.41927   0.03171   0.15525   0.33201   0.00000   0.03275   0.24118   0.03389   0.11728   0.15585   0.11573   0.15423   0.01031   0.05452   0.05704   0.03076   0.16002   0.08129   0.10230   0.02403   0.11462   0.05296   0.07133   0.39587   0.21237   0.29022   0.15806   0.03765   0.03611   2.65600   1.68867   2.15059   2.10527   0.80920   0.05123  
 50  0.1416   3382.711158  x:  0.29648   0.69564   1.11997   0.20011   0.22775   0.26562   0.41969   0.03553   0.15234   0.34300   0.00000   0.03383   0.23993   0.03392   0.11879   0.15607   0.11542   0.15394   0.01171   0.05508   0.05716   0.02803   0.15989   0.08004   0.10204   0.02385   0.11452   0.05356   0.07067   0.39879   0.21173   0.28644   0.15771   0.03772   0.03551   2.64428   1.72458   2.13997   2.12331   0.81132   0.05120  
 51  0.0661   3382.710707  x:  0.29642   0.69565   1.11987   0.20017   0.22763   0.26555   0.41970   0.03557   0.15231   0.34311   0.00103   0.03384   0.23992   0.03392   0.11881   0.15607   0.11541   0.15394   0.01173   0.05508   0.05716   0.02801   0.15989   0.08002   0.10204   0.02385   0.11452   0.05357   0.07066   0.39882   0.21172   0.28640   0.15770   0.03772   0.03550   2.64415   1.72493   2.13985   2.12346   0.81134   0.05119  
 52  0.9194   3382.690943  x:  0.29019   0.69864   1.14326   0.19981   0.23310   0.26547   0.42279   0.03551   0.15239   0.34315   0.00057   0.03339   0.23989   0.03359   0.11991   0.15647   0.11549   0.15408   0.01236   0.05520   0.05685   0.02737   0.16103   0.08013   0.10197   0.02307   0.11476   0.05378   0.07041   0.40062   0.21238   0.28816   0.15744   0.03751   0.03499   2.63488   1.70327   2.13438   2.09469   0.80996   0.05055  
 53  0.0526   3382.687518  x:  0.28737   0.69619   1.14092   0.19973   0.22987   0.26600   0.42306   0.03495   0.15259   0.34174   0.00085   0.03312   0.23936   0.03346   0.11978   0.15639   0.11542   0.15397   0.01249   0.05511   0.05710   0.02749   0.16105   0.08048   0.10185   0.02303   0.11490   0.05377   0.07081   0.39947   0.21214   0.28837   0.15700   0.03754   0.03482   2.63050   1.69519   2.13633   2.07871   0.81051   0.05045  
 54  0.0266   3382.687189  x:  0.28719   0.69678   1.14239   0.19918   0.23027   0.26630   0.42282   0.03498   0.15265   0.34231   0.00076   0.03320   0.23941   0.03344   0.11960   0.15637   0.11539   0.15398   0.01252   0.05512   0.05720   0.02747   0.16097   0.08050   0.10190   0.02310   0.11489   0.05378   0.07076   0.39965   0.21222   0.28826   0.15716   0.03755   0.03489   2.63141   1.69371   2.13796   2.07292   0.81050   0.05047  
 55  0.0073   3382.687171  x:  0.28725   0.69693   1.14256   0.19922   0.23013   0.26628   0.42292   0.03497   0.15262   0.34217   0.00078   0.03318   0.23946   0.03344   0.11964   0.15641   0.11539   0.15397   0.01252   0.05513   0.05716   0.02746   0.16104   0.08047   0.10190   0.02309   0.11487   0.05378   0.07072   0.39972   0.21225   0.28826   0.15719   0.03754   0.03491   2.63167   1.69380   2.13818   2.07251   0.81052   0.05048  
 56  0.0007   3382.687167  x:  0.28721   0.69709   1.14279   0.19927   0.23009   0.26626   0.42295   0.03496   0.15263   0.34221   0.00078   0.03317   0.23946   0.03345   0.11965   0.15641   0.11539   0.15397   0.01252   0.05513   0.05716   0.02748   0.16104   0.08047   0.10191   0.02310   0.11486   0.05378   0.07073   0.39973   0.21224   0.28830   0.15718   0.03754   0.03491   2.63168   1.69380   2.13852   2.07283   0.81051   0.05047  
 57  0.0005   3382.687167  x:  0.28721   0.69710   1.14280   0.19929   0.23009   0.26627   0.42296   0.03496   0.15263   0.34220   0.00078   0.03318   0.23946   0.03345   0.11964   0.15641   0.11539   0.15397   0.01252   0.05513   0.05716   0.02748   0.16103   0.08047   0.10191   0.02310   0.11486   0.05378   0.07073   0.39972   0.21224   0.28830   0.15718   0.03754   0.03491   2.63162   1.69393   2.13826   2.07273   0.81052   0.05047  
 58  0.0004   3382.687167  x:  0.28721   0.69709   1.14281   0.19929   0.23009   0.26627   0.42295   0.03496   0.15263   0.34220   0.00078   0.03318   0.23946   0.03345   0.11964   0.15641   0.11539   0.15397   0.01253   0.05513   0.05716   0.02748   0.16103   0.08047   0.10191   0.02310   0.11486   0.05378   0.07072   0.39972   0.21225   0.28829   0.15718   0.03754   0.03491   2.63164   1.69394   2.13830   2.07281   0.81052   0.05047  
 59  0.0001   3382.687167  x:  0.28721   0.69709   1.14281   0.19929   0.23009   0.26627   0.42295   0.03496   0.15263   0.34220   0.00078   0.03318   0.23946   0.03345   0.11964   0.15641   0.11539   0.15397   0.01253   0.05513   0.05716   0.02748   0.16103   0.08047   0.10191   0.02310   0.11486   0.05378   0.07072   0.39972   0.21225   0.28829   0.15718   0.03754   0.03491   2.63164   1.69395   2.13830   2.07282   0.81052   0.05047  
 60  0.0000   3382.687167  x:  0.28721   0.69709   1.14281   0.19929   0.23009   0.26627   0.42295   0.03496   0.15263   0.34220   0.00078   0.03318   0.23946   0.03345   0.11964   0.15641   0.11539   0.15397   0.01253   0.05513   0.05716   0.02748   0.16103   0.08047   0.10191   0.02310   0.11486   0.05378   0.07072   0.39972   0.21225   0.28829   0.15718   0.03754   0.03491   2.63165   1.69395   2.13831   2.07282   0.81052   0.05047  
 61  0.0000   3382.687167  x:  0.28721   0.69709   1.14281   0.19929   0.23009   0.26627   0.42295   0.03496   0.15263   0.34220   0.00078   0.03318   0.23946   0.03345   0.11964   0.15641   0.11539   0.15397   0.01253   0.05513   0.05716   0.02748   0.16103   0.08047   0.10191   0.02310   0.11486   0.05378   0.07072   0.39972   0.21225   0.28829   0.15718   0.03754   0.03491   2.63165   1.69395   2.13831   2.07282   0.81052   0.05047  
 62  0.0000   3382.687167  x:  0.28721   0.69709   1.14281   0.19929   0.23009   0.26627   0.42295   0.03496   0.15263   0.34220   0.00078   0.03318   0.23946   0.03345   0.11964   0.15641   0.11539   0.15397   0.01253   0.05513   0.05716   0.02748   0.16103   0.08047   0.10191   0.02310   0.11486   0.05378   0.07072   0.39972   0.21225   0.28829   0.15718   0.03754   0.03491   2.63165   1.69395   2.13831   2.07282   0.81052   0.05047  

NSsites Model 2: PositiveSelection

TREE # 1

  0  0.0000   3858.677445  x:  0.14996   0.20224   0.19820   0.05692   0.00000   0.07457   0.12880   0.10898   0.10869   0.10663   0.02161   0.09210   0.08833   0.06617   0.02256   0.08550   0.10055   0.05820   0.07146   0.06594   0.01863   0.02050   0.06729   0.07568   0.10079   0.03489   0.06969   0.06187   0.05613   0.06273   0.09878   0.08878   0.12313   0.04642   0.04869   2.70251   1.50739   2.03085   2.03604   1.20149   0.37556   0.25432   2.16297  
  1 99.0000   3590.241947  x:  0.29069   0.33823   0.41950   0.49802   5.59708   0.23014   0.28265   0.12998   0.15340   0.27799   0.17900   0.08459   0.21992   0.07601   0.32959   0.15379   0.11621   0.21410   0.00000   0.06246   0.25059   0.08765   0.16605   0.10618   0.09535   0.02812   0.13678   0.05790   0.11614   0.43151   0.21388   0.26060   0.17087   0.02970   0.01432   2.70835   1.51832   2.03886   2.02928   1.28332   0.35303   0.01640   2.12612  
  2 7083.9662   3582.644551  x:  0.29216   0.34017   0.42050   0.49902   5.60045   0.23026   0.28404   0.13010   0.15436   0.27918   0.17894   0.08451   0.22082   0.07529   0.32891   0.15460   0.11724   0.21448   0.00509   0.06325   0.24933   0.08661   0.16638   0.10623   0.09648   0.02855   0.13729   0.05861   0.11638   0.43223   0.21454   0.26159   0.17166   0.03218   0.01883   2.70840   1.51846   2.03892   2.02921   1.28491   0.35272   0.03522   2.12545  
  3 957.6600   3561.173679  x:  0.32990   0.39065   0.44531   0.51813   5.60212   0.23184   0.31985   0.13394   0.18018   0.30914   0.17566   0.08355   0.24333   0.05716   0.30667   0.17567   0.14126   0.22045   0.08155   0.08417   0.21292   0.05804   0.17443   0.10830   0.12728   0.04045   0.15082   0.07803   0.12295   0.44662   0.23127   0.28637   0.19254   0.08839   0.10913   2.70981   1.52204   2.04083   2.02719   1.32666   0.34338   0.01964   2.10870  
  4 360.0170   3527.643989  x:  0.41045   0.50017   0.50458   0.56194   5.59258   0.23660   0.39746   0.13921   0.22967   0.37314   0.16812   0.08243   0.29097   0.02026   0.25474   0.21582   0.16579   0.22386   0.02105   0.11191   0.12693   0.00000   0.19229   0.11001   0.17262   0.03907   0.17433   0.09713   0.13611   0.48039   0.26771   0.33960   0.23297   0.08958   0.10704   2.71178   1.53031   2.04527   2.02249   1.41635   0.32491   0.02715   2.07551  
  5 292.7809   3517.707131  x:  0.44099   0.54180   0.52736   0.57866   5.58834   0.23839   0.42692   0.14094   0.24815   0.39735   0.16514   0.08189   0.30902   0.00721   0.23500   0.23092   0.17507   0.22524   0.00000   0.12281   0.09522   0.01049   0.19902   0.11050   0.18933   0.03819   0.18296   0.10391   0.14098   0.49326   0.28146   0.35974   0.24811   0.08992   0.10643   2.71252   1.53350   2.04698   2.02067   1.45075   0.31787   0.02981   2.06285  
  6 1977.8821   3506.139067  x:  0.49585   0.62060   0.58029   0.61430   5.57831   0.24132   0.48103   0.13373   0.27006   0.43895   0.15575   0.07360   0.34244   0.05653   0.20392   0.25117   0.18419   0.23452   0.05176   0.12354   0.05481   0.01719   0.20931   0.10490   0.19761   0.01620   0.18701   0.09290   0.14562   0.52021   0.30401   0.39434   0.26701   0.04809   0.04725   2.71378   1.54010   2.05063   2.01668   1.52196   0.30534   0.02858   2.04014  
  7 276.9480   3499.239255  x:  0.54453   0.70062   0.65432   0.65648   5.56245   0.24512   0.53115   0.10420   0.26648   0.47063   0.13932   0.05506   0.36103   0.08523   0.17259   0.24887   0.16380   0.23487   0.05188   0.08407   0.15165   0.01769   0.21437   0.09162   0.17440   0.02277   0.17075   0.06061   0.14084   0.55103   0.31660   0.42002   0.26563   0.05638   0.03738   2.71461   1.54747   2.05477   2.01198   1.60317   0.29587   0.02969   2.02159  
  8 121.8775   3495.263963  x:  0.55769   0.74525   0.73268   0.69022   5.55771   0.25546   0.55201   0.05291   0.22437   0.47010   0.12197   0.04618   0.34862   0.10844   0.16590   0.21671   0.13594   0.22500   0.04052   0.06018   0.12774   0.01801   0.21472   0.07883   0.11878   0.03445   0.14534   0.08524   0.12215   0.57307   0.30582   0.41689   0.23026   0.05639   0.05937   2.71465   1.55284   2.05734   2.00851   1.66236   0.29939   0.02987   2.02118  
  9 65.6342   3493.039858  x:  0.55140   0.76851   0.80440   0.71433   5.55522   0.27504   0.56012   0.01559   0.18877   0.45719   0.11115   0.05274   0.32693   0.09423   0.15991   0.18455   0.13985   0.21373   0.04399   0.09386   0.11982   0.01679   0.21809   0.07985   0.11395   0.03669   0.13724   0.05986   0.10537   0.58451   0.29060   0.40269   0.19381   0.05863   0.05629   2.71566   1.55759   2.05910   2.00555   1.71706   0.30733   0.02948   2.02387  
 10 64.2835   3491.489017  x:  0.52822   0.77748   0.87917   0.73235   5.55248   0.30511   0.56288   0.00993   0.17940   0.43722   0.10436   0.05455   0.30233   0.07199   0.16206   0.15936   0.13467   0.20545   0.05435   0.08361   0.12350   0.01684   0.21809   0.08731   0.13928   0.02939   0.15003   0.07963   0.09889   0.58788   0.27686   0.38320   0.16987   0.05391   0.04556   2.71827   1.56303   2.06058   2.00256   1.78023   0.31986   0.02916   2.02709  
 11 54.8452   3489.925610  x:  0.48462   0.77385   0.96851   0.74566   5.55023   0.34161   0.55940   0.02381   0.19271   0.41067   0.09153   0.04858   0.28052   0.06768   0.17407   0.15802   0.13027   0.20115   0.05134   0.06768   0.11063   0.01668   0.21207   0.09290   0.14078   0.01350   0.15007   0.05783   0.10467   0.58314   0.26695   0.36230   0.16885   0.05401   0.05529   2.72253   1.56983   2.06186   1.99931   1.85920   0.34131   0.02911   2.03303  
 12 57.9787   3488.779878  x:  0.43764   0.76587   1.05406   0.75467   5.54873   0.37219   0.55173   0.03451   0.20604   0.38605   0.07255   0.04128   0.26524   0.06856   0.18178   0.16798   0.13194   0.19919   0.05075   0.06665   0.10419   0.01651   0.20428   0.09705   0.13865   0.03940   0.14693   0.05106   0.11212   0.57530   0.25890   0.34545   0.17576   0.05023   0.05487   2.72692   1.57631   2.06285   1.99645   1.93641   0.36510   0.02941   2.03948  
 13 140.1825   3487.338655  x:  0.37482   0.75095   1.15616   0.75789   5.54859   0.39948   0.53464   0.03624   0.21620   0.36233   0.03585   0.03520   0.26082   0.06732   0.17605   0.19128   0.14231   0.19875   0.04912   0.08669   0.11022   0.01546   0.19354   0.09009   0.12194   0.02906   0.13934   0.07033   0.11593   0.55956   0.25073   0.33353   0.19349   0.05739   0.04892   2.73238   1.58371   2.06329   1.99396   2.02799   0.40156   0.02979   2.05026  
 14 101.2016   3486.205450  x:  0.33708   0.74023   1.21127   0.74966   5.55125   0.40508   0.51790   0.02727   0.21290   0.36096   0.00000   0.04158   0.27274   0.05735   0.15950   0.19966   0.13684   0.19780   0.05169   0.07847   0.10539   0.01537   0.19089   0.08168   0.12697   0.02853   0.13825   0.06628   0.11264   0.54385   0.24851   0.33623   0.20427   0.05426   0.04927   2.73533   1.58686   2.06246   1.99410   2.07479   0.43323   0.02949   2.06079  
 15 56.2179   3485.461840  x:  0.29869   0.73513   1.27968   0.71433   5.55409   0.41028   0.49576   0.03698   0.20707   0.38711   0.00000   0.04477   0.29359   0.07490   0.16467   0.18164   0.13559   0.19160   0.04381   0.08237   0.10285   0.01514   0.19459   0.08058   0.13822   0.02852   0.14759   0.06588   0.10890   0.51309   0.25378   0.34867   0.19977   0.06194   0.05225   2.73958   1.58901   2.05935   1.99773   2.14068   0.49919   0.03019   2.07880  
 16 31.6228   3484.679365  x:  0.27663   0.74234   1.34587   0.65753   5.55838   0.40813   0.48060   0.05722   0.20953   0.41378   0.00000   0.03446   0.29872   0.05535   0.16433   0.16235   0.14063   0.19188   0.04892   0.08373   0.10261   0.01482   0.19749   0.08812   0.12414   0.02786   0.13945   0.06610   0.11460   0.48393   0.26442   0.35876   0.18889   0.04839   0.05415   2.74382   1.58920   2.05398   2.00469   2.20536   0.58881   0.02969   2.10413  
 17 42.4806   3483.175574  x:  0.27171   0.77902   1.46701   0.50843   5.56912   0.38376   0.46556   0.07196   0.20625   0.42315   0.00000   0.03615   0.27462   0.04226   0.17423   0.18603   0.13198   0.19981   0.05263   0.07503   0.09196   0.01500   0.19914   0.09309   0.12714   0.02698   0.12739   0.06327   0.12045   0.45223   0.27513   0.35804   0.16596   0.07400   0.03327   2.75146   1.58762   2.04020   2.02272   2.32893   0.80229   0.02990   2.16701  
 18 46.2922   3481.079489  x:  0.27656   0.83157   1.62724   0.29106   5.58353   0.34762   0.45453   0.07877   0.19940   0.41160   0.00000   0.04043   0.24200   0.04850   0.18208   0.21528   0.13139   0.20118   0.04572   0.08035   0.09584   0.01438   0.19338   0.09022   0.14290   0.01966   0.14396   0.06292   0.12129   0.43174   0.28167   0.34935   0.15762   0.04405   0.05343   2.76103   1.58535   2.02041   2.04876   2.49878   1.10531   0.03002   2.25917  
 19 150.9745   3479.306044  x:  0.28619   0.86092   1.74709   0.09006   5.59568   0.33703   0.46619   0.08722   0.20937   0.37462   0.00000   0.04898   0.25742   0.04966   0.16996   0.17779   0.14873   0.18293   0.04431   0.07247   0.08946   0.01440   0.18362   0.08652   0.13681   0.02234   0.15522   0.06012   0.11650   0.46612   0.27014   0.33801   0.19243   0.05478   0.04528   2.76746   1.58336   2.00267   2.07296   2.64477   1.37265   0.03036   2.35021  
 20 80.0959   3478.877843  x:  0.29002   0.85709   1.76661   0.04137   5.59658   0.34768   0.47521   0.08590   0.21531   0.37255   0.00000   0.05717   0.27294   0.05125   0.17018   0.17441   0.13976   0.19674   0.04252   0.07759   0.09065   0.01421   0.19122   0.09349   0.14263   0.02116   0.13805   0.06313   0.11422   0.48583   0.26148   0.33482   0.19128   0.05091   0.04865   2.76850   1.58341   1.99893   2.07892   2.68583   1.43548   0.03053   2.37871  
 21 36.7698   3478.529840  x:  0.29689   0.83904   1.76858   0.01105   5.59591   0.36474   0.48660   0.07238   0.21749   0.38420   0.00000   0.03593   0.28242   0.04734   0.17102   0.18210   0.13328   0.20398   0.04267   0.08008   0.08868   0.01412   0.19390   0.08990   0.14078   0.02151   0.14878   0.06097   0.11243   0.50594   0.25542   0.33785   0.18125   0.05187   0.04769   2.76881   1.58398   1.99704   2.08361   2.72301   1.48426   0.03058   2.41319  
 22 19.5038   3478.123442  x:  0.31536   0.81061   1.75743   0.00000   5.59384   0.38498   0.50061   0.05218   0.21434   0.40343   0.00000   0.04060   0.27786   0.04677   0.17563   0.19370   0.14432   0.18657   0.04288   0.07343   0.08942   0.01413   0.20309   0.09573   0.13695   0.02132   0.14723   0.06233   0.11697   0.51941   0.26099   0.35053   0.17978   0.05000   0.04782   2.76889   1.58472   1.99600   2.08869   2.77008   1.54047   0.03067   2.46614  
 23 18.6718   3477.421899  x:  0.36549   0.76312   1.72448   0.02368   5.59073   0.40059   0.52297   0.03452   0.21351   0.42287   0.00000   0.03314   0.25795   0.05483   0.16338   0.18406   0.14976   0.19566   0.03844   0.07398   0.08728   0.01403   0.19807   0.08100   0.14705   0.02265   0.13169   0.06492   0.11135   0.51658   0.27699   0.36898   0.19043   0.05160   0.04856   2.76982   1.58535   1.99520   2.09777   2.85373   1.64985   0.03092   2.58135  
 24 26.0846   3476.635073  x:  0.43027   0.71859   1.68137   0.06908   5.58583   0.40522   0.54414   0.02840   0.21605   0.43137   0.00000   0.05303   0.26286   0.05614   0.15201   0.18104   0.13478   0.20986   0.03793   0.08151   0.08738   0.01376   0.20154   0.08191   0.12747   0.02658   0.15147   0.06572   0.10615   0.50335   0.28913   0.37646   0.19124   0.05360   0.04754   2.77234   1.58626   1.99551   2.10739   2.95578   1.77517   0.03099   2.72454  
 25 57.0342   3475.697586  x:  0.50589   0.68746   1.62533   0.13953   5.58014   0.38072   0.55298   0.02208   0.21282   0.42404   0.00000   0.03594   0.31780   0.05191   0.16292   0.19110   0.13433   0.18870   0.03659   0.08442   0.08612   0.01351   0.20068   0.08721   0.12982   0.02617   0.14283   0.06785   0.10696   0.48786   0.28585   0.36594   0.17730   0.05044   0.04813   2.77800   1.58869   1.99830   2.11704   3.08227   1.92083   0.03095   2.91060  
 26 47.9340   3475.263268  x:  0.50970   0.70511   1.58915   0.17073   5.57640   0.36139   0.52665   0.02799   0.19968   0.43453   0.00000   0.03291   0.31977   0.04885   0.17061   0.19203   0.14941   0.20420   0.03376   0.07795   0.08413   0.01345   0.21614   0.08576   0.12927   0.02566   0.14663   0.06720   0.11688   0.51348   0.26347   0.36929   0.18481   0.05016   0.04770   2.78356   1.59310   2.00409   2.11783   3.15843   1.97173   0.03112   3.01880  
 27 15.5449   3474.834522  x:  0.49561   0.73673   1.54862   0.19661   5.57548   0.35466   0.50519   0.04537   0.20522   0.44949   0.00000   0.03275   0.31096   0.04855   0.16127   0.19642   0.13390   0.18465   0.03493   0.08561   0.08224   0.01319   0.21903   0.07760   0.13050   0.02568   0.14374   0.06718   0.11392   0.54244   0.24648   0.37295   0.18509   0.04881   0.04743   2.78916   1.59858   2.01159   2.11756   3.23250   2.01842   0.03110   3.13514  
 28 29.2275   3474.258087  x:  0.43938   0.80437   1.48804   0.22324   5.57510   0.36344   0.50677   0.03001   0.21464   0.45026   0.00000   0.03142   0.31193   0.05063   0.15531   0.19653   0.13069   0.18539   0.03189   0.08587   0.07903   0.01308   0.18836   0.10372   0.13481   0.02283   0.14602   0.06689   0.11066   0.56202   0.27320   0.37067   0.18086   0.04965   0.04737   2.79582   1.61033   2.02584   2.11498   3.33575   2.07915   0.03135   3.31468  
 29 21.1778   3473.893211  x:  0.39776   0.85322   1.45192   0.23877   5.57448   0.38002   0.52903   0.02569   0.22362   0.44527   0.00000   0.03812   0.31731   0.04567   0.16628   0.19990   0.14135   0.18828   0.03091   0.08096   0.07816   0.01310   0.18709   0.08688   0.13461   0.02425   0.14652   0.06641   0.09556   0.55869   0.28131   0.37106   0.17435   0.04689   0.04668   2.79902   1.61897   2.03569   2.11328   3.39576   2.11930   0.03140   3.43034  
 30 35.1328   3473.607637  x:  0.35868   0.89523   1.42833   0.25238   5.57493   0.39669   0.56084   0.01743   0.22189   0.43342   0.00000   0.02777   0.31712   0.04770   0.16204   0.19875   0.13680   0.18560   0.02970   0.08273   0.07723   0.01312   0.21658   0.08451   0.13799   0.02369   0.14841   0.06680   0.10987   0.54215   0.27886   0.37299   0.18198   0.04747   0.04633   2.80007   1.62752   2.04470   2.11236   3.43416   2.15696   0.03157   3.52778  
 31 22.4689   3473.515624  x:  0.35159   0.90995   1.43709   0.26086   5.57407   0.40648   0.57069   0.01225   0.22608   0.44336   0.00000   0.02946   0.31744   0.04850   0.16350   0.20074   0.13835   0.18708   0.02925   0.08233   0.07780   0.01324   0.20693   0.09055   0.13890   0.02342   0.14976   0.06692   0.11512   0.53490   0.25613   0.37450   0.18804   0.04750   0.04579   2.79666   1.63229   2.04846   2.11383   3.42992   2.17529   0.03164   3.56140  
 32  4.4094   3473.221808  x:  0.34262   0.94000   1.52518   0.29102   5.56435   0.43119   0.56644   0.01822   0.22998   0.46154   0.00000   0.02973   0.32856   0.04931   0.17071   0.21107   0.14250   0.19400   0.02825   0.08493   0.08067   0.01370   0.21688   0.08900   0.14376   0.02434   0.15503   0.06897   0.11842   0.56388   0.27779   0.36727   0.19958   0.04773   0.04476   2.77364   1.65545   2.06213   2.12649   3.37834   2.23306   0.03202   3.68388  
 33  3.6820   3472.986284  x:  0.33995   0.94826   1.60187   0.29011   5.55956   0.41764   0.57496   0.02531   0.24415   0.45195   0.00000   0.02851   0.33023   0.05374   0.16946   0.21470   0.14938   0.19858   0.02541   0.08534   0.08150   0.01404   0.22337   0.09979   0.14649   0.02463   0.15780   0.07005   0.10864   0.57587   0.28078   0.40665   0.19093   0.04837   0.04504   2.75992   1.67370   2.07169   2.13989   3.35436   2.24347   0.03255   3.78892  
 34  7.9925   3472.684023  x:  0.35056   0.95683   1.69595   0.26338   5.55525   0.40007   0.59100   0.03276   0.23996   0.45340   0.00000   0.03804   0.33610   0.04955   0.18374   0.21037   0.13961   0.20120   0.02563   0.09355   0.08212   0.01424   0.21075   0.08678   0.15041   0.02454   0.15828   0.07178   0.13062   0.57718   0.29079   0.42918   0.19765   0.04760   0.04307   2.74870   1.69470   2.08135   2.16032   3.34502   2.22490   0.03315   3.92445  
 35 13.4169   3472.202661  x:  0.38007   0.97316   1.83612   0.20308   5.55451   0.38447   0.60704   0.04986   0.23416   0.47452   0.00000   0.04381   0.34169   0.05949   0.16084   0.21165   0.15232   0.20579   0.01916   0.09152   0.08104   0.01475   0.21144   0.08407   0.15241   0.02683   0.15746   0.07401   0.12735   0.55504   0.29763   0.40747   0.20603   0.04978   0.04280   2.73925   1.72445   2.09394   2.19571   3.33971   2.17631   0.03436   4.13713  
 36 22.6648   3472.080325  x:  0.39085   0.98246   1.86946   0.18766   5.55369   0.38312   0.60227   0.04259   0.23979   0.47941   0.00000   0.04030   0.34078   0.05694   0.16922   0.20920   0.14709   0.20570   0.01959   0.09382   0.08103   0.01488   0.21817   0.08849   0.15172   0.02702   0.15699   0.07453   0.11288   0.54494   0.29986   0.40467   0.22272   0.04969   0.04111   2.74245   1.72969   2.09571   2.20625   3.33956   2.16307   0.03457   4.18778  
 37 13.9884   3471.988037  x:  0.39965   0.99888   1.88605   0.17951   5.55317   0.39665   0.58345   0.03026   0.25267   0.47342   0.00000   0.04160   0.34353   0.05901   0.16580   0.20527   0.14842   0.20666   0.01834   0.09381   0.08111   0.01503   0.22126   0.08209   0.15075   0.02787   0.15656   0.07519   0.11977   0.53622   0.30080   0.41013   0.21931   0.04972   0.04131   2.76224   1.72499   2.09260   2.21907   3.33614   2.15692   0.03474   4.21500  
 38  3.5450   3471.809113  x:  0.39372   1.02767   1.90896   0.17712   5.55006   0.41426   0.58026   0.03745   0.22950   0.46700   0.00000   0.03961   0.34903   0.05787   0.16210   0.21036   0.14665   0.20783   0.01759   0.09381   0.08058   0.01535   0.21571   0.08446   0.14784   0.02872   0.15449   0.07564   0.11226   0.53401   0.30282   0.42505   0.22414   0.04915   0.04172   2.82739   1.70317   2.07991   2.25101   3.32583   2.15433   0.03488   4.24927  
 39  3.5187   3471.472566  x:  0.35307   1.06310   1.95477   0.18761   5.54369   0.38649   0.60309   0.01994   0.23700   0.48328   0.00000   0.04519   0.34659   0.05820   0.16099   0.20432   0.14581   0.20850   0.01528   0.09501   0.08005   0.01598   0.22010   0.07908   0.14360   0.02980   0.15297   0.07721   0.11122   0.54672   0.30752   0.41526   0.22309   0.04946   0.04214   2.95432   1.66122   2.05432   2.31219   3.30536   2.15581   0.03511   4.30604  
 40  8.4260   3470.695068  x:  0.35860   1.02348   2.10195   0.22958   5.53725   0.39838   0.60660   0.01222   0.24271   0.45077   0.00000   0.04342   0.33401   0.03529   0.15959   0.19807   0.14291   0.20376   0.01488   0.08589   0.06837   0.01747   0.21761   0.08306   0.15091   0.02338   0.15317   0.07209   0.11092   0.55480   0.29281   0.39704   0.22066   0.04656   0.04568   2.95825   1.69507   2.03713   2.40602   3.37088   2.16021   0.03458   4.47204  
 41  1.1072   3469.962278  x:  0.30305   1.13799   2.18609   0.22933   5.52164   0.38618   0.61008   0.00000   0.22588   0.45925   0.00000   0.04710   0.34013   0.02906   0.15374   0.19451   0.13854   0.20488   0.01799   0.08872   0.07249   0.02018   0.21688   0.07764   0.14006   0.02740   0.14755   0.07554   0.10597   0.55681   0.29948   0.41102   0.21824   0.05041   0.04874   2.78535   1.85657   2.10655   2.40515   3.28068   2.07221   0.03443   4.76088  
 42  2.1830   3465.142406  x:  0.33315   1.42403   3.14158   0.23324   5.42881   0.46732   0.71150   0.02176   0.27581   0.56272   0.00000   0.05402   0.39845   0.04324   0.18059   0.24009   0.17162   0.24530   0.03301   0.10648   0.12512   0.03684   0.25593   0.09825   0.17366   0.04031   0.17588   0.09283   0.13366   0.64282   0.36276   0.49042   0.25770   0.07944   0.05411   2.80354   1.74909   2.12812   2.59245   2.53744   1.31060   0.03637   7.18125  
 43  3.6392   3462.959405  x:  0.41892   1.54854   3.70783   0.23736   5.36938   0.52781   0.78295   0.04139   0.31018   0.62915   0.00000   0.06274   0.43372   0.04805   0.20338   0.26380   0.19299   0.27298   0.04166   0.11757   0.15563   0.04748   0.27942   0.11315   0.19906   0.04671   0.19550   0.10288   0.15359   0.71299   0.40757   0.54121   0.28027   0.09684   0.06028   3.13810   1.97406   2.29803   2.43500   2.35470   1.18314   0.03739   9.21710  
 44  8.0210   3447.683032  x:  0.62554   2.46035   6.45857   0.49157   5.02576   0.85834   1.17825   0.11861   0.49870   0.98305   0.00000   0.08934   0.63590   0.09165   0.34205   0.42997   0.31400   0.42592   0.08666   0.17311   0.33394   0.11118   0.42682   0.20481   0.33915   0.08083   0.31042   0.15774   0.26062   1.13127   0.62286   0.82574   0.40402   0.20267   0.09828   3.42999   1.43748   2.61672   2.67168   2.69043   1.62870   0.03858  22.02956  
 45 21.4878   3439.654247  x:  0.70473   3.09170   8.16767   0.61237   4.81509   1.05557   1.43331   0.15920   0.61059   1.21874   0.00000   0.10473   0.77713   0.12334   0.42877   0.54043   0.38779   0.52534   0.10833   0.21311   0.43229   0.14777   0.52423   0.25859   0.41799   0.10459   0.38297   0.19489   0.32351   1.39204   0.76435   1.02300   0.49282   0.26227   0.12014   3.28272   1.16444   2.47442   2.97425   2.46743   1.36985   0.04138  29.23688  
 46 54.8784   3433.033958  x:  0.76697   3.70491   9.75497   0.74942   4.61284   1.24347   1.67212   0.20455   0.71060   1.43891   0.00000   0.12089   0.90511   0.15898   0.50981   0.64291   0.45571   0.61588   0.12783   0.24962   0.52590   0.18293   0.61102   0.31091   0.48994   0.12824   0.45235   0.22836   0.38421   1.64044   0.89339   1.21043   0.56627   0.31808   0.14070   3.20043   1.76312   1.83600   3.59214   2.37132   1.21257   0.04356  36.35776  
 47 51.2855   3418.609830  x:  1.09385   5.47000  14.90776   0.90056   3.98300   1.76959   2.40221   0.34883   1.00966   2.06210   0.00000   0.18290   1.28516   0.25823   0.74292   0.92364   0.65105   0.88447   0.18329   0.35196   0.78768   0.29707   0.86573   0.45093   0.70464   0.18940   0.65015   0.32695   0.54689   2.37991   1.30154   1.75179   0.81121   0.47916   0.20798   2.69533   2.34670   4.22657   4.79156   2.54521   0.99343   0.05196  59.74352  
 48 20.6862   3414.650116  x:  1.19970   5.89833  16.19422   0.93849   3.82166   1.90813   2.59552   0.36968   1.08526   2.22689   0.00000   0.19367   1.38470   0.28053   0.79614   0.99079   0.70110   0.95292   0.19834   0.37624   0.85372   0.32671   0.93622   0.48629   0.75644   0.20484   0.69861   0.35209   0.58462   2.56127   1.40401   1.88714   0.87535   0.51741   0.22429   2.80543   2.21396   3.71241   4.09989   2.72188   1.13016   0.05213  65.83801  
 49 10.1701   3409.188419  x:  1.48493   6.83987  18.84255   1.02285   3.47418   2.23245   3.04876   0.43740   1.26359   2.64033   0.00000   0.22221   1.64050   0.32911   0.93731   1.16326   0.82780   1.12943   0.23080   0.44378   1.00036   0.38626   1.11117   0.57659   0.88091   0.24250   0.82027   0.41582   0.67852   2.99670   1.65679   2.22863   1.04417   0.60211   0.26425   2.86201   1.77305   2.57397   2.18154   2.62032   1.30501   0.05132  78.10871  
 50  7.8059   3406.772394  x:  1.57906   7.45822  20.38280   1.17371   3.25662   2.41957   3.31823   0.47345   1.36792   2.88039   0.00000   0.23674   1.79001   0.36165   1.02470   1.27542   0.90416   1.23281   0.24863   0.48085   1.08755   0.42379   1.21725   0.63289   0.95375   0.26505   0.89577   0.45193   0.73388   3.26334   1.79833   2.43036   1.13996   0.65310   0.28877   2.64402   1.69542   1.88068   2.14398   2.62569   1.23929   0.04888  85.74472  
 51  7.8091   3405.708534  x:  1.69052   7.94684  21.63689   1.31592   3.06519   2.57220   3.55781   0.49657   1.45010   3.07958   0.00000   0.25055   1.92150   0.38883   1.09750   1.36706   0.96634   1.31916   0.25904   0.50915   1.14782   0.45656   1.30925   0.67843   1.00920   0.28097   0.95878   0.48104   0.77263   3.49837   1.92120   2.59972   1.22543   0.68760   0.31075   2.53528   1.64313   1.91179   1.81810   2.68398   1.14417   0.04553  92.53565  
 52  4.1534   3405.027258  x:  1.76388   8.28593  22.41111   1.47522   2.93128   2.67858   3.73441   0.50150   1.50950   3.22377   0.00000   0.26305   2.01909   0.40594   1.14895   1.43564   1.01397   1.38272   0.26418   0.52973   1.18440   0.47809   1.37830   0.71056   1.04644   0.29219   1.00567   0.50149   0.79697   3.66953   2.00901   2.71850   1.29001   0.70756   0.32563   2.66772   1.78068   2.27421   2.38449   2.68690   1.09672   0.04294  97.06557  
 53  4.8554   3403.954893  x:  1.93343   8.96191  23.74656   1.80388   2.67272   2.89772   4.10497   0.50961   1.62671   3.53605   0.00000   0.28320   2.23484   0.44066   1.25579   1.57808   1.11311   1.51739   0.27036   0.57505   1.24775   0.51757   1.52877   0.78041   1.11876   0.31527   1.10290   0.54582   0.84576   4.02071   2.18852   2.97247   1.42974   0.74116   0.35528   2.71444   1.72784   1.88134   2.13053   2.64722   1.25240   0.03894  105.59362  
 54  4.3373   3402.586132  x:  2.00418   9.18511  23.44347   2.17131   2.57699   2.96240   4.31608   0.46183   1.65239   3.68268   0.00000   0.29005   2.37002   0.45483   1.29914   1.64878   1.15814   1.57860   0.24525   0.59160   1.20481   0.52480   1.62044   0.81321   1.11914   0.31775   1.15050   0.56288   0.83591   4.20674   2.26176   3.08824   1.51359   0.71036   0.36368   2.63059   1.82115   2.43145   2.29374   2.60863   1.39947   0.04133  108.08602  
 55  0.8874   3398.809929  x:  2.17094   9.62137  21.97033   3.22909   2.34771   3.09321   4.88448   0.27219   1.68725   4.04772   0.00000   0.29587   2.73096   0.49167   1.39147   1.82898   1.26736   1.72633   0.16157   0.62085   1.04419   0.53799   1.87461   0.89704   1.08492   0.31547   1.27067   0.59890   0.77419   4.68942   2.43521   3.37388   1.73656   0.58864   0.37542   2.64558   1.77659   2.70941   2.21397   2.61231   1.00484   0.04717  113.80783  
 56  1.4099   3397.001547  x:  2.24747   9.77446  20.52573   3.87455   2.26434   3.13047   5.17970   0.14784   1.69065   4.23416   0.00000   0.29722   2.92907   0.50558   1.43052   1.92084   1.32534   1.80247   0.10563   0.63352   0.91677   0.53559   2.01385   0.93808   1.05048   0.31130   1.33172   0.61588   0.72803   4.91972   2.51088   3.51184   1.85968   0.49923   0.37920   2.62344   1.67550   2.11766   2.12532   2.65166   1.12723   0.04878  115.28251  
 57  1.2059   3396.748454  x:  2.31436   9.89581  20.51439   3.98354   2.21361   3.17451   5.28717   0.13807   1.71558   4.32032   0.00000   0.30439   2.99718   0.51250   1.45514   1.95896   1.35393   1.84082   0.10024   0.64519   0.90757   0.54124   2.05995   0.95590   1.06145   0.31535   1.35872   0.62742   0.73289   5.01022   2.55858   3.57982   1.90570   0.49160   0.38542   2.68364   1.64437   1.97312   2.03531   2.60800   1.16075   0.04801  116.84556  
 58  1.5010   3396.351756  x:  2.48492  10.11368  20.80179   3.94239   2.12941   3.24974   5.44991   0.17307   1.77655   4.46042   0.00000   0.33038   3.09623   0.52549   1.49705   2.01705   1.40663   1.91133   0.10461   0.66774   0.90285   0.55620   2.12067   0.98158   1.10153   0.32529   1.40481   0.65036   0.76187   5.13774   2.65384   3.70005   1.98100   0.49274   0.40095   2.62855   1.69389   2.20198   2.11702   2.59456   1.10989   0.04515  120.51454  
 59  0.7283   3395.821047  x:  2.67830  10.04456  20.13249   3.73385   2.15714   3.23988   5.51842   0.20495   1.80413   4.52090   0.45580   0.35957   3.14893   0.52401   1.49896   2.03154   1.43946   1.95242   0.10139   0.67895   0.83537   0.55293   2.14396   0.98442   1.11697   0.32724   1.42585   0.66306   0.77318   5.14291   2.70446   3.75234   2.03286   0.45990   0.40655   2.62103   1.69588   2.12376   2.09709   2.60727   1.11672   0.04405  120.88681  
 60  0.5285   3394.299341  x:  3.13573   9.62432  17.90086   3.04074   2.32731   3.13875   5.56784   0.28769   1.83869   4.57549   0.00000   0.42851   3.21223   0.50657   1.46598   2.01860   1.49239   2.01459   0.09276   0.69495   0.63939   0.52931   2.15210   0.96780   1.13526   0.32541   1.44716   0.68221   0.78920   5.02924   2.77579   3.80210   2.12046   0.36431   0.40988   2.64015   1.67033   1.80680   2.00888   2.62837   1.16031   0.04415  118.66198  
 61  3.1066   3393.573064  x:  3.19434   8.93572  16.65101   2.25691   2.61034   2.94486   5.22104   0.37109   1.77870   4.31970   0.03274   0.44369   3.01567   0.46843   1.36680   1.88175   1.42701   1.92186   0.10993   0.66943   0.57278   0.49277   1.99876   0.89919   1.11352   0.31184   1.36729   0.65533   0.78659   4.65467   2.65704   3.59942   2.01447   0.34315   0.38975   2.67174   1.70381   2.15115   2.11407   2.59756   1.14115   0.04790  111.21469  
 62  6.2024   3393.432793  x:  3.06834   8.78113  16.78229   2.15610   2.67813   2.89857   5.05580   0.38244   1.74415   4.19402   0.06638   0.42684   2.91074   0.45706   1.33634   1.82945   1.38325   1.86277   0.12156   0.65373   0.60947   0.48481   1.93084   0.87699   1.10132   0.30677   1.32737   0.63805   0.78337   4.53178   2.58150   3.49757   1.93948   0.36711   0.38066   2.62435   1.68311   2.09442   2.11053   2.59456   1.13144   0.04892  108.77041  
 63  2.1839   3393.349735  x:  3.03274   8.48871  15.84365   2.11141   2.78491   2.82282   4.93675   0.36974   1.70151   4.08962   0.02891   0.41901   2.84614   0.43988   1.30045   1.78457   1.35265   1.81881   0.11490   0.63834   0.56676   0.46658   1.88562   0.85620   1.07427   0.29586   1.29700   0.62274   0.76348   4.41781   2.51595   3.41024   1.89630   0.34480   0.37066   2.61929   1.64688   1.99483   2.05509   2.59210   1.10928   0.04952  105.21203  
 64  1.7669   3393.254503  x:  3.01406   8.38196  15.61370   2.07993   2.82409   2.80733   4.87245   0.37647   1.69050   4.03895   0.00000   0.41431   2.80636   0.43095   1.28931   1.76492   1.33819   1.79731   0.11948   0.63273   0.57029   0.46131   1.85897   0.84891   1.07305   0.29199   1.28316   0.61628   0.76434   4.37052   2.48569   3.36911   1.86808   0.35074   0.36845   2.63200   1.64099   1.99355   2.03611   2.59259   1.10799   0.04895  104.02986  
 65  1.0216   3393.254503  x:  3.01406   8.38196  15.61370   2.07993   2.82409   2.80733   4.87245   0.37647   1.69050   4.03895   0.00000   0.41431   2.80636   0.43095   1.28931   1.76492   1.33819   1.79731   0.11948   0.63273   0.57029   0.46131   1.85897   0.84891   1.07305   0.29199   1.28316   0.61628   0.76434   4.37052   2.48569   3.36911   1.86808   0.35074   0.36845   2.63200   1.64099   1.99355   2.03611   2.59259   1.10799   0.04895  104.02986  
 66  3.3481   3393.047122  x:  3.01189   8.37960  15.60813   2.08024   2.82015   2.81499   4.87089   0.38013   1.69342   4.03421   0.00219   0.41197   2.80107   0.42234   1.29349   1.76446   1.33523   1.79276   0.12672   0.62743   0.58943   0.40194   1.85839   0.85441   1.08413   0.28457   1.28480   0.61433   0.76828   4.37445   2.48259   3.36405   1.86170   0.38830   0.39047   2.63201   1.64505   1.99848   2.03375   2.60423   1.11665   0.04570  104.03118  
 67  4.9568   3392.827451  x:  3.00955   8.37705  15.60211   2.08057   2.81590   2.82325   4.86920   0.38407   1.69658   4.02909   0.00453   0.40943   2.79535   0.41304   1.29800   1.76395   1.33203   1.78784   0.13450   0.62170   0.61006   0.33790   1.85775   0.86034   1.09607   0.27655   1.28656   0.61221   0.77253   4.37869   2.47923   3.35859   1.85481   0.42872   0.41416   2.63200   1.64941   2.00379   2.03122   2.61653   1.12599   0.04871  104.03260  
 68 917.4879   3392.731355  x:  3.00741   8.37483  15.59756   2.08026   2.81226   2.82841   4.86736   0.38556   1.69783   4.02471   0.00481   0.40659   2.79054   0.40621   1.30027   1.76282   1.32865   1.78312   0.13637   0.61758   0.62125   0.30409   1.85641   0.86324   1.10288   0.27101   1.28669   0.60996   0.77461   4.38116   2.47610   3.35407   1.84906   0.44404   0.42051   2.62967   1.64993   2.00580   2.03128   2.59256   1.12500   0.04871  104.03406  
 69  9.3060   3392.632105  x:  2.99537   8.36178  15.56791   2.08142   2.79191   2.86203   4.85736   0.39665   1.70698   3.99950   0.01093   0.39490   2.76427   0.38132   1.32040   1.76131   1.31209   1.75720   0.13341   0.61228   0.66902   0.28014   1.85012   0.88327   1.13995   0.26031   1.29122   0.60604   0.78886   4.39915   2.45879   3.32894   1.81743   0.42053   0.37419   2.62460   1.65821   2.02328   2.02670   2.59958   1.12449   0.04859  104.04199  
 70  1.7634   3392.543146  x:  2.97254   8.33687  15.51212   2.08367   2.75532   2.91420   4.83685   0.40632   1.71617   3.95338   0.01459   0.37344   2.72017   0.35748   1.35027   1.75885   1.28914   1.71906   0.15418   0.61419   0.68157   0.31827   1.83493   0.90631   1.17853   0.24808   1.29343   0.60043   0.80591   4.42841   2.42693   3.28646   1.76580   0.43818   0.38619   2.61857   1.66068   2.04580   2.02882   2.59642   1.12885   0.04887  104.05690  
 71  2.0580   3392.472312  x:  2.94657   8.30773  15.44505   2.08930   2.71703   2.96259   4.81219   0.40623   1.71967   3.90341   0.01409   0.35569   2.67963   0.35861   1.37320   1.75835   1.26985   1.69061   0.12412   0.62110   0.63634   0.31115   1.81659   0.91794   1.18864   0.24765   1.29194   0.60034   0.81531   4.45825   2.39359   3.24649   1.72104   0.42908   0.39729   2.61363   1.65609   2.06288   2.03913   2.60599   1.12835   0.04890  104.07473  
 72  2.3032   3392.427235  x:  2.92341   8.28117  15.38391   2.09556   2.68620   2.99326   4.78923   0.39621   1.71653   3.86218   0.00817   0.34646   2.65208   0.36286   1.37630   1.75742   1.26401   1.68237   0.15190   0.62420   0.60586   0.29583   1.80022   0.91597   1.17541   0.24504   1.28588   0.59825   0.81413   4.47868   2.36724   3.21854   1.69430   0.41013   0.39341   2.61730   1.65289   2.07206   2.04831   2.61346   1.13479   0.04888  104.09082  
 73  2.6238   3392.375172  x:  2.90457   8.25910  15.33344   2.10093   2.66373   3.00866   4.77004   0.38204   1.71013   3.83170   0.00000   0.34442   2.63565   0.36257   1.36554   1.75476   1.26116   1.68178   0.14861   0.62099   0.60922   0.29519   1.78794   0.90739   1.15522   0.24218   1.27809   0.59428   0.80700   4.48944   2.34887   3.20138   1.68256   0.40711   0.39250   2.62341   1.65468   2.07669   2.05340   2.61796   1.14320   0.04884  104.10398  
 74  2.4887   3392.248336  x:  2.79917   8.13167  15.05232   2.12173   2.55449   3.04165   4.66543   0.30875   1.67287   3.68943   0.00000   0.35193   2.56855   0.34598   1.28911   1.71463   1.24145   1.65921   0.14778   0.57770   0.59961   0.29124   1.74136   0.87549   1.12762   0.30181   1.24145   0.58473   0.76265   4.49494   2.27247   3.12558   1.65990   0.41972   0.36691   2.61149   1.67312   2.08512   2.07923   2.64976   1.13531   0.04920  104.17645  
 75  3.6106   3391.982448  x:  2.56296   7.83785  14.41280   2.14660   2.33033   3.03723   4.44605   0.19708   1.60605   3.42680   0.00000   0.36423   2.45552   0.38163   1.17597   1.59680   1.20228   1.57420   0.13098   0.52370   0.55788   0.28745   1.67035   0.82486   1.12076   0.22721   1.17999   0.54610   0.68390   4.41936   2.14660   2.98062   1.66071   0.41312   0.32219   2.60513   1.71736   2.08392   2.12616   2.69937   1.23030   0.04895  104.33795  
 76  4.8558   3391.672011  x:  2.27468   7.46671  13.60738   2.14314   2.06913   2.96389   4.19365   0.13992   1.53976   3.15804   0.00000   0.32605   2.31995   0.36609   1.09661   1.45832   1.15256   1.47427   0.11617   0.54325   0.57522   0.26614   1.58643   0.78082   1.04264   0.22193   1.11935   0.52781   0.63546   4.25474   2.01387   2.80518   1.63559   0.32573   0.36921   2.68874   1.73774   2.07896   2.17016   2.75713   1.28432   0.04909  104.53929  
 77  7.7200   3391.272735  x:  1.94856   7.01032  12.59747   2.10460   1.79347   2.80843   3.91376   0.16345   1.46729   2.91246   0.00000   0.27470   2.16061   0.29902   1.06815   1.35349   1.05597   1.40782   0.09513   0.51936   0.54519   0.25387   1.47519   0.71490   0.83197   0.21152   1.04164   0.47601   0.62152   3.98949   1.86615   2.59234   1.51516   0.34205   0.29519   2.69675   1.72360   2.09242   2.21598   2.83315   1.38633   0.04913  104.78877  
 78  8.4855   3390.931321  x:  1.72807   6.63446  11.72842   2.03652   1.63547   2.60762   3.68571   0.17383   1.35623   2.77252   0.00000   0.28276   2.03227   0.31251   1.03444   1.35588   0.98101   1.38355   0.08463   0.43855   0.53714   0.24101   1.35668   0.63344   0.76066   0.21052   0.96224   0.46127   0.59167   3.72681   1.73586   2.41434   1.32683   0.28884   0.31116   2.67617   1.75840   2.15581   2.18349   2.88616   1.48132   0.04894  105.00095  
 79  7.4336   3390.604833  x:  1.59334   6.32208  10.96991   1.94494   1.55305   2.39834   3.49201   0.17353   1.23534   2.68178   0.00000   0.26670   1.91615   0.24531   0.93477   1.36239   0.96849   1.33762   0.07081   0.45905   0.49946   0.22697   1.25748   0.59486   0.74995   0.16125   0.90672   0.42102   0.55904   3.49142   1.63867   2.28285   1.17102   0.27663   0.29318   2.68763   1.73899   2.19003   2.17412   2.94759   1.52649   0.04910  105.18475  
 80  9.5405   3390.151687  x:  1.49399   5.94272  10.01378   1.78559   1.50542   2.11785   3.25408   0.18935   1.09923   2.58348   0.00000   0.19856   1.77026   0.27359   0.86341   1.31722   0.93127   1.23150   0.06537   0.44310   0.48787   0.21190   1.15261   0.60481   0.73048   0.19204   0.86502   0.39913   0.53203   3.19777   1.54829   2.15340   1.04846   0.28505   0.24894   2.71366   1.67195   2.20275   2.18716   3.00717   1.65724   0.04886  105.41429  
 81 11.7254   3389.437729  x:  1.42786   5.43453   8.71483   1.52270   1.48423   1.75646   2.94148   0.26062   0.98313   2.45369   0.00000   0.19737   1.59151   0.23461   0.80630   1.19892   0.81709   1.07369   0.07560   0.33166   0.44959   0.19342   1.05306   0.61633   0.64520   0.13721   0.80309   0.36938   0.49837   2.79980   1.45305   2.00451   0.97400   0.25025   0.25208   2.70136   1.63252   2.21066   2.17882   3.11490   1.71531   0.04939  105.72598  
 82 18.2981   3388.918274  x:  1.43227   5.09109   7.84551   1.31663   1.49172   1.55167   2.74446   0.33594   0.96044   2.36453   0.00000   0.25539   1.50842   0.19645   0.80544   1.10576   0.75666   1.01145   0.08044   0.38930   0.41491   0.17875   1.01230   0.56001   0.62366   0.15610   0.74845   0.34727   0.47388   2.53543   1.39962   1.91281   0.95872   0.24429   0.23827   2.66206   1.67731   2.21932   2.12957   3.16307   1.80634   0.04927  105.93464  
 83 16.5176   3388.623654  x:  1.49437   4.96238   7.55027   1.23618   1.52180   1.52815   2.69884   0.35439   0.96348   2.33567   0.00000   0.18592   1.53155   0.20817   0.80856   1.06306   0.75398   1.04666   0.08159   0.38798   0.40569   0.17833   1.01615   0.49595   0.65345   0.13600   0.75375   0.36961   0.49268   2.45620   1.40085   1.88217   0.96179   0.25182   0.23200   2.63248   1.68776   2.19855   2.10755   3.19209   1.79095   0.04962  106.00881  
 84  4.5479   3388.270838  x:  1.58296   4.86998   7.37474   1.19874   1.56665   1.56036   2.69417   0.34540   0.96351   2.31999   0.11770   0.17817   1.58370   0.19608   0.80408   1.05484   0.75702   1.06067   0.08052   0.36370   0.38975   0.17821   1.05163   0.50019   0.67968   0.14325   0.76243   0.33190   0.52148   2.42833   1.41361   1.86697   0.96400   0.23864   0.24325   2.61720   1.67318   2.16349   2.09228   3.21018   1.80816   0.04960  106.05681  
 85  4.7775   3388.008500  x:  1.67786   4.75447   7.19528   1.17337   1.56735   1.57371   2.69862   0.27669   0.94582   2.28860   0.12244   0.19974   1.60753   0.19013   0.81590   1.04997   0.74679   0.99426   0.08385   0.36865   0.37395   0.17583   1.06147   0.52773   0.66664   0.13230   0.74397   0.39798   0.50548   2.44457   1.39905   1.85456   0.96102   0.25012   0.22814   2.60407   1.67182   2.13180   2.05863   3.23503   1.81102   0.04976  106.11200  
 86  2.9628   3387.694370  x:  1.78960   4.56192   6.88598   1.13381   1.53906   1.57233   2.68829   0.20717   0.93511   2.22906   0.04891   0.18317   1.59545   0.19707   0.81472   1.01056   0.71540   0.91980   0.08649   0.35850   0.34991   0.16891   1.03782   0.52713   0.66229   0.13841   0.71391   0.32994   0.46439   2.45470   1.36414   1.82820   0.96462   0.24293   0.22354   2.58063   1.67298   2.09377   2.01344   3.28302   1.81817   0.04995  106.20554  
 87  7.0908   3387.507866  x:  1.83071   4.39284   6.62690   1.12411   1.49404   1.57658   2.65441   0.21510   0.94276   2.16193   0.01047   0.18758   1.52044   0.17593   0.75179   0.95553   0.68328   0.90510   0.08230   0.32956   0.32401   0.16505   0.99466   0.51317   0.66593   0.14381   0.71542   0.33658   0.42500   2.44016   1.32052   1.79308   0.96466   0.22538   0.22248   2.57737   1.65437   2.06817   2.00155   3.31495   1.86997   0.04980  106.28497  
 88  5.6782   3387.359843  x:  1.83522   4.22082   6.38077   1.13054   1.43931   1.57676   2.59306   0.22806   0.93495   2.07953   0.01036   0.21972   1.41968   0.21617   0.70463   0.90575   0.66979   0.89334   0.08075   0.33085   0.32383   0.16145   0.95219   0.50529   0.65106   0.13684   0.69696   0.32540   0.40053   2.40613   1.27176   1.74538   0.95644   0.22920   0.20832   2.57524   1.63661   2.05185   1.99882   3.35110   1.86809   0.05015  106.36349  
 89  6.9711   3387.209130  x:  1.80475   3.98441   6.06579   1.14067   1.36026   1.54522   2.46021   0.19295   0.88150   1.95423   0.00116   0.20659   1.31471   0.19623   0.68558   0.86035   0.68218   0.87858   0.07307   0.30896   0.30944   0.15602   0.92575   0.48463   0.61506   0.13627   0.65502   0.31280   0.42445   2.32736   1.22509   1.67095   0.95370   0.21628   0.19895   2.56792   1.65575   2.04975   1.99275   3.39459   1.91418   0.05017  106.47128  
 90  4.3065   3387.023388  x:  1.76635   3.78247   5.85283   1.14642   1.28227   1.51565   2.34109   0.17709   0.85085   1.85967   0.00000   0.19021   1.28569   0.18299   0.66455   0.85464   0.64206   0.84227   0.07104   0.30152   0.30765   0.15045   0.90673   0.44246   0.57931   0.13463   0.65107   0.29786   0.38854   2.24918   1.17473   1.60587   0.92669   0.20848   0.18897   2.57760   1.66162   2.04841   2.00652   3.43664   1.95331   0.05025  106.56126  
 91  4.4833   3387.023388  x:  1.76635   3.78247   5.85283   1.14642   1.28227   1.51565   2.34109   0.17709   0.85085   1.85967   0.00000   0.19021   1.28569   0.18299   0.66455   0.85464   0.64206   0.84227   0.07104   0.30152   0.30765   0.15045   0.90673   0.44246   0.57931   0.13463   0.65107   0.29786   0.38854   2.24918   1.17473   1.60587   0.92669   0.20848   0.18897   2.57760   1.66162   2.04841   2.00652   3.43664   1.95331   0.05025  106.56126  
 92  4.4631   3387.010884  x:  1.76634   3.78248   5.85286   1.14641   1.28227   1.51565   2.34111   0.17713   0.85088   1.85970   0.00002   0.19021   1.28575   0.18304   0.66458   0.85468   0.64208   0.84232   0.07106   0.30156   0.30773   0.15051   0.90672   0.44248   0.57929   0.13461   0.65106   0.29789   0.38856   2.24918   1.17473   1.60587   0.92665   0.20852   0.18903   2.57768   1.66166   2.04845   2.00649   3.43717   1.95348   0.05145  106.56125  
 93 18.7816   3386.852444  x:  1.76553   3.78270   5.85473   1.14596   1.28224   1.51553   2.34236   0.17985   0.85232   1.86220   0.00085   0.19064   1.28945   0.18626   0.66608   0.85689   0.64328   0.84513   0.07233   0.30407   0.31304   0.15436   0.90667   0.44369   0.57797   0.13282   0.65031   0.29922   0.38978   2.24904   1.17521   1.60598   0.92414   0.21109   0.19262   2.58286   1.66385   2.05111   2.00460   3.47114   1.96402   0.05117  106.56100  
 94 10.2953   3386.840301  x:  1.76476   3.78249   5.85542   1.14522   1.28171   1.51489   2.34240   0.17995   0.85217   1.86267   0.00000   0.18978   1.29031   0.18620   0.66566   0.85700   0.64282   0.84533   0.07118   0.30385   0.31350   0.15369   0.90596   0.44326   0.57669   0.13125   0.64910   0.29870   0.38961   2.24847   1.17481   1.60548   0.92231   0.21063   0.19234   2.58410   1.66386   2.05162   2.00451   3.47158   1.96646   0.05114  106.56105  
 95  2.7015   3386.766420  x:  1.74861   3.77692   5.86805   1.13079   1.27140   1.50211   2.34037   0.17840   0.84663   1.86820   0.00000   0.17742   1.30212   0.18109   0.65647   0.85718   0.63605   0.84661   0.09015   0.30043   0.31107   0.15482   0.89270   0.43763   0.56092   0.13194   0.63101   0.29505   0.38530   2.23590   1.16624   1.59475   0.88876   0.20600   0.19179   2.60416   1.66279   2.06035   2.00385   3.47328   2.00478   0.05085  106.56217  
 96  5.2410   3386.717167  x:  1.73068   3.76972   5.88008   1.11659   1.26126   1.48928   2.33502   0.17359   0.83859   1.86923   0.00000   0.17331   1.30756   0.17761   0.64973   0.85480   0.62785   0.84043   0.07841   0.29808   0.30210   0.15831   0.88175   0.43590   0.55689   0.15131   0.62301   0.29742   0.38109   2.22169   1.15783   1.58369   0.86116   0.20757   0.19498   2.61697   1.66155   2.06842   2.00442   3.47833   2.02768   0.05065  106.56347  
 97  4.0625   3386.615605  x:  1.66386   3.73878   5.91687   1.07222   1.22872   1.44866   2.30457   0.15093   0.80642   1.85405   0.00000   0.18657   1.29941   0.18281   0.64001   0.83593   0.61292   0.80751   0.07910   0.29456   0.28691   0.14315   0.85584   0.43420   0.56002   0.14051   0.62650   0.29140   0.36745   2.16768   1.13383   1.54749   0.80531   0.20251   0.17785   2.62887   1.65666   2.08979   2.01303   3.50883   2.04074   0.05062  106.56854  
 98  2.5681   3386.547553  x:  1.60940   3.71201   5.94352   1.03998   1.20482   1.41904   2.27789   0.13953   0.78584   1.83651   0.00000   0.18819   1.28344   0.17633   0.62841   0.81767   0.60222   0.78637   0.07644   0.28973   0.29449   0.15740   0.83757   0.43066   0.55452   0.12609   0.62200   0.28276   0.35996   2.12453   1.11731   1.52070   0.77746   0.20416   0.18496   2.63174   1.65313   2.10388   2.02194   3.52668   2.04763   0.05062  106.57268  
 99  7.3148   3386.415881  x:  1.49059   3.64974   5.99333   0.98322   1.16275   1.36565   2.21638   0.14096   0.76130   1.78734   0.00000   0.17007   1.23077   0.15561   0.60289   0.77825   0.58453   0.76417   0.07280   0.27692   0.29993   0.13275   0.80726   0.42122   0.52800   0.12731   0.59312   0.27343   0.35603   2.03522   1.08962   1.47120   0.76106   0.18492   0.19345   2.62655   1.64947   2.12822   2.04375   3.57178   2.07184   0.05055  106.58151  
100  6.4019   3386.298613  x:  1.37607   3.58675   6.03452   0.93859   1.12945   1.31957   2.15314   0.15100   0.74519   1.73311   0.00000   0.15662   1.17781   0.16274   0.58770   0.74945   0.56781   0.75108   0.06467   0.27107   0.27824   0.14236   0.78373   0.40613   0.49918   0.12126   0.56119   0.26655   0.35161   1.95334   1.06253   1.42665   0.75846   0.17170   0.17111   2.62134   1.65086   2.14853   2.06314   3.60798   2.10951   0.05034  106.59000  
101 11.2559   3386.245086  x:  1.31868   3.55282   6.04986   0.92307   1.11739   1.29838   2.11750   0.15642   0.73845   1.70135   0.00000   0.15924   1.15333   0.16709   0.58023   0.74267   0.55922   0.74599   0.06319   0.26834   0.26740   0.13480   0.77572   0.39568   0.48866   0.11431   0.54953   0.26239   0.34645   1.91575   1.04656   1.40483   0.75885   0.18960   0.17151   2.62115   1.65500   2.15652   2.07151   3.62030   2.13790   0.05016  106.59436  
102  8.7784   3386.191214  x:  1.25826   3.51264   6.05647   0.91750   1.11157   1.27766   2.07254   0.16002   0.73127   1.66101   0.00000   0.17347   1.13311   0.16073   0.56919   0.74613   0.55077   0.73929   0.06010   0.26499   0.27873   0.13158   0.77278   0.38408   0.48839   0.11409   0.54919   0.25873   0.33788   1.88286   1.02574   1.38173   0.75817   0.18594   0.16101   2.62563   1.66491   2.16112   2.07845   3.63000   2.17851   0.04986  106.59932  
103  5.1784   3386.165841  x:  1.23050   3.48899   6.04900   0.92104   1.11139   1.26709   2.04437   0.15867   0.72594   1.63795   0.00000   0.16858   1.12941   0.16051   0.56682   0.74802   0.54919   0.73213   0.05856   0.26131   0.26961   0.13103   0.77121   0.38014   0.48899   0.10774   0.55238   0.25553   0.33585   1.87442   1.01416   1.37015   0.75424   0.17297   0.17198   2.63056   1.67320   2.15869   2.08212   3.63740   2.19472   0.04974  106.60239  
104  2.5439   3386.132278  x:  1.19800   3.45063   6.01897   0.92856   1.10891   1.25264   1.99908   0.15514   0.71739   1.60549   0.00000   0.14432   1.13089   0.15601   0.56455   0.74314   0.54747   0.71913   0.05692   0.25622   0.27026   0.12888   0.76486   0.37849   0.48450   0.10600   0.54661   0.25149   0.33668   1.87442   0.99751   1.35507   0.73967   0.17787   0.16281   2.63794   1.68637   2.14717   2.08963   3.65307   2.20289   0.04974  106.60783  
105  2.0846   3386.097749  x:  1.17337   3.40493   5.96270   0.92643   1.09383   1.24321   1.95419   0.16057   0.71360   1.57934   0.00000   0.15522   1.13089   0.14883   0.55803   0.73213   0.53460   0.71362   0.05525   0.25994   0.26499   0.12721   0.75334   0.37638   0.46856   0.10350   0.52497   0.24814   0.33222   1.87799   0.98069   1.34144   0.71976   0.17395   0.16180   2.63956   1.69804   2.12857   2.10047   3.67210   2.20757   0.04979  106.61502  
106  1.9945   3386.058516  x:  1.15517   3.35002   5.87786   0.91142   1.06499   1.22994   1.91239   0.16727   0.70781   1.55990   0.00000   0.15456   1.11896   0.16396   0.55207   0.71221   0.51994   0.71073   0.05483   0.25056   0.27041   0.12384   0.73317   0.36644   0.46280   0.10365   0.52041   0.24882   0.32295   1.87423   0.96671   1.32791   0.70448   0.16891   0.16351   2.63866   1.70960   2.10677   2.11240   3.69015   2.22853   0.04974  106.62434  
107  2.9728   3385.978542  x:  1.12990   3.24014   5.69045   0.87616   1.00500   1.19849   1.84279   0.17360   0.69072   1.53000   0.00000   0.14739   1.08195   0.14834   0.52286   0.67824   0.50976   0.69874   0.05035   0.24460   0.25524   0.12162   0.70014   0.35321   0.45831   0.09391   0.52285   0.23439   0.30750   1.85302   0.94631   1.30203   0.68642   0.16659   0.15400   2.63843   1.73234   2.06764   2.13163   3.73235   2.28466   0.04952  106.64380  
108  6.7048   3385.827553  x:  1.09879   3.03564   5.31166   0.82347   0.91894   1.11963   1.73934   0.14696   0.63278   1.47146   0.00000   0.14133   0.99688   0.14912   0.50253   0.65397   0.50523   0.64169   0.04477   0.24337   0.24885   0.11177   0.67075   0.35159   0.42253   0.08742   0.47749   0.21850   0.29085   1.76800   0.90767   1.24016   0.66054   0.15492   0.14742   2.64440   1.77295   2.01764   2.14934   3.80397   2.38482   0.04916  106.68167  
109  7.5326   3385.674380  x:  1.07394   2.83983   4.93455   0.78760   0.86216   1.04433   1.65750   0.13226   0.58845   1.40585   0.00000   0.13458   0.92376   0.13232   0.47646   0.63306   0.46603   0.60242   0.04125   0.19857   0.23163   0.10648   0.64535   0.32954   0.38984   0.07348   0.44038   0.22037   0.27247   1.65767   0.86061   1.16846   0.62711   0.14673   0.13499   2.65174   1.80540   1.98758   2.15668   3.88236   2.45960   0.04903  106.71887  
110 15.9843   3385.486490  x:  1.04404   2.60444   4.47332   0.74920   0.80895   0.95816   1.56795   0.12771   0.54825   1.31538   0.00000   0.11713   0.85046   0.12664   0.44242   0.60002   0.42033   0.56729   0.03644   0.19128   0.21781   0.09691   0.60685   0.28854   0.35815   0.07073   0.40666   0.18111   0.25169   1.50610   0.79562   1.07303   0.57843   0.13490   0.12500   2.65873   1.83420   1.96638   2.16052   3.97388   2.53895   0.04900  106.76417  
111 27.4988   3385.407092  x:  1.02971   2.49959   4.26407   0.72960   0.78851   0.92380   1.52838   0.12883   0.53481   1.26925   0.00000   0.10904   0.82792   0.12194   0.42547   0.57732   0.41049   0.55222   0.03439   0.20024   0.21323   0.09300   0.58560   0.27731   0.34545   0.06266   0.39571   0.19272   0.24952   1.43546   0.76622   1.03012   0.55686   0.13034   0.12166   2.65997   1.83992   1.96452   2.16118   4.01000   2.57757   0.04898  106.78473  
112 22.8480   3385.314717  x:  1.01439   2.39157   4.03818   0.70366   0.77230   0.89668   1.48534   0.13002   0.52453   1.21424   0.00000   0.11221   0.82318   0.11876   0.41601   0.54437   0.40800   0.53566   0.03254   0.18238   0.20688   0.09097   0.56156   0.28881   0.33629   0.05950   0.38132   0.18118   0.26019   1.36451   0.74045   0.99177   0.54290   0.12736   0.11682   2.65657   1.83204   1.97724   2.16001   4.04670   2.62591   0.04893  106.80711  
113 11.8685   3385.171957  x:  1.00260   2.27757   3.76022   0.66506   0.76422   0.88119   1.42672   0.10616   0.49960   1.15209   0.00000   0.10240   0.81964   0.10664   0.41295   0.53293   0.38975   0.51543   0.03293   0.17597   0.19773   0.08873   0.53644   0.26506   0.31863   0.06122   0.36507   0.17573   0.22758   1.31163   0.71695   0.97598   0.54533   0.12335   0.11230   2.63817   1.78944   2.02871   2.15227   4.09860   2.67662   0.04900  106.83617  
114  5.1047   3385.067049  x:  0.99933   2.22937   3.62640   0.65252   0.76354   0.87607   1.40118   0.10808   0.49621   1.13178   0.03763   0.09617   0.79478   0.10800   0.39856   0.53586   0.37443   0.50571   0.03487   0.17543   0.19430   0.08824   0.54006   0.26380   0.31981   0.06082   0.35959   0.17360   0.23125   1.30180   0.70692   0.96175   0.53168   0.12212   0.11134   2.63227   1.76294   2.06430   2.14201   4.12139   2.69668   0.04912  106.85127  
115  6.6173   3384.954287  x:  0.99541   2.16800   3.44393   0.64125   0.75775   0.84440   1.36865   0.11087   0.49506   1.10507   0.01208   0.09452   0.75405   0.10408   0.39565   0.53100   0.36838   0.50570   0.03641   0.17216   0.18902   0.08834   0.54285   0.25212   0.31820   0.06310   0.35649   0.17099   0.24046   1.29683   0.68564   0.93469   0.51059   0.12084   0.11039   2.62687   1.72800   2.11994   2.11862   4.15314   2.72187   0.04932  106.87337  
116  5.9908   3384.892802  x:  0.99732   2.16305   3.40737   0.65933   0.75653   0.83141   1.36582   0.12485   0.49253   1.10352   0.00882   0.09985   0.74703   0.10765   0.38301   0.51503   0.37859   0.48991   0.03748   0.16788   0.18706   0.08851   0.53132   0.24970   0.31296   0.06755   0.35582   0.17076   0.22395   1.29122   0.67671   0.91872   0.51547   0.12088   0.11013   2.63126   1.72363   2.13950   2.09817   4.16464   2.72620   0.04943  106.88147  
117  1.6929   3384.823521  x:  0.99734   2.17180   3.40770   0.67775   0.74274   0.82477   1.36364   0.12108   0.47846   1.09853   0.00671   0.10091   0.75227   0.10613   0.38231   0.50239   0.35852   0.49733   0.03986   0.17636   0.18536   0.08876   0.51710   0.25905   0.32127   0.06928   0.35562   0.17190   0.22535   1.27362   0.67641   0.90477   0.52884   0.12143   0.11027   2.63526   1.72415   2.14878   2.07512   4.17376   2.73116   0.04954  106.88866  
118  1.4817   3384.742938  x:  0.98649   2.18604   3.44126   0.67823   0.71465   0.83713   1.36006   0.11633   0.48389   1.08323   0.01005   0.10366   0.76028   0.10115   0.39243   0.50615   0.36463   0.49397   0.04086   0.17451   0.18292   0.08945   0.51462   0.24493   0.31333   0.07579   0.36725   0.17211   0.23767   1.23913   0.67345   0.89689   0.51804   0.12206   0.11043   2.62734   1.71834   2.14508   2.05678   4.18690   2.73398   0.04971  106.89610  
119  1.6137   3384.689994  x:  0.96634   2.17992   3.44656   0.66563   0.70262   0.84363   1.34963   0.10922   0.48891   1.06190   0.00000   0.09868   0.75816   0.10418   0.37690   0.50388   0.36491   0.48577   0.04136   0.17162   0.17955   0.08898   0.51891   0.24395   0.32890   0.07552   0.35359   0.17157   0.22845   1.20914   0.66300   0.89463   0.50147   0.12029   0.11060   2.61494   1.70199   2.14335   2.04856   4.20589   2.74599   0.04985  106.90449  
120  2.4753   3384.689994  x:  0.96634   2.17992   3.44656   0.66563   0.70262   0.84363   1.34963   0.10922   0.48891   1.06190   0.00000   0.09868   0.75816   0.10418   0.37690   0.50388   0.36491   0.48577   0.04136   0.17162   0.17955   0.08898   0.51891   0.24395   0.32890   0.07552   0.35359   0.17157   0.22845   1.20914   0.66300   0.89463   0.50147   0.12029   0.11060   2.61494   1.70199   2.14335   2.04856   4.20589   2.74599   0.04985  106.90449  
121  2.5018   3384.681662  x:  0.96632   2.17992   3.44658   0.66560   0.70263   0.84363   1.34961   0.10922   0.48889   1.06193   0.00001   0.09871   0.75817   0.10420   0.37692   0.50386   0.36491   0.48578   0.04129   0.17164   0.17956   0.08893   0.51889   0.24400   0.32885   0.07548   0.35366   0.17155   0.22845   1.20921   0.66302   0.89466   0.50147   0.12026   0.11058   2.61495   1.70198   2.14335   2.04857   4.20605   2.74604   0.05082  106.90449  
122 16.7322   3384.633396  x:  0.96437   2.17932   3.44850   0.66274   0.70366   0.84391   1.34818   0.10906   0.48715   1.06466   0.00061   0.10248   0.75828   0.10596   0.37833   0.50131   0.36469   0.48592   0.03555   0.17357   0.18082   0.08406   0.51699   0.24891   0.32384   0.07187   0.35964   0.17027   0.22887   1.21574   0.66478   0.89730   0.50143   0.11791   0.10905   2.61620   1.70089   2.14319   2.04934   4.22166   2.75030   0.05076  106.90441  
123  4.3404   3384.618415  x:  0.96318   2.17884   3.44935   0.66107   0.70384   0.84362   1.34722   0.10844   0.48598   1.06554   0.00000   0.10296   0.75784   0.10551   0.37808   0.49974   0.36446   0.48575   0.03849   0.17360   0.18056   0.08466   0.51562   0.25012   0.32198   0.07141   0.36096   0.16956   0.22846   1.21838   0.66513   0.89813   0.50087   0.11754   0.10888   2.61665   1.70013   2.14294   2.04987   4.22523   2.75215   0.05078  106.90440  
124  4.5939   3384.575851  x:  0.95330   2.17440   3.45529   0.64780   0.70400   0.84017   1.33909   0.10230   0.47671   1.06972   0.00000   0.10151   0.75255   0.09965   0.37317   0.48730   0.35887   0.48069   0.03513   0.16959   0.17600   0.08862   0.50416   0.25337   0.31244   0.07314   0.36296   0.16551   0.22278   1.23492   0.66527   0.90191   0.49440   0.11753   0.10915   2.61886   1.69372   2.14047   2.05447   4.23209   2.76453   0.05067  106.90459  
125  4.6268   3384.554967  x:  0.94562   2.17067   3.45923   0.63887   0.70396   0.83776   1.33321   0.09968   0.47208   1.07092   0.00000   0.10048   0.74872   0.10231   0.37173   0.48142   0.35666   0.47754   0.03670   0.16904   0.17570   0.08153   0.49759   0.25242   0.31178   0.07337   0.35965   0.16649   0.21844   1.24353   0.66393   0.90265   0.48937   0.11699   0.10808   2.62054   1.68970   2.13879   2.05738   4.23475   2.77301   0.05061  106.90476  
126  4.6764   3384.536223  x:  0.93564   2.16557   3.46384   0.62901   0.70417   0.83523   1.32619   0.09917   0.46918   1.07061   0.00000   0.10119   0.74432   0.10727   0.37089   0.47808   0.35563   0.47453   0.03592   0.17141   0.17916   0.08489   0.49253   0.24985   0.31544   0.07213   0.35356   0.16866   0.21423   1.25064   0.66142   0.90171   0.48381   0.11674   0.10765   2.62305   1.68581   2.13705   2.06023   4.24084   2.78322   0.05056  106.90496  
127  4.6081   3384.516195  x:  0.91888   2.15645   3.47053   0.61681   0.70531   0.83144   1.31562   0.10299   0.46999   1.06574   0.00000   0.10478   0.73773   0.10142   0.36626   0.47955   0.35547   0.47280   0.03555   0.17213   0.17477   0.08351   0.49209   0.24664   0.32111   0.06967   0.34732   0.16521   0.21276   1.25334   0.65666   0.89642   0.47816   0.11562   0.10893   2.62738   1.68173   2.13467   2.06348   4.25039   2.79744   0.05049  106.90535  
128  2.7457   3384.489205  x:  0.88990   2.13992   3.48083   0.60053   0.70773   0.82194   1.29726   0.10698   0.47073   1.05233   0.00000   0.10062   0.72727   0.10153   0.36414   0.48231   0.35238   0.47073   0.03519   0.16421   0.17365   0.08368   0.49407   0.24278   0.31735   0.07194   0.34815   0.16404   0.21494   1.24759   0.64832   0.88426   0.47300   0.11053   0.10360   2.63400   1.67720   2.13121   2.06751   4.26299   2.81817   0.05039  106.90613  
129  3.4337   3384.470252  x:  0.86808   2.12720   3.48822   0.58965   0.70934   0.81378   1.28320   0.10791   0.46953   1.04110   0.00000   0.09679   0.72011   0.10276   0.36288   0.48299   0.35038   0.46845   0.03498   0.16119   0.17339   0.08265   0.49480   0.24004   0.31138   0.07005   0.34896   0.16307   0.21592   1.24016   0.64197   0.87474   0.47049   0.11499   0.10726   2.63848   1.67465   2.12879   2.07008   4.27279   2.83270   0.05033  106.90677  
130  8.8271   3384.448222  x:  0.84186   2.11108   3.49604   0.58024   0.71006   0.80160   1.26571   0.10333   0.46245   1.02527   0.00000   0.09534   0.71386   0.10060   0.35910   0.47836   0.34886   0.46276   0.03452   0.16861   0.17148   0.08183   0.49184   0.23791   0.30282   0.06682   0.34565   0.16108   0.21324   1.22289   0.63413   0.86302   0.47044   0.11271   0.10382   2.64183   1.67386   2.12632   2.07201   4.28522   2.84723   0.05024  106.90772  
131  4.3407   3384.428853  x:  0.81893   2.09626   3.50192   0.57378   0.70901   0.79053   1.25059   0.09936   0.45476   1.01109   0.00000   0.09675   0.70973   0.09861   0.35542   0.47031   0.34429   0.45712   0.03438   0.16837   0.16967   0.08044   0.48599   0.23712   0.30110   0.07331   0.34052   0.16079   0.20953   1.20297   0.62741   0.85283   0.47090   0.11189   0.10445   2.64362   1.67496   2.12466   2.07279   4.30348   2.85944   0.05022  106.90865  
132  6.1866   3384.406456  x:  0.79407   2.07919   3.50674   0.56723   0.70450   0.77872   1.23456   0.09707   0.44645   0.99589   0.00000   0.09806   0.70511   0.09790   0.35061   0.45806   0.33614   0.45040   0.03452   0.15920   0.16710   0.07985   0.47603   0.23408   0.30022   0.06764   0.33311   0.15749   0.20445   1.17718   0.61984   0.84127   0.46949   0.10999   0.10229   2.64408   1.67746   2.12300   2.07320   4.32503   2.87288   0.05018  106.90981  
133  7.7076   3384.388223  x:  0.77720   2.06395   3.50351   0.56048   0.68864   0.77152   1.22377   0.10275   0.44346   0.98658   0.00000   0.09236   0.69579   0.09631   0.34326   0.44755   0.33298   0.44380   0.03412   0.15946   0.16343   0.07887   0.46280   0.22858   0.29581   0.06734   0.33113   0.15689   0.20328   1.15247   0.61282   0.83093   0.45703   0.10965   0.09996   2.64080   1.68194   2.12213   2.07280   4.34585   2.88715   0.05016  106.91103  
134  2.7146   3384.376576  x:  0.76828   2.05270   3.49554   0.55661   0.67356   0.76576   1.21544   0.10142   0.43879   0.98042   0.00000   0.09506   0.68699   0.09658   0.34091   0.44537   0.32960   0.43962   0.03419   0.15811   0.16504   0.07776   0.45791   0.22903   0.29088   0.06788   0.32758   0.15139   0.20353   1.13759   0.60770   0.82428   0.44630   0.10682   0.10113   2.63690   1.68563   2.12164   2.07245   4.35681   2.89973   0.05011  106.91201  
135  2.9733   3384.365808  x:  0.76119   2.04078   3.48307   0.55446   0.65827   0.75913   1.20631   0.09694   0.43285   0.97418   0.00000   0.09711   0.67780   0.09559   0.33926   0.44523   0.32658   0.43641   0.03397   0.15570   0.16074   0.07762   0.45601   0.23011   0.28793   0.06630   0.32469   0.15504   0.20284   1.12578   0.60302   0.81887   0.43853   0.10716   0.09921   2.63284   1.68960   2.12118   2.07217   4.36849   2.91440   0.05005  106.91304  
136  3.8214   3384.348676  x:  0.75204   2.01894   3.45295   0.55515   0.63709   0.74728   1.19033   0.09037   0.42469   0.96320   0.00000   0.08871   0.66473   0.09221   0.33481   0.44284   0.32428   0.43213   0.03327   0.15290   0.16053   0.07603   0.45404   0.22601   0.28775   0.06523   0.32059   0.15023   0.19784   1.11257   0.59647   0.81199   0.43637   0.10733   0.09594   2.62732   1.69583   2.12018   2.07232   4.38965   2.94164   0.04995  106.91487  
137  3.1533   3384.329209  x:  0.74153   1.99039   3.40944   0.55786   0.61860   0.73541   1.17125   0.09037   0.41969   0.94856   0.00000   0.08622   0.65465   0.09418   0.32971   0.43620   0.31889   0.42441   0.03287   0.15096   0.15372   0.07547   0.44907   0.21830   0.28084   0.06454   0.31547   0.14781   0.19177   1.10046   0.58745   0.80197   0.43578   0.10042   0.09922   2.62300   1.70180   2.11867   2.07320   4.41124   2.97353   0.04984  106.91722  
138  4.9827   3384.296067  x:  0.72342   1.93922   3.32844   0.56105   0.59333   0.71676   1.13856   0.09472   0.41283   0.92207   0.00000   0.09054   0.64166   0.08936   0.31826   0.42122   0.30819   0.41085   0.03292   0.14706   0.15485   0.07252   0.43802   0.20922   0.26779   0.06394   0.30745   0.14652   0.18526   1.08125   0.57112   0.78177   0.43107   0.10099   0.09373   2.61854   1.71017   2.11581   2.07540   4.44488   3.02494   0.04969  106.92142  
139 10.3600   3384.262043  x:  0.70500   1.88473   3.23830   0.55738   0.57450   0.69725   1.10529   0.09570   0.40163   0.89487   0.00000   0.08913   0.63060   0.09105   0.31304   0.40422   0.30097   0.40140   0.03205   0.14536   0.14646   0.07118   0.42326   0.21015   0.26382   0.06290   0.30129   0.13784   0.18592   1.06005   0.55528   0.75751   0.41921   0.10268   0.08725   2.61798   1.71640   2.11284   2.07837   4.47898   3.06984   0.04962  106.92594  
140 10.0767   3384.224176  x:  0.68736   1.83001   3.14494   0.54798   0.55954   0.67803   1.07331   0.09370   0.38853   0.86939   0.00000   0.08359   0.61877   0.08486   0.30623   0.38981   0.29516   0.39417   0.03101   0.14169   0.14554   0.06860   0.40777   0.21084   0.25972   0.05829   0.29579   0.13755   0.18516   1.03662   0.54015   0.73363   0.40493   0.09537   0.08903   2.61943   1.72119   2.10997   2.08174   4.51452   3.10894   0.04959  106.93057  
141 17.6321   3384.162005  x:  0.66022   1.73653   2.97692   0.51619   0.54224   0.64842   1.02399   0.08654   0.36734   0.83338   0.00000   0.07861   0.59373   0.07993   0.29466   0.38102   0.28183   0.37871   0.02918   0.13352   0.13728   0.06468   0.38482   0.19663   0.24057   0.05670   0.27997   0.12927   0.16817   0.98838   0.51608   0.70124   0.38059   0.09196   0.08265   2.62499   1.72602   2.10593   2.08812   4.58468   3.16377   0.04965  106.93884  
142 12.0141   3384.137337  x:  0.65126   1.70101   2.90883   0.49646   0.53561   0.63776   1.00794   0.08390   0.36264   0.82199   0.00000   0.07787   0.57727   0.08102   0.28426   0.37145   0.27333   0.36361   0.02943   0.13236   0.13511   0.06309   0.38277   0.19531   0.23736   0.05486   0.27631   0.12705   0.16897   0.96600   0.51099   0.69406   0.37905   0.09006   0.08108   2.62570   1.72534   2.10472   2.09158   4.60984   3.18544   0.04970  106.94233  
143  6.6177   3384.119169  x:  0.65023   1.69302   2.89083   0.49123   0.53488   0.63518   1.00540   0.08338   0.36191   0.81966   0.01492   0.07906   0.57281   0.08077   0.28417   0.36670   0.27334   0.36483   0.02906   0.13195   0.13467   0.06278   0.38244   0.19398   0.23610   0.05467   0.27546   0.12663   0.16868   0.95966   0.50960   0.69305   0.37902   0.08968   0.08074   2.62445   1.72400   2.10475   2.09279   4.61536   3.19245   0.04969  106.94338  
144  3.2221   3384.097107  x:  0.65148   1.67624   2.84432   0.47539   0.53078   0.61715   1.00439   0.08266   0.36161   0.81527   0.01493   0.08177   0.57146   0.07798   0.28847   0.35848   0.27169   0.36707   0.02818   0.13176   0.13378   0.06200   0.37933   0.18837   0.23347   0.05410   0.27361   0.12572   0.17113   0.94656   0.50443   0.69018   0.37961   0.08877   0.07999   2.61921   1.71842   2.10594   2.09591   4.62940   3.21065   0.04967  106.94638  
145  1.9626   3384.056106  x:  0.66042   1.65955   2.77758   0.46616   0.53392   0.59402   1.00668   0.08676   0.35477   0.81019   0.01909   0.07888   0.57825   0.07926   0.27943   0.36344   0.27019   0.35967   0.02754   0.12992   0.13305   0.06100   0.37419   0.19338   0.23115   0.05243   0.27232   0.12447   0.16716   0.93456   0.49537   0.68101   0.37321   0.08753   0.07924   2.60838   1.70771   2.11096   2.09866   4.65027   3.23538   0.04966  106.95145  
146  2.8451   3383.980652  x:  0.67247   1.62208   2.64243   0.46259   0.53891   0.59515   0.98500   0.08894   0.33807   0.79209   0.01297   0.07421   0.55392   0.07373   0.28433   0.35931   0.25563   0.35045   0.02729   0.13108   0.13146   0.05892   0.36511   0.18782   0.22635   0.04962   0.26543   0.12210   0.16900   0.92011   0.49136   0.66020   0.36243   0.08509   0.07769   2.59978   1.69524   2.12510   2.09446   4.69461   3.26372   0.04981  106.96223  
147  3.2600   3383.923767  x:  0.67610   1.58694   2.53395   0.45415   0.53214   0.60023   0.95973   0.07958   0.33750   0.77632   0.00429   0.07787   0.53985   0.07706   0.27250   0.34947   0.26501   0.34951   0.02554   0.12552   0.13028   0.05789   0.35930   0.18535   0.22343   0.04843   0.26767   0.11982   0.16189   0.90846   0.48506   0.64857   0.35492   0.08326   0.07679   2.60020   1.68998   2.13752   2.08698   4.72639   3.28066   0.04997  106.97102  
148  7.8681   3383.901430  x:  0.67474   1.57395   2.50065   0.45129   0.52328   0.60389   0.95209   0.07601   0.34449   0.77326   0.00417   0.07308   0.54451   0.07648   0.27135   0.34868   0.26071   0.35084   0.02546   0.12591   0.12996   0.05765   0.35883   0.19032   0.22017   0.04815   0.26056   0.11991   0.16101   0.90812   0.48204   0.64977   0.35344   0.08287   0.07645   2.60726   1.69071   2.14296   2.08113   4.73671   3.28247   0.05007  106.97422  
149  3.1756   3383.888849  x:  0.67230   1.56680   2.48831   0.45199   0.51708   0.60446   0.95132   0.07382   0.34450   0.77337   0.00624   0.07323   0.54970   0.07499   0.27410   0.35087   0.25777   0.34673   0.02598   0.12688   0.13014   0.05772   0.35807   0.18731   0.22314   0.04782   0.26526   0.11951   0.16080   0.90961   0.47944   0.65249   0.35155   0.08260   0.07685   2.61578   1.69241   2.14598   2.07629   4.73914   3.28151   0.05013  106.97590  
150  1.7974   3383.875623  x:  0.66837   1.55552   2.47525   0.45474   0.51289   0.59954   0.95572   0.07631   0.33784   0.77514   0.00673   0.07334   0.54736   0.07505   0.27263   0.35017   0.26194   0.34475   0.02597   0.12478   0.12981   0.05807   0.35907   0.18451   0.22187   0.04838   0.26119   0.11965   0.16478   0.90967   0.47831   0.65436   0.35060   0.08253   0.07686   2.62902   1.69468   2.14831   2.07074   4.74398   3.28276   0.05020  106.97801  
151  1.2083   3383.864623  x:  0.66644   1.54489   2.46369   0.45549   0.51098   0.59371   0.95878   0.07815   0.33632   0.77521   0.00567   0.07379   0.54009   0.07592   0.26958   0.34803   0.25749   0.34847   0.02631   0.12585   0.12955   0.05842   0.35974   0.18552   0.22293   0.04846   0.26174   0.11942   0.15986   0.90619   0.47707   0.65152   0.34919   0.08245   0.07702   2.63846   1.69519   2.14892   2.06762   4.74839   3.28726   0.05025  106.98005  
152  1.4498   3383.841442  x:  0.67039   1.52934   2.45054   0.45266   0.51029   0.58796   0.95681   0.07332   0.34401   0.76992   0.00574   0.07314   0.53130   0.07350   0.27201   0.34761   0.25933   0.34087   0.02728   0.12339   0.12855   0.05954   0.35323   0.18581   0.22352   0.04912   0.25761   0.11923   0.15524   0.89686   0.47886   0.63913   0.34778   0.08252   0.07711   2.64723   1.69150   2.14662   2.06623   4.76063   3.30226   0.05030  106.98438  
153  0.9819   3383.810453  x:  0.67642   1.50994   2.43442   0.44283   0.50788   0.58803   0.94542   0.06749   0.34028   0.75787   0.00528   0.07219   0.53005   0.07432   0.26203   0.34772   0.25370   0.34203   0.02837   0.12240   0.12699   0.06098   0.34913   0.17666   0.22450   0.05046   0.25277   0.11873   0.16013   0.88244   0.47655   0.62776   0.34512   0.08248   0.07721   2.65036   1.68411   2.14195   2.06739   4.77996   3.32452   0.05035  106.99041  
154  2.3518   3383.787964  x:  0.67629   1.49357   2.41941   0.43251   0.50494   0.59004   0.93241   0.07299   0.33247   0.74759   0.00294   0.06968   0.52858   0.07247   0.26255   0.34206   0.25392   0.33784   0.02900   0.12042   0.12580   0.06187   0.35461   0.17591   0.22460   0.05109   0.24941   0.11817   0.15481   0.86867   0.46602   0.62574   0.34138   0.08227   0.07725   2.64718   1.67846   2.13797   2.06941   4.79594   3.34120   0.05041  106.99522  
155  2.8153   3383.762415  x:  0.65786   1.47527   2.40778   0.42989   0.50601   0.57833   0.91132   0.07642   0.33258   0.74091   0.00176   0.06946   0.51648   0.07159   0.25986   0.34361   0.25170   0.33560   0.02889   0.11905   0.12465   0.06205   0.34498   0.17534   0.22502   0.05069   0.24658   0.11734   0.15637   0.85807   0.45207   0.63294   0.33846   0.08178   0.07705   2.63154   1.67810   2.13483   2.06889   4.81764   3.35381   0.05055  107.00119  
156  1.1231   3383.719792  x:  0.61519   1.45163   2.39325   0.41809   0.49642   0.55866   0.88756   0.07733   0.32774   0.72919   0.00170   0.06835   0.50825   0.07035   0.25388   0.33434   0.24604   0.32777   0.02782   0.11673   0.12211   0.06107   0.34866   0.16712   0.22214   0.05045   0.24083   0.11539   0.15110   0.84959   0.45455   0.61054   0.32727   0.08038   0.07588   2.60873   1.68559   2.13212   2.06208   4.86161   3.37795   0.05072  107.01162  
157  1.6890   3383.686267  x:  0.58980   1.43999   2.37892   0.40435   0.48535   0.55635   0.87896   0.07844   0.31894   0.71342   0.00000   0.06841   0.49875   0.06949   0.25001   0.33297   0.24307   0.32359   0.02642   0.11445   0.12030   0.05985   0.33721   0.16712   0.21901   0.04978   0.23752   0.11381   0.14676   0.83732   0.44770   0.59623   0.33025   0.07927   0.07456   2.60931   1.69027   2.13067   2.05639   4.89095   3.40865   0.05071  107.01874  
158  2.4707   3383.686267  x:  0.58980   1.43999   2.37892   0.40435   0.48535   0.55635   0.87896   0.07844   0.31894   0.71342   0.00000   0.06841   0.49875   0.06949   0.25001   0.33297   0.24307   0.32359   0.02642   0.11445   0.12030   0.05985   0.33721   0.16712   0.21901   0.04978   0.23752   0.11381   0.14676   0.83732   0.44770   0.59623   0.33025   0.07927   0.07456   2.60931   1.69027   2.13067   2.05639   4.89095   3.40865   0.05071  107.01874  
159  4.3445   3383.676313  x:  0.59041   1.44051   2.37905   0.40529   0.48572   0.55640   0.87926   0.07819   0.31906   0.71371   0.00080   0.06896   0.49914   0.07003   0.25042   0.33249   0.24290   0.32349   0.02612   0.11477   0.11989   0.05742   0.33746   0.16760   0.21740   0.04836   0.23854   0.11328   0.14712   0.83739   0.44757   0.59691   0.33034   0.07866   0.07342   2.60967   1.69026   2.13070   2.05639   4.89257   3.40957   0.05139  107.01872  
160  4.1769   3383.669483  x:  0.59088   1.44091   2.37915   0.40600   0.48600   0.55643   0.87950   0.07799   0.31914   0.71393   0.00138   0.06937   0.49943   0.07042   0.25071   0.33211   0.24277   0.32341   0.02595   0.11502   0.11961   0.05579   0.33764   0.16796   0.21622   0.04738   0.23930   0.11290   0.14738   0.83744   0.44747   0.59743   0.33041   0.07826   0.07262   2.60995   1.69025   2.13073   2.05639   4.89381   3.41026   0.05071  107.01871  
161 34.5148   3383.655766  x:  0.59314   1.44286   2.37963   0.40917   0.48701   0.55625   0.88057   0.07672   0.31932   0.71486   0.00312   0.07031   0.50055   0.07069   0.25136   0.33009   0.24211   0.32295   0.02701   0.11599   0.11980   0.05808   0.33810   0.16932   0.21214   0.04713   0.24202   0.11216   0.14838   0.83757   0.44678   0.59980   0.33047   0.07875   0.07246   2.61141   1.69016   2.13084   2.05642   4.89975   3.41396   0.05077  107.01866  
162  3.9870   3383.649375  x:  0.59485   1.44438   2.38000   0.41114   0.48718   0.55577   0.88132   0.07539   0.31915   0.71537   0.00296   0.06967   0.50099   0.06966   0.25104   0.32826   0.24119   0.32223   0.02504   0.11560   0.11955   0.05766   0.33784   0.16941   0.21106   0.04887   0.24245   0.11229   0.14856   0.83747   0.44592   0.60133   0.33012   0.07909   0.07308   2.61259   1.68997   2.13084   2.05655   4.90279   3.41729   0.05074  107.01864  
163  3.5271   3383.641794  x:  0.59744   1.44674   2.38054   0.41368   0.48678   0.55485   0.88237   0.07313   0.31864   0.71589   0.00167   0.06798   0.50131   0.06818   0.25014   0.32548   0.24015   0.32125   0.02700   0.11463   0.11893   0.05652   0.33692   0.16851   0.21087   0.04982   0.24145   0.11235   0.14818   0.83702   0.44426   0.60329   0.32914   0.07858   0.07307   2.61456   1.68953   2.13078   2.05685   4.90625   3.42317   0.05072  107.01862  
164  4.4186   3383.634828  x:  0.60003   1.44918   2.38107   0.41581   0.48561   0.55413   0.88334   0.07104   0.31805   0.71605   0.00036   0.06693   0.50131   0.06846   0.24947   0.32327   0.23920   0.32004   0.02614   0.11426   0.11893   0.05761   0.33575   0.16699   0.21158   0.04753   0.23927   0.11185   0.14731   0.83620   0.44228   0.60473   0.32770   0.07773   0.07226   2.61691   1.68899   2.13067   2.05724   4.90918   3.43031   0.05064  107.01861  
165  4.4970   3383.629184  x:  0.60196   1.45124   2.38143   0.41676   0.48328   0.55430   0.88387   0.07033   0.31775   0.71534   0.00060   0.06852   0.50055   0.07046   0.24925   0.32318   0.23923   0.31935   0.02628   0.11548   0.11888   0.05684   0.33493   0.16642   0.21332   0.04744   0.23743   0.11182   0.14660   0.83484   0.44040   0.60474   0.32592   0.07881   0.07343   2.61974   1.68837   2.13054   2.05768   4.91216   3.43887   0.05060  107.01860  
166  2.7344   3383.624041  x:  0.60317   1.45282   2.38162   0.41671   0.48013   0.55486   0.88390   0.07052   0.31759   0.71394   0.00117   0.07020   0.49901   0.07008   0.24831   0.32399   0.23937   0.31911   0.02612   0.11577   0.11884   0.05706   0.33436   0.16679   0.21390   0.04858   0.23712   0.11200   0.14648   0.83311   0.43903   0.60361   0.32441   0.07723   0.07187   2.62288   1.68764   2.13034   2.05823   4.91437   3.44838   0.05054  107.01862  
167  3.3388   3383.617336  x:  0.60379   1.45428   2.38163   0.41565   0.47516   0.55542   0.88319   0.07114   0.31719   0.71133   0.00122   0.07025   0.49619   0.06825   0.24692   0.32505   0.23936   0.31922   0.02599   0.11406   0.11847   0.05692   0.33353   0.16743   0.21211   0.04723   0.23813   0.11150   0.14688   0.83034   0.43797   0.60097   0.32322   0.07796   0.07267   2.62750   1.68654   2.12996   2.05917   4.91673   3.46238   0.05043  107.01866  
168  4.1666   3383.613994  x:  0.60295   1.45418   2.38134   0.41474   0.47284   0.55503   0.88192   0.07113   0.31659   0.70961   0.00065   0.06808   0.49480   0.07011   0.24773   0.32505   0.23933   0.31926   0.02592   0.11336   0.11839   0.05691   0.33300   0.16740   0.21074   0.04791   0.23862   0.11137   0.14714   0.82871   0.43815   0.59903   0.32371   0.07766   0.07240   2.63004   1.68601   2.12975   2.05974   4.91874   3.46998   0.05039  107.01871  
169  2.6140   3383.608174  x:  0.59677   1.45043   2.37948   0.41318   0.47139   0.55248   0.87628   0.07007   0.31474   0.70576   0.00111   0.06663   0.49379   0.06814   0.24767   0.32358   0.23914   0.31823   0.02562   0.11559   0.11792   0.05650   0.33309   0.16583   0.21002   0.04765   0.23624   0.11072   0.14574   0.82526   0.43995   0.59418   0.32720   0.07774   0.07169   2.63480   1.68537   2.12936   2.06105   4.92698   3.48391   0.05033  107.01886  
170  1.4746   3383.601574  x:  0.58773   1.44438   2.37643   0.41113   0.47081   0.54876   0.86894   0.06945   0.31303   0.70146   0.00211   0.06823   0.49307   0.06825   0.24664   0.32116   0.23611   0.31619   0.02563   0.11176   0.11716   0.05631   0.33259   0.16364   0.20974   0.04726   0.23454   0.11095   0.14357   0.82104   0.44024   0.58841   0.32817   0.07666   0.07178   2.63973   1.68482   2.12899   2.06265   4.93826   3.49912   0.05028  107.01909  
171  3.4775   3383.589701  x:  0.57488   1.43491   2.37111   0.40688   0.46957   0.54285   0.85967   0.06975   0.31128   0.69637   0.00000   0.06852   0.49051   0.06844   0.24259   0.31748   0.23412   0.31279   0.02542   0.11139   0.11624   0.05576   0.32974   0.16143   0.20759   0.04736   0.23400   0.10854   0.14178   0.81528   0.43672   0.58183   0.32317   0.07654   0.07068   2.64465   1.68429   2.12856   2.06489   4.95401   3.51665   0.05024  107.01943  
172  3.8919   3383.589701  x:  0.57488   1.43491   2.37111   0.40688   0.46957   0.54285   0.85967   0.06975   0.31128   0.69637   0.00000   0.06852   0.49051   0.06844   0.24259   0.31748   0.23412   0.31279   0.02542   0.11139   0.11624   0.05576   0.32974   0.16143   0.20759   0.04736   0.23400   0.10854   0.14178   0.81528   0.43672   0.58183   0.32317   0.07654   0.07068   2.64465   1.68429   2.12856   2.06489   4.95401   3.51665   0.05024  107.01943  
173  8.4645   3383.588917  x:  0.57485   1.43476   2.37090   0.40673   0.46948   0.54286   0.85972   0.06984   0.31125   0.69635   0.00005   0.06833   0.49019   0.06839   0.24267   0.31753   0.23430   0.31286   0.02545   0.11170   0.11625   0.05589   0.32960   0.16173   0.20744   0.04728   0.23389   0.10898   0.14202   0.81518   0.43639   0.58205   0.32284   0.07647   0.07083   2.64447   1.68434   2.12858   2.06491   4.95450   3.51649   0.04999  107.01944  
174  1.2937   3383.586171  x:  0.57474   1.43418   2.37009   0.40619   0.46911   0.54292   0.85992   0.07017   0.31113   0.69628   0.00020   0.06762   0.48902   0.06818   0.24296   0.31771   0.23496   0.31313   0.02554   0.11281   0.11630   0.05634   0.32903   0.16282   0.20689   0.04700   0.23350   0.11061   0.14289   0.81482   0.43513   0.58288   0.32158   0.07622   0.07137   2.64381   1.68452   2.12864   2.06496   4.95632   3.51589   0.05027  107.01946  
175 16.8211   3383.583792  x:  0.57452   1.43325   2.36881   0.40539   0.46858   0.54288   0.86011   0.07038   0.31082   0.69609   0.00035   0.06694   0.48745   0.06789   0.24315   0.31782   0.23509   0.31323   0.02464   0.11279   0.11599   0.05509   0.32816   0.16379   0.20646   0.04659   0.23294   0.11019   0.14368   0.81420   0.43331   0.58401   0.31987   0.07580   0.07099   2.64273   1.68477   2.12871   2.06507   4.95832   3.51506   0.05027  107.01949  
176  2.0047   3383.581136  x:  0.57415   1.43182   2.36687   0.40430   0.46785   0.54266   0.86022   0.07038   0.31025   0.69569   0.00054   0.06641   0.48546   0.06757   0.24317   0.31788   0.23489   0.31320   0.02573   0.11198   0.11579   0.05528   0.32690   0.16451   0.20626   0.04647   0.23234   0.10860   0.14427   0.81321   0.43082   0.58543   0.31770   0.07583   0.07058   2.64116   1.68513   2.12879   2.06524   4.96099   3.51400   0.05030  107.01955  
177  3.1495   3383.579685  x:  0.57381   1.43071   2.36541   0.40360   0.46740   0.54237   0.86010   0.07012   0.30979   0.69528   0.00068   0.06646   0.48441   0.06755   0.24295   0.31781   0.23435   0.31279   0.02498   0.11129   0.11584   0.05613   0.32613   0.16439   0.20641   0.04677   0.23227   0.10817   0.14419   0.81246   0.42935   0.58615   0.31662   0.07623   0.07075   2.64003   1.68540   2.12885   2.06535   4.96269   3.51342   0.05031  107.01959  
178  2.5288   3383.577232  x:  0.57287   1.42801   2.36186   0.40228   0.46652   0.54138   0.85937   0.06911   0.30875   0.69405   0.00096   0.06721   0.48297   0.06790   0.24200   0.31738   0.23316   0.31149   0.02541   0.11049   0.11553   0.05533   0.32485   0.16295   0.20683   0.04698   0.23270   0.10926   0.14313   0.81066   0.42699   0.58690   0.31545   0.07619   0.07082   2.63752   1.68603   2.12897   2.06562   4.96612   3.51265   0.05034  107.01969  
179  1.9669   3383.575230  x:  0.57181   1.42514   2.35810   0.40120   0.46576   0.54026   0.85832   0.06836   0.30802   0.69268   0.00111   0.06763   0.48222   0.06792   0.24101   0.31664   0.23262   0.31033   0.02529   0.11124   0.11548   0.05572   0.32425   0.16183   0.20639   0.04583   0.23256   0.10893   0.14238   0.80890   0.42582   0.58674   0.31541   0.07517   0.07015   2.63516   1.68667   2.12906   2.06591   4.96938   3.51247   0.05035  107.01979  
180  2.1891   3383.570981  x:  0.56909   1.41803   2.34871   0.39895   0.46408   0.53743   0.85538   0.06742   0.30690   0.68927   0.00127   0.06745   0.48105   0.06742   0.23928   0.31443   0.23193   0.30839   0.02528   0.11287   0.11501   0.05495   0.32371   0.16073   0.20500   0.04628   0.23134   0.10727   0.14178   0.80486   0.42464   0.58493   0.31633   0.07555   0.07122   2.62986   1.68821   2.12926   2.06658   4.97747   3.51309   0.05041  107.02003  
181  3.4959   3383.564938  x:  0.56493   1.40721   2.33415   0.39600   0.46175   0.53332   0.85059   0.06734   0.30580   0.68428   0.00150   0.06612   0.47957   0.06726   0.23828   0.31112   0.23036   0.30683   0.02518   0.11123   0.11436   0.05497   0.32328   0.16053   0.20324   0.04784   0.22934   0.10736   0.14187   0.79907   0.42388   0.58068   0.31726   0.07465   0.06913   2.62254   1.69046   2.12955   2.06760   4.98920   3.51559   0.05049  107.02039  
182  5.5629   3383.560504  x:  0.56184   1.39905   2.32284   0.39407   0.46004   0.53046   0.84673   0.06794   0.30502   0.68071   0.00174   0.06548   0.47837   0.06709   0.23805   0.30929   0.22919   0.30623   0.02512   0.10899   0.11379   0.05476   0.32273   0.16027   0.20207   0.04560   0.22812   0.10756   0.14172   0.79490   0.42327   0.57667   0.31684   0.07553   0.06917   2.61765   1.69209   2.12974   2.06835   4.99741   3.51879   0.05053  107.02067  
183  7.3961   3383.549686  x:  0.55462   1.37867   2.29269   0.39040   0.45584   0.52409   0.83584   0.07085   0.30226   0.67279   0.00227   0.06657   0.47413   0.06448   0.23742   0.30876   0.22800   0.30533   0.02471   0.10810   0.11265   0.05427   0.31949   0.15893   0.20264   0.04528   0.22727   0.10604   0.13965   0.78549   0.42030   0.56448   0.31020   0.07321   0.06965   2.60835   1.69580   2.13022   2.07011   5.01571   3.53309   0.05058  107.02138  
184  4.6889   3383.541089  x:  0.54986   1.36297   2.26734   0.38784   0.45226   0.51859   0.82660   0.07148   0.29869   0.66738   0.00110   0.06441   0.46974   0.06647   0.23615   0.30821   0.22665   0.30249   0.02450   0.10894   0.11222   0.05371   0.31526   0.15692   0.20055   0.04530   0.22565   0.10504   0.13826   0.77906   0.41719   0.55709   0.30523   0.07464   0.06742   2.60328   1.69850   2.13065   2.07141   5.02998   3.54875   0.05059  107.02196  
185  6.7613   3383.520166  x:  0.54121   1.32785   2.20598   0.38264   0.44386   0.50662   0.80519   0.07101   0.29016   0.65632   0.00035   0.06154   0.45849   0.06232   0.22753   0.30464   0.22066   0.29376   0.02429   0.10550   0.10955   0.05284   0.30611   0.15444   0.19302   0.04461   0.22032   0.10372   0.13657   0.76585   0.40935   0.54643   0.29852   0.07256   0.06663   2.59611   1.70456   2.13183   2.07407   5.06718   3.59223   0.05056  107.02331  
186  9.8521   3383.482074  x:  0.52731   1.26434   2.09082   0.37248   0.42768   0.48632   0.76738   0.07078   0.27723   0.63596   0.00376   0.06286   0.43934   0.06497   0.21913   0.29524   0.21074   0.28082   0.02353   0.10057   0.10605   0.05036   0.29273   0.15118   0.18619   0.04248   0.21179   0.09816   0.13236   0.74139   0.39394   0.53107   0.28990   0.06775   0.06548   2.58679   1.71596   2.13449   2.07835   5.14687   3.67660   0.05063  107.02576  
187 26.2036   3383.451445  x:  0.51785   1.21644   2.00120   0.36226   0.41313   0.47026   0.74053   0.06990   0.26919   0.61884   0.00288   0.06102   0.42544   0.05917   0.21300   0.28417   0.20530   0.27393   0.02239   0.09833   0.10243   0.04845   0.28381   0.14500   0.18458   0.04023   0.20701   0.09485   0.12617   0.72111   0.38073   0.51928   0.28257   0.06897   0.05978   2.58186   1.72440   2.13662   2.08158   5.21223   3.74373   0.05068  107.02766  
188 34.3118   3383.439219  x:  0.51490   1.19874   1.96607   0.35661   0.40638   0.46363   0.73228   0.06830   0.26654   0.61022   0.00070   0.05762   0.42121   0.05873   0.21147   0.27885   0.20273   0.27140   0.02192   0.09600   0.10115   0.04773   0.28072   0.14009   0.18119   0.03984   0.20492   0.09288   0.12302   0.71157   0.37492   0.51246   0.27751   0.06595   0.06065   2.58137   1.72716   2.13748   2.08291   5.23958   3.77120   0.05066  107.02844  
189 15.8076   3383.427777  x:  0.51258   1.18323   1.93309   0.35045   0.40013   0.45838   0.72720   0.06542   0.26365   0.59913   0.00210   0.05861   0.41851   0.05786   0.20714   0.27620   0.19908   0.26652   0.02162   0.09445   0.09949   0.04687   0.27893   0.13696   0.17514   0.03984   0.20160   0.09143   0.12158   0.70023   0.36956   0.50216   0.26993   0.06607   0.05851   2.58267   1.72889   2.13835   2.08429   5.26899   3.79863   0.05067  107.02921  
190  9.3013   3383.422999  x:  0.51120   1.17822   1.92209   0.34818   0.39833   0.45635   0.72605   0.06349   0.26108   0.59419   0.00180   0.05700   0.41624   0.05783   0.20439   0.27589   0.19757   0.26352   0.02158   0.09380   0.09961   0.04641   0.27652   0.13720   0.17672   0.03899   0.20053   0.09076   0.12211   0.69489   0.36857   0.49697   0.26849   0.06553   0.05820   2.58395   1.72869   2.13861   2.08502   5.28103   3.80916   0.05067  107.02952  
191  4.2718   3383.420669  x:  0.50964   1.17648   1.91877   0.34755   0.39826   0.45573   0.72547   0.06332   0.25986   0.59225   0.00157   0.05689   0.41396   0.05775   0.20426   0.27588   0.19698   0.26296   0.02144   0.09361   0.09751   0.04657   0.27428   0.13691   0.17611   0.03890   0.20032   0.09043   0.12129   0.69202   0.36823   0.49469   0.26898   0.06539   0.05797   2.58495   1.72778   2.13865   2.08557   5.28662   3.81385   0.05067  107.02968  
192  1.9548   3383.417303  x:  0.50666   1.17435   1.91542   0.34681   0.39845   0.45495   0.72427   0.06354   0.25845   0.58997   0.00101   0.05738   0.41039   0.05706   0.20426   0.27559   0.19627   0.26267   0.02134   0.09309   0.09876   0.04609   0.27120   0.13624   0.17434   0.03895   0.19985   0.09006   0.11970   0.68800   0.36757   0.49183   0.26981   0.06531   0.05754   2.58654   1.72588   2.13864   2.08652   5.29438   3.82035   0.05067  107.02991  
193  3.5783   3383.412792  x:  0.50341   1.17315   1.91484   0.34601   0.39828   0.45408   0.72228   0.06356   0.25827   0.58917   0.00000   0.05788   0.40897   0.05722   0.20335   0.27448   0.19607   0.26204   0.02127   0.09282   0.09849   0.04600   0.27111   0.13596   0.17411   0.03887   0.19891   0.08994   0.11952   0.68589   0.36653   0.49067   0.26907   0.06516   0.05742   2.58771   1.72378   2.13856   2.08739   5.29900   3.82488   0.05066  107.03010  
194  1.5908   3383.400511  x:  0.48813   1.16805   1.91415   0.34213   0.39648   0.45091   0.71182   0.06254   0.25640   0.58503   0.00204   0.05481   0.40651   0.05649   0.20099   0.27205   0.19355   0.25947   0.02107   0.09217   0.09762   0.04555   0.27075   0.13394   0.17178   0.03840   0.20221   0.08847   0.11992   0.67888   0.36277   0.48736   0.26556   0.06464   0.05674   2.59252   1.71388   2.13823   2.09127   5.32085   3.84576   0.05065  107.03101  
195  4.5408   3383.390087  x:  0.47780   1.16488   1.91467   0.33794   0.39258   0.44760   0.70473   0.06045   0.25349   0.58046   0.00478   0.05279   0.40775   0.05454   0.20239   0.27281   0.19168   0.25812   0.02087   0.09175   0.09692   0.04525   0.26797   0.13155   0.17162   0.03807   0.19708   0.08822   0.11822   0.67656   0.36058   0.48596   0.26356   0.06412   0.05644   2.59523   1.70677   2.13820   2.09367   5.33680   3.86241   0.05061  107.03179  
196  3.7547   3383.376379  x:  0.47176   1.16319   1.91614   0.33258   0.38436   0.44080   0.70270   0.06151   0.25213   0.57423   0.00295   0.05436   0.40842   0.05457   0.20044   0.27161   0.19216   0.25647   0.02061   0.09052   0.09627   0.04505   0.26311   0.13379   0.16981   0.03779   0.19779   0.08762   0.11586   0.67881   0.35925   0.48398   0.26255   0.06377   0.05609   2.59574   1.70134   2.13905   2.09418   5.35303   3.88197   0.05055  107.03286  
197  1.9704   3383.353960  x:  0.46937   1.16241   1.91811   0.33211   0.37783   0.43368   0.70426   0.06505   0.25197   0.56717   0.00818   0.05212   0.40126   0.05516   0.19586   0.26483   0.18984   0.25561   0.02055   0.09080   0.09549   0.04484   0.26211   0.13024   0.16978   0.03764   0.19450   0.08721   0.11358   0.67977   0.35650   0.47897   0.26007   0.06318   0.05599   2.59495   1.69682   2.14130   2.09213   5.37413   3.91170   0.05045  107.03469  
198  2.8153   3383.329158  x:  0.47009   1.16180   1.91887   0.33365   0.37437   0.42712   0.70459   0.05853   0.24776   0.56268   0.00680   0.05335   0.39418   0.05303   0.19979   0.26053   0.18850   0.25375   0.02048   0.09068   0.09478   0.04466   0.26585   0.12831   0.16851   0.03732   0.19381   0.08698   0.11574   0.67560   0.35287   0.47427   0.25800   0.06271   0.05587   2.59480   1.69457   2.14429   2.08785   5.39517   3.94268   0.05033  107.03677  
199  4.5176   3383.291842  x:  0.47346   1.15927   1.91557   0.33226   0.37340   0.43274   0.70286   0.05540   0.25084   0.56382   0.00117   0.05130   0.39655   0.05289   0.19619   0.26334   0.19059   0.25211   0.02006   0.08855   0.09366   0.04454   0.26580   0.12627   0.16725   0.03740   0.19100   0.08672   0.11454   0.65692   0.34626   0.47186   0.25830   0.06215   0.05564   2.59954   1.69560   2.14938   2.07807   5.42556   3.98388   0.05020  107.04001  
200  3.4537   3383.278776  x:  0.47345   1.15725   1.91223   0.32848   0.37315   0.43715   0.70120   0.05427   0.25014   0.56186   0.00000   0.05169   0.39708   0.05273   0.19622   0.25852   0.18670   0.25271   0.02026   0.09005   0.09348   0.04449   0.26369   0.12818   0.16699   0.03730   0.19029   0.08685   0.11411   0.65163   0.34596   0.47142   0.25675   0.06194   0.05579   2.60484   1.69630   2.15055   2.07457   5.43166   3.99419   0.05017  107.04101  
201  2.6900   3383.269423  x:  0.47189   1.15361   1.90588   0.32413   0.37475   0.44006   0.69914   0.05312   0.24900   0.55765   0.00079   0.05219   0.39526   0.05269   0.19615   0.25451   0.19098   0.25043   0.02004   0.08865   0.09320   0.04452   0.26226   0.12709   0.16651   0.03747   0.18959   0.08684   0.11435   0.64994   0.34727   0.47130   0.25492   0.06168   0.05591   2.61467   1.69720   2.15111   2.07082   5.43792   4.00069   0.05016  107.04200  
202  2.0195   3383.262147  x:  0.47073   1.15133   1.90161   0.32249   0.37580   0.43949   0.69835   0.05279   0.24915   0.55578   0.00000   0.05204   0.39387   0.05281   0.19544   0.25508   0.19026   0.25082   0.02000   0.08863   0.09303   0.04448   0.26296   0.12672   0.16629   0.03743   0.18914   0.08679   0.11396   0.65043   0.34748   0.47104   0.25449   0.06154   0.05591   2.62083   1.69747   2.15106   2.06910   5.44199   4.00262   0.05018  107.04250  
203  2.4346   3383.256447  x:  0.46950   1.14780   1.89325   0.32307   0.37571   0.43612   0.69751   0.05400   0.24960   0.55644   0.00013   0.05140   0.39430   0.05192   0.19670   0.25341   0.18888   0.24693   0.02021   0.08883   0.09278   0.04437   0.26192   0.12744   0.16598   0.03726   0.18842   0.08667   0.11276   0.64996   0.34425   0.46814   0.25424   0.06135   0.05587   2.62999   1.69613   2.14984   2.06812   5.44894   4.00527   0.05023  107.04325  
204  1.6469   3383.251134  x:  0.46885   1.14420   1.88326   0.32437   0.37282   0.43214   0.69561   0.05319   0.24737   0.55783   0.00138   0.05188   0.39499   0.05218   0.19493   0.25112   0.18911   0.24887   0.01993   0.08857   0.09246   0.04431   0.25942   0.12675   0.16536   0.03730   0.18763   0.08656   0.11415   0.64778   0.34086   0.46472   0.25444   0.06115   0.05581   2.63796   1.69324   2.14768   2.06856   5.45633   4.00893   0.05027  107.04406  
205  1.9634   3383.243683  x:  0.46888   1.13832   1.86526   0.32390   0.36225   0.42999   0.69097   0.05381   0.24548   0.55641   0.00245   0.05173   0.39026   0.05232   0.19410   0.25095   0.18853   0.24737   0.01987   0.08810   0.09205   0.04423   0.26064   0.12640   0.16445   0.03735   0.18645   0.08649   0.11332   0.64079   0.34024   0.46251   0.25451   0.06081   0.05579   2.64525   1.68589   2.14255   2.07228   5.46798   4.01883   0.05031  107.04537  
206  1.4672   3383.233691  x:  0.46845   1.12792   1.83667   0.32824   0.35931   0.42772   0.68354   0.05217   0.24711   0.54795   0.00000   0.05207   0.38728   0.05206   0.19228   0.24822   0.18645   0.24538   0.01972   0.08766   0.09118   0.04396   0.25643   0.12533   0.16320   0.03703   0.18437   0.08597   0.11281   0.63453   0.34208   0.46199   0.24909   0.06015   0.05560   2.64793   1.67474   2.13430   2.07921   5.49237   4.03921   0.05038  107.04740  
207  1.8072   3383.233691  x:  0.46845   1.12792   1.83667   0.32824   0.35931   0.42772   0.68354   0.05217   0.24711   0.54795   0.00000   0.05207   0.38728   0.05206   0.19228   0.24822   0.18645   0.24538   0.01972   0.08766   0.09118   0.04396   0.25643   0.12533   0.16320   0.03703   0.18437   0.08597   0.11281   0.63453   0.34208   0.46199   0.24909   0.06015   0.05560   2.64793   1.67474   2.13430   2.07921   5.49237   4.03921   0.05038  107.04740  
208  2.6762   3383.224789  x:  0.46788   1.12744   1.83661   0.32794   0.36015   0.42816   0.68321   0.05290   0.24683   0.54812   0.00131   0.05349   0.38683   0.05385   0.19250   0.24923   0.18600   0.24622   0.02066   0.08837   0.09183   0.04452   0.25736   0.12738   0.16340   0.03773   0.18433   0.08641   0.11336   0.63528   0.34210   0.46212   0.24995   0.06039   0.05639   2.64771   1.67513   2.13444   2.07898   5.49352   4.03924   0.05081  107.04739  
209  3.6969   3383.223151  x:  0.46774   1.12732   1.83659   0.32786   0.36035   0.42825   0.68314   0.05305   0.24677   0.54816   0.00156   0.05376   0.38672   0.05417   0.19252   0.24945   0.18589   0.24639   0.02071   0.08850   0.09193   0.04456   0.25756   0.12781   0.16344   0.03781   0.18432   0.08648   0.11348   0.63546   0.34210   0.46215   0.25015   0.06041   0.05649   2.64765   1.67522   2.13447   2.07893   5.49376   4.03926   0.05042  107.04739  
210 13.0661   3383.219969  x:  0.46719   1.12687   1.83654   0.32745   0.36103   0.42847   0.68283   0.05355   0.24646   0.54832   0.00201   0.05423   0.38624   0.05450   0.19229   0.25003   0.18542   0.24683   0.01953   0.08862   0.09195   0.04398   0.25811   0.12893   0.16343   0.03745   0.18426   0.08650   0.11374   0.63613   0.34204   0.46225   0.25083   0.06015   0.05623   2.64739   1.67558   2.13458   2.07873   5.49433   4.03937   0.05048  107.04739  
211  4.0246   3383.216963  x:  0.46610   1.12594   1.83643   0.32644   0.36222   0.42857   0.68220   0.05419   0.24582   0.54861   0.00185   0.05399   0.38525   0.05383   0.19152   0.25068   0.18500   0.24749   0.02026   0.08845   0.09158   0.04365   0.25865   0.12995   0.16333   0.03650   0.18413   0.08626   0.11386   0.63738   0.34181   0.46239   0.25189   0.05987   0.05559   2.64683   1.67628   2.13478   2.07836   5.49500   4.03970   0.05049  107.04740  
212  2.6698   3383.213854  x:  0.46439   1.12449   1.83626   0.32476   0.36393   0.42847   0.68118   0.05485   0.24490   0.54897   0.00099   0.05298   0.38386   0.05318   0.19081   0.25126   0.18463   0.24784   0.01987   0.08818   0.09146   0.04458   0.25893   0.13035   0.16339   0.03678   0.18405   0.08618   0.11367   0.63917   0.34128   0.46251   0.25302   0.06048   0.05600   2.64589   1.67739   2.13509   2.07776   5.49586   4.04028   0.05049  107.04740  
213  3.0963   3383.211060  x:  0.46234   1.12273   1.83604   0.32272   0.36594   0.42823   0.67993   0.05537   0.24411   0.54927   0.00011   0.05219   0.38267   0.05398   0.19103   0.25158   0.18477   0.24759   0.02004   0.08810   0.09149   0.04365   0.25876   0.12963   0.16347   0.03755   0.18404   0.08629   0.11311   0.64101   0.34047   0.46246   0.25358   0.06031   0.05600   2.64465   1.67880   2.13550   2.07700   5.49679   4.04110   0.05049  107.04742  
214  2.9210   3383.209053  x:  0.46065   1.12123   1.83583   0.32109   0.36759   0.42808   0.67888   0.05566   0.24385   0.54935   0.00000   0.05262   0.38217   0.05448   0.19142   0.25160   0.18507   0.24698   0.01996   0.08826   0.09175   0.04423   0.25848   0.12866   0.16328   0.03688   0.18400   0.08614   0.11262   0.64223   0.33978   0.46224   0.25342   0.05990   0.05571   2.64350   1.68008   2.13586   2.07632   5.49766   4.04191   0.05049  107.04743  
215  2.8719   3383.207385  x:  0.45898   1.11967   1.83559   0.31950   0.36917   0.42789   0.67783   0.05577   0.24400   0.54919   0.00050   0.05377   0.38214   0.05367   0.19147   0.25125   0.18527   0.24630   0.02001   0.08822   0.09149   0.04384   0.25821   0.12804   0.16313   0.03679   0.18397   0.08605   0.11250   0.64301   0.33922   0.46184   0.25268   0.06029   0.05621   2.64215   1.68154   2.13626   2.07554   5.49879   4.04292   0.05049  107.04745  
216  2.3975   3383.206429  x:  0.45797   1.11865   1.83539   0.31850   0.36997   0.42757   0.67718   0.05565   0.24429   0.54887   0.00082   0.05394   0.38242   0.05322   0.19142   0.25069   0.18509   0.24609   0.02001   0.08803   0.09140   0.04402   0.25799   0.12817   0.16317   0.03740   0.18392   0.08614   0.11282   0.64305   0.33909   0.46148   0.25199   0.05988   0.05571   2.64109   1.68264   2.13655   2.07498   5.49980   4.04377   0.05049  107.04746  
217  1.8108   3383.204541  x:  0.45604   1.11649   1.83488   0.31643   0.37113   0.42654   0.67590   0.05508   0.24492   0.54782   0.00114   0.05291   0.38333   0.05355   0.19144   0.24916   0.18435   0.24614   0.02003   0.08771   0.09139   0.04392   0.25742   0.12887   0.16300   0.03684   0.18363   0.08595   0.11376   0.64228   0.33914   0.46066   0.25052   0.06018   0.05575   2.63854   1.68525   2.13722   2.07366   5.50254   4.04598   0.05049  107.04748  
218  2.1794   3383.202916  x:  0.45479   1.11463   1.83415   0.31502   0.37110   0.42545   0.67506   0.05481   0.24471   0.54645   0.00121   0.05228   0.38365   0.05320   0.19076   0.24902   0.18417   0.24622   0.01994   0.08922   0.09115   0.04380   0.25702   0.12884   0.16288   0.03674   0.18335   0.08582   0.11303   0.64010   0.33918   0.46021   0.25008   0.05957   0.05608   2.63572   1.68803   2.13789   2.07229   5.50638   4.04880   0.05048  107.04751  
219  1.3528   3383.199303  x:  0.45259   1.11064   1.83212   0.31280   0.36988   0.42316   0.67342   0.05498   0.24326   0.54327   0.00146   0.05235   0.38310   0.05310   0.18992   0.24953   0.18287   0.24553   0.01995   0.08771   0.09106   0.04363   0.25625   0.12792   0.16238   0.03676   0.18267   0.08559   0.11087   0.63432   0.33894   0.45938   0.24991   0.06002   0.05524   2.62910   1.69447   2.13939   2.06920   5.51622   4.05623   0.05048  107.04759  
220  2.8650   3383.196689  x:  0.45140   1.10783   1.83001   0.31220   0.36801   0.42168   0.67201   0.05567   0.24176   0.54146   0.00094   0.05247   0.38078   0.05297   0.19000   0.24891   0.18295   0.24371   0.01992   0.08676   0.09001   0.04365   0.25565   0.12767   0.16116   0.03669   0.18203   0.08509   0.11197   0.63086   0.33817   0.45821   0.24957   0.05900   0.05585   2.62446   1.69884   2.14029   2.06721   5.52413   4.06289   0.05047  107.04764  
221  2.6840   3383.194537  x:  0.45054   1.10552   1.82777   0.31231   0.36607   0.42059   0.67049   0.05619   0.24060   0.54030   0.00053   0.05251   0.37827   0.05247   0.18962   0.24783   0.18303   0.24255   0.01990   0.08717   0.09088   0.04331   0.25501   0.12734   0.16071   0.03653   0.18157   0.08523   0.11300   0.62871   0.33686   0.45683   0.24874   0.05955   0.05506   2.62094   1.70210   2.14088   2.06581   5.53109   4.06923   0.05047  107.04770  
222  3.9594   3383.191530  x:  0.44936   1.10220   1.82361   0.31341   0.36310   0.41926   0.66756   0.05627   0.23955   0.53914   0.00081   0.05252   0.37513   0.05285   0.18847   0.24591   0.18152   0.24250   0.01982   0.08738   0.08934   0.04334   0.25380   0.12646   0.16119   0.03637   0.18097   0.08459   0.11259   0.62707   0.33390   0.45434   0.24690   0.05974   0.05446   2.61687   1.70579   2.14133   2.06445   5.54115   4.07960   0.05046  107.04778  
223  3.2626   3383.188981  x:  0.44822   1.09923   1.81940   0.31431   0.36050   0.41803   0.66469   0.05582   0.23897   0.53811   0.00113   0.05223   0.37345   0.05246   0.18738   0.24460   0.18020   0.24238   0.01982   0.08651   0.09011   0.04304   0.25274   0.12604   0.16067   0.03612   0.18045   0.08437   0.11157   0.62632   0.33152   0.45231   0.24573   0.05852   0.05523   2.61409   1.70832   2.14147   2.06369   5.55005   4.08925   0.05044  107.04785  
224  5.1916   3383.182191  x:  0.44447   1.09068   1.80597   0.31529   0.35355   0.41436   0.65649   0.05367   0.23798   0.53453   0.00141   0.05091   0.37267   0.05174   0.18642   0.24331   0.17974   0.23946   0.01957   0.08567   0.08872   0.04274   0.25012   0.12634   0.15682   0.03605   0.17880   0.08409   0.10907   0.62549   0.32734   0.44806   0.24466   0.05862   0.05413   2.60923   1.71301   2.14106   2.06295   5.57503   4.11714   0.05041  107.04804  
225  4.7847   3383.175759  x:  0.44025   1.08214   1.79185   0.31406   0.34796   0.41121   0.64989   0.05360   0.23657   0.53008   0.00127   0.05021   0.37210   0.05087   0.18548   0.24220   0.17875   0.23674   0.01942   0.08481   0.08846   0.04229   0.24782   0.12480   0.15810   0.03575   0.17722   0.08130   0.10891   0.62338   0.32564   0.44484   0.24391   0.05809   0.05367   2.60683   1.71580   2.14012   2.06317   5.59863   4.14429   0.05039  107.04824  
226  7.2316   3383.167477  x:  0.43430   1.07053   1.77218   0.31120   0.34203   0.40704   0.64212   0.05446   0.23398   0.52355   0.00123   0.04932   0.36995   0.04993   0.18376   0.24000   0.17641   0.23411   0.01922   0.08367   0.08688   0.04194   0.24506   0.12176   0.15840   0.03439   0.17577   0.08331   0.10882   0.61889   0.32389   0.44078   0.24180   0.05707   0.05340   2.60514   1.71839   2.13855   2.06404   5.62948   4.18071   0.05038  107.04851  
227 15.4076   3383.140984  x:  0.41643   1.03593   1.71211   0.30075   0.32993   0.39374   0.62165   0.05643   0.22435   0.50369   0.00180   0.04744   0.35836   0.04818   0.17775   0.23114   0.16881   0.22868   0.01853   0.08168   0.08418   0.04048   0.23842   0.11448   0.14952   0.03421   0.17054   0.07937   0.10579   0.60052   0.31764   0.42854   0.23155   0.05537   0.05136   2.60360   1.72340   2.13323   2.06789   5.71890   4.28846   0.05026  107.04933  
228 20.6841   3383.121623  x:  0.40462   1.01124   1.66759   0.29276   0.32528   0.38228   0.60785   0.05385   0.21852   0.49150   0.00100   0.04611   0.34760   0.04672   0.17388   0.22394   0.16786   0.22251   0.01777   0.07841   0.08181   0.03948   0.23344   0.11381   0.14799   0.03260   0.16681   0.07764   0.10073   0.58420   0.31013   0.41881   0.22398   0.05373   0.05013   2.60423   1.72614   2.12933   2.07097   5.78705   4.36527   0.05021  107.04995  
229 24.3836   3383.108969  x:  0.39888   0.99531   1.63665   0.28643   0.32481   0.37559   0.59973   0.05223   0.21881   0.48690   0.00031   0.04445   0.34127   0.04528   0.17082   0.22071   0.16424   0.21909   0.01733   0.07680   0.08004   0.03865   0.22677   0.10940   0.14447   0.03197   0.16461   0.07593   0.10054   0.57237   0.30298   0.41178   0.22119   0.05267   0.04897   2.60595   1.72756   2.12690   2.07303   5.84022   4.41511   0.05026  107.05037  
230 12.1115   3383.107579  x:  0.39885   0.99445   1.63478   0.28567   0.32463   0.37548   0.59918   0.05185   0.21799   0.48652   0.00000   0.04450   0.34122   0.04515   0.17071   0.22024   0.16378   0.21880   0.01731   0.07675   0.07992   0.03859   0.22673   0.10910   0.14427   0.03192   0.16416   0.07585   0.10048   0.57188   0.30247   0.41119   0.22078   0.05259   0.04890   2.60619   1.72753   2.12680   2.07316   5.84390   4.41773   0.05026  107.05040  
231  3.4117   3383.106121  x:  0.39914   0.99290   1.63175   0.28418   0.32407   0.37616   0.59816   0.05233   0.21693   0.48523   0.00067   0.04363   0.34092   0.04510   0.16996   0.21903   0.16404   0.21805   0.01724   0.07633   0.07968   0.03850   0.22681   0.10867   0.14386   0.03185   0.16476   0.07551   0.09982   0.57141   0.30194   0.40999   0.21984   0.05245   0.04876   2.60683   1.72720   2.12675   2.07335   5.85061   4.42130   0.05028  107.05047  
232  2.1322   3383.104046  x:  0.39953   0.99018   1.62847   0.28266   0.32268   0.37586   0.59618   0.05242   0.21770   0.48177   0.00033   0.04374   0.33878   0.04512   0.16935   0.21855   0.16406   0.21789   0.01713   0.07594   0.07945   0.03840   0.22551   0.10859   0.14343   0.03179   0.16299   0.07541   0.09894   0.57138   0.30227   0.40872   0.21875   0.05229   0.04864   2.60829   1.72574   2.12709   2.07357   5.85773   4.42364   0.05031  107.05062  
233  0.7840   3383.102225  x:  0.39952   0.98830   1.62670   0.28248   0.32217   0.37508   0.59488   0.05180   0.21755   0.48009   0.00000   0.04400   0.33782   0.04509   0.16918   0.21848   0.16343   0.21749   0.01715   0.07595   0.07936   0.03834   0.22501   0.10854   0.14325   0.03170   0.16378   0.07523   0.09886   0.57106   0.30229   0.40822   0.21843   0.05223   0.04858   2.60921   1.72466   2.12739   2.07368   5.86120   4.42470   0.05032  107.05072  
234  1.6116   3383.094524  x:  0.39791   0.97610   1.61694   0.28497   0.32123   0.37082   0.58884   0.05188   0.21501   0.47615   0.00203   0.04267   0.33624   0.04478   0.16810   0.21715   0.16187   0.21489   0.01718   0.07588   0.07897   0.03813   0.22492   0.10715   0.14267   0.03157   0.16133   0.07492   0.09896   0.56647   0.29984   0.40646   0.21798   0.05196   0.04833   2.61434   1.71743   2.12974   2.07426   5.87774   4.43063   0.05041  107.05138  
235  1.7487   3383.085370  x:  0.39613   0.96237   1.60544   0.28403   0.31723   0.36691   0.58442   0.05450   0.21356   0.47585   0.00000   0.04386   0.33631   0.04451   0.16799   0.21529   0.16235   0.21624   0.01684   0.07516   0.07858   0.03798   0.22447   0.10743   0.14158   0.03151   0.16099   0.07448   0.09829   0.56075   0.29607   0.40396   0.21656   0.05172   0.04811   2.61958   1.70878   2.13294   2.07469   5.89556   4.43896   0.05050  107.05221  
236  3.8638   3383.073840  x:  0.39647   0.95081   1.59238   0.27843   0.31303   0.36646   0.58342   0.05231   0.21174   0.47823   0.00132   0.04427   0.33377   0.04561   0.16451   0.21523   0.16053   0.21281   0.01703   0.07516   0.07840   0.03783   0.22136   0.10874   0.14083   0.03150   0.15980   0.07425   0.09773   0.55552   0.29465   0.40061   0.21555   0.05157   0.04795   2.62368   1.69919   2.13717   2.07464   5.91174   4.45236   0.05054  107.05321  
237  2.7354   3383.059312  x:  0.39983   0.94157   1.57650   0.27398   0.31341   0.36693   0.58467   0.04756   0.21008   0.47787   0.00404   0.04354   0.32944   0.04399   0.16808   0.21406   0.16021   0.21424   0.01682   0.07511   0.07818   0.03774   0.22079   0.10817   0.14041   0.03142   0.15883   0.07392   0.09694   0.55181   0.29511   0.39785   0.21568   0.05143   0.04781   2.62699   1.68832   2.14297   2.07373   5.93228   4.47191   0.05057  107.05449  
238  4.0107   3383.037088  x:  0.40738   0.93432   1.55329   0.27135   0.32095   0.36556   0.58811   0.04555   0.21045   0.47193   0.00000   0.04508   0.32762   0.04568   0.16363   0.21242   0.15951   0.21200   0.01684   0.07474   0.07796   0.03759   0.22344   0.10804   0.13932   0.03151   0.15727   0.07353   0.09621   0.54898   0.29344   0.39573   0.21367   0.05122   0.04769   2.63111   1.67307   2.15193   2.07154   5.96303   4.50408   0.05059  107.05643  
239  5.2963   3383.037088  x:  0.40738   0.93432   1.55329   0.27135   0.32095   0.36556   0.58811   0.04555   0.21045   0.47193   0.00000   0.04508   0.32762   0.04568   0.16363   0.21242   0.15951   0.21200   0.01684   0.07474   0.07796   0.03759   0.22344   0.10804   0.13932   0.03151   0.15727   0.07353   0.09621   0.54898   0.29344   0.39573   0.21367   0.05122   0.04769   2.63111   1.67307   2.15193   2.07154   5.96303   4.50408   0.05059  107.05643  
240  1.8786   3383.032490  x:  0.40739   0.93460   1.55338   0.27146   0.32082   0.36579   0.58785   0.04585   0.21049   0.47187   0.00048   0.04555   0.32787   0.04612   0.16394   0.21294   0.15946   0.21203   0.01743   0.07530   0.07842   0.03805   0.22336   0.10872   0.13967   0.03202   0.15754   0.07389   0.09651   0.54905   0.29344   0.39583   0.21408   0.05165   0.04816   2.63115   1.67318   2.15194   2.07147   5.96353   4.50405   0.05019  107.05643  
241  4.2896   3383.029539  x:  0.40741   0.93485   1.55347   0.27154   0.32070   0.36598   0.58763   0.04610   0.21051   0.47181   0.00084   0.04590   0.32806   0.04642   0.16417   0.21335   0.15941   0.21204   0.01771   0.07571   0.07875   0.03830   0.22329   0.10924   0.13993   0.03234   0.15774   0.07415   0.09676   0.54911   0.29344   0.39592   0.21440   0.05192   0.04846   2.63118   1.67328   2.15195   2.07142   5.96391   4.50405   0.05067  107.05643  
242 15.4200   3383.026327  x:  0.40744   0.93549   1.55369   0.27174   0.32036   0.36636   0.58708   0.04661   0.21053   0.47168   0.00140   0.04637   0.32850   0.04668   0.16452   0.21418   0.15911   0.21198   0.01681   0.07620   0.07898   0.03779   0.22301   0.11021   0.14031   0.03217   0.15809   0.07434   0.09722   0.54926   0.29340   0.39613   0.21517   0.05182   0.04827   2.63123   1.67352   2.15196   2.07129   5.96466   4.50410   0.05064  107.05642  
243  3.9245   3383.024205  x:  0.40746   0.93639   1.55400   0.27196   0.31984   0.36667   0.58634   0.04708   0.21047   0.47152   0.00157   0.04634   0.32896   0.04636   0.16465   0.21493   0.15886   0.21200   0.01743   0.07626   0.07878   0.03748   0.22252   0.11090   0.14049   0.03146   0.15829   0.07414   0.09756   0.54943   0.29327   0.39636   0.21600   0.05148   0.04778   2.63130   1.67384   2.15195   2.07113   5.96540   4.50427   0.05065  107.05642  
244  3.0251   3383.021876  x:  0.40746   0.93808   1.55461   0.27232   0.31886   0.36692   0.58497   0.04759   0.21025   0.47122   0.00124   0.04554   0.32957   0.04554   0.16465   0.21572   0.15843   0.21191   0.01717   0.07584   0.07844   0.03819   0.22154   0.11135   0.14059   0.03125   0.15831   0.07380   0.09774   0.54969   0.29287   0.39669   0.21704   0.05173   0.04804   2.63140   1.67443   2.15193   2.07084   5.96651   4.50471   0.05064  107.05641  
245  2.7386   3383.020281  x:  0.40736   0.93978   1.55525   0.27272   0.31798   0.36697   0.58366   0.04781   0.20999   0.47093   0.00085   0.04483   0.32995   0.04556   0.16478   0.21606   0.15834   0.21182   0.01728   0.07557   0.07840   0.03758   0.22077   0.11122   0.14052   0.03196   0.15813   0.07393   0.09754   0.54988   0.29232   0.39684   0.21746   0.05174   0.04815   2.63147   1.67505   2.15190   2.07053   5.96747   4.50527   0.05064  107.05641  
246  2.6163   3383.018478  x:  0.40702   0.94231   1.55624   0.27343   0.31687   0.36694   0.58184   0.04791   0.20969   0.47052   0.00066   0.04473   0.33022   0.04618   0.16493   0.21610   0.15856   0.21166   0.01721   0.07572   0.07886   0.03794   0.22020   0.11061   0.14005   0.03181   0.15774   0.07409   0.09694   0.55005   0.29144   0.39681   0.21733   0.05142   0.04775   2.63157   1.67603   2.15185   2.07004   5.96882   4.50625   0.05062  107.05640  
247  2.6377   3383.016725  x:  0.40637   0.94519   1.55742   0.27429   0.31581   0.36684   0.58002   0.04798   0.20952   0.47008   0.00092   0.04548   0.33016   0.04601   0.16461   0.21573   0.15883   0.21152   0.01720   0.07591   0.07861   0.03761   0.22025   0.11021   0.13966   0.03141   0.15749   0.07393   0.09650   0.55012   0.29063   0.39657   0.21671   0.05186   0.04819   2.63168   1.67723   2.15177   2.06946   5.97038   4.50756   0.05060  107.05640  
248  3.0223   3383.015318  x:  0.40550   0.94771   1.55852   0.27499   0.31500   0.36660   0.57872   0.04805   0.20952   0.46975   0.00118   0.04603   0.32977   0.04555   0.16419   0.21508   0.15882   0.21144   0.01718   0.07578   0.07831   0.03781   0.22069   0.11032   0.13977   0.03197   0.15758   0.07384   0.09658   0.55009   0.29024   0.39622   0.21604   0.05147   0.04787   2.63177   1.67838   2.15167   2.06893   5.97185   4.50892   0.05059  107.05639  
249  3.2861   3383.013580  x:  0.40365   0.95099   1.56011   0.27562   0.31410   0.36592   0.57770   0.04819   0.20970   0.46941   0.00108   0.04551   0.32877   0.04609   0.16412   0.21390   0.15837   0.21141   0.01722   0.07520   0.07854   0.03773   0.22145   0.11072   0.14015   0.03158   0.15794   0.07376   0.09738   0.54979   0.29043   0.39564   0.21534   0.05152   0.04797   2.63190   1.68010   2.15148   2.06819   5.97404   4.51120   0.05058  107.05639  
250  2.3811   3383.011952  x:  0.40057   0.95397   1.56188   0.27559   0.31363   0.36506   0.57799   0.04840   0.20986   0.46924   0.00084   0.04487   0.32775   0.04583   0.16406   0.21382   0.15830   0.21123   0.01718   0.07651   0.07822   0.03770   0.22161   0.11045   0.13999   0.03155   0.15758   0.07391   0.09762   0.54903   0.29126   0.39523   0.21535   0.05154   0.04786   2.63199   1.68213   2.15113   2.06742   5.97660   4.51436   0.05057  107.05638  
251  1.6156   3383.009204  x:  0.39433   0.95861   1.56504   0.27505   0.31349   0.36383   0.57933   0.04853   0.20972   0.46901   0.00124   0.04553   0.32685   0.04561   0.16418   0.21469   0.15760   0.21089   0.01724   0.07566   0.07865   0.03759   0.22119   0.10963   0.13948   0.03174   0.15689   0.07348   0.09692   0.54744   0.29252   0.39477   0.21570   0.05141   0.04788   2.63207   1.68581   2.15036   2.06614   5.98127   4.52063   0.05054  107.05636  
252  3.0540   3383.008241  x:  0.39191   0.95994   1.56616   0.27455   0.31364   0.36356   0.57980   0.04819   0.20925   0.46888   0.00123   0.04565   0.32713   0.04592   0.16409   0.21477   0.15783   0.21080   0.01720   0.07529   0.07791   0.03771   0.22083   0.10974   0.13954   0.03162   0.15729   0.07399   0.09658   0.54695   0.29240   0.39467   0.21560   0.05147   0.04778   2.63203   1.68712   2.14996   2.06580   5.98305   4.52328   0.05052  107.05636  
253  2.2887   3383.007206  x:  0.38922   0.96097   1.56735   0.27368   0.31399   0.36360   0.58020   0.04766   0.20856   0.46870   0.00104   0.04546   0.32789   0.04574   0.16362   0.21444   0.15843   0.21078   0.01714   0.07540   0.07837   0.03760   0.22037   0.11032   0.13967   0.03158   0.15770   0.07360   0.09642   0.54660   0.29165   0.39461   0.21525   0.05143   0.04778   2.63190   1.68851   2.14935   2.06558   5.98514   4.52667   0.05050  107.05636  
254  2.1890   3383.006365  x:  0.38726   0.96119   1.56825   0.27280   0.31458   0.36434   0.58018   0.04777   0.20861   0.46854   0.00127   0.04520   0.32847   0.04586   0.16370   0.21382   0.15796   0.21081   0.01715   0.07548   0.07810   0.03762   0.22020   0.11057   0.13936   0.03163   0.15684   0.07344   0.09685   0.54666   0.29044   0.39464   0.21484   0.05127   0.04788   2.63165   1.68954   2.14855   2.06570   5.98725   4.53019   0.05049  107.05636  
255  1.2467   3383.005920  x:  0.38653   0.96100   1.56865   0.27234   0.31494   0.36475   0.57989   0.04775   0.20879   0.46840   0.00120   0.04515   0.32841   0.04548   0.16373   0.21363   0.15761   0.21070   0.01718   0.07545   0.07833   0.03757   0.22022   0.11024   0.13934   0.03152   0.15689   0.07390   0.09699   0.54680   0.28985   0.39467   0.21476   0.05147   0.04767   2.63144   1.69003   2.14795   2.06594   5.98870   4.53243   0.05048  107.05636  
256  1.2942   3383.004961  x:  0.38560   0.96012   1.56936   0.27151   0.31572   0.36535   0.57883   0.04737   0.20913   0.46798   0.00075   0.04523   0.32767   0.04555   0.16404   0.21365   0.15726   0.21028   0.01719   0.07558   0.07809   0.03756   0.22044   0.10932   0.13957   0.03158   0.15751   0.07332   0.09706   0.54717   0.28900   0.39465   0.21495   0.05139   0.04767   2.63088   1.69097   2.14637   2.06674   5.99243   4.53780   0.05047  107.05636  
257  1.7571   3383.003363  x:  0.38516   0.95810   1.57022   0.27063   0.31673   0.36549   0.57686   0.04662   0.20902   0.46707   0.00012   0.04522   0.32611   0.04559   0.16330   0.21395   0.15781   0.20999   0.01711   0.07511   0.07805   0.03750   0.22075   0.10958   0.13909   0.03140   0.15677   0.07359   0.09683   0.54741   0.28878   0.39415   0.21530   0.05076   0.04810   2.62988   1.69235   2.14338   2.06845   5.99955   4.54741   0.05043  107.05637  
258  2.1392   3383.002390  x:  0.38521   0.95719   1.57044   0.27035   0.31691   0.36536   0.57619   0.04662   0.20888   0.46668   0.00000   0.04518   0.32567   0.04571   0.16301   0.21391   0.15784   0.20997   0.01707   0.07497   0.07796   0.03748   0.22062   0.10973   0.13895   0.03147   0.15646   0.07339   0.09658   0.54725   0.28885   0.39379   0.21516   0.05117   0.04765   2.62951   1.69288   2.14210   2.06920   6.00264   4.55140   0.05042  107.05637  
259  4.1621   3383.002390  x:  0.38521   0.95719   1.57044   0.27035   0.31691   0.36536   0.57619   0.04662   0.20888   0.46668   0.00000   0.04518   0.32567   0.04571   0.16301   0.21391   0.15784   0.20997   0.01707   0.07497   0.07796   0.03748   0.22062   0.10973   0.13895   0.03147   0.15646   0.07339   0.09658   0.54725   0.28885   0.39379   0.21516   0.05117   0.04765   2.62951   1.69288   2.14210   2.06920   6.00264   4.55140   0.05042  107.05637  
260  4.6659   3383.001713  x:  0.38560   0.95701   1.57014   0.27046   0.31632   0.36501   0.57652   0.04724   0.20870   0.46667   0.00031   0.04521   0.32618   0.04571   0.16317   0.21356   0.15734   0.21003   0.01707   0.07521   0.07797   0.03749   0.22007   0.10962   0.13909   0.03153   0.15680   0.07328   0.09640   0.54669   0.28903   0.39352   0.21463   0.05128   0.04758   2.62962   1.69281   2.14200   2.06930   6.00305   4.55152   0.05025  107.05637  
261  0.7192   3383.001206  x:  0.38590   0.95688   1.56991   0.27055   0.31587   0.36472   0.57677   0.04771   0.20856   0.46665   0.00053   0.04524   0.32656   0.04569   0.16329   0.21329   0.15696   0.21007   0.01708   0.07539   0.07797   0.03749   0.21965   0.10953   0.13919   0.03157   0.15704   0.07320   0.09627   0.54626   0.28918   0.39331   0.21422   0.05135   0.04754   2.62970   1.69276   2.14193   2.06937   6.00337   4.55161   0.05043  107.05638  
262 14.5493   3383.000812  x:  0.38634   0.95663   1.56954   0.27070   0.31526   0.36416   0.57696   0.04784   0.20825   0.46660   0.00066   0.04517   0.32685   0.04542   0.16322   0.21308   0.15695   0.21000   0.01731   0.07529   0.07792   0.03738   0.21936   0.10964   0.13903   0.03131   0.15682   0.07335   0.09632   0.54572   0.28939   0.39313   0.21397   0.05104   0.04758   2.62983   1.69269   2.14181   2.06949   6.00384   4.55180   0.05043  107.05638  
263  0.9324   3383.000484  x:  0.38676   0.95635   1.56913   0.27086   0.31469   0.36360   0.57709   0.04784   0.20796   0.46654   0.00078   0.04512   0.32703   0.04530   0.16317   0.21295   0.15702   0.20988   0.01697   0.07519   0.07791   0.03744   0.21918   0.10980   0.13890   0.03130   0.15653   0.07345   0.09640   0.54524   0.28957   0.39298   0.21382   0.05096   0.04772   2.62995   1.69263   2.14168   2.06961   6.00436   4.55199   0.05042  107.05638  
264  1.9482   3383.000148  x:  0.38726   0.95595   1.56858   0.27108   0.31404   0.36292   0.57715   0.04772   0.20766   0.46646   0.00096   0.04512   0.32710   0.04547   0.16316   0.21293   0.15725   0.20976   0.01713   0.07513   0.07791   0.03756   0.21910   0.10995   0.13883   0.03158   0.15626   0.07338   0.09648   0.54469   0.28972   0.39287   0.21377   0.05116   0.04778   2.63011   1.69255   2.14152   2.06976   6.00509   4.55225   0.05043  107.05639  
265  1.6030   3382.999856  x:  0.38774   0.95546   1.56795   0.27130   0.31345   0.36234   0.57712   0.04759   0.20752   0.46638   0.00118   0.04519   0.32698   0.04569   0.16313   0.21302   0.15740   0.20969   0.01706   0.07510   0.07787   0.03731   0.21917   0.10994   0.13879   0.03155   0.15621   0.07320   0.09645   0.54423   0.28976   0.39280   0.21384   0.05121   0.04742   2.63028   1.69247   2.14135   2.06992   6.00592   4.55258   0.05043  107.05639  
266  1.4134   3382.999412  x:  0.38849   0.95448   1.56673   0.27165   0.31256   0.36159   0.57692   0.04747   0.20756   0.46623   0.00148   0.04529   0.32648   0.04558   0.16287   0.21320   0.15741   0.20966   0.01704   0.07506   0.07789   0.03760   0.21939   0.10962   0.13877   0.03123   0.15650   0.07315   0.09626   0.54359   0.28962   0.39272   0.21406   0.05128   0.04733   2.63058   1.69233   2.14103   2.07022   6.00748   4.55324   0.05044  107.05640  
267  1.4210   3382.998992  x:  0.38916   0.95341   1.56544   0.27193   0.31178   0.36102   0.57664   0.04745   0.20769   0.46608   0.00164   0.04523   0.32589   0.04540   0.16266   0.21328   0.15725   0.20965   0.01704   0.07497   0.07779   0.03732   0.21957   0.10930   0.13880   0.03145   0.15672   0.07328   0.09612   0.54309   0.28937   0.39263   0.21424   0.05119   0.04758   2.63090   1.69218   2.14069   2.07054   6.00909   4.55400   0.05045  107.05641  
268  2.4974   3382.998504  x:  0.38981   0.95189   1.56366   0.27212   0.31107   0.36069   0.57613   0.04760   0.20785   0.46585   0.00153   0.04496   0.32524   0.04560   0.16273   0.21309   0.15684   0.20956   0.01704   0.07492   0.07776   0.03748   0.21956   0.10906   0.13869   0.03163   0.15643   0.07318   0.09613   0.54277   0.28891   0.39241   0.21423   0.05068   0.04751   2.63128   1.69199   2.14025   2.07095   6.01115   4.55516   0.05046  107.05643  
269  1.6642   3382.997697  x:  0.39074   0.94919   1.56052   0.27232   0.31016   0.36047   0.57514   0.04784   0.20796   0.46539   0.00127   0.04473   0.32437   0.04572   0.16281   0.21264   0.15630   0.20930   0.01706   0.07493   0.07765   0.03729   0.21935   0.10886   0.13837   0.03124   0.15572   0.07290   0.09626   0.54246   0.28810   0.39195   0.21399   0.05096   0.04769   2.63193   1.69166   2.13948   2.07167   6.01474   4.55733   0.05047  107.05645  
270  3.5804   3382.996307  x:  0.39206   0.94433   1.55486   0.27247   0.30915   0.36047   0.57327   0.04797   0.20762   0.46441   0.00107   0.04509   0.32343   0.04498   0.16240   0.21187   0.15596   0.20870   0.01703   0.07507   0.07753   0.03726   0.21876   0.10906   0.13810   0.03142   0.15509   0.07306   0.09645   0.54212   0.28680   0.39103   0.21327   0.05124   0.04697   2.63305   1.69112   2.13813   2.07291   6.02122   4.56144   0.05050  107.05649  
271  4.4734   3382.994264  x:  0.39354   0.93709   1.54626   0.27230   0.30844   0.36061   0.57050   0.04745   0.20633   0.46277   0.00101   0.04554   0.32304   0.04547   0.16182   0.21099   0.15617   0.20789   0.01694   0.07456   0.07728   0.03714   0.21746   0.10923   0.13788   0.03112   0.15551   0.07282   0.09616   0.54158   0.28540   0.38960   0.21224   0.05060   0.04736   2.63461   1.69041   2.13618   2.07470   6.03114   4.56809   0.05055  107.05655  
272  5.1804   3382.993083  x:  0.39395   0.93314   1.54119   0.27155   0.30850   0.36040   0.56935   0.04697   0.20565   0.46180   0.00065   0.04453   0.32316   0.04513   0.16112   0.21072   0.15608   0.20782   0.01687   0.07404   0.07717   0.03710   0.21669   0.10867   0.13766   0.03123   0.15536   0.07224   0.09541   0.54088   0.28534   0.38893   0.21202   0.05071   0.04707   2.63539   1.69013   2.13512   2.07564   6.03702   4.57264   0.05055  107.05659  
273  3.4625   3382.991546  x:  0.39395   0.92843   1.53452   0.26992   0.30904   0.35997   0.56852   0.04674   0.20543   0.46059   0.00091   0.04415   0.32335   0.04531   0.16088   0.21095   0.15554   0.20774   0.01681   0.07441   0.07685   0.03701   0.21641   0.10815   0.13712   0.03110   0.15449   0.07289   0.09453   0.53946   0.28595   0.38819   0.21198   0.05067   0.04690   2.63624   1.68998   2.13385   2.07669   6.04527   4.57948   0.05059  107.05664  
274  3.7658   3382.990236  x:  0.39369   0.92495   1.52896   0.26825   0.30956   0.35929   0.56816   0.04666   0.20548   0.45967   0.00109   0.04462   0.32306   0.04481   0.16079   0.21089   0.15486   0.20726   0.01681   0.07422   0.07695   0.03690   0.21657   0.10817   0.13685   0.03112   0.15396   0.07204   0.09445   0.53800   0.28647   0.38754   0.21177   0.05032   0.04704   2.63680   1.68998   2.13289   2.07746   6.05235   4.58594   0.05061  107.05667  
275  4.9734   3382.988365  x:  0.39300   0.92095   1.52125   0.26566   0.31007   0.35758   0.56788   0.04636   0.20532   0.45854   0.00039   0.04455   0.32160   0.04482   0.16082   0.20978   0.15434   0.20603   0.01682   0.07345   0.07646   0.03688   0.21653   0.10801   0.13677   0.03090   0.15426   0.07223   0.09498   0.53568   0.28642   0.38648   0.21079   0.05043   0.04668   2.63732   1.69021   2.13170   2.07832   6.06253   4.59638   0.05062  107.05673  
276  4.5314   3382.986243  x:  0.39205   0.91763   1.51298   0.26345   0.31041   0.35569   0.56727   0.04607   0.20453   0.45739   0.00035   0.04441   0.31941   0.04482   0.15977   0.20841   0.15468   0.20530   0.01670   0.07434   0.07676   0.03661   0.21575   0.10719   0.13628   0.03082   0.15378   0.07187   0.09482   0.53304   0.28499   0.38521   0.20932   0.05005   0.04674   2.63756   1.69072   2.13058   2.07903   6.07437   4.60930   0.05062  107.05678  
277  5.1683   3382.983263  x:  0.39064   0.91409   1.50203   0.26143   0.31043   0.35356   0.56573   0.04598   0.20305   0.45577   0.00157   0.04475   0.31683   0.04489   0.15830   0.20712   0.15389   0.20511   0.01657   0.07320   0.07548   0.03664   0.21426   0.10648   0.13544   0.03081   0.15239   0.07145   0.09411   0.52979   0.28226   0.38353   0.20784   0.04986   0.04648   2.63759   1.69168   2.12925   2.07977   6.09155   4.62810   0.05060  107.05686  
278  8.1669   3382.979182  x:  0.38857   0.91021   1.48776   0.25953   0.30902   0.35092   0.56247   0.04592   0.20101   0.45335   0.00219   0.04418   0.31463   0.04470   0.15761   0.20617   0.15230   0.20449   0.01653   0.07189   0.07673   0.03614   0.21216   0.10661   0.13459   0.03048   0.15141   0.07152   0.09365   0.52623   0.27893   0.38134   0.20725   0.04974   0.04598   2.63731   1.69326   2.12767   2.08051   6.11664   4.65455   0.05062  107.05696  
279 10.5993   3382.968324  x:  0.38295   0.90084   1.45171   0.25534   0.30360   0.34432   0.55285   0.04577   0.19642   0.44676   0.00188   0.04207   0.31044   0.04292   0.15641   0.20424   0.14944   0.20127   0.01616   0.07215   0.07419   0.03564   0.20718   0.10689   0.13268   0.02963   0.14967   0.06978   0.09303   0.51803   0.27155   0.37561   0.20647   0.04869   0.04532   2.63625   1.69756   2.12380   2.08219   6.18299   4.72372   0.05063  107.05721  
280 28.2921   3382.956749  x:  0.37642   0.89087   1.41668   0.25262   0.29623   0.33870   0.54174   0.04616   0.19476   0.43932   0.00109   0.04196   0.30742   0.04219   0.15333   0.20027   0.14840   0.19576   0.01586   0.06984   0.07306   0.03495   0.20404   0.10226   0.13044   0.02928   0.14624   0.06861   0.09145   0.51084   0.26734   0.36886   0.20244   0.04775   0.04448   2.63467   1.70214   2.12020   2.08360   6.25316   4.79566   0.05065  107.05746  
281 20.6075   3382.950403  x:  0.37218   0.88408   1.39891   0.25227   0.29210   0.33590   0.53548   0.04502   0.19321   0.43464   0.00090   0.04089   0.30391   0.04212   0.15072   0.19634   0.14666   0.19599   0.01555   0.06933   0.07221   0.03456   0.20382   0.10205   0.12852   0.02891   0.14512   0.06779   0.09080   0.50698   0.26732   0.36482   0.19844   0.04720   0.04400   2.63361   1.70468   2.11844   2.08425   6.29435   4.83646   0.05067  107.05760  
282 15.1461   3382.946820  x:  0.36941   0.87834   1.39231   0.25236   0.29033   0.33493   0.53350   0.04417   0.19117   0.43216   0.00058   0.04061   0.30009   0.04141   0.15085   0.19510   0.14587   0.19440   0.01545   0.06885   0.07174   0.03432   0.20176   0.10160   0.12926   0.02842   0.14362   0.06738   0.08907   0.50416   0.26734   0.36340   0.19643   0.04679   0.04378   2.63300   1.70581   2.11780   2.08450   6.31872   4.85896   0.05068  107.05768  
283  5.6692   3382.943060  x:  0.36660   0.87111   1.38766   0.25158   0.28863   0.33396   0.53238   0.04427   0.18981   0.42995   0.00006   0.04029   0.29706   0.04123   0.14953   0.19451   0.14520   0.19257   0.01534   0.06813   0.07122   0.03406   0.19902   0.10104   0.12647   0.02847   0.14324   0.06682   0.08895   0.50086   0.26604   0.36222   0.19504   0.04652   0.04339   2.63246   1.70670   2.11737   2.08473   6.34487   4.88222   0.05069  107.05777  
284  7.8140   3382.942577  x:  0.36645   0.87059   1.38747   0.25143   0.28852   0.33384   0.53229   0.04425   0.18976   0.42981   0.00000   0.04028   0.29701   0.04123   0.14938   0.19443   0.14516   0.19255   0.01533   0.06809   0.07119   0.03404   0.19894   0.10101   0.12650   0.02844   0.14315   0.06679   0.08899   0.50062   0.26582   0.36210   0.19498   0.04649   0.04337   2.63244   1.70673   2.11735   2.08475   6.34661   4.88375   0.05070  107.05777  
285  7.5765   3382.939915  x:  0.36578   0.86511   1.38664   0.24940   0.28805   0.33209   0.53028   0.04320   0.18898   0.42820   0.00073   0.03962   0.29685   0.04048   0.15002   0.19251   0.14468   0.19155   0.01524   0.06778   0.07084   0.03388   0.19938   0.10028   0.12537   0.02839   0.14259   0.06644   0.08818   0.49816   0.26286   0.35996   0.19417   0.04627   0.04315   2.63239   1.70666   2.11727   2.08502   6.36404   4.90008   0.05068  107.05784  
286  5.8631   3382.938016  x:  0.36696   0.86197   1.38721   0.24739   0.28849   0.33037   0.52728   0.04359   0.18821   0.42698   0.00200   0.03902   0.29569   0.04046   0.14917   0.19206   0.14394   0.19045   0.01526   0.06778   0.07068   0.03379   0.19857   0.09968   0.12546   0.02823   0.14221   0.06625   0.08888   0.49742   0.26282   0.35787   0.19416   0.04616   0.04303   2.63282   1.70575   2.11731   2.08542   6.37442   4.91173   0.05066  107.05791  
287  2.0903   3382.936315  x:  0.36855   0.85964   1.38799   0.24553   0.28874   0.32841   0.52470   0.04452   0.18779   0.42620   0.00107   0.03978   0.29470   0.04037   0.14917   0.19212   0.14404   0.19100   0.01515   0.06752   0.07054   0.03373   0.19774   0.09958   0.12501   0.02821   0.14195   0.06615   0.08808   0.49712   0.26292   0.35678   0.19377   0.04607   0.04295   2.63347   1.70447   2.11742   2.08588   6.38262   4.92187   0.05063  107.05797  
288  2.9301   3382.934917  x:  0.36983   0.85838   1.38859   0.24563   0.28925   0.32799   0.52399   0.04571   0.18807   0.42622   0.00114   0.03921   0.29463   0.04046   0.14878   0.19184   0.14459   0.19055   0.01511   0.06729   0.07046   0.03372   0.19806   0.10037   0.12514   0.02810   0.14188   0.06607   0.08736   0.49686   0.26282   0.35783   0.19323   0.04602   0.04295   2.63440   1.70283   2.11763   2.08638   6.38788   4.92944   0.05062  107.05803  
289  1.2867   3382.931840  x:  0.37191   0.85621   1.38990   0.24674   0.28943   0.32792   0.52363   0.04456   0.18740   0.42630   0.00061   0.03950   0.29520   0.04042   0.14856   0.19164   0.14352   0.19029   0.01515   0.06755   0.07040   0.03368   0.19822   0.09933   0.12504   0.02809   0.14169   0.06602   0.08806   0.49658   0.26268   0.36047   0.19210   0.04593   0.04296   2.63672   1.69877   2.11831   2.08741   6.39746   4.94520   0.05057  107.05818  
290  2.3951   3382.927484  x:  0.37243   0.85379   1.39158   0.24708   0.28670   0.33042   0.52534   0.04308   0.18849   0.42590   0.00116   0.03931   0.29476   0.04012   0.14923   0.19135   0.14476   0.19130   0.01495   0.06715   0.07028   0.03370   0.19740   0.09887   0.12514   0.02809   0.14161   0.06595   0.08869   0.49620   0.26272   0.35870   0.19252   0.04591   0.04292   2.64023   1.69316   2.11978   2.08837   6.40926   4.96529   0.05052  107.05843  
291  2.2751   3382.924588  x:  0.37161   0.85259   1.39270   0.24737   0.28488   0.33121   0.52637   0.04204   0.18842   0.42530   0.00035   0.03956   0.29448   0.04066   0.14790   0.19147   0.14369   0.19010   0.01506   0.06727   0.07025   0.03366   0.19771   0.09955   0.12489   0.02813   0.14142   0.06594   0.08724   0.49595   0.26232   0.35631   0.19289   0.04589   0.04287   2.64245   1.68979   2.12106   2.08861   6.41672   4.97723   0.05048  107.05860  
292  3.5049   3382.920603  x:  0.36923   0.85242   1.39338   0.24817   0.28500   0.33036   0.52615   0.04273   0.18756   0.42453   0.00000   0.03968   0.29425   0.04063   0.14774   0.19113   0.14363   0.19001   0.01503   0.06719   0.07016   0.03363   0.19807   0.09901   0.12480   0.02813   0.14125   0.06588   0.08735   0.49558   0.26200   0.35497   0.19328   0.04586   0.04281   2.64404   1.68794   2.12263   2.08799   6.42380   4.98378   0.05048  107.05877  
293  1.5001   3382.902470  x:  0.35052   0.85349   1.39836   0.24446   0.28071   0.32418   0.51737   0.04025   0.18958   0.41950   0.00130   0.03929   0.29200   0.04034   0.14582   0.19012   0.14171   0.18794   0.01493   0.06671   0.06939   0.03334   0.19403   0.09880   0.12415   0.02773   0.13969   0.06522   0.08623   0.49052   0.25921   0.35313   0.18916   0.04540   0.04249   2.65358   1.67674   2.13587   2.08130   6.47874   5.02800   0.05049  107.06005  
294  4.7250   3382.897594  x:  0.34790   0.85429   1.39938   0.24077   0.27806   0.32586   0.51507   0.04085   0.18675   0.41859   0.00117   0.03949   0.29081   0.04050   0.14497   0.18877   0.14132   0.18734   0.01493   0.06648   0.06917   0.03326   0.19497   0.09802   0.12378   0.02776   0.13923   0.06506   0.08585   0.48824   0.25897   0.35374   0.18905   0.04529   0.04237   2.65364   1.67520   2.13965   2.07895   6.49405   5.03929   0.05049  107.06040  
295  3.3436   3382.891811  x:  0.34977   0.85453   1.39947   0.24048   0.27915   0.32721   0.51440   0.03988   0.18699   0.41790   0.00000   0.03935   0.29028   0.04044   0.14453   0.18912   0.14089   0.18682   0.01494   0.06632   0.06897   0.03320   0.19481   0.09774   0.12360   0.02770   0.13887   0.06492   0.08586   0.48572   0.25846   0.35155   0.18802   0.04521   0.04228   2.64820   1.67705   2.14325   2.07585   6.50803   5.04928   0.05050  107.06074  
296  1.4814   3382.887077  x:  0.34985   0.85089   1.39892   0.24044   0.27846   0.32578   0.51387   0.03952   0.18753   0.41521   0.00010   0.04018   0.28995   0.04059   0.14389   0.18612   0.14030   0.18633   0.01501   0.06650   0.06885   0.03316   0.19336   0.09770   0.12338   0.02774   0.13860   0.06485   0.08513   0.48550   0.25826   0.35158   0.19001   0.04521   0.04217   2.63889   1.68106   2.14717   2.07191   6.52159   5.06319   0.05049  107.06115  
297  2.1069   3382.880570  x:  0.34768   0.84296   1.39763   0.23989   0.27521   0.32290   0.51258   0.04086   0.18605   0.41235   0.00118   0.03946   0.28954   0.04031   0.14387   0.18792   0.13990   0.18599   0.01504   0.06634   0.06873   0.03315   0.19398   0.09725   0.12344   0.02765   0.13837   0.06472   0.08531   0.48623   0.25697   0.35092   0.18791   0.04514   0.04217   2.62479   1.68755   2.15232   2.06636   6.53902   5.08476   0.05045  107.06174  
298  3.8182   3382.879412  x:  0.34650   0.84088   1.39691   0.24026   0.27472   0.32253   0.51101   0.04097   0.18578   0.41501   0.00118   0.03959   0.28952   0.04029   0.14380   0.18767   0.13978   0.18589   0.01505   0.06635   0.06870   0.03314   0.19380   0.09721   0.12338   0.02766   0.13831   0.06471   0.08524   0.48502   0.25714   0.35029   0.18813   0.04515   0.04214   2.62268   1.68894   2.15276   2.06554   6.54303   5.09006   0.05045  107.06186  
299  0.9819   3382.876371  x:  0.34397   0.83674   1.39100   0.24048   0.27394   0.32235   0.50682   0.04136   0.18515   0.41079   0.00024   0.03970   0.28835   0.04024   0.14319   0.18720   0.13923   0.18523   0.01499   0.06609   0.06846   0.03302   0.19311   0.09688   0.12288   0.02763   0.13777   0.06450   0.08527   0.47863   0.25578   0.34867   0.18774   0.04501   0.04196   2.62395   1.69337   2.14895   2.06551   6.56567   5.11540   0.05041  107.06236  
300  0.4455   3382.854214  x:  0.33295   0.81400   1.34459   0.23244   0.26779   0.31104   0.49446   0.04015   0.17776   0.39977   0.00013   0.03896   0.27929   0.03924   0.13844   0.18152   0.13457   0.17936   0.01459   0.06410   0.06633   0.03203   0.18794   0.09300   0.11919   0.02701   0.13346   0.06250   0.08252   0.46727   0.24690   0.33505   0.18264   0.04374   0.04062   2.63631   1.72305   2.11895   2.06804   6.74378   5.29097   0.05040  107.06592  
301  4.2407   3382.848249  x:  0.32652   0.81115   1.33209   0.23014   0.26659   0.30766   0.49041   0.04019   0.17600   0.39622   0.00027   0.03886   0.27684   0.03901   0.13737   0.18037   0.13344   0.17799   0.01449   0.06361   0.06583   0.03182   0.18659   0.09211   0.11829   0.02682   0.13247   0.06205   0.08200   0.46271   0.24442   0.33149   0.18171   0.04346   0.04029   2.62579   1.71312   2.11066   2.07942   6.79066   5.33312   0.05044  107.06700  
302  0.9458   3382.822524  x:  0.32948   0.79670   1.29431   0.22792   0.26697   0.30296   0.48524   0.04148   0.17284   0.39132   0.00059   0.03838   0.27411   0.03836   0.13730   0.18022   0.13156   0.17649   0.01443   0.06337   0.06569   0.03150   0.18532   0.09184   0.11678   0.02653   0.13170   0.06179   0.08142   0.45654   0.24157   0.32712   0.18207   0.04316   0.03999   2.63205   1.68272   2.15058   2.06817   6.90381   5.44428   0.05054  107.07278  
303  0.2276   3382.794775  x:  0.31753   0.77718   1.27482   0.22183   0.25499   0.29584   0.46843   0.03910   0.16983   0.37960   0.00137   0.03710   0.26625   0.03725   0.13381   0.17470   0.12794   0.17101   0.01396   0.06159   0.06395   0.03052   0.17897   0.09033   0.11270   0.02583   0.12822   0.05998   0.07825   0.44435   0.23723   0.32148   0.17466   0.04173   0.03889   2.63946   1.71809   2.09604   2.09491   7.16011   5.70738   0.05041  107.08339  
304  0.2460   3382.790464  x:  0.31563   0.76833   1.26062   0.21970   0.25197   0.29317   0.46373   0.03848   0.16840   0.37597   0.00137   0.03656   0.26357   0.03679   0.13242   0.17269   0.12677   0.16926   0.01381   0.06089   0.06323   0.03020   0.17700   0.08938   0.11158   0.02551   0.12684   0.05932   0.07742   0.44007   0.23497   0.31861   0.17262   0.04128   0.03849   2.63880   1.71235   2.10802   2.08986   7.22833   5.77638   0.05042  107.08566  
305  0.6579   3382.770548  x:  0.31263   0.76024   1.24761   0.21643   0.24910   0.29115   0.46144   0.03674   0.16744   0.37386   0.00100   0.03578   0.26047   0.03641   0.12936   0.16889   0.12643   0.16761   0.01357   0.05958   0.06170   0.02999   0.17460   0.08699   0.11136   0.02510   0.12461   0.05823   0.07685   0.43628   0.23085   0.31527   0.16965   0.04085   0.03794   2.62584   1.68513   2.14908   2.06475   7.40153   5.95161   0.05046  107.09638  
306  0.1996   3382.756678  x:  0.30484   0.74256   1.22121   0.21190   0.24555   0.28365   0.45141   0.03712   0.16241   0.36475   0.00053   0.03538   0.25510   0.03572   0.12698   0.16628   0.12298   0.16413   0.01331   0.05863   0.06077   0.02927   0.17162   0.08544   0.10887   0.02455   0.12212   0.05723   0.07558   0.42565   0.22540   0.30657   0.16752   0.03997   0.03715   2.62810   1.69145   2.14321   2.06915   7.63603   6.18349   0.05047  107.10955  
307  0.2735   3382.745486  x:  0.30534   0.73994   1.21461   0.21260   0.24581   0.28222   0.44939   0.03826   0.16120   0.36295   0.00041   0.03555   0.25498   0.03557   0.12775   0.16727   0.12209   0.16379   0.01336   0.05893   0.06115   0.02915   0.17195   0.08587   0.10823   0.02454   0.12234   0.05742   0.07551   0.42421   0.22567   0.30500   0.16842   0.03991   0.03716   2.63275   1.69767   2.14051   2.07658   7.72961   6.27323   0.05049  107.11848  
308  0.1385   3382.734345  x:  0.30007   0.72712   1.18772   0.20847   0.24015   0.27727   0.44023   0.03703   0.15891   0.35635   0.00091   0.03473   0.24981   0.03484   0.12532   0.16380   0.12011   0.16050   0.01312   0.05769   0.05983   0.02867   0.16820   0.08416   0.10599   0.02419   0.12010   0.05622   0.07365   0.41667   0.22183   0.30043   0.16436   0.03922   0.03645   2.63412   1.69791   2.13243   2.07678   8.01738   6.56102   0.05049  107.13762  
309  0.3686   3382.723527  x:  0.29712   0.72341   1.18650   0.20488   0.23795   0.27688   0.43920   0.03487   0.15921   0.35569   0.00133   0.03412   0.24767   0.03475   0.12335   0.16111   0.12013   0.15962   0.01292   0.05684   0.05891   0.02854   0.16604   0.08328   0.10582   0.02393   0.11880   0.05552   0.07304   0.41484   0.21963   0.30048   0.16162   0.03890   0.03614   2.63174   1.69137   2.13067   2.07008   8.27599   6.82509   0.05045  107.15939  
310  0.2039   3382.714259  x:  0.29430   0.71359   1.17187   0.20532   0.23480   0.27255   0.43275   0.03620   0.15611   0.35017   0.00035   0.03396   0.24556   0.03415   0.12247   0.16006   0.11810   0.15754   0.01282   0.05642   0.05850   0.02809   0.16515   0.08213   0.10441   0.02357   0.11746   0.05505   0.07259   0.40940   0.21744   0.29444   0.16118   0.03837   0.03573   2.62979   1.69114   2.14710   2.07118   8.59469   7.14299   0.05047  107.18647  
311  0.2298   3382.710789  x:  0.29507   0.71511   1.17290   0.20606   0.23584   0.27288   0.43353   0.03667   0.15618   0.35068   0.00030   0.03416   0.24616   0.03425   0.12296   0.16083   0.11825   0.15794   0.01288   0.05666   0.05874   0.02817   0.16580   0.08238   0.10457   0.02369   0.11790   0.05525   0.07277   0.41012   0.21802   0.29475   0.16192   0.03851   0.03583   2.62969   1.69225   2.14775   2.07156   8.63146   7.17863   0.05048  107.19188  
312  0.1058   3382.704513  x:  0.29131   0.70714   1.15726   0.20155   0.23498   0.26995   0.42946   0.03566   0.15461   0.34711   0.00098   0.03385   0.24279   0.03408   0.12163   0.15928   0.11700   0.15646   0.01276   0.05611   0.05816   0.02796   0.16362   0.08191   0.10336   0.02357   0.11686   0.05469   0.07174   0.40521   0.21529   0.29256   0.15986   0.03823   0.03548   2.63180   1.69599   2.13610   2.07315   9.01027   7.55512   0.05049  107.22543  
313  0.4554   3382.700404  x:  0.29025   0.70409   1.15286   0.20114   0.23135   0.26892   0.42672   0.03503   0.15435   0.34561   0.00096   0.03334   0.24181   0.03365   0.12084   0.15767   0.11646   0.15526   0.01263   0.05559   0.05769   0.02768   0.16222   0.08132   0.10280   0.02324   0.11583   0.05427   0.07132   0.40378   0.21437   0.29140   0.15839   0.03780   0.03523   2.63293   1.69540   2.13338   2.07474   9.37273   7.91786   0.05047  107.25958  
314  0.3597   3382.697258  x:  0.29066   0.70566   1.15899   0.20158   0.23215   0.26989   0.42815   0.03495   0.15483   0.34662   0.00081   0.03344   0.24234   0.03383   0.12087   0.15783   0.11693   0.15577   0.01264   0.05567   0.05775   0.02779   0.16271   0.08138   0.10320   0.02332   0.11609   0.05434   0.07154   0.40489   0.21487   0.29224   0.15863   0.03793   0.03531   2.63265   1.69370   2.13570   2.07398   9.49501   8.04226   0.05046  107.27375  
315  0.1517   3382.693942  x:  0.28819   0.70060   1.15114   0.20013   0.23203   0.26780   0.42556   0.03511   0.15340   0.34402   0.00065   0.03345   0.24054   0.03378   0.12002   0.15718   0.11616   0.15497   0.01259   0.05540   0.05740   0.02770   0.16206   0.08075   0.10258   0.02331   0.11553   0.05403   0.07112   0.40169   0.21321   0.28980   0.15797   0.03783   0.03510   2.63117   1.69236   2.14025   2.07121   9.98845   8.53721   0.05046  107.32199  
316  0.5872   3382.691830  x:  0.28845   0.69953   1.14202   0.19996   0.23046   0.26662   0.42402   0.03532   0.15292   0.34315   0.00093   0.03324   0.24043   0.03339   0.12037   0.15717   0.11546   0.15428   0.01259   0.05536   0.05744   0.02748   0.16139   0.08088   0.10210   0.02307   0.11515   0.05405   0.07099   0.40077   0.21277   0.28884   0.15796   0.03757   0.03504   2.63042   1.69357   2.13948   2.07075  10.41984   8.96554   0.05049  107.36616  
317  0.3241   3382.689971  x:  0.28843   0.69811   1.14695   0.20022   0.23061   0.26725   0.42365   0.03500   0.15309   0.34293   0.00069   0.03327   0.23992   0.03361   0.11990   0.15678   0.11580   0.15439   0.01256   0.05530   0.05732   0.02762   0.16164   0.08063   0.10214   0.02328   0.11536   0.05385   0.07077   0.40107   0.21321   0.28920   0.15749   0.03773   0.03499   2.63304   1.69657   2.13763   2.07766  10.82932   9.37393   0.05048  107.40931  
318  0.2769   3382.689156  x:  0.28726   0.69740   1.14582   0.19947   0.23044   0.26667   0.42326   0.03492   0.15280   0.34241   0.00070   0.03324   0.23951   0.03356   0.11959   0.15642   0.11558   0.15416   0.01253   0.05516   0.05717   0.02754   0.16125   0.08048   0.10200   0.02318   0.11501   0.05378   0.07073   0.40006   0.21256   0.28867   0.15716   0.03762   0.03493   2.63271   1.69529   2.13672   2.07522  11.23770   9.78367   0.05047  107.45102  
319  0.7334   3382.688512  x:  0.28693   0.69921   1.14460   0.19917   0.23065   0.26647   0.42407   0.03505   0.15285   0.34290   0.00084   0.03325   0.23997   0.03348   0.11982   0.15666   0.11552   0.15423   0.01254   0.05519   0.05722   0.02747   0.16112   0.08063   0.10214   0.02304   0.11487   0.05393   0.07097   0.40002   0.21217   0.28868   0.15746   0.03753   0.03499   2.63089   1.69206   2.13688   2.06866  11.63790  10.18618   0.05046  107.49335  
320  0.4673   3382.688003  x:  0.28761   0.69692   1.14147   0.19938   0.22997   0.26630   0.42296   0.03493   0.15265   0.34228   0.00079   0.03314   0.23954   0.03341   0.11972   0.15647   0.11537   0.15395   0.01253   0.05514   0.05720   0.02748   0.16102   0.08049   0.10194   0.02310   0.11489   0.05378   0.07073   0.39993   0.21224   0.28824   0.15727   0.03755   0.03491   2.63095   1.69295   2.14043   2.07170  12.19065  10.73792   0.05048  107.55092  
321  0.5477   3382.687642  x:  0.28751   0.69696   1.14349   0.19951   0.23008   0.26633   0.42291   0.03504   0.15265   0.34219   0.00080   0.03321   0.23948   0.03348   0.11969   0.15644   0.11541   0.15401   0.01254   0.05518   0.05717   0.02749   0.16114   0.08051   0.10187   0.02313   0.11493   0.05381   0.07069   0.39981   0.21254   0.28843   0.15717   0.03756   0.03494   2.63200   1.69498   2.13901   2.07504  12.59072  11.13637   0.05048  107.59339  
322  0.3539   3382.687402  x:  0.28679   0.69736   1.14320   0.19918   0.23020   0.26632   0.42289   0.03490   0.15264   0.34216   0.00069   0.03316   0.23944   0.03346   0.11958   0.15641   0.11542   0.15397   0.01251   0.05510   0.05718   0.02749   0.16101   0.08044   0.10196   0.02311   0.11486   0.05374   0.07075   0.39969   0.21204   0.28825   0.15721   0.03755   0.03489   2.63194   1.69414   2.13598   2.07226  13.46176  12.00820   0.05047  107.68482  
323  0.6428   3382.687284  x:  0.28744   0.69697   1.14259   0.19928   0.23008   0.26628   0.42316   0.03493   0.15265   0.34230   0.00084   0.03320   0.23949   0.03346   0.11965   0.15639   0.11538   0.15400   0.01253   0.05515   0.05715   0.02747   0.16103   0.08048   0.10192   0.02309   0.11484   0.05381   0.07072   0.39976   0.21233   0.28830   0.15714   0.03753   0.03493   2.63147   1.69356   2.13918   2.07241  14.06233  12.60945   0.05047  107.74825  
324  0.5326   3382.687229  x:  0.28726   0.69725   1.14285   0.19936   0.23009   0.26631   0.42289   0.03500   0.15266   0.34222   0.00076   0.03316   0.23950   0.03344   0.11969   0.15646   0.11540   0.15397   0.01253   0.05514   0.05719   0.02749   0.16106   0.08049   0.10192   0.02311   0.11490   0.05378   0.07073   0.39982   0.21224   0.28837   0.15725   0.03755   0.03491   2.63148   1.69382   2.13905   2.07286  14.66347  13.21014   0.05047  107.81170  
325  0.5350   3382.687197  x:  0.28710   0.69700   1.14281   0.19928   0.23006   0.26622   0.42286   0.03497   0.15260   0.34210   0.00076   0.03318   0.23944   0.03345   0.11962   0.15638   0.11537   0.15395   0.01253   0.05513   0.05715   0.02748   0.16102   0.08045   0.10190   0.02310   0.11485   0.05378   0.07071   0.39962   0.21223   0.28822   0.15714   0.03754   0.03491   2.63177   1.69416   2.13769   2.07305  15.51432  14.06058   0.05047  107.90122  
326  0.7875   3382.687181  x:  0.28728   0.69709   1.14282   0.19927   0.23014   0.26633   0.42306   0.03492   0.15265   0.34227   0.00078   0.03318   0.23946   0.03346   0.11964   0.15642   0.11539   0.15400   0.01252   0.05513   0.05717   0.02748   0.16104   0.08048   0.10193   0.02310   0.11486   0.05378   0.07073   0.39980   0.21225   0.28831   0.15719   0.03754   0.03491   2.63169   1.69398   2.13824   2.07275  16.21932  14.76606   0.05047  107.97565  
327  0.5207   3382.687174  x:  0.28720   0.69715   1.14283   0.19929   0.23007   0.26625   0.42293   0.03499   0.15263   0.34219   0.00079   0.03318   0.23948   0.03345   0.11965   0.15641   0.11540   0.15397   0.01253   0.05513   0.05716   0.02748   0.16102   0.08048   0.10191   0.02310   0.11487   0.05378   0.07072   0.39970   0.21225   0.28833   0.15717   0.03754   0.03492   2.63158   1.69385   2.13860   2.07273  16.88054  15.42727   0.05047  108.04533  
328  0.5861   3382.687170  x:  0.28719   0.69703   1.14280   0.19930   0.23009   0.26628   0.42293   0.03495   0.15263   0.34217   0.00076   0.03318   0.23945   0.03345   0.11964   0.15641   0.11538   0.15397   0.01252   0.05513   0.05717   0.02748   0.16104   0.08047   0.10191   0.02310   0.11485   0.05378   0.07073   0.39971   0.21225   0.28827   0.15718   0.03754   0.03491   2.63165   1.69392   2.13822   2.07283  17.66412  16.21062   0.05047  108.12792  
329  0.6217   3382.687168  x:  0.28723   0.69710   1.14279   0.19929   0.23009   0.26627   0.42297   0.03496   0.15262   0.34221   0.00078   0.03318   0.23947   0.03345   0.11964   0.15641   0.11539   0.15397   0.01253   0.05513   0.05716   0.02748   0.16103   0.08047   0.10192   0.02311   0.11487   0.05378   0.07072   0.39973   0.21224   0.28828   0.15718   0.03755   0.03491   2.63169   1.69406   2.13823   2.07294  18.37421  16.92079   0.05047  108.20280  
330  0.6294   3382.687167  x:  0.28721   0.69710   1.14282   0.19928   0.23010   0.26628   0.42295   0.03496   0.15264   0.34220   0.00078   0.03318   0.23946   0.03345   0.11964   0.15641   0.11539   0.15397   0.01253   0.05513   0.05716   0.02748   0.16103   0.08047   0.10191   0.02310   0.11486   0.05378   0.07072   0.39973   0.21225   0.28831   0.15718   0.03754   0.03491   2.63164   1.69393   2.13834   2.07276  19.08430  17.63095   0.05047  108.27766  
331  0.7584   3382.687167  x:  0.28721   0.69708   1.14283   0.19930   0.23008   0.26627   0.42295   0.03496   0.15263   0.34219   0.00077   0.03318   0.23947   0.03345   0.11964   0.15641   0.11539   0.15397   0.01253   0.05513   0.05717   0.02748   0.16103   0.08048   0.10192   0.02310   0.11486   0.05378   0.07073   0.39971   0.21225   0.28829   0.15718   0.03754   0.03491   2.63162   1.69389   2.13836   2.07278  20.43909  18.98570   0.05047  108.42048  
332  0.9455   3382.687167  x:  0.28721   0.69708   1.14280   0.19929   0.23009   0.26627   0.42295   0.03496   0.15263   0.34219   0.00077   0.03318   0.23946   0.03345   0.11964   0.15641   0.11539   0.15397   0.01253   0.05513   0.05716   0.02748   0.16104   0.08047   0.10191   0.02310   0.11486   0.05378   0.07072   0.39972   0.21224   0.28829   0.15718   0.03754   0.03491   2.63165   1.69397   2.13832   2.07286  21.79387  20.34047   0.05047  108.56330  
333  1.5898   3382.687167  x:  0.28721   0.69708   1.14280   0.19929   0.23009   0.26627   0.42295   0.03496   0.15263   0.34219   0.00077   0.03318   0.23946   0.03345   0.11964   0.15641   0.11539   0.15397   0.01253   0.05513   0.05716   0.02748   0.16104   0.08047   0.10191   0.02310   0.11486   0.05378   0.07072   0.39972   0.21224   0.28829   0.15718   0.03754   0.03491   2.63165   1.69397   2.13832   2.07286  21.79387  20.34047   0.05047  108.56330  
334  1.9204   3382.687167  x:  0.28721   0.69708   1.14280   0.19929   0.23009   0.26627   0.42295   0.03496   0.15263   0.34219   0.00077   0.03318   0.23946   0.03345   0.11964   0.15641   0.11539   0.15397   0.01253   0.05513   0.05716   0.02748   0.16104   0.08047   0.10191   0.02310   0.11486   0.05378   0.07072   0.39972   0.21224   0.28829   0.15718   0.03754   0.03491   2.63165   1.69397   2.13832   2.07286  21.79387  20.34047   0.05047  108.56330  
335  0.0137   3382.687167  x:  0.28721   0.69708   1.14280   0.19929   0.23009   0.26627   0.42295   0.03496   0.15263   0.34219   0.00077   0.03318   0.23946   0.03345   0.11964   0.15641   0.11539   0.15397   0.01253   0.05513   0.05716   0.02748   0.16104   0.08047   0.10191   0.02310   0.11486   0.05378   0.07072   0.39972   0.21224   0.28829   0.15718   0.03754   0.03491   2.63165   1.69397   2.13832   2.07286  21.79387  20.34046   0.05047  108.56330  
336  0.0092   3382.687167  x:  0.28721   0.69708   1.14280   0.19929   0.23009   0.26627   0.42295   0.03496   0.15263   0.34219   0.00077   0.03318   0.23946   0.03345   0.11964   0.15641   0.11539   0.15397   0.01253   0.05513   0.05716   0.02748   0.16103   0.08047   0.10191   0.02310   0.11486   0.05378   0.07072   0.39972   0.21224   0.28829   0.15718   0.03754   0.03491   2.63165   1.69397   2.13832   2.07286  21.79387  20.34046   0.05047  108.56330  
337  0.0108   3382.687167  x:  0.28721   0.69708   1.14280   0.19929   0.23009   0.26627   0.42295   0.03496   0.15263   0.34219   0.00078   0.03318   0.23946   0.03345   0.11964   0.15641   0.11539   0.15397   0.01253   0.05513   0.05716   0.02748   0.16103   0.08047   0.10191   0.02310   0.11486   0.05378   0.07072   0.39972   0.21224   0.28829   0.15718   0.03754   0.03491   2.63165   1.69397   2.13832   2.07286  21.79387  20.34046   0.05047  108.56330  
338  0.0061   3382.687167  x:  0.28721   0.69708   1.14280   0.19929   0.23009   0.26627   0.42295   0.03496   0.15263   0.34219   0.00078   0.03318   0.23946   0.03345   0.11964   0.15641   0.11539   0.15397   0.01253   0.05513   0.05716   0.02748   0.16103   0.08047   0.10191   0.02310   0.11486   0.05378   0.07072   0.39972   0.21224   0.28829   0.15718   0.03754   0.03491   2.63165   1.69397   2.13832   2.07286  21.79387  20.34046   0.05047  108.56330  
339  0.0047   3382.687167  x:  0.28721   0.69708   1.14280   0.19929   0.23009   0.26627   0.42295   0.03496   0.15263   0.34219   0.00078   0.03318   0.23946   0.03345   0.11964   0.15641   0.11539   0.15397   0.01253   0.05513   0.05716   0.02748   0.16103   0.08047   0.10191   0.02310   0.11486   0.05378   0.07072   0.39972   0.21224   0.28829   0.15718   0.03754   0.03491   2.63165   1.69397   2.13832   2.07286  21.79387  20.34046   0.05047  108.56330  
340  0.0032   3382.687167  x:  0.28721   0.69708   1.14280   0.19929   0.23009   0.26627   0.42295   0.03496   0.15263   0.34219   0.00078   0.03318   0.23946   0.03345   0.11964   0.15641   0.11539   0.15397   0.01253   0.05513   0.05716   0.02748   0.16103   0.08047   0.10191   0.02310   0.11486   0.05378   0.07072   0.39972   0.21224   0.28829   0.15718   0.03754   0.03491   2.63165   1.69397   2.13832   2.07286  21.79387  20.34046   0.05047  108.56330  
341  0.0031   3382.687167  x:  0.28721   0.69708   1.14280   0.19929   0.23009   0.26627   0.42295   0.03496   0.15263   0.34219   0.00078   0.03318   0.23946   0.03345   0.11964   0.15641   0.11539   0.15397   0.01253   0.05513   0.05716   0.02748   0.16103   0.08047   0.10191   0.02310   0.11486   0.05378   0.07072   0.39972   0.21224   0.28829   0.15718   0.03754   0.03491   2.63165   1.69397   2.13832   2.07286  21.79387  20.34046   0.05047  108.56330  
342  0.0014   3382.687167  x:  0.28721   0.69708   1.14280   0.19929   0.23009   0.26627   0.42295   0.03496   0.15263   0.34219   0.00078   0.03318   0.23946   0.03345   0.11964   0.15641   0.11539   0.15397   0.01253   0.05513   0.05716   0.02748   0.16103   0.08047   0.10191   0.02310   0.11486   0.05378   0.07072   0.39972   0.21224   0.28829   0.15718   0.03754   0.03491   2.63165   1.69397   2.13832   2.07286  21.79387  20.34046   0.05047  108.56330  
343  0.0022   3382.687167  x:  0.28721   0.69708   1.14280   0.19929   0.23009   0.26627   0.42295   0.03496   0.15263   0.34219   0.00078   0.03318   0.23946   0.03345   0.11964   0.15641   0.11539   0.15397   0.01253   0.05513   0.05716   0.02748   0.16103   0.08047   0.10191   0.02310   0.11486   0.05378   0.07072   0.39972   0.21224   0.28829   0.15718   0.03754   0.03491   2.63165   1.69397   2.13832   2.07286  21.79387  20.34046   0.05047  108.56330  
344  0.0019   3382.687167  x:  0.28721   0.69709   1.14280   0.19929   0.23009   0.26627   0.42295   0.03496   0.15263   0.34220   0.00078   0.03318   0.23946   0.03345   0.11964   0.15641   0.11539   0.15397   0.01253   0.05513   0.05716   0.02748   0.16103   0.08047   0.10191   0.02310   0.11486   0.05378   0.07072   0.39972   0.21224   0.28829   0.15718   0.03754   0.03491   2.63165   1.69397   2.13832   2.07286  21.79387  20.34046   0.05047  108.56330  
345  0.0020   3382.687167  x:  0.28721   0.69709   1.14280   0.19929   0.23009   0.26627   0.42295   0.03496   0.15263   0.34220   0.00078   0.03318   0.23946   0.03345   0.11964   0.15641   0.11539   0.15397   0.01253   0.05513   0.05716   0.02748   0.16103   0.08047   0.10191   0.02310   0.11486   0.05378   0.07072   0.39972   0.21225   0.28829   0.15718   0.03754   0.03491   2.63165   1.69397   2.13832   2.07286  21.79386  20.34046   0.05047  108.56330  
346  0.0025   3382.687167  x:  0.28721   0.69709   1.14281   0.19929   0.23009   0.26627   0.42295   0.03496   0.15263   0.34220   0.00078   0.03318   0.23946   0.03345   0.11964   0.15641   0.11539   0.15397   0.01253   0.05513   0.05716   0.02748   0.16103   0.08047   0.10191   0.02310   0.11486   0.05378   0.07072   0.39972   0.21225   0.28829   0.15718   0.03754   0.03491   2.63165   1.69397   2.13832   2.07285  21.79386  20.34046   0.05047  108.56330  
347  0.0051   3382.687167  x:  0.28721   0.69709   1.14281   0.19929   0.23009   0.26627   0.42295   0.03496   0.15263   0.34220   0.00078   0.03318   0.23946   0.03345   0.11964   0.15641   0.11539   0.15397   0.01253   0.05513   0.05716   0.02748   0.16103   0.08047   0.10191   0.02310   0.11486   0.05378   0.07072   0.39972   0.21225   0.28829   0.15718   0.03754   0.03491   2.63165   1.69397   2.13832   2.07285  21.79386  20.34046   0.05047  108.56330  
348  0.0036   3382.687167  x:  0.28721   0.69709   1.14281   0.19929   0.23009   0.26627   0.42295   0.03496   0.15263   0.34220   0.00078   0.03318   0.23946   0.03345   0.11964   0.15641   0.11539   0.15397   0.01253   0.05513   0.05716   0.02748   0.16103   0.08047   0.10191   0.02310   0.11486   0.05378   0.07072   0.39972   0.21225   0.28829   0.15718   0.03754   0.03491   2.63165   1.69397   2.13832   2.07285  21.79385  20.34046   0.05047  108.56330  
349  0.0031   3382.687167  x:  0.28721   0.69709   1.14281   0.19929   0.23009   0.26627   0.42295   0.03496   0.15263   0.34220   0.00078   0.03318   0.23946   0.03345   0.11964   0.15641   0.11539   0.15397   0.01253   0.05513   0.05716   0.02748   0.16103   0.08047   0.10191   0.02310   0.11486   0.05378   0.07072   0.39972   0.21225   0.28829   0.15718   0.03754   0.03491   2.63165   1.69397   2.13832   2.07285  21.79385  20.34046   0.05047  108.56330  
350  0.0027   3382.687167  x:  0.28721   0.69709   1.14281   0.19929   0.23009   0.26627   0.42295   0.03496   0.15263   0.34220   0.00078   0.03318   0.23946   0.03345   0.11964   0.15641   0.11539   0.15397   0.01253   0.05513   0.05716   0.02748   0.16103   0.08047   0.10191   0.02310   0.11486   0.05378   0.07072   0.39972   0.21225   0.28829   0.15718   0.03754   0.03491   2.63165   1.69397   2.13832   2.07285  21.79385  20.34046   0.05047  108.56330  

NSsites Model 7: beta

TREE # 1

  0  0.0000   3554.781425  x:  0.47886   0.58394   0.69593   0.23085   0.00000   0.11804   0.25541   0.11282   0.17398   0.14471   0.07933   0.07321   0.17204   0.07610   0.08559   0.12982   0.08362   0.10284   0.01867   0.07771   0.03366   0.06442   0.11464   0.08404   0.10937   0.03448   0.08079   0.04092   0.04029   0.20386   0.16948   0.14742   0.20022   0.06183   0.06646   3.04529   1.50485   1.98990   2.03504   1.09314   1.14854  
  1 99.0000   3479.141550  x:  0.47423   0.58718   0.73336   0.33134   0.68457   0.22458   0.33529   0.12637   0.18569   0.32885   0.07211   0.07357   0.23767   0.05359   0.14508   0.16715   0.15730   0.20984   0.04404   0.07280   0.17449   0.00000   0.16553   0.12255   0.11630   0.04757   0.18581   0.13472   0.15174   0.33430   0.22913   0.26711   0.21022   0.01801   0.00384   3.03897   1.51320   1.99767   2.03078   0.91877   1.26488  
  2 645.2265   3463.688621  x:  0.47347   0.58889   0.74247   0.34944   0.81607   0.24673   0.35394   0.12819   0.18842   0.36700   0.06859   0.07357   0.25236   0.04891   0.15689   0.17570   0.17151   0.23006   0.04457   0.07541   0.19834   0.06291   0.17602   0.12928   0.11840   0.04766   0.20438   0.14888   0.17209   0.36275   0.24189   0.29269   0.21281   0.03825   0.05413   3.03714   1.51518   1.99945   2.02979   0.87117   1.29348  
  3 1725.0166   3430.756937  x:  0.47601   0.60150   0.76368   0.34105   0.83890   0.26363   0.38671   0.11967   0.19335   0.39389   0.04596   0.06870   0.27334   0.04584   0.15984   0.18572   0.16434   0.22471   0.00000   0.07399   0.14953   0.04376   0.18215   0.12069   0.12767   0.01998   0.18681   0.10933   0.16215   0.39595   0.25416   0.31744   0.21557   0.06551   0.06643   3.02969   1.51774   2.00176   2.02881   0.72431   1.35242  
  4 225.1018   3402.846059  x:  0.47849   0.61474   0.78596   0.33072   0.85473   0.27979   0.41892   0.10965   0.19750   0.41876   0.02168   0.06303   0.29317   0.04192   0.16156   0.19479   0.15924   0.21997   0.02322   0.07368   0.09719   0.03114   0.18750   0.11175   0.13695   0.00000   0.16797   0.06923   0.15024   0.42817   0.26539   0.34066   0.21716   0.08261   0.07472   3.02153   1.51998   2.00388   2.02799   0.56826   1.41179  
  5 1520.5432   3384.588614  x:  0.48028   0.62616   0.80563   0.32069   0.86403   0.29281   0.44441   0.09969   0.19967   0.43737   0.00000   0.05753   0.30758   0.03719   0.16158   0.20053   0.15334   0.21395   0.03075   0.07350   0.05611   0.02931   0.19143   0.10593   0.14586   0.03683   0.15304   0.04337   0.13916   0.45379   0.27331   0.35807   0.21655   0.08577   0.07512   3.01371   1.52144   2.00542   2.02753   0.43141   1.45998  
  6 1489.6320   3371.104618  x:  0.47978   0.63955   0.83210   0.30325   0.85724   0.30562   0.46382   0.07925   0.19374   0.44580   0.00000   0.04649   0.31187   0.02937   0.15236   0.19451   0.14023   0.19794   0.02297   0.06744   0.06847   0.06844   0.18968   0.09460   0.13712   0.02498   0.14060   0.07269   0.11951   0.47333   0.27361   0.36548   0.20476   0.04054   0.04384   3.00030   1.52080   2.00535   2.02839   0.27662   1.49930  
  7 302.9575   3367.910971  x:  0.47008   0.65137   0.87019   0.28074   0.87843   0.31763   0.46902   0.03697   0.16897   0.44279   0.00000   0.02661   0.29590   0.02257   0.13291   0.16489   0.12216   0.17349   0.02493   0.05174   0.07735   0.05182   0.17874   0.08264   0.10447   0.02824   0.13206   0.06656   0.09810   0.48335   0.26123   0.35718   0.16869   0.03073   0.07099   2.97680   1.51575   2.00177   2.03187   0.25161   1.50853  
  8 59.2524   3366.476635  x:  0.45794   0.66094   0.90689   0.25598   0.89539   0.33062   0.47375   0.00697   0.15596   0.43698   0.00000   0.03436   0.28288   0.04712   0.13146   0.14866   0.11902   0.16029   0.02438   0.06803   0.06704   0.05575   0.17534   0.08402   0.10182   0.02702   0.12789   0.06463   0.08358   0.48966   0.25108   0.34902   0.14156   0.03129   0.06579   2.95263   1.51093   1.99793   2.03520   0.24782   1.51621  
  9 64.2929   3365.603270  x:  0.44925   0.66640   0.93005   0.23860   0.90075   0.33933   0.47809   0.00000   0.15734   0.43209   0.00000   0.03934   0.27589   0.03884   0.12532   0.14282   0.11831   0.15932   0.02447   0.06878   0.06446   0.05865   0.17474   0.08814   0.10821   0.02621   0.12728   0.06461   0.08005   0.49187   0.24799   0.34499   0.13406   0.03663   0.06002   2.93668   1.50781   1.99518   2.03744   0.24926   1.52120  
 10 57.8268   3365.603270  x:  0.44925   0.66640   0.93005   0.23860   0.90075   0.33933   0.47809   0.00000   0.15734   0.43209   0.00000   0.03934   0.27589   0.03884   0.12532   0.14282   0.11831   0.15932   0.02447   0.06878   0.06446   0.05865   0.17474   0.08814   0.10821   0.02621   0.12728   0.06461   0.08005   0.49187   0.24799   0.34499   0.13406   0.03663   0.06002   2.93668   1.50781   1.99518   2.03744   0.24926   1.52120  
 11 73.9597   3362.972169  x:  0.44705   0.66754   0.93484   0.23215   0.88770   0.33934   0.47910   0.00375   0.16156   0.42800   0.00000   0.03844   0.27533   0.03687   0.12528   0.14435   0.11676   0.15957   0.00893   0.06502   0.05954   0.02906   0.17423   0.08834   0.11078   0.02069   0.12511   0.05889   0.07999   0.49001   0.24845   0.34348   0.13770   0.03274   0.04196   2.93279   1.50704   1.99434   2.03802   0.25291   1.52178  
 12 100.1885   3362.373015  x:  0.44540   0.66831   0.93828   0.22743   0.87812   0.33910   0.47963   0.00576   0.16400   0.42504   0.00000   0.03788   0.27491   0.03593   0.12542   0.14558   0.11689   0.16026   0.01731   0.06390   0.05906   0.01939   0.17386   0.08862   0.11248   0.01967   0.12405   0.05677   0.07992   0.48865   0.24865   0.34233   0.14000   0.03469   0.03542   2.92999   1.50648   1.99374   2.03843   0.25329   1.52248  
 13 100.0769   3359.489831  x:  0.43031   0.67522   0.96961   0.18437   0.79003   0.33630   0.48352   0.02092   0.18311   0.39849   0.00000   0.03425   0.27072   0.03046   0.12744   0.15670   0.11623   0.16302   0.01612   0.05959   0.06823   0.02795   0.17081   0.09172   0.12579   0.02034   0.11707   0.04699   0.07926   0.47650   0.24978   0.33156   0.15928   0.06030   0.00894   2.90428   1.50159   1.98836   2.04204   0.25159   1.52960  
 14 81.5575   3355.674912  x:  0.40461   0.68692   1.02312   0.11195   0.63880   0.33027   0.48861   0.04153   0.21019   0.35469   0.00000   0.02897   0.26376   0.02581   0.13130   0.17358   0.11566   0.16629   0.01036   0.05398   0.07173   0.01885   0.16581   0.09647   0.14173   0.02077   0.10941   0.04282   0.07818   0.45629   0.25111   0.31365   0.19099   0.09388   0.02497   2.86002   1.49317   1.97913   2.04826   0.25070   1.54163  
 15 376.2242   3351.530519  x:  0.37831   0.69866   1.07855   0.04620   0.48229   0.32100   0.48973   0.04981   0.22362   0.31581   0.00000   0.02848   0.25759   0.03307   0.13484   0.18501   0.11834   0.16599   0.01322   0.05675   0.05809   0.02495   0.16246   0.09884   0.14128   0.01607   0.11311   0.06360   0.07576   0.43736   0.24915   0.29625   0.21304   0.07558   0.02251   2.81313   1.48423   1.96947   2.05474   0.25623   1.55349  
 16 281.9924   3349.586335  x:  0.36102   0.70571   1.11608   0.04432   0.39004   0.31214   0.48634   0.04513   0.21883   0.30234   0.00000   0.03469   0.25444   0.02773   0.12895   0.18499   0.11878   0.16318   0.01434   0.05393   0.07058   0.02459   0.16425   0.09962   0.13074   0.02934   0.11460   0.04162   0.07323   0.42723   0.24473   0.28722   0.21492   0.05591   0.02541   2.78023   1.47803   1.96292   2.05911   0.24922   1.56291  
 17 106.8445   3347.286104  x:  0.33344   0.71554   1.17365   0.08950   0.26991   0.29871   0.47951   0.03900   0.20761   0.29323   0.00000   0.03680   0.25014   0.03404   0.12262   0.18075   0.11784   0.15939   0.01231   0.04584   0.07330   0.02124   0.16618   0.09486   0.11684   0.01628   0.11209   0.04873   0.06820   0.41300   0.23621   0.27569   0.20899   0.06947   0.02164   2.72748   1.46855   1.95248   2.06586   0.22936   1.57955  
 18 102.3430   3346.794534  x:  0.32393   0.71825   1.19037   0.10561   0.24370   0.29598   0.47758   0.04070   0.20590   0.29310   0.00000   0.03530   0.24824   0.03210   0.12182   0.17968   0.11831   0.15904   0.01169   0.04973   0.06214   0.02114   0.16550   0.09554   0.12181   0.02821   0.10962   0.05115   0.06900   0.40901   0.23480   0.27357   0.20809   0.07354   0.02001   2.71008   1.46559   1.94894   2.06796   0.23240   1.58471  
 19 71.2863   3346.502078  x:  0.31472   0.72053   1.20368   0.11611   0.23347   0.29556   0.47633   0.04576   0.20666   0.29526   0.00000   0.03417   0.24715   0.03083   0.12394   0.17939   0.11827   0.16003   0.01307   0.05310   0.05714   0.02444   0.16369   0.09638   0.12824   0.02197   0.10798   0.04508   0.07145   0.40613   0.23532   0.27363   0.20981   0.07141   0.02211   2.69362   1.46311   1.94548   2.06974   0.24228   1.58949  
 20 38.2623   3346.103296  x:  0.29646   0.72533   1.22817   0.12894   0.22703   0.29616   0.47419   0.05701   0.20982   0.30101   0.00000   0.03437   0.24668   0.03057   0.13039   0.18047   0.11715   0.16301   0.01370   0.05482   0.06918   0.02388   0.16044   0.10030   0.14072   0.02124   0.11140   0.05119   0.07714   0.40245   0.23773   0.27612   0.21436   0.06402   0.02395   2.66013   1.45852   1.93845   2.07299   0.25207   1.60065  
 21 42.1900   3345.386552  x:  0.25661   0.74016   1.28298   0.12978   0.23788   0.29723   0.46893   0.07225   0.21403   0.31327   0.00000   0.04346   0.25261   0.03170   0.13597   0.18681   0.11790   0.16691   0.01412   0.05042   0.06043   0.02585   0.15846   0.10632   0.14013   0.02134   0.12148   0.04827   0.08104   0.40121   0.24315   0.28601   0.22049   0.05899   0.02471   2.57764   1.44876   1.92119   2.07955   0.23814   1.63246  
 22 33.8732   3344.089626  x:  0.18682   0.77213   1.38494   0.11342   0.26836   0.29209   0.45540   0.07721   0.20722   0.32814   0.00000   0.03601   0.25931   0.01989   0.12536   0.18849   0.12310   0.16238   0.01386   0.05215   0.06180   0.02552   0.15477   0.10250   0.11828   0.02235   0.11535   0.05297   0.07369   0.40293   0.24586   0.29907   0.21628   0.06370   0.02365   2.41853   1.43108   1.88713   2.09075   0.24945   1.69187  
 23 84.0947   3343.659240  x:  0.16361   0.78587   1.42294   0.10577   0.28091   0.28894   0.45033   0.07429   0.20201   0.33050   0.00000   0.03184   0.26049   0.03420   0.12697   0.18738   0.12263   0.16037   0.01356   0.05343   0.06342   0.02449   0.15494   0.09984   0.11598   0.02565   0.11092   0.04967   0.07092   0.40442   0.24515   0.30123   0.21151   0.06636   0.02295   2.35807   1.42505   1.87383   2.09428   0.25441   1.71522  
 24 141.2578   3343.120488  x:  0.14954   0.81000   1.46798   0.09467   0.29856   0.28313   0.44651   0.05735   0.18978   0.32155   0.00000   0.03695   0.25381   0.03068   0.12800   0.17987   0.11339   0.16068   0.01380   0.05215   0.06233   0.02425   0.16374   0.09738   0.13742   0.02165   0.11112   0.04993   0.07190   0.40909   0.23910   0.29363   0.19695   0.06672   0.02304   2.28335   1.42060   1.85545   2.09554   0.25321   1.74870  
 25 47.2846   3342.980841  x:  0.15477   0.82045   1.47910   0.09497   0.30340   0.28361   0.44976   0.05646   0.19131   0.31603   0.00000   0.03069   0.24856   0.02950   0.12993   0.17732   0.11783   0.16132   0.01334   0.05918   0.06301   0.02358   0.16360   0.09836   0.13736   0.02035   0.11236   0.04914   0.07649   0.41062   0.23669   0.28840   0.19372   0.06516   0.02317   2.26355   1.42189   1.84852   2.09322   0.24900   1.76205  
 26 19.2942   3342.826615  x:  0.16786   0.83461   1.49001   0.09825   0.30809   0.28648   0.45677   0.05857   0.19672   0.30925   0.00000   0.02982   0.24318   0.02964   0.13141   0.17604   0.11667   0.16105   0.01408   0.05171   0.06185   0.02484   0.16079   0.09949   0.13148   0.02212   0.11136   0.04966   0.08044   0.41201   0.23281   0.28206   0.19152   0.06307   0.02384   2.24242   1.42609   1.83848   2.08746   0.25294   1.78080  
 27 20.6198   3342.736164  x:  0.17824   0.84311   1.49485   0.10027   0.30909   0.28922   0.46164   0.05888   0.19909   0.30829   0.00000   0.03822   0.24408   0.03105   0.12958   0.17842   0.11706   0.16036   0.01403   0.05602   0.06272   0.02437   0.15956   0.09887   0.12925   0.02239   0.11164   0.05010   0.07810   0.41250   0.23024   0.28149   0.19195   0.06397   0.02383   2.23093   1.43104   1.83032   2.08106   0.25705   1.79610  
 28 16.7548   3342.554495  x:  0.19839   0.85572   1.49899   0.10195   0.30570   0.29302   0.46963   0.05417   0.19688   0.31783   0.00000   0.03214   0.25297   0.03217   0.12365   0.18023   0.11568   0.16124   0.01429   0.05528   0.06278   0.02483   0.15877   0.09642   0.13374   0.02246   0.11624   0.04973   0.07025   0.41333   0.23009   0.29070   0.19856   0.06262   0.02407   2.21361   1.44606   1.80947   2.06168   0.26104   1.83541  
 29 14.6555   3342.365205  x:  0.21071   0.86100   1.49864   0.10103   0.30015   0.29526   0.47401   0.04708   0.19002   0.32932   0.00000   0.03257   0.25955   0.02990   0.13158   0.17944   0.11774   0.16107   0.01419   0.05478   0.06304   0.02471   0.16447   0.10230   0.13206   0.02202   0.10767   0.05091   0.07647   0.41587   0.23469   0.30001   0.20096   0.06306   0.02356   2.20085   1.46461   1.78390   2.03638   0.26590   1.88243  
 30 20.8840   3342.064683  x:  0.20937   0.85355   1.49091   0.09991   0.29360   0.29656   0.47507   0.04515   0.18323   0.33658   0.00000   0.03319   0.25678   0.02840   0.13822   0.17593   0.11730   0.16005   0.01374   0.05466   0.06274   0.02370   0.16721   0.09942   0.12601   0.02287   0.12346   0.04882   0.08298   0.41854   0.24021   0.30163   0.18995   0.06872   0.02239   2.18972   1.49673   1.73656   1.98812   0.27923   1.96581  
 31 22.0080   3341.071411  x:  0.18525   0.81621   1.46009   0.10551   0.28220   0.29804   0.47366   0.05553   0.17921   0.33847   0.00000   0.03432   0.24184   0.03003   0.12758   0.17268   0.11380   0.16109   0.01445   0.05491   0.06220   0.02393   0.16484   0.08337   0.12628   0.02269   0.11034   0.04965   0.07795   0.42225   0.24923   0.29416   0.15872   0.05581   0.02491   2.16396   1.59625   1.58151   1.83060   0.28990   2.23607  
 32 66.2901   3340.701396  x:  0.17295   0.80044   1.44565   0.11388   0.28306   0.28964   0.46504   0.04870   0.17762   0.32330   0.00000   0.03325   0.24124   0.03189   0.12161   0.17086   0.11491   0.15307   0.01473   0.05431   0.06166   0.02400   0.16271   0.10431   0.12438   0.02126   0.11248   0.04950   0.07021   0.41817   0.24384   0.29041   0.16501   0.05294   0.02479   2.15660   1.62745   1.51826   1.77096   0.29750   2.33963  
 33 51.5196   3340.558003  x:  0.16983   0.79630   1.43712   0.11766   0.28420   0.28320   0.45556   0.04319   0.17716   0.31591   0.00000   0.03432   0.24650   0.02945   0.12784   0.16784   0.11460   0.15854   0.01448   0.05481   0.06128   0.02404   0.15672   0.09647   0.12140   0.02229   0.11219   0.04938   0.07242   0.41314   0.23266   0.29019   0.17502   0.05179   0.02441   2.15594   1.62840   1.49073   1.75182   0.29930   2.37682  
 34 17.6523   3340.410319  x:  0.17156   0.79644   1.42258   0.11774   0.28287   0.28087   0.44257   0.04839   0.17729   0.32025   0.00000   0.03374   0.25188   0.03063   0.12260   0.16483   0.11169   0.15032   0.01486   0.05557   0.06112   0.02407   0.16296   0.09273   0.12079   0.02222   0.11227   0.04943   0.08300   0.40678   0.21581   0.28716   0.17783   0.05089   0.02454   2.15814   1.60881   1.45665   1.73906   0.30016   2.41037  
 35 10.6112   3340.182721  x:  0.17766   0.79949   1.39556   0.11792   0.27869   0.27954   0.42741   0.05434   0.17186   0.33067   0.00000   0.03399   0.24725   0.03085   0.12372   0.16409   0.11699   0.16112   0.01427   0.05321   0.06100   0.02410   0.16773   0.09868   0.11882   0.02206   0.11229   0.04931   0.07514   0.40072   0.20416   0.28242   0.17155   0.05011   0.02489   2.16341   1.55911   1.40025   1.72513   0.30368   2.45633  
 36 16.4944   3339.791363  x:  0.18731   0.80395   1.34780   0.12442   0.27139   0.27582   0.41753   0.04972   0.16240   0.33471   0.00000   0.03640   0.23584   0.03061   0.12458   0.16804   0.11429   0.15084   0.01465   0.05368   0.06079   0.02413   0.15449   0.09651   0.11754   0.02172   0.11194   0.04918   0.07230   0.40272   0.22295   0.28362   0.16791   0.04747   0.02492   2.17310   1.45912   1.30494   1.70396   0.30485   2.52825  
 37 27.9808   3339.630908  x:  0.18666   0.80126   1.32881   0.12972   0.26828   0.27478   0.42881   0.04402   0.16772   0.32849   0.00000   0.03688   0.24449   0.03294   0.11775   0.16146   0.11345   0.15847   0.01465   0.05458   0.06097   0.02456   0.16190   0.09599   0.11519   0.02202   0.11284   0.04958   0.07589   0.40854   0.23187   0.28753   0.16330   0.04627   0.02541   2.17678   1.41271   1.27105   1.69140   0.30843   2.55386  
 38 18.1949   3339.557805  x:  0.18481   0.79764   1.32193   0.13218   0.26711   0.27745   0.43992   0.04148   0.17060   0.32707   0.00000   0.03620   0.24891   0.03124   0.12340   0.15896   0.11669   0.15314   0.01482   0.05348   0.06096   0.02480   0.16597   0.09377   0.11583   0.02224   0.11319   0.04959   0.07106   0.41116   0.22875   0.28947   0.16007   0.04495   0.02592   2.17836   1.39040   1.26196   1.68149   0.30889   2.56237  
 39 11.6917   3339.434562  x:  0.18183   0.78774   1.31555   0.13402   0.26579   0.28785   0.45996   0.03232   0.16448   0.33227   0.00000   0.03409   0.24607   0.03096   0.12320   0.16500   0.11134   0.15458   0.01500   0.05518   0.06096   0.02475   0.16193   0.09638   0.11399   0.02200   0.11309   0.04951   0.07431   0.41487   0.21542   0.28983   0.16009   0.04439   0.02598   2.18055   1.35157   1.26411   1.65247   0.30836   2.56846  
 40  7.8308   3339.321054  x:  0.18515   0.77997   1.31374   0.13522   0.26559   0.29292   0.46476   0.02641   0.16104   0.33826   0.00000   0.03764   0.24177   0.03322   0.11797   0.15916   0.12202   0.15419   0.01473   0.05108   0.06088   0.02502   0.15965   0.09439   0.11586   0.02216   0.11365   0.04974   0.07752   0.41535   0.21393   0.28768   0.16424   0.04432   0.02603   2.18157   1.31655   1.27750   1.61668   0.30862   2.56797  
 41 10.4376   3338.977559  x:  0.20596   0.76133   1.31321   0.14162   0.26592   0.29631   0.45609   0.02291   0.16163   0.35028   0.00000   0.03801   0.23809   0.03295   0.12048   0.14402   0.11154   0.15349   0.01565   0.05641   0.06061   0.02568   0.16860   0.09224   0.10915   0.02306   0.11387   0.05057   0.07041   0.41274   0.22419   0.28186   0.16836   0.04190   0.02673   2.18320   1.21480   1.33047   1.49927   0.30574   2.55785  
 42 21.7482   3338.758831  x:  0.22229   0.75164   1.31248   0.14740   0.26577   0.28935   0.44420   0.02416   0.15816   0.34843   0.00000   0.03530   0.24964   0.03191   0.12153   0.15824   0.11523   0.15349   0.01582   0.05467   0.06071   0.02617   0.16941   0.09147   0.10920   0.02283   0.11500   0.05077   0.07274   0.41376   0.22906   0.28405   0.15417   0.03943   0.02791   2.18326   1.15104   1.36629   1.42043   0.30559   2.54665  
 43 30.1750   3338.715363  x:  0.22543   0.75145   1.31010   0.14741   0.26446   0.28440   0.44277   0.03012   0.15505   0.34589   0.00000   0.03629   0.24894   0.03210   0.12109   0.15349   0.11458   0.15328   0.01589   0.05514   0.06071   0.02621   0.16511   0.09346   0.10953   0.02250   0.11492   0.05072   0.07312   0.41831   0.22574   0.29443   0.14963   0.03945   0.02813   2.18164   1.14167   1.37150   1.40473   0.30442   2.53983  
 44  6.6425   3338.684767  x:  0.22443   0.75398   1.30259   0.14968   0.26316   0.27931   0.44187   0.02982   0.15730   0.34700   0.00000   0.03626   0.24282   0.03245   0.12087   0.15693   0.11523   0.15334   0.01600   0.05483   0.06076   0.02641   0.16964   0.09168   0.10898   0.02264   0.11541   0.05083   0.07307   0.42455   0.22367   0.29894   0.15197   0.03913   0.02832   2.17551   1.14417   1.36879   1.39486   0.30357   2.52313  
 45  2.4612   3338.548383  x:  0.21627   0.76808   1.26161   0.15634   0.25679   0.27858   0.44073   0.03061   0.15523   0.35517   0.00000   0.03663   0.25075   0.03184   0.12198   0.15387   0.11462   0.15294   0.01635   0.05544   0.06084   0.02689   0.16437   0.09341   0.10796   0.02282   0.11614   0.05118   0.07227   0.43705   0.22302   0.28926   0.15268   0.03902   0.02899   2.14108   1.17067   1.34496   1.35510   0.29488   2.42886  
 46  6.2567   3338.485626  x:  0.21489   0.77098   1.24691   0.15990   0.25651   0.28698   0.44182   0.03066   0.14979   0.35097   0.00000   0.03641   0.24907   0.03207   0.12174   0.15395   0.11495   0.15288   0.01651   0.05528   0.06078   0.02711   0.16778   0.09192   0.10666   0.02327   0.11639   0.05146   0.07305   0.42222   0.22535   0.29586   0.15103   0.03884   0.02927   2.12655   1.18550   1.33115   1.34027   0.29038   2.38198  
 47  8.5071   3338.468561  x:  0.21662   0.76828   1.24714   0.15988   0.25679   0.28534   0.44253   0.02708   0.15442   0.35379   0.00000   0.03673   0.24824   0.03218   0.12159   0.15332   0.11464   0.15263   0.01654   0.05544   0.06075   0.02712   0.16559   0.09290   0.10683   0.02315   0.11636   0.05150   0.07380   0.41646   0.22508   0.29821   0.14759   0.03882   0.02944   2.12458   1.19066   1.32620   1.33908   0.28882   2.36816  
 48  3.9105   3338.420524  x:  0.23029   0.74641   1.26723   0.16046   0.26114   0.27693   0.44828   0.03023   0.14969   0.35732   0.00000   0.03721   0.24901   0.03241   0.12171   0.15354   0.11463   0.15261   0.01663   0.05576   0.06061   0.02733   0.16659   0.09229   0.10640   0.02336   0.11660   0.05190   0.07385   0.41502   0.22565   0.29605   0.14867   0.03897   0.02971   2.12910   1.20911   1.30792   1.34922   0.28518   2.32607  
 49  2.7321   3338.393728  x:  0.23701   0.73542   1.28116   0.16176   0.26219   0.28593   0.44245   0.02797   0.15173   0.35650   0.00000   0.03673   0.24962   0.03255   0.12187   0.15331   0.11484   0.15271   0.01673   0.05586   0.06056   0.02748   0.16637   0.09263   0.10668   0.02338   0.11689   0.05208   0.07367   0.42245   0.22450   0.29864   0.14791   0.03901   0.02999   2.13477   1.22039   1.29892   1.35830   0.28351   2.30293  
 50  4.4188   3338.345287  x:  0.22141   0.76832   1.30547   0.16556   0.26654   0.28693   0.44479   0.02682   0.15170   0.35882   0.00000   0.03693   0.25077   0.03310   0.12181   0.15305   0.11503   0.15280   0.01682   0.05626   0.06025   0.02766   0.16661   0.09285   0.10667   0.02347   0.11731   0.05279   0.07373   0.42362   0.22535   0.30031   0.14698   0.03896   0.03059   2.17513   1.24781   1.31202   1.39814   0.28166   2.27370  
 51  0.9653   3338.259744  x:  0.22565   0.75756   1.26725   0.17608   0.26009   0.28498   0.44256   0.03012   0.15365   0.35713   0.00000   0.03751   0.25199   0.03355   0.12172   0.15422   0.11514   0.15261   0.01658   0.05621   0.05913   0.02754   0.16458   0.09363   0.10671   0.02280   0.11783   0.05396   0.07363   0.42063   0.22624   0.30138   0.14818   0.03951   0.03152   2.17003   1.28474   1.39485   1.51856   0.27907   2.25550  
 52  0.8246   3338.224782  x:  0.22631   0.75592   1.27866   0.18292   0.25722   0.28687   0.44490   0.03185   0.15650   0.35837   0.00000   0.03759   0.25236   0.03414   0.12196   0.15502   0.11529   0.15305   0.01592   0.05615   0.05806   0.02687   0.16345   0.09435   0.10820   0.02183   0.11820   0.05522   0.07391   0.41945   0.22635   0.30067   0.15233   0.04015   0.03248   2.17065   1.24392   1.36926   1.45549   0.27935   2.26229  
 53  0.1304   3338.216171  x:  0.22440   0.75589   1.28587   0.18707   0.25308   0.28618   0.44446   0.03042   0.15537   0.35683   0.00000   0.03752   0.25196   0.03439   0.12141   0.15419   0.11515   0.15294   0.01565   0.05597   0.05841   0.02653   0.16348   0.09430   0.10786   0.02172   0.11802   0.05543   0.07342   0.41990   0.22569   0.30003   0.15145   0.03886   0.03342   2.16726   1.24667   1.37257   1.45639   0.27978   2.27781  
 54  0.0212   3338.215658  x:  0.22440   0.75608   1.28552   0.18764   0.25259   0.28606   0.44432   0.03020   0.15521   0.35674   0.00000   0.03748   0.25191   0.03437   0.12146   0.15416   0.11516   0.15289   0.01567   0.05595   0.05855   0.02655   0.16363   0.09420   0.10770   0.02187   0.11799   0.05538   0.07341   0.41992   0.22564   0.29994   0.15128   0.03933   0.03350   2.16691   1.24543   1.37118   1.45477   0.27981   2.27865  
 55  0.0059   3338.215585  x:  0.22448   0.75646   1.28536   0.18785   0.25232   0.28608   0.44434   0.03034   0.15527   0.35682   0.00000   0.03747   0.25185   0.03434   0.12156   0.15421   0.11519   0.15292   0.01567   0.05595   0.05856   0.02654   0.16365   0.09418   0.10766   0.02194   0.11798   0.05533   0.07352   0.41980   0.22567   0.29992   0.15120   0.03925   0.03358   2.16664   1.24560   1.36992   1.45468   0.27974   2.27683  
 56  0.0027   3338.215581  x:  0.22456   0.75641   1.28524   0.18788   0.25228   0.28607   0.44434   0.03033   0.15526   0.35680   0.00000   0.03746   0.25186   0.03433   0.12156   0.15421   0.11518   0.15292   0.01567   0.05597   0.05853   0.02654   0.16366   0.09419   0.10768   0.02193   0.11797   0.05533   0.07352   0.41980   0.22568   0.29994   0.15120   0.03926   0.03359   2.16678   1.24598   1.36998   1.45489   0.27979   2.27705  
 57  0.0006   3338.215581  x:  0.22455   0.75642   1.28528   0.18786   0.25229   0.28608   0.44434   0.03033   0.15527   0.35681   0.00000   0.03746   0.25186   0.03433   0.12156   0.15421   0.11518   0.15292   0.01567   0.05597   0.05853   0.02654   0.16365   0.09419   0.10768   0.02193   0.11797   0.05533   0.07351   0.41981   0.22568   0.29994   0.15121   0.03925   0.03360   2.16675   1.24594   1.37000   1.45489   0.27980   2.27696  
 58  0.0001   3338.215581  x:  0.22455   0.75641   1.28527   0.18786   0.25230   0.28608   0.44434   0.03033   0.15527   0.35681   0.00000   0.03746   0.25186   0.03433   0.12156   0.15421   0.11518   0.15292   0.01567   0.05597   0.05853   0.02654   0.16365   0.09419   0.10768   0.02193   0.11797   0.05533   0.07351   0.41981   0.22568   0.29994   0.15121   0.03925   0.03360   2.16676   1.24594   1.37002   1.45489   0.27980   2.27695  
 59  0.0000   3338.215581  x:  0.22455   0.75641   1.28527   0.18786   0.25230   0.28607   0.44434   0.03033   0.15526   0.35681   0.00000   0.03746   0.25186   0.03433   0.12156   0.15421   0.11518   0.15292   0.01567   0.05597   0.05853   0.02654   0.16365   0.09419   0.10768   0.02193   0.11797   0.05533   0.07351   0.41981   0.22568   0.29994   0.15121   0.03925   0.03360   2.16676   1.24594   1.37002   1.45489   0.27979   2.27695  
 60  0.0000   3338.215581  x:  0.22455   0.75641   1.28527   0.18786   0.25230   0.28607   0.44434   0.03033   0.15526   0.35681   0.00000   0.03746   0.25186   0.03433   0.12156   0.15421   0.11518   0.15292   0.01567   0.05597   0.05853   0.02654   0.16365   0.09419   0.10768   0.02193   0.11797   0.05533   0.07351   0.41981   0.22568   0.29994   0.15121   0.03925   0.03360   2.16676   1.24594   1.37002   1.45489   0.27980   2.27695  
 61  0.0000   3338.215581  x:  0.22455   0.75641   1.28527   0.18786   0.25230   0.28607   0.44434   0.03033   0.15526   0.35681   0.00000   0.03746   0.25186   0.03433   0.12156   0.15421   0.11518   0.15292   0.01567   0.05597   0.05853   0.02654   0.16365   0.09419   0.10768   0.02193   0.11797   0.05533   0.07351   0.41981   0.22568   0.29994   0.15121   0.03925   0.03360   2.16676   1.24594   1.37002   1.45489   0.27980   2.27695  
 62  0.0000   3338.215581  x:  0.22455   0.75641   1.28527   0.18786   0.25230   0.28607   0.44434   0.03033   0.15526   0.35681   0.00000   0.03746   0.25186   0.03433   0.12156   0.15421   0.11518   0.15292   0.01567   0.05597   0.05853   0.02654   0.16365   0.09419   0.10768   0.02193   0.11797   0.05533   0.07351   0.41981   0.22568   0.29994   0.15121   0.03925   0.03360   2.16676   1.24594   1.37002   1.45489   0.27980   2.27695  

NSsites Model 8: beta&w>1

TREE # 1

  0  0.0000   3696.800540  x:  0.25314   0.29389   0.31013   0.13444   0.00000   0.07067   0.14928   0.08377   0.13903   0.06977   0.03858   0.07815   0.10275   0.06550   0.08274   0.08302   0.10198   0.08571   0.03492   0.05823   0.03779   0.05882   0.06316   0.09780   0.09920   0.04991   0.09939   0.05967   0.02231   0.12604   0.09277   0.07143   0.11650   0.06061   0.08634   2.19316   1.21021   1.36802   1.43960   0.90000   0.76667   1.27069   2.05917  
  1 99.0000   3529.749839  x:  0.26517   0.30877   0.33638   0.16883   0.35805   0.10570   0.17785   0.09481   0.14552   0.13586   0.05051   0.07714   0.12556   0.06222   0.08973   0.09875   0.10502   0.10365   0.02526   0.05921   0.04930   0.04794   0.08562   0.09965   0.09847   0.04334   0.10385   0.05866   0.06133   0.16362   0.11957   0.12394   0.13001   0.05262   0.07209   2.19624   1.21281   1.37100   1.43774   0.99999   0.74166   1.28355   2.05225  
  2 2214.2565   3414.726311  x:  0.33337   0.40868   0.46320   0.19497   0.28885   0.21555   0.33039   0.12911   0.18186   0.32757   0.04724   0.08583   0.24927   0.04706   0.14334   0.18521   0.13219   0.19616   0.00184   0.07956   0.09337   0.00002   0.16210   0.11191   0.11375   0.01391   0.14088   0.06854   0.12661   0.33869   0.23444   0.29304   0.20102   0.02101   0.00000   2.20759   1.22426   1.38461   1.42961   0.99999   0.51604   1.38481   2.05310  
  3 453.5710   3380.726262  x:  0.37195   0.46537   0.53552   0.21003   0.25286   0.27601   0.41494   0.14705   0.20135   0.43309   0.04440   0.08954   0.31706   0.03823   0.17227   0.23217   0.14769   0.24636   0.00040   0.09169   0.11776   0.03416   0.20382   0.11832   0.12257   0.00000   0.16084   0.07374   0.16160   0.43532   0.29732   0.38585   0.24019   0.02362   0.03387   2.21400   1.23076   1.39233   1.42498   0.99999   0.38493   1.44225   2.05353  
  4 4141.0682   3374.049784  x:  0.38330   0.48355   0.56124   0.21510   0.24920   0.28549   0.43177   0.14350   0.20015   0.45084   0.03689   0.08220   0.32645   0.03289   0.17236   0.23509   0.14917   0.24883   0.05042   0.08670   0.10792   0.02282   0.20795   0.11671   0.12791   0.03620   0.16015   0.07264   0.16095   0.45334   0.30523   0.39984   0.24143   0.04278   0.03718   2.21524   1.23213   1.39438   1.42374   0.99999   0.33816   1.45685   2.05358  
  5 377.3531   3358.733394  x:  0.41056   0.53342   0.63872   0.22810   0.25179   0.28932   0.45396   0.10897   0.17752   0.46088   0.00000   0.04123   0.32262   0.01950   0.15053   0.21138   0.12852   0.21252   0.02270   0.05102   0.04725   0.01728   0.19562   0.09342   0.12330   0.04188   0.13648   0.05132   0.12823   0.47154   0.29733   0.39979   0.21703   0.06902   0.03623   2.21595   1.23469   1.39863   1.42081   0.99999   0.22705   1.48291   2.05358  
  6 177.7645   3355.556819  x:  0.42109   0.55645   0.67726   0.23173   0.25271   0.29228   0.46400   0.08931   0.16527   0.46431   0.00000   0.02541   0.31959   0.02390   0.14254   0.19986   0.12366   0.19388   0.02853   0.04583   0.05554   0.04226   0.19008   0.08413   0.11840   0.04383   0.12690   0.05151   0.11070   0.47983   0.29190   0.39821   0.20218   0.05968   0.01602   2.21622   1.23592   1.40072   1.41922   0.99999   0.20802   1.49383   2.05355  
  7 161.6836   3350.012116  x:  0.44281   0.61136   0.77348   0.23590   0.25219   0.30475   0.49100   0.04098   0.13849   0.47510   0.00000   0.00649   0.31385   0.03425   0.12871   0.17691   0.11926   0.15466   0.03621   0.05433   0.08091   0.02370   0.18206   0.07116   0.10403   0.03644   0.11222   0.06205   0.07148   0.50336   0.28096   0.39688   0.16759   0.04329   0.03440   2.21709   1.23935   1.40609   1.41502   0.99999   0.22342   1.52042   2.05345  
  8 149.8801   3347.646867  x:  0.45218   0.64667   0.84184   0.23528   0.25301   0.31544   0.50684   0.01350   0.13166   0.47485   0.00000   0.04379   0.30644   0.02870   0.12371   0.16690   0.11718   0.14188   0.03545   0.06414   0.06816   0.02784   0.18126   0.08182   0.10528   0.04145   0.11429   0.06029   0.05324   0.51473   0.27174   0.38935   0.14296   0.03752   0.03298   2.21790   1.24217   1.41015   1.41154   0.99999   0.24146   1.53996   2.05332  
  9 116.2918   3345.725754  x:  0.45015   0.68176   0.92510   0.22617   0.25476   0.32771   0.51943   0.00536   0.15088   0.45675   0.00000   0.04305   0.28522   0.05407   0.13360   0.14923   0.11841   0.15932   0.02990   0.06105   0.06566   0.02986   0.17553   0.10352   0.11389   0.04176   0.12955   0.05886   0.06289   0.51428   0.26235   0.36685   0.12651   0.05492   0.02750   2.21980   1.24599   1.41489   1.40738   0.99999   0.25829   1.56597   2.05308  
 10 64.7606   3344.150314  x:  0.43731   0.70882   1.00418   0.21429   0.25755   0.33760   0.52469   0.01059   0.17440   0.42764   0.00000   0.03762   0.26231   0.03436   0.12436   0.14290   0.12532   0.17552   0.03407   0.05927   0.06987   0.02812   0.17005   0.11552   0.11639   0.03643   0.13419   0.05755   0.07975   0.50308   0.25492   0.34146   0.13248   0.03865   0.03129   2.22229   1.24963   1.41893   1.40391   0.99999   0.26177   1.59352   2.05281  
 11 72.1673   3342.951726  x:  0.40461   0.72575   1.08526   0.20050   0.26256   0.34172   0.51831   0.01613   0.18241   0.39001   0.00000   0.04841   0.25536   0.03898   0.13149   0.17140   0.13024   0.17106   0.03276   0.07124   0.07729   0.02568   0.17013   0.10474   0.11104   0.03297   0.12143   0.06543   0.08593   0.48109   0.24655   0.32232   0.16345   0.04608   0.02940   2.22591   1.25319   1.42279   1.40121   0.99999   0.25726   1.62925   2.05245  
 12 46.7176   3342.310640  x:  0.37210   0.72952   1.13423   0.19224   0.26333   0.34008   0.51133   0.01945   0.17688   0.37727   0.00000   0.04299   0.26601   0.03971   0.13700   0.18507   0.12349   0.16977   0.03037   0.05844   0.07134   0.02808   0.17661   0.09473   0.11292   0.04142   0.12642   0.05805   0.08645   0.46874   0.24542   0.32218   0.18375   0.04078   0.02959   2.22873   1.25468   1.42472   1.40094   0.99999   0.27161   1.65724   2.05221  
 13 41.5138   3341.875316  x:  0.33378   0.72494   1.16945   0.18795   0.26388   0.33228   0.50010   0.02310   0.16780   0.37591   0.00000   0.03849   0.27868   0.03012   0.13358   0.18229   0.12474   0.17179   0.03165   0.05872   0.07120   0.02962   0.18501   0.09435   0.11355   0.03481   0.13564   0.06190   0.08279   0.45767   0.24354   0.32508   0.18613   0.05125   0.02530   2.23109   1.25490   1.42556   1.40241   0.99999   0.27637   1.68598   2.05199  
 14 32.9328   3341.342415  x:  0.27632   0.71417   1.21088   0.18505   0.26470   0.31761   0.48135   0.03137   0.15930   0.37940   0.00000   0.03956   0.29197   0.03718   0.13407   0.17081   0.12833   0.17423   0.03200   0.06566   0.07019   0.02765   0.19286   0.10103   0.11483   0.03409   0.13654   0.06036   0.07994   0.44285   0.24080   0.32778   0.17894   0.04162   0.02833   2.23373   1.25433   1.42608   1.40578   0.99999   0.26921   1.72920   2.05169  
 15 49.5850   3341.120944  x:  0.24973   0.70935   1.22649   0.18496   0.26376   0.31101   0.47352   0.03766   0.16208   0.38642   0.00000   0.04401   0.29161   0.03520   0.13303   0.16680   0.12435   0.17283   0.02883   0.06064   0.07633   0.02703   0.19001   0.10113   0.11222   0.03830   0.12635   0.05919   0.08328   0.44067   0.24255   0.33043   0.17160   0.04434   0.02854   2.23434   1.25339   1.42566   1.40868   0.99999   0.27067   1.75392   2.05153  
 16 28.9831   3340.992991  x:  0.23472   0.70754   1.23286   0.18554   0.26311   0.30656   0.46861   0.04065   0.16573   0.39248   0.00000   0.04383   0.28590   0.03612   0.13331   0.16775   0.12311   0.17064   0.03193   0.06082   0.06982   0.02813   0.18327   0.09693   0.10914   0.03466   0.12315   0.06182   0.08646   0.44205   0.24585   0.33263   0.16745   0.04367   0.02763   2.23407   1.25228   1.42470   1.41183   0.99999   0.27432   1.77465   2.05138  
 17 20.8469   3340.862035  x:  0.22231   0.70788   1.23401   0.18675   0.26341   0.30037   0.46140   0.03916   0.16645   0.39605   0.00000   0.04262   0.27373   0.03500   0.13244   0.17277   0.12367   0.16721   0.02914   0.06478   0.07095   0.02816   0.17446   0.09357   0.11300   0.03765   0.13021   0.06039   0.08629   0.44420   0.24954   0.33337   0.16507   0.04359   0.02751   2.23259   1.25033   1.42259   1.41728   0.99999   0.27516   1.80577   2.05113  
 18 16.4459   3340.733189  x:  0.21557   0.71119   1.23005   0.18746   0.26450   0.29549   0.45422   0.03688   0.16381   0.39475   0.00000   0.04474   0.26377   0.03598   0.13263   0.17705   0.12244   0.16761   0.03221   0.05944   0.07335   0.02711   0.17235   0.09689   0.11347   0.03163   0.13190   0.05551   0.08209   0.44539   0.25112   0.33205   0.16532   0.04355   0.02760   2.22987   1.24787   1.41948   1.42451   0.99999   0.27558   1.84457   2.05078  
 19 18.7002   3340.488763  x:  0.20865   0.72075   1.21784   0.18662   0.26698   0.28940   0.44278   0.03699   0.15872   0.38813   0.00000   0.04274   0.25170   0.03634   0.13110   0.17986   0.12205   0.17039   0.02939   0.05349   0.07110   0.02762   0.17476   0.10549   0.11251   0.03355   0.12783   0.06535   0.07404   0.44650   0.25115   0.32789   0.16678   0.04163   0.02726   2.22326   1.24265   1.41243   1.44051   0.99999   0.28039   1.92916   2.04997  
 20 37.3926   3340.114162  x:  0.20394   0.73661   1.19694   0.18226   0.27036   0.28517   0.43097   0.04382   0.15591   0.37592   0.00000   0.03674   0.24662   0.03587   0.12644   0.17575   0.12557   0.16983   0.02649   0.06047   0.06696   0.02940   0.17860   0.10768   0.10803   0.03563   0.11848   0.05583   0.06840   0.44516   0.24751   0.31985   0.16667   0.04418   0.02428   2.21238   1.23505   1.40142   1.46517   0.99999   0.29258   2.06061   2.04863  
 21 64.4725   3339.596417  x:  0.20207   0.75660   1.16508   0.17374   0.27595   0.28203   0.41959   0.05331   0.15813   0.35479   0.00000   0.04388   0.25507   0.03809   0.12286   0.15982   0.11974   0.15758   0.02598   0.05694   0.06826   0.02819   0.17558   0.09314   0.10797   0.03300   0.12495   0.05783   0.07349   0.43443   0.23511   0.30346   0.16064   0.04259   0.02385   2.19593   1.22590   1.38619   1.49912   0.99999   0.30064   2.24796   2.04658  
 22 73.3173   3339.475912  x:  0.20361   0.75441   1.15835   0.17219   0.27689   0.27988   0.42287   0.03992   0.15650   0.35316   0.00000   0.04291   0.26027   0.03518   0.12636   0.15845   0.11770   0.16035   0.02575   0.05826   0.06793   0.02823   0.16754   0.09383   0.11028   0.03206   0.12046   0.05803   0.08128   0.42282   0.22980   0.30104   0.16047   0.04215   0.02347   2.19093   1.22709   1.38374   1.50473   0.99999   0.30286   2.29257   2.04590  
 23 16.9993   3339.400364  x:  0.20627   0.74454   1.15580   0.17315   0.27724   0.28260   0.43280   0.03579   0.16132   0.35607   0.00000   0.04176   0.25979   0.03565   0.12437   0.16070   0.11798   0.15794   0.02503   0.05706   0.06755   0.02826   0.16409   0.09759   0.10483   0.03298   0.12249   0.05751   0.07806   0.40847   0.22421   0.30069   0.16052   0.04206   0.02328   2.18640   1.23184   1.38365   1.50524   0.99999   0.30395   2.32101   2.04521  
 24 10.0373   3339.364015  x:  0.20950   0.73505   1.15636   0.17404   0.27718   0.28555   0.43840   0.03613   0.16054   0.35692   0.00000   0.04181   0.25592   0.03637   0.12284   0.15960   0.11832   0.15692   0.02516   0.05653   0.06704   0.02825   0.16573   0.09583   0.11059   0.03179   0.12029   0.05771   0.07653   0.40288   0.22380   0.30026   0.16061   0.04222   0.02312   2.18328   1.23675   1.38451   1.50338   0.99999   0.30506   2.33440   2.04467  
 25  7.4310   3339.318429  x:  0.21658   0.71876   1.15944   0.17466   0.27698   0.28757   0.44143   0.03534   0.15482   0.35452   0.00000   0.04268   0.24997   0.03638   0.12338   0.15632   0.11721   0.15723   0.02462   0.05689   0.06677   0.02822   0.16918   0.09290   0.10668   0.03261   0.12109   0.05739   0.07946   0.40169   0.22678   0.29839   0.15986   0.04229   0.02304   2.17830   1.24573   1.38664   1.49848   0.99999   0.30511   2.34964   2.04370  
 26  7.0773   3339.246373  x:  0.23354   0.69055   1.16821   0.17212   0.27801   0.28414   0.43529   0.03583   0.15769   0.34807   0.00000   0.04107   0.25439   0.03590   0.12246   0.15810   0.11719   0.15534   0.02424   0.05628   0.06620   0.02803   0.16537   0.09518   0.10752   0.03184   0.12024   0.05715   0.07624   0.41102   0.22917   0.29507   0.15636   0.04199   0.02311   2.16852   1.26362   1.39145   1.48686   0.99999   0.30569   2.37025   2.04147  
 27  5.8868   3339.223276  x:  0.23988   0.68780   1.17164   0.17170   0.27790   0.28156   0.42960   0.03802   0.15825   0.35077   0.00000   0.04172   0.25278   0.03525   0.12415   0.15591   0.11599   0.15753   0.02403   0.05701   0.06630   0.02789   0.16408   0.09360   0.10719   0.03177   0.12025   0.05712   0.07463   0.41070   0.22363   0.29855   0.15868   0.04187   0.02319   2.16472   1.26799   1.39270   1.48296   0.99999   0.30571   2.37293   2.04031  
 28  2.5305   3339.199968  x:  0.24456   0.68848   1.17465   0.17196   0.27724   0.27928   0.42457   0.03979   0.15674   0.35428   0.00000   0.04162   0.25179   0.03607   0.12220   0.15641   0.11700   0.15420   0.02384   0.05649   0.06588   0.02784   0.16496   0.09579   0.10764   0.03135   0.12033   0.05704   0.07901   0.40925   0.22016   0.30068   0.15988   0.04210   0.02320   2.16063   1.27093   1.39352   1.47938   0.99999   0.30590   2.37308   2.03887  
 29  3.5057   3339.120209  x:  0.24715   0.69889   1.18053   0.17461   0.27679   0.27686   0.42033   0.04407   0.15293   0.36010   0.00000   0.04076   0.25337   0.03560   0.12161   0.16419   0.11796   0.15861   0.02273   0.05561   0.06523   0.02716   0.16611   0.09239   0.10740   0.03099   0.12019   0.05687   0.07975   0.40292   0.22194   0.29588   0.15075   0.04144   0.02417   2.14689   1.27448   1.39401   1.46968   0.99999   0.30430   2.36475   2.03299  
 30  2.2656   3338.895665  x:  0.23958   0.72701   1.19283   0.17693   0.27683   0.27389   0.42190   0.04566   0.15419   0.36361   0.00000   0.03887   0.25417   0.03079   0.13154   0.15790   0.11283   0.15102   0.02074   0.05821   0.06278   0.02577   0.16445   0.09665   0.10815   0.02866   0.11959   0.05678   0.07459   0.39647   0.23912   0.29256   0.15152   0.04144   0.02566   2.11083   1.27908   1.39290   1.44542   0.99999   0.29823   2.33606   2.01572  
 31  8.0090   3338.708628  x:  0.22686   0.74606   1.20155   0.17596   0.27688   0.27436   0.42820   0.03840   0.15531   0.35938   0.00000   0.04175   0.25439   0.03595   0.11899   0.15213   0.11534   0.15493   0.01786   0.05666   0.06023   0.02451   0.16020   0.09355   0.10696   0.02818   0.11875   0.05644   0.07284   0.40197   0.24237   0.29811   0.15566   0.04215   0.02704   2.08516   1.27971   1.39050   1.42748   0.99999   0.29273   2.31095   2.00119  
 32 14.8770   3338.573262  x:  0.21379   0.75364   1.20736   0.17359   0.27683   0.28050   0.43737   0.03459   0.15544   0.35247   0.00000   0.03826   0.25035   0.03296   0.12332   0.15569   0.11454   0.15214   0.01662   0.05636   0.05817   0.02356   0.16416   0.09357   0.10783   0.02667   0.11834   0.05563   0.07511   0.41536   0.22514   0.30370   0.14911   0.04132   0.02841   2.07515   1.27527   1.38612   1.41830   0.99999   0.28726   2.29169   1.99028  
 33  9.0744   3338.518874  x:  0.21595   0.74960   1.21487   0.17775   0.27625   0.28524   0.43889   0.03655   0.15117   0.35690   0.00000   0.03798   0.25139   0.03342   0.12149   0.15540   0.10988   0.15271   0.01618   0.05807   0.05741   0.02322   0.15945   0.09602   0.10813   0.02597   0.11852   0.05554   0.07488   0.42010   0.22077   0.29536   0.15333   0.04150   0.02873   2.09149   1.26374   1.37850   1.42296   0.99999   0.28575   2.28310   1.98521  
 34  2.8681   3338.468871  x:  0.22111   0.74481   1.22317   0.18036   0.27584   0.28586   0.43861   0.03437   0.15194   0.36027   0.00000   0.03870   0.25164   0.03275   0.12401   0.15350   0.11716   0.15188   0.01494   0.05515   0.05675   0.02297   0.15930   0.09433   0.10772   0.02597   0.11821   0.05533   0.07408   0.42170   0.22019   0.29082   0.15524   0.04158   0.02910   2.11212   1.25081   1.37001   1.42923   0.99999   0.28461   2.27492   1.98024  
 35  8.9468   3338.412075  x:  0.23030   0.73943   1.23350   0.17954   0.27550   0.28242   0.43730   0.02978   0.15793   0.35976   0.00000   0.03839   0.25042   0.03351   0.12186   0.15410   0.11325   0.15183   0.01448   0.05675   0.05619   0.02251   0.16548   0.09277   0.10807   0.02525   0.11798   0.05531   0.07402   0.41891   0.22402   0.29385   0.15251   0.04126   0.02969   2.14005   1.23480   1.35948   1.43766   0.99999   0.28257   2.26541   1.97429  
 36  9.3419   3338.396811  x:  0.23357   0.73866   1.23645   0.17714   0.27562   0.28222   0.43832   0.03251   0.15527   0.35668   0.00000   0.03868   0.25003   0.03346   0.12205   0.15449   0.11378   0.15178   0.01430   0.05649   0.05610   0.02237   0.16204   0.09402   0.10808   0.02496   0.11786   0.05533   0.07375   0.41658   0.22628   0.29929   0.14991   0.04116   0.02988   2.14913   1.23087   1.35679   1.43986   0.99999   0.28200   2.26272   1.97244  
 37  3.9569   3338.385572  x:  0.23073   0.74505   1.23461   0.17667   0.27547   0.28054   0.43995   0.03246   0.15497   0.35690   0.00000   0.03867   0.24978   0.03355   0.12175   0.15406   0.11375   0.15162   0.01445   0.05643   0.05617   0.02244   0.16224   0.09392   0.10794   0.02457   0.11772   0.05526   0.07358   0.41718   0.22587   0.29825   0.15006   0.04105   0.02985   2.16672   1.24393   1.36183   1.43509   0.99999   0.28151   2.25873   1.96687  
 38  0.3540   3338.379427  x:  0.22970   0.74664   1.23556   0.17982   0.27484   0.28583   0.43682   0.03109   0.15573   0.35578   0.00000   0.03835   0.25015   0.03350   0.12174   0.15378   0.11383   0.15158   0.01461   0.05641   0.05623   0.02251   0.16200   0.09401   0.10790   0.02432   0.11766   0.05523   0.07354   0.41654   0.22635   0.29968   0.14942   0.04096   0.02985   2.17072   1.24839   1.36340   1.43681   0.99999   0.28106   2.25513   1.96299  
 39  0.7762   3338.316320  x:  0.22871   0.75069   1.26023   0.18046   0.27206   0.28451   0.44279   0.03075   0.15541   0.35637   0.00000   0.03847   0.25105   0.03389   0.12159   0.15404   0.11513   0.15280   0.01652   0.05623   0.05799   0.02335   0.16318   0.09425   0.10779   0.02103   0.11805   0.05513   0.07393   0.41957   0.22526   0.30033   0.15087   0.04017   0.02983   2.17203   1.27095   1.37051   1.48516   0.99999   0.27575   2.20859   1.91762  
 40  0.9988   3338.315353  x:  0.22864   0.75060   1.26046   0.17815   0.27212   0.28559   0.44227   0.03037   0.15531   0.35722   0.00000   0.03843   0.25087   0.03393   0.12151   0.15405   0.11514   0.15275   0.01653   0.05617   0.05800   0.02337   0.16322   0.09424   0.10773   0.02101   0.11802   0.05512   0.07376   0.41950   0.22543   0.29995   0.15085   0.04016   0.02983   2.17205   1.27044   1.37130   1.48521   0.99999   0.27547   2.20800   1.91656  
 41  0.5015   3338.301772  x:  0.22963   0.74933   1.26674   0.17961   0.27082   0.28573   0.44302   0.03029   0.15540   0.35652   0.00000   0.03784   0.25125   0.03395   0.12150   0.15397   0.11515   0.15287   0.01630   0.05614   0.05859   0.02392   0.16357   0.09419   0.10772   0.02096   0.11791   0.05512   0.07377   0.41952   0.22527   0.29977   0.15152   0.03992   0.02973   2.17237   1.23928   1.40113   1.46569   0.99999   0.27496   2.20527   1.89142  
 42  0.2840   3338.277718  x:  0.22620   0.75281   1.28315   0.18058   0.26758   0.28672   0.44436   0.03031   0.15521   0.35688   0.00000   0.03692   0.25219   0.03442   0.12149   0.15425   0.11510   0.15318   0.01524   0.05611   0.05986   0.02515   0.16433   0.09419   0.10758   0.02218   0.11792   0.05517   0.07399   0.41948   0.22490   0.30008   0.15218   0.03951   0.02968   2.17037   1.23782   1.35602   1.43698   0.99999   0.27391   2.20071   1.82743  
 43  0.2257   3338.247094  x:  0.22089   0.75910   1.30013   0.18403   0.25901   0.28556   0.44336   0.03061   0.15523   0.35562   0.00000   0.03614   0.25132   0.03494   0.12126   0.15406   0.11494   0.15253   0.01524   0.05591   0.05830   0.02607   0.16327   0.09329   0.10734   0.02285   0.11770   0.05547   0.07394   0.41800   0.22504   0.29923   0.15149   0.03931   0.03088   2.17263   1.27309   1.39681   1.49907   0.99999   0.27671   2.23078   1.66423  
 44  0.1002   3338.227872  x:  0.22185   0.75818   1.30266   0.18688   0.25349   0.28550   0.44365   0.03026   0.15523   0.35637   0.00000   0.03642   0.25088   0.03476   0.12126   0.15387   0.11501   0.15230   0.01604   0.05577   0.05780   0.02616   0.16289   0.09343   0.10739   0.02190   0.11765   0.05559   0.07357   0.41857   0.22531   0.29879   0.15100   0.03935   0.03212   2.16561   1.24030   1.36046   1.44351   0.99999   0.27958   2.26913   1.54922  
 45  0.1813   3338.219036  x:  0.22405   0.75888   1.29460   0.18846   0.25155   0.28660   0.44513   0.03004   0.15523   0.35761   0.00000   0.03761   0.25193   0.03425   0.12155   0.15415   0.11516   0.15287   0.01564   0.05602   0.05893   0.02606   0.16369   0.09426   0.10770   0.02189   0.11794   0.05534   0.07342   0.42052   0.22607   0.30017   0.15091   0.03948   0.03296   2.16673   1.24692   1.37028   1.45495   0.99999   0.28079   2.28561   1.49498  
 46  0.0639   3338.217714  x:  0.22413   0.75785   1.28850   0.18852   0.25094   0.28646   0.44499   0.03016   0.15524   0.35706   0.00000   0.03756   0.25220   0.03430   0.12164   0.15434   0.11525   0.15306   0.01574   0.05597   0.05840   0.02624   0.16391   0.09431   0.10769   0.02217   0.11809   0.05528   0.07346   0.42037   0.22585   0.30030   0.15138   0.03930   0.03313   2.16732   1.24516   1.36963   1.45424   0.99999   0.28013   2.28334   1.48920  
 47  0.0069   3338.217094  x:  0.22412   0.75660   1.28434   0.18849   0.25089   0.28603   0.44436   0.03031   0.15531   0.35675   0.00000   0.03743   0.25182   0.03435   0.12154   0.15426   0.11518   0.15290   0.01562   0.05596   0.05851   0.02638   0.16356   0.09416   0.10767   0.02189   0.11791   0.05536   0.07356   0.41984   0.22568   0.29997   0.15125   0.03937   0.03321   2.16647   1.24551   1.36946   1.45470   0.99999   0.27981   2.28267   1.49159  
 48  0.0029   3338.216796  x:  0.22489   0.75582   1.28393   0.18850   0.25100   0.28601   0.44429   0.03041   0.15524   0.35684   0.00000   0.03741   0.25185   0.03433   0.12154   0.15418   0.11520   0.15293   0.01568   0.05595   0.05863   0.02644   0.16364   0.09416   0.10763   0.02197   0.11793   0.05530   0.07351   0.41971   0.22575   0.29985   0.15122   0.03923   0.03344   2.16667   1.24612   1.37045   1.45505   0.99999   0.27970   2.27561   1.50001  
 49  0.0053   3338.216681  x:  0.22479   0.75618   1.28456   0.18828   0.25148   0.28610   0.44439   0.03032   0.15522   0.35684   0.00000   0.03748   0.25196   0.03432   0.12159   0.15424   0.11518   0.15294   0.01562   0.05596   0.05849   0.02651   0.16371   0.09420   0.10767   0.02187   0.11802   0.05535   0.07348   0.41984   0.22571   0.30000   0.15126   0.03926   0.03351   2.16677   1.24619   1.37035   1.45485   0.99999   0.27982   2.27517   1.50700  
 50  0.0040   3338.216605  x:  0.22439   0.75655   1.28512   0.18798   0.25198   0.28608   0.44435   0.03028   0.15531   0.35673   0.00000   0.03757   0.25180   0.03433   0.12155   0.15419   0.11518   0.15289   0.01565   0.05598   0.05852   0.02653   0.16360   0.09421   0.10768   0.02194   0.11796   0.05533   0.07351   0.41985   0.22562   0.29993   0.15117   0.03923   0.03359   2.16692   1.24585   1.36997   1.45500   0.99999   0.27982   2.27670   1.51440  
 51  0.0039   3338.216583  x:  0.22451   0.75645   1.28529   0.18789   0.25222   0.28608   0.44435   0.03034   0.15526   0.35682   0.00000   0.03746   0.25188   0.03432   0.12156   0.15421   0.11519   0.15292   0.01567   0.05597   0.05853   0.02654   0.16367   0.09419   0.10768   0.02193   0.11797   0.05532   0.07351   0.41981   0.22569   0.29995   0.15120   0.03925   0.03360   2.16676   1.24592   1.37003   1.45489   0.99999   0.27982   2.27729   1.51699  
 52  0.0020   3338.216582  x:  0.22458   0.75644   1.28531   0.18791   0.25221   0.28609   0.44436   0.03033   0.15527   0.35682   0.00000   0.03746   0.25186   0.03433   0.12156   0.15422   0.11519   0.15292   0.01567   0.05597   0.05853   0.02654   0.16365   0.09418   0.10768   0.02193   0.11797   0.05533   0.07352   0.41983   0.22568   0.29996   0.15122   0.03925   0.03360   2.16677   1.24596   1.37005   1.45490   0.99999   0.27980   2.27714   1.51611  
 53  0.0006   3338.216577  x:  0.22458   0.75640   1.28537   0.18792   0.25220   0.28608   0.44434   0.03033   0.15527   0.35680   0.00000   0.03745   0.25188   0.03433   0.12155   0.15419   0.11518   0.15292   0.01566   0.05597   0.05853   0.02653   0.16366   0.09418   0.10767   0.02193   0.11796   0.05532   0.07351   0.41984   0.22565   0.29997   0.15122   0.03925   0.03361   2.16680   1.24599   1.37003   1.45494   0.99999   0.27979   2.27717   1.50828  
 54  0.0010   3338.216535  x:  0.22467   0.75606   1.28560   0.18797   0.25214   0.28601   0.44420   0.03037   0.15524   0.35672   0.00000   0.03741   0.25198   0.03433   0.12150   0.15405   0.11514   0.15290   0.01564   0.05595   0.05849   0.02646   0.16369   0.09418   0.10765   0.02193   0.11793   0.05526   0.07348   0.41987   0.22552   0.30002   0.15121   0.03924   0.03368   2.16704   1.24608   1.36986   1.45516   0.99999   0.27974   2.27752   1.38517  
 55  0.0239   3338.216200  x:  0.22468   0.75595   1.28567   0.18798   0.25210   0.28599   0.44416   0.03038   0.15522   0.35668   0.00000   0.03740   0.25199   0.03433   0.12148   0.15402   0.11514   0.15290   0.01563   0.05595   0.05848   0.02643   0.16370   0.09418   0.10764   0.02193   0.11793   0.05525   0.07347   0.41986   0.22548   0.30002   0.15121   0.03923   0.03371   2.16710   1.24610   1.36981   1.45522   0.99999   0.27974   2.27772   1.00000  
 56  0.0898   3338.216095  x:  0.22456   0.75645   1.28536   0.18787   0.25230   0.28609   0.44435   0.03033   0.15527   0.35681   0.00000   0.03746   0.25187   0.03432   0.12156   0.15422   0.11519   0.15293   0.01567   0.05597   0.05854   0.02654   0.16367   0.09419   0.10768   0.02193   0.11797   0.05533   0.07352   0.41982   0.22568   0.29996   0.15122   0.03925   0.03360   2.16679   1.24596   1.37006   1.45492   0.99999   0.27979   2.27694   1.00000  
 57  0.0013   3338.216095  x:  0.22455   0.75642   1.28528   0.18786   0.25230   0.28608   0.44434   0.03033   0.15527   0.35681   0.00000   0.03746   0.25186   0.03433   0.12156   0.15421   0.11518   0.15292   0.01567   0.05597   0.05853   0.02654   0.16365   0.09419   0.10768   0.02193   0.11797   0.05533   0.07352   0.41981   0.22568   0.29995   0.15121   0.03925   0.03360   2.16678   1.24595   1.37003   1.45490   0.99999   0.27980   2.27709   1.00000  
 58  0.0002   3338.216095  x:  0.22455   0.75642   1.28528   0.18786   0.25230   0.28608   0.44434   0.03033   0.15527   0.35681   0.00000   0.03746   0.25186   0.03433   0.12156   0.15421   0.11518   0.15292   0.01567   0.05597   0.05853   0.02654   0.16365   0.09419   0.10768   0.02193   0.11797   0.05533   0.07352   0.41981   0.22568   0.29995   0.15121   0.03925   0.03360   2.16678   1.24595   1.37003   1.45490   0.99999   0.27980   2.27709   1.00000  
 59  0.0000   3338.216095  x:  0.22455   0.75642   1.28528   0.18786   0.25230   0.28608   0.44434   0.03033   0.15527   0.35681   0.00000   0.03746   0.25186   0.03433   0.12156   0.15421   0.11518   0.15292   0.01567   0.05597   0.05853   0.02654   0.16365   0.09419   0.10768   0.02193   0.11797   0.05533   0.07352   0.41981   0.22568   0.29995   0.15121   0.03925   0.03360   2.16677   1.24595   1.37003   1.45490   0.99999   0.27980   2.27709   1.00000  