IQ-TREE multicore version 2.4.0 for MacOS ARM 64-bit built Feb 12 2025
Developed by Bui Quang Minh, Nguyen Lam Tung, Olga Chernomor, Heiko Schmidt,
Dominik Schrempf, Michael Woodhams, Ly Trong Nhan, Thomas Wong

Host:    MacBook-Air-de-Lucas.local (SSE4.2, 16 GB RAM)
Command: iqtree -s ../../alinhamentos/lys_insecta_trimado.fasta -T 6 -B 1000 -m Q.insect+R
Seed:    912070 (Using SPRNG - Scalable Parallel Random Number Generator)
Time:    Mon Apr 14 16:45:28 2025
Kernel:  SSE2 - 6 threads (8 CPU cores detected)

Reading alignment file ../../alinhamentos/lys_insecta_trimado.fasta ... Fasta format detected
Reading fasta file: done in 0.00563097 secs using 88.97% CPU
Alignment most likely contains protein sequences
Alignment has 2300 sequences with 69 columns, 69 distinct patterns
66 parsimony-informative, 2 singleton sites, 1 constant sites
                                                                                        Gap/Ambiguity  Composition  p-value
Analyzing sequences: done in 0.000128031 secs using 292.9% CPU
   1  Stomoxys_calcitrans_LOC106091337_LysI2.2                                                 18.84%    failed      0.18%
   2  XP_044010230.1_lysozyme-like_Aphidius_gifuensis                                          21.74%    passed     17.93%
   3  Stomoxys_calcitrans_LOC106091336_LysI2.1                                                 21.74%    passed     34.69%
   4  Musca_domestica_LOC109614089_LysI2                                                       21.74%    passed     14.88%
   5  Stomorhina_lunata_LysI2                                                                  21.74%    passed     55.68%
   6  Lucilia_sericata_LOC119610505_LysI2                                                      21.74%    passed     72.33%
   7  Lucilia_cuprina_LOC111686385_LysI2                                                       21.74%    passed     67.27%
   8  Calliphora_vomitoria_LysI2                                                               21.74%    passed     84.04%
   9  Calliphora_vicina_LOC135954481_LysI2                                                     21.74%    passed     84.04%
  10  Bellardia_pandia_LysI2                                                                   21.74%    passed     80.81%
  11  Bellardia_bayeri_LysI2                                                                   21.74%    passed     78.41%
  12  Phyto_melanocephala_LysI2                                                                21.74%    passed     31.39%
  13  Paykullia_maculata_LysI2                                                                 21.74%    passed     24.44%
  14  Melanophora_roralis_LysI2                                                                21.74%    passed     14.94%
  15  Protophormia_terraenovae_LysI2                                                           21.74%    failed      3.34%
  16  Protocalliphora_azurea_LysI2                                                             21.74%    passed     14.83%
  17  Phormia_regina_LysI2                                                                     18.84%    passed     22.76%
  18  Cochliomyia_hominivorax_LysI2                                                            21.74%    passed     26.51%
  19  Cochliomyia_hominivoraxBR_LysI2                                                          21.74%    passed     26.51%
  20  Chrysomya_rufifacies_LysI2                                                               21.74%    passed     29.55%
  21  XP_037937651.1_lysozyme-like_Teleopsis_dalmanni                                          36.23%    passed     43.06%
  22  XP_017844372.1_invertebrate-type_lysozyme_2_Drosophila_busckii                           21.74%    failed      0.23%
  23  XP_044313894.1_lysozyme_Drosophila_rhopaloa                                              21.74%    failed      0.32%
  24  XP_046675156.1_lysozyme-like_Homalodisca_vitripennis                                     27.54%    passed     43.43%
  25  Stomoxys_calcitrans_LOC106082278_LysI1                                                   30.43%    passed     70.62%
  26  Musca_domestica_LOC101897516_LysI1                                                       30.43%    passed     74.28%
  27  XP_061398689.1_lysozyme-like_Musca_vetustissima                                          30.43%    passed     74.28%
  28  Stomorhina_lunata_LysI1                                                                  28.99%    passed     67.02%
  29  Protophormia_terraenovae_LysI1                                                           28.99%    passed     63.88%
  30  Phormia_regina_LysI1.2                                                                   28.99%    passed     73.81%
  31  Protocalliphora_azurea_LysI1                                                             28.99%    passed     73.81%
  32  Cochliomyia_hominivorax_LysI1                                                            28.99%    passed     63.88%
  33  Cochliomyia_hominivoraxBR_LysI1.1                                                        28.99%    passed     63.88%
  34  Cochliomyia_hominivoraxBR_LysI1.2                                                        28.99%    passed     63.88%
  35  Calliphora_vomitoria_LysI1                                                               28.99%    passed     67.02%
  36  Calliphora_vicina_LOC135960165_LysI1.2                                                   28.99%    passed     67.02%
  37  Lucilia_cuprina_LOC111689823_LysI1                                                       28.99%    passed     54.58%
  38  Bellardia_pandia_LysI1                                                                   28.99%    passed     57.05%
  39  Bellardia_bayeri_LysI1                                                                   28.99%    passed     57.05%
  40  Chrysomya_rufifacies_LysI1                                                               28.99%    passed     95.95%
  41  Phyto_melanocephala_LysI1                                                                28.99%    passed     87.92%
  42  Paykullia_maculata_LysI1                                                                 28.99%    passed     86.93%
  43  Melanophora_roralis_LysI1                                                                28.99%    passed     93.09%
  44  Calliphora_vicina_LOC135961931_LysI1.1                                                   28.99%    passed     84.87%
  45  XP_053963913.1_invertebrate-type_lysozyme_3-like_Anastrepha_ludens                       30.43%    passed     15.93%
  46  XP_054739455.1_invertebrate-type_lysozyme_3-like_Anastrepha_obliqua                      30.43%    passed     15.93%
  47  XP_011213791.1_invertebrate-type_lysozyme_3_Bactrocera_dorsalis                          30.43%    passed     12.82%
  48  XP_018798928.1_lysozyme-like_Bactrocera_latifrons                                        30.43%    passed     13.90%
  49  XP_050326598.1_invertebrate-type_lysozyme_3-like_Bactrocera_neohumeralis                 30.43%    passed     13.90%
  50  XP_011192348.1_invertebrate-type_lysozyme_3_Zeugodacus_cucurbitae                        30.43%    passed     18.34%
  51  XP_039957323.1_invertebrate-type_lysozyme_3-like_Bactrocera_tryoni                       30.43%    passed     13.90%
  52  XP_004520300.1_invertebrate-type_lysozyme_3_Ceratitis_capitata                           30.43%    passed     19.26%
  53  XP_036333612.1_invertebrate-type_lysozyme_3-like_Rhagoletis_pomonella                    30.43%    passed     20.63%
  54  XP_017470063.1_lysozyme-like_Rhagoletis_zephyria                                         30.43%    passed     20.63%
  55  XP_069963723.1_invertebrate-type_lysozyme_3-like_Bactrocera_oleae                        30.43%    passed     35.79%
  56  XP_067626674.1_lysozyme-like_Eurosta_solidaginis                                         30.43%    passed     35.54%
  57  XP_034101809.1_invertebrate-type_lysozyme_3_Drosophila_albomicans                        30.43%    passed     56.96%
  58  XP_062127527.1_invertebrate-type_lysozyme_3_Drosophila_sulfurigaster_albostrigata        30.43%    passed     56.96%
  59  XP_060660871.1_invertebrate-type_lysozyme_3_Drosophila_nasuta                            30.43%    passed     56.96%
  60  XP_034479005.1_lysozyme_Drosophila_innubila                                              30.43%    passed     59.89%
  61  XP_001995415.1_invertebrate-type_lysozyme_3_Drosophila_grimshawi                         30.43%    passed     75.09%
  62  XP_023162250.1_invertebrate-type_lysozyme_3_Drosophila_hydei                             30.43%    passed     71.06%
  63  XP_043867237.1_invertebrate-type_lysozyme_3-like_Drosophila_mojavensis                   30.43%    passed     76.83%
  64  XP_017960259.1_invertebrate-type_lysozyme_3-like_Drosophila_navojoa                      30.43%    passed     76.83%
  65  XP_064535967.1_invertebrate-type_lysozyme_3-like_Drosophila_montana                      30.43%    passed     71.06%
  66  XP_002048991.1_lysozyme_Drosophila_virilis                                               30.43%    passed     71.06%
  67  XP_068147972.1_invertebrate-type_lysozyme_3_Drosophila_tropicalis                        30.43%    passed     32.47%
  68  XP_002063641.1_invertebrate-type_lysozyme_3_Drosophila_willistoni                        30.43%    passed     25.59%
  69  XP_001960610.1_invertebrate-type_lysozyme_3_Drosophila_ananassae                         30.43%    passed     16.25%
  70  XP_017108565.1_invertebrate-type_lysozyme_3_Drosophila_bipectinata                       30.43%    passed     17.23%
  71  XP_016967990.1_lysozyme_Drosophila_biarmipes                                             30.43%    passed     20.34%
  72  XP_016927878.1_lysozyme_Drosophila_suzukii                                               30.43%    passed     30.32%
  73  XP_001975296.1_lysozyme_Drosophila_erecta                                                30.43%    passed     47.40%
  74  XP_033155542.1_lysozyme_Drosophila_mauritiana                                            30.43%    passed     47.40%
  75  XP_002034193.1_lysozyme_Drosophila_sechellia                                             30.43%    passed     47.40%
  76  XP_039483992.1_lysozyme_Drosophila_santomea                                              30.43%    passed     53.35%
  77  XP_043645883.1_lysozyme_Drosophila_teissieri                                             30.43%    passed     53.35%
  78  XP_016028063.1_lysozyme_Drosophila_simulans                                              30.43%    passed     47.40%
  79  XP_002092149.1_lysozyme_Drosophila_yakuba                                                30.43%    passed     47.40%
  80  XP_016988814.1_lysozyme_Drosophila_rhopaloa                                              30.43%    passed     50.14%
  81  XP_017001981.1_lysozyme_Drosophila_takahashii                                            30.43%    passed     47.40%
  82  XP_017124904.1_lysozyme_Drosophila_elegans                                               30.43%    passed     47.40%
  83  XP_017049517.1_lysozyme_Drosophila_ficusphila                                            30.43%    passed     54.59%
  84  XP_017078142.1_invertebrate-type_lysozyme_3_Drosophila_eugracilis                        30.43%    passed     26.79%
  85  XP_033246840.1_lysozyme-like_Drosophila_miranda                                          30.43%    passed     48.48%
  86  XP_002016414.1_lysozyme_Drosophila_persimilis                                            30.43%    passed     48.48%
  87  XP_034650407.1_lysozyme_Drosophila_subobscura                                            30.43%    passed     48.48%
  88  XP_022230254.1_lysozyme_Drosophila_obscura                                               30.43%    passed     20.17%
  89  XP_017024523.1_invertebrate-type_lysozyme_3_Drosophila_kikkawai                          30.43%    passed      7.57%
  90  XP_020799746.1_lysozyme_Drosophila_serrata                                               30.43%    passed     10.18%
  91  XP_030382593.1_invertebrate-type_lysozyme_3_Scaptodrosophila_lebanonensis                30.43%    passed     26.99%
  92  XP_064535962.1_lysozyme-like_Drosophila_montana                                          30.43%    passed     92.28%
  93  XP_030563480.1_lysozyme-like_Drosophila_novamexicana                                     30.43%    passed     94.16%
  94  XP_002048993.4_invertebrate-type_lysozyme_3_Drosophila_virilis                           30.43%    passed     89.01%
  95  XP_064535968.1_lysozyme-like_Drosophila_montana                                          30.43%    passed     78.00%
  96  XP_030563479.1_lysozyme_Drosophila_novamexicana                                          30.43%    passed     70.92%
  97  XP_037949958.1_lysozyme-like_Teleopsis_dalmanni                                          30.43%    passed     33.34%
  98  XP_037950558.1_lysozyme-like_Teleopsis_dalmanni                                          30.43%    passed     33.34%
  99  XP_055855624.1_lysozyme-like_Episyrphus_balteatus                                        30.43%    passed     64.98%
 100  XP_055905749.1_lysozyme-like_Eupeodes_corollae                                           28.99%    passed     51.22%
 101  XP_037032108.1_lysozyme_1-like_Bradysia_coprophila                                       27.54%    passed     92.63%
 102  XP_026464046.1_lysozyme-like_Ctenocephalides_felis                                       31.88%    passed     61.89%
 103  XP_026464344.1_lysozyme-like_Ctenocephalides_felis                                       31.88%    passed     61.89%
 104  XP_055383412.1_invertebrate-type_lysozyme_3-like_Condylostylus_longicornis               27.54%    passed     71.71%
 105  XP_037917352.1_invertebrate-type_lysozyme_3-like_Hermetia_illucens                       27.54%    passed     73.31%
 106  XP_059057658.1_invertebrate-type_lysozyme_3-like_Achroia_grisella                        28.99%    passed     25.06%
 107  XP_052751132.1_invertebrate-type_lysozyme_3-like_Galleria_mellonella                     28.99%    passed     25.06%
 108  XP_013200866.1_lysozyme_Amyelois_transitella                                             28.99%    passed     33.07%
 109  XP_053610466.1_invertebrate-type_lysozyme_3-like_Plodia_interpunctella                   28.99%    passed     22.48%
 110  XP_026321249.1_invertebrate-type_lysozyme_3-like_Hyposmocoma_kahamanoa                   28.99%    passed     12.20%
 111  XP_021196195.3_lysozyme_Helicoverpa_armigera                                             28.99%    passed     51.66%
 112  XP_047032192.1_lysozyme-like_Helicoverpa_zea                                             28.99%    passed     51.66%
 113  XP_035444103.1_lysozyme_Spodoptera_frugiperda                                            28.99%    passed     43.43%
 114  XP_022823164.1_lysozyme-like_Spodoptera_litura                                           28.99%    passed     43.43%
 115  XP_049876206.1_lysozyme-like_Pectinophora_gossypiella                                    28.99%    passed     28.43%
 116  XP_030022728.2_lysozyme_Manduca_sexta                                                    28.99%    passed      9.82%
 117  XP_063365782.1_lysozyme-like_Cydia_amplana                                               28.99%    passed     25.80%
 118  XP_063387008.1_lysozyme-like_Cydia_fagiglandana                                          28.99%    passed     31.01%
 119  XP_061718893.1_lysozyme-like_Cydia_pomonella                                             28.99%    passed     25.25%
 120  XP_063537321.1_lysozyme-like_Cydia_strobilella                                           28.99%    passed     25.25%
 121  XP_063625912.1_lysozyme-like_Cydia_splendana                                             28.99%    passed     25.25%
 122  XP_047992344.1_lysozyme-like_Leguminivora_glycinivorella                                 28.99%    passed     22.68%
 123  XP_037973282.2_invertebrate-type_lysozyme_3_Plutella_xylostella                          28.99%    passed     20.80%
 124  XP_028042436.1_lysozyme-like_Bombyx_mandarina                                            28.99%    passed     11.53%
 125  XP_023937544.2_lysozyme_Bicyclus_anynana                                                 28.99%    passed     19.99%
 126  XP_039756541.1_lysozyme-like_Pararge_aegeria                                             28.99%    passed      5.85%
 127  XP_034834743.1_lysozyme-like_Maniola_hyperantus                                          28.99%    passed     15.42%
 128  XP_045774324.1_lysozyme-like_Maniola_jurtina                                             28.99%    passed      8.07%
 129  XP_050347672.1_lysozyme-like_Nymphalis_io                                                28.99%    passed     48.28%
 130  XP_047535403.1_lysozyme-like_Vanessa_atalanta                                            28.99%    passed     22.50%
 131  XP_026495858.1_lysozyme-like_Vanessa_tameamea                                            28.99%    passed     22.50%
 132  XP_046969639.1_lysozyme-like_Vanessa_cardui                                              28.99%    passed     22.50%
 133  XP_045500255.1_lysozyme-like_Colias_croceus                                              28.99%    passed      6.37%
 134  XP_038222477.1_lysozyme-like_Zerene_cesonia                                              28.99%    passed      6.37%
 135  XP_045523216.1_lysozyme-like_Pieris_brassicae                                            28.99%    passed     22.61%
 136  XP_047521933.1_lysozyme-like_Pieris_napi                                                 28.99%    passed     22.61%
 137  XP_022118347.2_lysozyme-like_Pieris_rapae                                                28.99%    passed     22.61%
 138  XP_050665855.1_lysozyme-like_Leptidea_sinapis                                            28.99%    passed      6.93%
 139  XP_032519113.1_lysozyme-like_Danaus_plexippus                                            28.99%    passed     41.85%
 140  XP_045451177.1_invertebrate-type_lysozyme_3-like_Melitaea_cinxia                         28.99%    passed     51.07%
 141  XP_068617645.1_lysozyme-like_Battus_philenor                                             28.99%    passed      9.27%
 142  XP_045537211.1_invertebrate-type_lysozyme_3_Papilio_machaon                              31.88%    passed     33.39%
 143  NP_001298580.1_lysozyme_2-like_precursor_Papilio_polytes                                 31.88%    passed     38.75%
 144  XP_028161455.1_lysozyme-like_Ostrinia_furnacalis                                         28.99%    passed      7.72%
 145  XP_063829397.1_lysozyme-like_Ostrinia_nubilalis                                          28.99%    passed      7.72%
 146  XP_026735904.1_invertebrate-type_lysozyme_3-like_Trichoplusia_ni                         28.99%    passed     48.13%
 147  XP_041982000.1_lysozyme-like_Aricia_agestis                                              28.99%    passed     14.16%
 148  XP_031622100.1_lysozyme-like_Contarinia_nasturtii                                        28.99%    passed     88.32%
 149  XP_055319149.1_lysozyme_3-like_Sitodiplosis_mosellana                                    28.99%    passed     88.54%
 150  XP_037898951.1_lysozyme-like_partial_Glossina_fuscipes                                   28.99%    passed     75.38%
 151  XP_055855253.1_lysozyme-like_Episyrphus_balteatus                                        28.99%    passed     75.96%
 152  XP_021706771.1_lysozyme_Aedes_aegypti                                                    28.99%    passed     50.03%
 153  XP_029716839.1_lysozyme_Aedes_albopictus                                                 28.99%    passed     85.82%
 154  XP_062557977.1_lysozyme-like_Armigeres_subalbatus                                        28.99%    passed     76.22%
 155  XP_065091966.1_lysozyme-like_Ochlerotatus_camptorhynchus                                 28.99%    passed     57.68%
 156  XP_058461445.1_lysozyme-like_Malaya_genurostris                                          28.99%    passed     87.15%
 157  XP_058833866.1_lysozyme-like_Topomyia_yanbarensis                                        28.99%    passed     86.52%
 158  XP_055619715.1_invertebrate-type_lysozyme_3-like_Toxorhynchites_rutilus                  28.99%    passed     73.84%
 159  XP_053684879.1_lysozyme-like_Sabethes_cyaneus                                            28.99%    passed     73.97%
 160  XP_039432737.1_lysozyme-like_Culex_pipiens_pallens                                       28.99%    passed     89.51%
 161  XP_001869584.1_lysozyme_Culex_quinquefasciatus                                           28.99%    passed     89.51%
 162  XP_055589868.1_lysozyme-like_Uranotaenia_lowii                                           28.99%    passed     43.39%
 163  XP_050094991.1_lysozyme-like_Anopheles_aquasalis                                         28.99%    passed     84.75%
 164  XP_049544687.1_lysozyme-like_Anopheles_darlingi                                          28.99%    passed     84.75%
 165  XP_058053247.1_lysozyme-like_Anopheles_bellator                                          28.99%    passed     84.75%
 166  XP_052869241.1_lysozyme-like_Anopheles_cruzii                                            28.99%    passed     84.75%
 167  XP_040169303.1_lysozyme-like_Anopheles_arabiensis                                        28.99%    passed     72.44%
 168  XP_309527.4_lysozyme_Anopheles_gambiae                                                   28.99%    passed     72.44%
 169  XP_041784664.1_lysozyme-like_Anopheles_merus                                             28.99%    passed     72.44%
 170  XP_040231303.1_lysozyme-like_Anopheles_coluzzii                                          28.99%    passed     72.44%
 171  XP_049288959.1_lysozyme-like_Anopheles_funestus                                          28.99%    passed     81.48%
 172  XP_053660669.1_lysozyme-like_Anopheles_marshallii                                        28.99%    passed     68.40%
 173  XP_052903210.1_lysozyme-like_Anopheles_moucheti                                          28.99%    passed     68.40%
 174  XP_050079812.1_lysozyme-like_Anopheles_maculipalpis                                      31.88%    passed     93.36%
 175  XP_035903243.1_lysozyme-like_Anopheles_stephensi                                         28.99%    passed     84.75%
 176  XP_058130205.1_lysozyme-like_Anopheles_coustani                                          28.99%    passed     93.46%
 177  XP_058171699.1_lysozyme-like_Anopheles_ziemanni                                          28.99%    passed     93.46%
 178  XP_067011443.1_lysozyme_Anabrus_simplex                                                  28.99%    passed     60.57%
 179  XP_023724511.1_lysozyme_Cryptotermes_secundus                                            28.99%    passed     27.48%
 180  XP_021918570.1_lysozyme-like_Zootermopsis_nevadensis                                     28.99%    passed     24.02%
 181  XP_046991064.1_lysozyme-like_Schistocerca_americana                                      28.99%    passed     66.17%
 182  XP_049850554.1_lysozyme-like_Schistocerca_gregaria                                       28.99%    passed     66.17%
 183  XP_049802443.1_lysozyme-like_Schistocerca_nitens                                         28.99%    passed     66.17%
 184  XP_049774443.1_lysozyme-like_Schistocerca_cancellata                                     28.99%    passed     58.67%
 185  XP_065341333.1_lysozyme-like_Cloeon_dipterum                                             28.99%    passed     78.63%
 186  XP_059475804.1_lysozyme-like_Neocloeon_triangulifer                                      28.99%    passed     90.14%
 187  XP_046406711.1_lysozyme-like_Ischnura_elegans                                            28.99%    passed     76.81%
 188  XP_046674380.1_invertebrate-type_lysozyme_3-like_Homalodisca_vitripennis                 28.99%    passed     23.75%
 189  XP_054267857.1_lysozyme-like_Macrosteles_quadrilineatus                                  30.43%    passed     40.45%
 190  XP_054269742.1_lysozyme-like_Macrosteles_quadrilineatus                                  30.43%    passed     40.45%
 191  XP_039280102.1_invertebrate-type_lysozyme_3_Nilaparvata_lugens                           28.99%    passed     52.38%
 192  XP_063709554.1_invertebrate-type_lysozyme_3-like_Culicoides_brevitarsis                  27.54%    passed     76.88%
 193  XP_019872050.1_lysozyme-like_Aethina_tumida                                              28.99%    passed     97.87%
 194  XP_050308861.1_lysozyme-like_Anthonomus_grandis_grandis                                  28.99%    passed     93.11%
 195  XP_060522299.1_lysozyme-like_Cylas_formicarius                                           28.99%    passed     91.71%
 196  XP_019770495.1_lysozyme_Dendroctonus_ponderosae                                          28.99%    passed     95.31%
 197  XP_066159224.1_lysozyme-like_Euwallacea_fornicatus                                       28.99%    passed     93.67%
 198  XP_066259677.1_lysozyme-like_Euwallacea_similis                                          28.99%    passed     93.67%
 199  XP_030768031.1_lysozyme-like_Sitophilus_oryzae                                           28.99%    passed     98.12%
 200  XP_018567491.1_lysozyme_Anoplophora_glabripennis                                         28.99%    passed     97.38%
 201  XP_023027517.1_invertebrate-type_lysozyme_3-like_Leptinotarsa_decemlineata               28.99%    passed     94.94%
 202  XP_068914812.1_lysozyme-like_Tenebrio_molitor                                            28.99%    passed     72.07%
 203  XP_063904459.1_lysozyme-like_Zophobas_morio                                              28.99%    passed     65.45%
 204  XP_015837941.1_lysozyme_Tribolium_castaneum                                              28.99%    passed     91.23%
 205  XP_044252938.1_lysozyme-like_Tribolium_madens                                            28.99%    passed     91.39%
 206  XP_044759553.1_lysozyme-like_Coccinella_septempunctata                                   28.99%    passed     65.10%
 207  XP_045475786.1_lysozyme-like_Harmonia_axyridis                                           28.99%    passed     64.90%
 208  XP_057665005.1_lysozyme-like_Diorhabda_carinulata                                        28.99%    passed     95.28%
 209  XP_056632869.1_lysozyme-like_Diorhabda_sublineata                                        28.99%    passed     95.28%
 210  XP_063903687.1_lysozyme-like_Zophobas_morio                                              28.99%    passed     82.88%
 211  XP_018332491.1_invertebrate-type_lysozyme_3_Agrilus_planipennis                          28.99%    passed     74.38%
 212  XP_065159526.1_lysozyme-like_Dalotia_coriaria                                            28.99%    passed     56.96%
 213  XP_017782892.1_lysozyme-like_Nicrophorus_vespilloides                                    28.99%    passed     63.48%
 214  XP_068914207.1_lysozyme_2-like_Tenebrio_molitor                                          28.99%    passed     64.30%
 215  XP_022916282.2_lysozyme-like_Onthophagus_taurus                                          28.99%    failed      1.22%
 216  XP_019877370.1_lysozyme_Aethina_tumida                                                   28.99%    passed     93.61%
 217  XP_031355015.1_lysozyme-like_Photinus_pyralis                                            28.99%    passed     20.49%
 218  XP_031354613.1_lysozyme-like_Photinus_pyralis                                            28.99%    passed     27.30%
 219  XP_044738420.1_lysozyme-like_Chrysoperla_carnea                                          28.99%    passed     94.70%
 220  XP_055694018.1_lysozyme-like_Lutzomyia_longipalpis                                       28.99%    passed     93.36%
 221  XP_059622353.1_lysozyme-like_Phlebotomus_argentipes                                      28.99%    passed     79.92%
 222  XP_049774442.1_invertebrate-type_lysozyme_3-like_Schistocerca_cancellata                 31.88%    passed     65.04%
 223  XP_049850555.1_invertebrate-type_lysozyme_3-like_Schistocerca_gregaria                   31.88%    passed     65.04%
 224  XP_047107998.1_invertebrate-type_lysozyme_3-like_Schistocerca_piceifrons                 31.88%    passed     75.09%
 225  XP_049947805.1_invertebrate-type_lysozyme_3-like_Schistocerca_serialis_cubense           31.88%    passed     75.09%
 226  XP_049802444.1_lysozyme-like_Schistocerca_nitens                                         31.88%    passed     40.42%
 227  XP_011054762.1_lysozyme-like_Acromyrmex_echinatior                                       28.99%    passed     80.87%
 228  XP_012057632.1_lysozyme-like_Atta_cephalotes                                             28.99%    passed     79.35%
 229  XP_018045730.1_lysozyme-like_Atta_colombica                                              28.99%    passed     60.29%
 230  XP_011696023.1_lysozyme-like_Wasmannia_auropunctata                                      27.54%    passed     72.33%
 231  XP_012523214.2_lysozyme_Monomorium_pharaonis                                             28.99%    passed     38.68%
 232  XP_011054763.1_lysozyme-like_Acromyrmex_echinatior                                       28.99%    passed     24.87%
 233  XP_012057581.1_lysozyme-like_Atta_cephalotes                                             28.99%    passed     24.87%
 234  XP_018045722.1_lysozyme-like_Atta_colombica                                              28.99%    passed     24.87%
 235  XP_018316592.1_lysozyme_2-like_Trachymyrmex_zeteki                                       28.99%    passed     27.71%
 236  XP_024883394.1_lysozyme-like_Temnothorax_curvispinosus                                   28.99%    passed     17.61%
 237  XP_024883393.1_lysozyme-like_Temnothorax_curvispinosus                                   28.99%    passed     17.61%
 238  XP_011868866.1_lysozyme-like_Vollenhovia_emeryi                                          28.99%    passed     86.35%
 239  XP_011054766.1_lysozyme_2-like_Acromyrmex_echinatior                                     28.99%    passed     95.64%
 240  XP_012057582.1_lysozyme_2-like_Atta_cephalotes                                           28.99%    passed     95.64%
 241  XP_018045716.1_lysozyme_2-like_Atta_colombica                                            28.99%    passed     95.64%
 242  XP_018351309.1_lysozyme_2-like_Trachymyrmex_septentrionalis                              28.99%    passed     95.64%
 243  XP_018316593.1_lysozyme_2-like_Trachymyrmex_zeteki                                       28.99%    passed     90.57%
 244  XP_012534115.1_lysozyme_2_Monomorium_pharaonis                                           28.99%    passed     66.80%
 245  XP_024883366.1_lysozyme_2-like_Temnothorax_curvispinosus                                 28.99%    passed     65.77%
 246  XP_011696003.1_lysozyme-like_Wasmannia_auropunctata                                      28.99%    passed     93.75%
 247  XP_025988686.1_lysozyme_2_Solenopsis_invicta                                             28.99%    passed     90.57%
 248  XP_011630017.1_invertebrate-type_lysozyme_3-like_Pogonomyrmex_barbatus                   26.09%    passed     97.82%
 249  XP_050465440.1_lysozyme-like_Cataglyphis_hispanica                                       26.09%    passed     71.00%
 250  XP_029670970.1_invertebrate-type_lysozyme_3-like_partial_Formica_exsecta                 50.72%    passed     68.96%
 251  XP_029178206.1_lysozyme-like_Nylanderia_fulva                                            26.09%    passed     77.81%
 252  XP_014478038.1_lysozyme-like_Dinoponera_quadriceps                                       27.54%    passed     80.74%
 253  XP_032676328.1_lysozyme-like_Odontomachus_brunneus                                       27.54%    passed     91.01%
 254  XP_011154006.1_invertebrate-type_lysozyme_3_Harpegnathos_saltator                        26.09%    passed     51.32%
 255  XP_011347650.1_lysozyme_Ooceraea_biroi                                                   26.09%    passed     38.36%
 256  XP_011865731.1_lysozyme_2-like_Vollenhovia_emeryi                                        28.99%    passed     39.21%
 257  XP_012523223.2_invertebrate-type_lysozyme_3_Monomorium_pharaonis                         28.99%    passed     90.44%
 258  XP_050466072.1_invertebrate-type_lysozyme_3-like_Cataglyphis_hispanica                   27.54%    passed     64.79%
 259  XP_029663396.1_invertebrate-type_lysozyme_3-like_Formica_exsecta                         27.54%    passed     82.11%
 260  XP_029663397.1_lysozyme-like_Formica_exsecta                                             27.54%    passed     60.41%
 261  XP_011696004.1_lysozyme-like_Wasmannia_auropunctata                                      28.99%    passed     83.50%
 262  XP_012235794.1_lysozyme_Linepithema_humile                                               27.54%    passed     70.07%
 263  XP_012261020.2_lysozyme-like_Athalia_rosae                                               27.54%    passed     97.45%
 264  XP_046752470.1_lysozyme_3-like_Diprion_similis                                           27.54%    passed     88.88%
 265  XP_046417441.1_invertebrate-type_lysozyme_3-like_Neodiprion_fabricii                     27.54%    passed     65.62%
 266  XP_046474960.1_lysozyme_Neodiprion_pinetum                                               27.54%    passed     72.28%
 267  XP_046604985.1_invertebrate-type_lysozyme_3-like_Neodiprion_virginianus                  27.54%    passed     65.62%
 268  XP_015512018.2_invertebrate-type_lysozyme_3_Neodiprion_lecontei                          27.54%    passed     72.28%
 269  XP_015600321.1_lysozyme_Cephus_cinctus                                                   30.43%    passed     89.14%
 270  XP_012270123.1_lysozyme-like_Orussus_abietinus                                           27.54%    passed     53.28%
 271  XP_015186257.1_lysozyme-like_Polistes_dominula                                           27.54%    passed     45.90%
 272  XP_014615199.1_lysozyme_2-like_Polistes_canadensis                                       27.54%    passed     16.78%
 273  XP_043491128.1_invertebrate-type_lysozyme_3-like_Polistes_fuscatus                       27.54%    passed     16.78%
 274  XP_047348953.1_lysozyme-like_Vespa_velutina                                              27.54%    passed     77.76%
 275  XP_043667361.1_lysozyme-like_Vespula_pensylvanica                                        27.54%    passed     67.15%
 276  XP_050848304.1_invertebrate-type_lysozyme_3-like_Vespula_vulgaris                        27.54%    passed     67.15%
 277  XP_046821287.1_lysozyme-like_Vespa_crabro                                                27.54%    passed     77.76%
 278  XP_035725596.1_lysozyme-like_Vespa_mandarinia                                            27.54%    passed     77.76%
 279  XP_044015570.1_invertebrate-type_lysozyme_3-like_Aphidius_gifuensis                      27.54%    passed     71.57%
 280  XP_034936055.1_lysozyme-like_Chelonus_insularis                                          27.54%    passed     52.41%
 281  XP_044595690.1_invertebrate-type_lysozyme_3-like_Cotesia_glomerata                       27.54%    passed     14.81%
 282  XP_044595691.1_invertebrate-type_lysozyme_3-like_Cotesia_glomerata                       27.54%    passed     14.81%
 283  XP_063973737.1_invertebrate-type_lysozyme_3-like_Diachasmimorpha_longicaudata            27.54%    passed     22.16%
 284  XP_015113936.1_invertebrate-type_lysozyme_Diachasma_alloeum                              27.54%    passed     22.16%
 285  XP_011313368.1_lysozyme_Fopius_arisanus                                                  27.54%    passed     39.13%
 286  XP_043276197.1_invertebrate-type_lysozyme_3-like_Venturia_canescens                      27.54%    passed     38.50%
 287  XP_061929234.1_lysozyme-like_Apis_cerana                                                 28.99%    passed     73.73%
 288  XP_393161.3_lysozyme_Apis_mellifera                                                      28.99%    passed     73.73%
 289  XP_006611951.1_lysozyme-like_Apis_dorsata                                                28.99%    passed     72.34%
 290  XP_043791153.1_lysozyme-like_Apis_laboriosa                                              28.99%    passed     72.34%
 291  XP_003693440.1_invertebrate-type_lysozyme-like_Apis_florea                               28.99%    passed     72.34%
 292  XP_017757357.1_lysozyme-like_Eufriesea_mexicana                                          28.99%    passed     87.99%
 293  XP_017789409.1_lysozyme-like_Habropoda_laboriosa                                         27.54%    passed     81.26%
 294  XP_003708146.1_lysozyme-like_Megachile_rotundata                                         28.99%    passed     96.12%
 295  XP_029049920.1_lysozyme-like_Osmia_bicornis_bicornis                                     28.99%    passed     97.94%
 296  XP_034182671.1_lysozyme-like_Osmia_lignaria                                              28.99%    passed     98.64%
 297  XP_017887289.1_lysozyme-like_Ceratina_calcarata                                          27.54%    passed     78.81%
 298  XP_043522477.1_lysozyme-like_Frieseomelitta_varia                                        27.54%    passed     94.56%
 299  XP_043254615.1_lysozyme-like_Colletes_gigas                                              28.99%    passed     79.31%
 300  XP_054007809.1_invertebrate-type_lysozyme_3-like_Hylaeus_anthracinus                     28.99%    passed     79.18%
 301  XP_053987056.1_invertebrate-type_lysozyme_3-like_Hylaeus_volcanicus                      28.99%    passed     79.18%
 302  XP_031844191.1_lysozyme-like_Nomia_melanderi                                             28.99%    passed     65.41%
 303  XP_033331203.1_lysozyme-like_Megalopta_genalis                                           28.99%    passed     73.21%
 304  XP_050578182.1_invertebrate-type_lysozyme_3-like_Bombus_affinis                          28.99%    passed     76.43%
 305  XP_003394100.1_invertebrate-type_lysozyme_3_Bombus_terrestris                            28.99%    passed     76.43%
 306  XP_033304913.1_lysozyme_2-like_Bombus_bifarius                                           28.99%    failed      1.24%
 307  XP_068968486.1_invertebrate-type_lysozyme_3-like_Bombus_flavifrons                       28.99%    failed      1.24%
 308  XP_050472669.1_lysozyme_2-like_Bombus_huntii                                             28.99%    failed      1.24%
 309  XP_043577785.1_lysozyme_2-like_Bombus_pyrosoma                                           28.99%    failed      1.24%
 310  XP_033353604.1_lysozyme_2-like_Bombus_vosnesenskii                                       28.99%    failed      1.24%
 311  XP_033184711.1_lysozyme_2-like_Bombus_vancouverensis_nearcticus                          28.99%    failed      1.24%
 312  XP_003487472.1_lysozyme_2-like_Bombus_impatiens                                          28.99%    failed      1.24%
 313  XP_060812724.1_invertebrate-type_lysozyme_3-like_Bombus_pascuorum                        28.99%    passed     65.87%
 314  XP_015429338.1_lysozyme-like_Dufourea_novaeangliae                                       28.99%    passed     45.04%
 315  XP_033228797.1_lysozyme-like_Belonocnema_kinseyi                                         27.54%    passed     73.04%
 316  XP_051153286.1_lysozyme-like_Leptopilina_boulardi                                        27.54%    passed     25.30%
 317  XP_043482938.1_lysozyme_3-like_Leptopilina_heterotoma                                    27.54%    passed     31.90%
 318  XP_066584156.1_lysozyme-like_Prorops_nasuta                                              27.54%    passed     23.75%
 319  XP_014219782.1_lysozyme_3-like_Copidosoma_floridanum                                     26.09%    passed     72.99%
 320  XP_031786281.1_lysozyme_Nasonia_vitripennis                                              24.64%    passed      5.23%
 321  XP_058797514.1_lysozyme-like_Phymastichus_coffea                                         26.09%    passed     19.90%
 322  XP_014222012.1_lysozyme-like_Trichogramma_pretiosum                                      23.19%    passed     18.38%
 323  XP_014221985.1_lysozyme_2-like_Trichogramma_pretiosum                                    27.54%    passed     56.04%
 324  XP_055905910.1_invertebrate-type_lysozyme_3-like_Eupeodes_corollae                       26.09%    passed     97.34%
 325  XP_063243386.1_invertebrate-type_lysozyme_3-like_Bacillus_rossius_redtenbacheri          27.54%    passed     22.41%
 326  XP_014272957.1_lysozyme_Halyomorpha_halys                                                28.99%    passed     50.62%
 327  XP_024215773.2_invertebrate-type_lysozyme_3-like_Halyomorpha_halys                       27.54%    passed     95.98%
 328  XP_034105438.1_invertebrate-type_lysozyme_3-like_Drosophila_albomicans                   31.88%    passed     46.90%
 329  XP_060655724.1_invertebrate-type_lysozyme_3-like_Drosophila_nasuta                       31.88%    passed     46.90%
 330  XP_062127526.1_invertebrate-type_lysozyme_3-like_Drosophila_sulfurigaster_albostrigata   31.88%    passed     58.35%
 331  XP_034108113.1_invertebrate-type_lysozyme_3-like_Drosophila_albomicans                   31.88%    passed     63.06%
 332  XP_060654702.1_lysozyme-like_Drosophila_nasuta                                           42.03%    passed     90.18%
 333  XP_062131874.1_lysozyme-like_Drosophila_sulfurigaster_albostrigata                       42.03%    passed     90.18%
 334  XP_001995414.1_lysozyme_Drosophila_grimshawi                                             31.88%    passed      9.74%
 335  XP_030563443.1_lysozyme_Drosophila_novamexicana                                          31.88%    passed     13.04%
 336  XP_002048990.1_lysozyme_Drosophila_virilis                                               31.88%    passed     13.04%
 337  XP_023162833.2_invertebrate-type_lysozyme_3_Drosophila_hydei                             31.88%    passed     45.08%
 338  XP_001960609.1_lysozyme_Drosophila_ananassae                                             31.88%    passed     81.23%
 339  XP_016968181.1_lysozyme_Drosophila_biarmipes                                             31.88%    passed     59.95%
 340  XP_001975295.1_lysozyme_2_Drosophila_erecta                                              31.88%    passed     59.95%
 341  XP_033153947.1_lysozyme_Drosophila_mauritiana                                            31.88%    passed     59.95%
 342  XP_002081833.1_lysozyme_Drosophila_simulans                                              31.88%    passed     59.95%
 343  XP_002034194.2_lysozyme_Drosophila_sechellia                                             31.88%    passed     59.95%
 344  XP_039482429.1_lysozyme_2_Drosophila_santomea                                            31.88%    passed     61.23%
 345  XP_043644498.1_lysozyme_2_Drosophila_teissieri                                           31.88%    passed     61.23%
 346  XP_002092148.1_lysozyme_Drosophila_yakuba                                                31.88%    passed     61.23%
 347  XP_037717619.1_lysozyme_Drosophila_subpulchrella                                         31.88%    passed     63.49%
 348  XP_016929518.2_lysozyme_Drosophila_suzukii                                               31.88%    passed     59.77%
 349  XP_016988815.1_lysozyme_Drosophila_rhopaloa                                              31.88%    passed     67.20%
 350  XP_017125023.1_lysozyme_Drosophila_elegans                                               31.88%    passed     74.79%
 351  XP_017001974.1_lysozyme_Drosophila_takahashii                                            31.88%    passed     45.74%
 352  XP_017078836.1_lysozyme_Drosophila_eugracilis                                            31.88%    passed     50.55%
 353  XP_017024453.1_lysozyme_Drosophila_kikkawai                                              31.88%    passed     70.57%
 354  XP_020818092.1_lysozyme_Drosophila_serrata                                               31.88%    passed     84.66%
 355  XP_034122092.1_lysozyme_Drosophila_guanche                                               31.88%    passed     41.55%
 356  XP_034650408.1_lysozyme_Drosophila_subobscura                                            31.88%    passed     75.97%
 357  XP_017145974.1_lysozyme_Drosophila_miranda                                               31.88%    passed     83.23%
 358  XP_002016415.1_lysozyme_Drosophila_persimilis                                            31.88%    passed     83.23%
 359  XP_022230244.2_lysozyme_Drosophila_obscura                                               31.88%    passed     66.62%
 360  XP_002063642.1_lysozyme_Drosophila_willistoni                                            31.88%    passed     49.92%
 361  XP_032586218.2_lysozyme_Drosophila_mojavensis                                            31.88%    passed     10.97%
 362  XP_017960257.1_lysozyme_Drosophila_navojoa                                               31.88%    passed     16.09%
 363  XP_017836514.1_lysozyme_Drosophila_busckii                                               31.88%    passed     41.34%
 364  XP_030382648.1_lysozyme_Scaptodrosophila_lebanonensis                                    31.88%    passed     28.90%
 365  XP_034108111.1_lysozyme_2_Drosophila_albomicans                                          27.54%    passed     48.41%
 366  XP_060654699.1_lysozyme_2_Drosophila_nasuta                                              27.54%    passed     48.41%
 367  XP_062131871.1_lysozyme_2_Drosophila_sulfurigaster_albostrigata                          27.54%    passed     48.41%
 368  XP_034478403.1_lysozyme_3_Drosophila_innubila                                            27.54%    passed     70.75%
 369  XP_001960607.1_lysozyme_Drosophila_ananassae                                             27.54%    passed     61.90%
 370  XP_017108514.2_lysozyme_2_Drosophila_bipectinata                                         27.54%    passed     62.00%
 371  XP_017124248.1_lysozyme_3_partial_Drosophila_elegans                                     27.54%    passed     16.15%
 372  XP_016988659.2_lysozyme_2_Drosophila_rhopaloa                                            27.54%    passed     24.05%
 373  XP_017078834.1_lysozyme_2_Drosophila_eugracilis                                          27.54%    passed     18.04%
 374  XP_001975293.1_lysozyme_Drosophila_erecta                                                27.54%    passed     57.66%
 375  XP_033153946.1_lysozyme_Drosophila_mauritiana                                            27.54%    passed     46.99%
 376  XP_002034197.1_lysozyme_Drosophila_sechellia                                             27.54%    passed     46.99%
 377  XP_002081835.1_lysozyme_Drosophila_simulans                                              27.54%    passed     21.03%
 378  XP_039482431.1_lysozyme_Drosophila_santomea                                              27.54%    passed     46.99%
 379  XP_002092146.2_lysozyme_Drosophila_yakuba                                                27.54%    passed     46.99%
 380  XP_037717617.1_lysozyme_3_Drosophila_subpulchrella                                       27.54%    passed     31.73%
 381  XP_017049516.1_lysozyme_Drosophila_ficusphila                                            27.54%    passed     18.41%
 382  XP_017024388.1_lysozyme_2_Drosophila_kikkawai                                            27.54%    passed     18.82%
 383  XP_020818080.1_lysozyme_2_partial_Drosophila_serrata                                     27.54%    passed     25.61%
 384  XP_034121841.1_lysozyme_2_Drosophila_guanche                                             27.54%    passed     42.49%
 385  XP_034650405.1_lysozyme_2_Drosophila_subobscura                                          27.54%    passed     49.99%
 386  XP_022230242.2_lysozyme_Drosophila_obscura                                               27.54%    passed     41.55%
 387  XP_033246839.1_lysozyme_3_Drosophila_miranda                                             27.54%    passed     53.65%
 388  XP_002016417.2_lysozyme_Drosophila_persimilis                                            27.54%    passed     30.89%
 389  XP_017835498.1_lysozyme_2_partial_Drosophila_busckii                                     27.54%    passed     75.90%
 390  XP_030387482.1_lysozyme_2_Scaptodrosophila_lebanonensis                                  27.54%    passed     51.06%
 391  XP_068144997.1_lysozyme_2_Drosophila_tropicalis                                          27.54%    passed     31.85%
 392  XP_002063644.1_lysozyme_2_Drosophila_willistoni                                          27.54%    passed     39.04%
 393  XP_032596805.1_lysozyme_3_Drosophila_grimshawi                                           27.54%    passed     67.79%
 394  XP_064535936.1_lysozyme_3-like_Drosophila_montana                                        24.64%    passed     85.01%
 395  XP_030563370.1_lysozyme_3_Drosophila_novamexicana                                        24.64%    passed     85.01%
 396  XP_002048988.2_lysozyme_2_Drosophila_virilis                                             24.64%    passed     85.01%
 397  XP_023162865.2_lysozyme_3-like_Drosophila_hydei                                          27.54%    passed     80.48%
 398  XP_002006621.2_lysozyme_2_Drosophila_mojavensis                                          27.54%    passed     48.17%
 399  XP_017960258.1_lysozyme_Drosophila_navojoa                                               27.54%    passed     67.67%
 400  XP_034108112.1_lysozyme_Drosophila_albomicans                                            31.88%    passed     32.42%
 401  XP_060654701.1_lysozyme_Drosophila_nasuta                                                31.88%    passed     32.42%
 402  XP_001960608.1_lysozyme_Drosophila_ananassae                                             27.54%    passed     19.27%
 403  XP_017107983.1_lysozyme-like_Drosophila_bipectinata                                      27.54%    passed     24.50%
 404  XP_017108515.2_lysozyme_Drosophila_bipectinata                                           27.54%    passed     23.03%
 405  XP_016968180.1_lysozyme_Drosophila_biarmipes                                             27.54%    passed     35.01%
 406  XP_001975294.1_lysozyme_2_Drosophila_erecta                                              27.54%    passed     27.24%
 407  XP_039482432.1_lysozyme_2_Drosophila_santomea                                            27.54%    passed     30.69%
 408  XP_043644072.1_lysozyme_2_Drosophila_teissieri                                           27.54%    passed     26.36%
 409  XP_002092147.1_lysozyme_2_Drosophila_yakuba                                              27.54%    passed     26.36%
 410  XP_002034196.1_lysozyme_2_Drosophila_sechellia                                           27.54%    passed     28.18%
 411  XP_033153948.1_lysozyme_2_Drosophila_mauritiana                                          27.54%    passed     33.46%
 412  XP_002081834.1_lysozyme_2_Drosophila_simulans                                            27.54%    passed     33.69%
 413  XP_037717621.1_lysozyme_2_Drosophila_subpulchrella                                       27.54%    passed     29.11%
 414  XP_016929519.2_lysozyme_2_Drosophila_suzukii                                             27.54%    passed     36.19%
 415  XP_017125024.1_lysozyme_Drosophila_elegans                                               27.54%    passed     44.36%
 416  XP_016988832.1_lysozyme_Drosophila_rhopaloa                                              27.54%    passed     40.33%
 417  XP_017078835.1_lysozyme_Drosophila_eugracilis                                            27.54%    passed     79.06%
 418  XP_017024390.1_lysozyme_Drosophila_kikkawai                                              27.54%    passed     13.45%
 419  XP_020818069.1_lysozyme_Drosophila_serrata                                               27.54%    passed     25.43%
 420  XP_017049519.1_lysozyme_Drosophila_ficusphila                                            27.54%    passed     24.66%
 421  XP_023163021.2_lysozyme-like_Drosophila_hydei                                            27.54%    passed     44.35%
 422  XP_002006620.1_lysozyme_Drosophila_mojavensis                                            27.54%    passed     23.60%
 423  XP_017960260.1_lysozyme-like_Drosophila_navojoa                                          27.54%    passed     23.60%
 424  XP_064535937.1_lysozyme-like_Drosophila_montana                                          27.54%    passed     25.84%
 425  XP_002048989.1_lysozyme_Drosophila_virilis                                               27.54%    passed     25.84%
 426  XP_030563371.1_lysozyme-like_Drosophila_novamexicana                                     27.54%    passed     25.83%
 427  XP_034478404.1_lysozyme_2_Drosophila_innubila                                            27.54%    passed     30.54%
 428  XP_034122349.1_lysozyme_Drosophila_guanche                                               27.54%    passed     18.91%
 429  XP_034650409.1_lysozyme_Drosophila_subobscura                                            27.54%    passed     18.91%
 430  XP_022230245.1_lysozyme_Drosophila_obscura                                               27.54%    passed     18.91%
 431  XP_017150428.1_lysozyme_Drosophila_miranda                                               27.54%    passed     16.34%
 432  XP_002016416.1_lysozyme_Drosophila_persimilis                                            27.54%    passed     10.37%
 433  XP_068144998.1_lysozyme_2_Drosophila_tropicalis                                          27.54%    passed     23.53%
 434  XP_002063643.3_lysozyme_2_Drosophila_willistoni                                          27.54%    passed     28.24%
 435  XP_017835927.1_lysozyme_Drosophila_busckii                                               26.09%    passed     38.85%
 436  XP_060881617.1_lysozyme-like_Metopolophium_dirhodum                                      30.43%    passed     82.92%
 437  XP_022168131.1_lysozyme-like_Myzus_persicae                                              26.09%    passed     86.03%
 438  XP_026809847.1_lysozyme-like_Rhopalosiphum_maidis                                        26.09%    passed     95.24%
 439  XP_060841310.1_lysozyme_2-like_Rhopalosiphum_padi                                        26.09%    passed     97.97%
 440  XP_046673719.1_lysozyme-like_Homalodisca_vitripennis                                     27.54%    passed     68.40%
 441  XP_046688119.1_invertebrate-type_lysozyme_3-like_Homalodisca_vitripennis                 44.93%    passed     18.76%
 442  XP_054265663.1_lysozyme-like_Macrosteles_quadrilineatus                                  23.19%    passed     62.19%
 443  XP_054267729.1_lysozyme-like_Macrosteles_quadrilineatus                                  23.19%    passed     62.19%
 444  XP_055905911.1_lysozyme-like_Eupeodes_corollae                                           28.99%    passed     87.09%
 445  XP_026321247.1_invertebrate-type_lysozyme_2-like_Hyposmocoma_kahamanoa                   23.19%    passed     15.84%
 446  XP_068915270.1_lysozyme-like_Tenebrio_molitor                                            28.99%    passed     29.80%
 447  XP_069684589.1_lysozyme-like_Periplaneta_americana                                       31.88%    passed     93.87%
 448  XP_056633228.1_invertebrate-type_lysozyme_6-like_Diorhabda_sublineata                    28.99%    passed     98.45%
 449  XP_019866650.1_lysozyme_2-like_Aethina_tumida                                            30.43%    passed     68.56%
 450  XP_065340083.1_lysozyme-like_Cloeon_dipterum                                             31.88%    passed     45.80%
 451  XP_059475803.1_lysozyme-like_Neocloeon_triangulifer                                      31.88%    passed     24.52%
 452  XP_037050797.1_lysozyme-like_Bradysia_coprophila                                         28.99%    passed     16.37%
 453  XP_063710136.1_invertebrate-type_lysozyme_2-like_Culicoides_brevitarsis                  28.99%    failed      3.18%
 454  XP_059057679.1_lysozyme-like_Achroia_grisella                                            31.88%    passed     59.26%
 455  XP_031764870.1_lysozyme-like_Galleria_mellonella                                         31.88%    passed     23.65%
 456  XP_030037656.1_lysozyme_Manduca_sexta                                                    31.88%    passed     52.70%
 457  XP_028041526.1_lysozyme-like_Bombyx_mandarina                                            31.88%    passed     52.64%
 458  XP_004926301.1_lysozyme_Bombyx_mori                                                      31.88%    passed     52.64%
 459  XP_041982001.1_lysozyme_1-like_Aricia_agestis                                            31.88%    passed     82.99%
 460  XP_050347673.1_lysozyme-like_Nymphalis_io                                                31.88%    passed     16.56%
 461  XP_047535557.1_lysozyme_2-like_Vanessa_atalanta                                          31.88%    passed     19.54%
 462  XP_026495706.2_lysozyme-like_Vanessa_tameamea                                            31.88%    passed     31.49%
 463  XP_046969725.1_lysozyme_2-like_Vanessa_cardui                                            31.88%    passed     22.11%
 464  XP_068618043.1_lysozyme-like_Battus_philenor                                             31.88%    passed     43.88%
 465  XP_014357737.2_lysozyme_2_Papilio_machaon                                                31.88%    passed     65.89%
 466  NP_001298558.1_lysozyme_2-like_precursor_Papilio_polytes                                 31.88%    passed     68.20%
 467  XP_013179764.1_lysozyme_2-like_Papilio_xuthus                                            31.88%    passed     77.83%
 468  XP_045500256.1_lysozyme_1-like_Colias_croceus                                            31.88%    passed     54.86%
 469  XP_038222416.1_lysozyme-like_Zerene_cesonia                                              31.88%    passed     46.62%
 470  XP_045522728.1_lysozyme-like_Pieris_brassicae                                            31.88%    passed     26.95%
 471  XP_022118333.2_lysozyme-like_Pieris_rapae                                                31.88%    passed     26.95%
 472  XP_047521941.1_lysozyme-like_Pieris_napi                                                 31.88%    passed     32.45%
 473  XP_050665869.1_lysozyme_1-like_Leptidea_sinapis                                          31.88%    passed     57.74%
 474  XP_028161463.1_lysozyme-like_Ostrinia_furnacalis                                         31.88%    passed     18.09%
 475  XP_063829396.1_lysozyme-like_Ostrinia_nubilalis                                          31.88%    passed     18.09%
 476  XP_060804852.1_lysozyme_1_Amyelois_transitella                                           31.88%    passed      9.86%
 477  XP_053610465.1_lysozyme_1-like_Plodia_interpunctella                                     31.88%    passed     14.18%
 478  XP_049706905.2_lysozyme_Helicoverpa_armigera                                             31.88%    passed     58.16%
 479  XP_047032257.1_lysozyme-like_Helicoverpa_zea                                             31.88%    passed     58.16%
 480  XP_022822980.1_lysozyme_1-like_Spodoptera_litura                                         31.88%    passed     68.49%
 481  XP_063365762.1_lysozyme_1-like_Cydia_amplana                                             31.88%    passed     39.10%
 482  XP_061718898.1_lysozyme_1-like_Cydia_pomonella                                           31.88%    passed     37.15%
 483  XP_063625913.1_lysozyme_1-like_Cydia_splendana                                           31.88%    passed     37.15%
 484  XP_063537323.1_lysozyme_1-like_Cydia_strobilella                                         31.88%    passed     39.10%
 485  XP_063386712.1_lysozyme_1-like_Cydia_fagiglandana                                        31.88%    passed     46.19%
 486  XP_047992342.1_lysozyme_1-like_Leguminivora_glycinivorella                               31.88%    passed     43.27%
 487  XP_045774325.1_lysozyme_2-like_Maniola_jurtina                                           31.88%    passed     92.74%
 488  XP_059057901.1_lysozyme-like_Achroia_grisella                                            30.43%    failed      4.68%
 489  XP_052751158.1_lysozyme-like_Galleria_mellonella                                         30.43%    passed     18.94%
 490  XP_060804862.1_lysozyme_Amyelois_transitella                                             30.43%    passed     29.70%
 491  XP_053611021.1_lysozyme-like_Plodia_interpunctella                                       30.43%    passed     34.00%
 492  XP_028042581.1_lysozyme_2-like_Bombyx_mandarina                                          30.43%    passed      8.97%
 493  XP_012543940.1_lysozyme_2_Bombyx_mori                                                    30.43%    passed     19.43%
 494  XP_063895237.1_lysozyme_Helicoverpa_armigera                                             30.43%    passed     20.34%
 495  XP_047032394.1_lysozyme-like_Helicoverpa_zea                                             30.43%    passed     20.34%
 496  XP_022822579.1_lysozyme-like_Spodoptera_litura                                           50.72%    passed     22.05%
 497  XP_026734096.1_lysozyme_2-like_Trichoplusia_ni                                           30.43%    passed     25.57%
 498  XP_050549807.1_lysozyme_Spodoptera_frugiperda                                            28.99%    passed      7.29%
 499  XP_049876207.1_lysozyme-like_Pectinophora_gossypiella                                    30.43%    passed     43.87%
 500  XP_030032080.1_lysozyme_Manduca_sexta                                                    28.99%    passed     13.22%
 501  XP_037293183.1_lysozyme-like_Manduca_sexta                                               28.99%    passed     10.91%
 502  XP_026321478.1_lysozyme-like_Hyposmocoma_kahamanoa                                       30.43%    passed     32.60%
 503  XP_063365283.1_lysozyme-like_Cydia_amplana                                               30.43%    passed     89.32%
 504  XP_063386702.1_lysozyme-like_Cydia_fagiglandana                                          30.43%    passed     79.09%
 505  XP_063625533.1_lysozyme-like_Cydia_splendana                                             30.43%    passed     77.15%
 506  XP_063536830.1_lysozyme-like_Cydia_strobilella                                           30.43%    passed     88.84%
 507  XP_047992557.1_lysozyme-like_Leguminivora_glycinivorella                                 30.43%    passed     82.80%
 508  XP_061718776.1_lysozyme-like_Cydia_pomonella                                             30.43%    passed     92.67%
 509  XP_052743212.1_lysozyme-like_Bicyclus_anynana                                            30.43%    passed     11.93%
 510  XP_045775262.1_lysozyme-like_Maniola_jurtina                                             30.43%    passed     31.08%
 511  XP_050347671.1_lysozyme-like_Nymphalis_io                                                30.43%    passed     35.81%
 512  XP_047535463.1_lysozyme-like_Vanessa_atalanta                                            30.43%    passed     43.60%
 513  XP_064073527.1_lysozyme-like_Vanessa_tameamea                                            30.43%    passed     43.60%
 514  XP_046969448.1_lysozyme-like_Vanessa_cardui                                              30.43%    passed     27.02%
 515  XP_032519101.2_lysozyme-like_Danaus_plexippus                                            30.43%    passed     20.73%
 516  XP_061379210.1_lysozyme-like_Danaus_plexippus                                            30.43%    passed     70.75%
 517  XP_068617901.1_lysozyme-like_Battus_philenor                                             30.43%    passed     42.16%
 518  XP_014361407.2_lysozyme_2_Papilio_machaon                                                30.43%    passed      5.50%
 519  XP_013140804.1_lysozyme-like_Papilio_polytes                                             30.43%    passed      6.90%
 520  XP_045500363.1_lysozyme-like_Colias_croceus                                              30.43%    passed      6.53%
 521  XP_038222597.1_lysozyme_1-like_Zerene_cesonia                                            53.62%    passed     37.61%
 522  XP_045523460.1_lysozyme-like_Pieris_brassicae                                            30.43%    passed     35.04%
 523  XP_022119358.2_lysozyme_2-like_Pieris_rapae                                              30.43%    passed     53.86%
 524  XP_047521847.1_lysozyme-like_Pieris_napi                                                 30.43%    passed     53.86%
 525  XP_041981992.1_lysozyme-like_Aricia_agestis                                              28.99%    passed     67.96%
 526  XP_060522272.1_lysozyme_2-like_Cylas_formicarius                                         26.09%    failed      2.30%
 527  XP_045475795.1_invertebrate-type_lysozyme_6-like_Harmonia_axyridis                       26.09%    passed     35.41%
 528  XP_068914205.1_lysozyme-like_Tenebrio_molitor                                            26.09%    passed     29.06%
 529  XP_063904458.1_invertebrate-type_lysozyme_2-like_Zophobas_morio                          26.09%    passed     40.02%
 530  XP_015837940.1_invertebrate-type_lysozyme_3_Tribolium_castaneum                          26.09%    passed     38.90%
 531  XP_017775925.1_lysozyme-like_partial_Nicrophorus_vespilloides                            26.09%    passed     73.66%
 532  XP_032519102.2_lysozyme-like_Danaus_plexippus                                            27.54%    passed     46.03%
 533  XP_032519140.2_lysozyme-like_Danaus_plexippus                                            28.99%    passed     62.82%
 534  XP_041981997.1_lysozyme-like_Aricia_agestis                                              30.43%    passed     10.50%
 535  XP_068085863.1_lysozyme_partial_Anabrus_simplex                                          34.78%    passed      8.07%
 536  XP_067011516.2_lysozyme_Anabrus_simplex                                                  34.78%    passed     79.67%
 537  XP_068085865.1_lysozyme_2_Anabrus_simplex                                                34.78%    passed     23.03%
 538  XP_063243382.1_lysozyme_2-like_Bacillus_rossius_redtenbacheri                            34.78%    passed     13.64%
 539  XP_034244880.1_lysozyme_2-like_Thrips_palmi                                              34.78%    passed     74.30%
 540  XP_069684590.1_lysozyme-like_Periplaneta_americana                                       34.78%    passed     53.39%
 541  XP_021918550.1_lysozyme-like_Zootermopsis_nevadensis                                     34.78%    passed     11.41%
 542  XP_046406548.1_lysozyme_2-like_Ischnura_elegans                                          34.78%    passed     67.28%
 543  XP_050430201.1_lysozyme_1-like_Adelges_cooleyi                                           34.78%    failed      0.24%
 544  XP_050535820.1_lysozyme-like_Daktulosphaira_vitifoliae                                   34.78%    failed      0.09%
 545  XP_001949318.2_lysozyme_Acyrthosiphon_pisum                                              34.78%    failed      0.08%
 546  XP_060881618.1_lysozyme-like_Metopolophium_dirhodum                                      34.78%    failed      0.02%
 547  XP_022168115.1_lysozyme_1-like_Myzus_persicae                                            34.78%    failed      0.08%
 548  XP_025204795.1_lysozyme_1-like_Melanaphis_sacchari                                       34.78%    failed      0.21%
 549  XP_015371379.1_lysozyme_1-like_Diuraphis_noxia                                           34.78%    failed      0.08%
 550  XP_018912502.1_lysozyme_Bemisia_tabaci                                                   34.78%    failed      0.90%
 551  XP_046674492.1_lysozyme-like_Homalodisca_vitripennis                                     40.58%    passed     45.16%
 552  XP_054268440.1_lysozyme_2-like_Macrosteles_quadrilineatus                                34.78%    passed     38.25%
 553  XP_001653399.1_lysozyme_2_Aedes_aegypti                                                  34.78%    passed     64.72%
 554  XP_019529410.2_lysozyme_2_Aedes_albopictus                                               34.78%    passed     90.44%
 555  XP_062551159.1_lysozyme_2-like_Armigeres_subalbatus                                      34.78%    passed     86.68%
 556  XP_053693932.1_lysozyme-like_Sabethes_cyaneus                                            34.78%    passed     55.39%
 557  XP_055546992.1_lysozyme_2-like_Wyeomyia_smithii                                          34.78%    passed     85.64%
 558  XP_058819470.1_lysozyme_2-like_Topomyia_yanbarensis                                      34.78%    passed     71.47%
 559  XP_055642625.1_lysozyme_2-like_Toxorhynchites_rutilus                                    34.78%    passed     66.84%
 560  XP_039442526.1_lysozyme-like_Culex_pipiens_pallens                                       34.78%    passed     80.62%
 561  XP_001850854.2_lysozyme_2_Culex_quinquefasciatus                                         34.78%    passed     82.02%
 562  XP_055599146.1_lysozyme_2-like_Uranotaenia_lowii                                         34.78%    passed     78.40%
 563  XP_035790116.1_lysozyme_2-like_Anopheles_albimanus                                       34.78%    passed     50.61%
 564  XP_049549285.1_lysozyme_2-like_Anopheles_darlingi                                        34.78%    passed     62.93%
 565  XP_050084419.1_lysozyme_2-like_Anopheles_aquasalis                                       34.78%    passed     47.16%
 566  XP_040172453.1_lysozyme-like_Anopheles_arabiensis                                        34.78%    passed     27.95%
 567  XP_040240181.2_lysozyme-like_Anopheles_coluzzii                                          34.78%    passed     27.95%
 568  XP_310846.5_lysozyme_Anopheles_gambiae                                                   34.78%    passed     27.95%
 569  XP_041764501.1_lysozyme-like_Anopheles_merus                                             34.78%    passed     27.95%
 570  XP_049279333.1_lysozyme_2-like_Anopheles_funestus                                        34.78%    passed     55.25%
 571  XP_035895099.1_lysozyme_2-like_Anopheles_stephensi                                       34.78%    passed     15.15%
 572  XP_050072165.1_lysozyme_2-like_Anopheles_maculipalpis                                    34.78%    passed     46.16%
 573  XP_058175843.1_lysozyme-like_Anopheles_ziemanni                                          34.78%    passed     47.41%
 574  XP_052872413.1_lysozyme-like_Anopheles_cruzii                                            34.78%    passed     37.43%
 575  XP_018567494.1_lysozyme-like_Anoplophora_glabripennis                                    26.09%    passed     25.97%
 576  XP_018319801.1_lysozyme-like_Agrilus_planipennis                                         27.54%    passed     28.54%
 577  XP_031352536.1_lysozyme-like_Photinus_pyralis                                            28.99%    passed     82.14%
 578  XP_055372737.1_lysozyme-like_Condylostylus_longicornis                                   34.78%    failed      0.37%
 579  XP_031343568.1_lysozyme_1-like_Photinus_pyralis                                          34.78%    passed     66.63%
 580  XP_021926418.1_invertebrate-type_lysozyme_3-like_Zootermopsis_nevadensis                 36.23%    passed     96.91%
 581  XP_063904539.1_lysozyme-like_Zophobas_morio                                              34.78%    passed     91.44%
 582  XP_063904776.1_lysozyme_1-like_Zophobas_morio                                            34.78%    passed     89.26%
 583  XP_050430202.1_lysozyme-like_Adelges_cooleyi                                             23.19%    failed      4.60%
 584  XP_050535823.1_lysozyme-like_Daktulosphaira_vitifoliae                                   23.19%    failed      4.18%
 585  XP_027836881.1_lysozyme-like_Aphis_gossypii                                              23.19%    passed     12.00%
 586  XP_025204808.1_lysozyme-like_Melanaphis_sacchari                                         23.19%    passed     12.00%
 587  XP_026813536.1_lysozyme-like_Rhopalosiphum_maidis                                        23.19%    passed     12.00%
 588  XP_060842535.1_lysozyme-like_Rhopalosiphum_padi                                          23.19%    passed     12.00%
 589  XP_022168136.1_lysozyme-like_Myzus_persicae                                              23.19%    failed      4.83%
 590  XP_015370545.1_lysozyme_2-like_Diuraphis_noxia                                           47.83%    failed      0.15%
 591  XP_063228967.1_invertebrate-type_lysozyme_3-like_Bacillus_rossius_redtenbacheri          26.09%    passed     53.05%
 592  XP_054267841.1_invertebrate-type_lysozyme_3-like_Macrosteles_quadrilineatus              23.19%    passed     47.84%
 593  XP_054268469.1_invertebrate-type_lysozyme_3-like_Macrosteles_quadrilineatus              23.19%    passed     47.84%
 594  XP_049773185.1_lysozyme_2-like_Schistocerca_cancellata                                   28.99%    passed     68.00%
 595  XP_049855937.1_lysozyme_2-like_Schistocerca_gregaria                                     28.99%    passed     68.00%
 596  XP_049803541.1_lysozyme_2-like_Schistocerca_nitens                                       28.99%    passed     68.00%
 597  XP_047108489.1_lysozyme_2-like_Schistocerca_piceifrons                                   28.99%    passed     68.00%
 598  XP_049947167.1_lysozyme_2-like_Schistocerca_serialis_cubense                             28.99%    passed     68.00%
 599  XP_014219639.1_lysozyme-like_Copidosoma_floridanum                                       34.78%    failed      0.25%
 600  XP_054266715.1_invertebrate-type_lysozyme_3-like_Macrosteles_quadrilineatus              31.88%    passed     80.16%
 601  XP_054267645.1_invertebrate-type_lysozyme_3-like_Macrosteles_quadrilineatus              31.88%    passed     94.81%
 602  XP_054266716.1_invertebrate-type_lysozyme_3-like_Macrosteles_quadrilineatus              31.88%    passed     95.85%
 603  XP_033229112.1_invertebrate-type_lysozyme_6-like_Belonocnema_kinseyi                     21.74%    passed     83.58%
 604  XP_037901473.1_lysozyme_1-like_Glossina_fuscipes                                         20.29%    passed      7.54%
 605  XP_015034393.3_lysozyme_Drosophila_willistoni                                            26.09%    passed      9.84%
 606  XP_039284897.1_lysozyme_Nilaparvata_lugens                                               30.43%    passed     22.32%
 607  XP_039284912.1_lysozyme-like_Nilaparvata_lugens                                          30.43%    passed     83.74%
 608  XP_039284906.1_lysozyme_2_Nilaparvata_lugens                                             30.43%    passed     20.74%
 609  XP_046989949.1_invertebrate-type_lysozyme_6-like_Schistocerca_americana                  30.43%    passed     36.80%
 610  XP_049947212.1_invertebrate-type_lysozyme_6-like_Schistocerca_serialis_cubense           30.43%    passed     36.80%
 611  XP_049803144.1_lysozyme-like_Schistocerca_nitens                                         30.43%    passed     77.38%
 612  XP_049771471.1_invertebrate-type_lysozyme_6-like_Schistocerca_cancellata                 30.43%    passed     79.19%
 613  XP_049856590.1_invertebrate-type_lysozyme_6-like_Schistocerca_gregaria                   30.43%    passed     86.95%
 614  XP_049771490.1_lysozyme-like_Schistocerca_cancellata                                     30.43%    passed     62.88%
 615  XP_049799396.1_lysozyme-like_Schistocerca_nitens                                         30.43%    passed     62.88%
 616  XP_047109048.1_lysozyme-like_Schistocerca_piceifrons                                     30.43%    passed     58.31%
 617  XP_049947236.1_lysozyme-like_Schistocerca_serialis_cubense                               30.43%    passed     62.88%
 618  XP_023724516.1_lysozyme_Cryptotermes_secundus                                            31.88%    passed     67.30%
 619  XP_021918552.1_lysozyme-like_Zootermopsis_nevadensis                                     31.88%    passed     74.44%
 620  XP_063243383.1_lysozyme-like_Bacillus_rossius_redtenbacheri                              26.09%    passed     83.96%
 621  XP_054267991.1_invertebrate-type_lysozyme_6-like_Macrosteles_quadrilineatus              24.64%    passed     77.91%
 622  XP_054269222.1_invertebrate-type_lysozyme_6-like_Macrosteles_quadrilineatus              24.64%    passed     75.33%
 623  XP_026480512.1_lysozyme-like_Ctenocephalides_felis                                       27.54%    passed     73.77%
 624  XP_046990304.1_invertebrate-type_lysozyme_2-like_Schistocerca_americana                  39.13%    passed     58.91%
 625  XP_049949603.1_invertebrate-type_lysozyme_2-like_Schistocerca_serialis_cubense           39.13%    passed     58.91%
 626  XP_047108614.1_invertebrate-type_lysozyme_2-like_Schistocerca_piceifrons                 39.13%    passed     58.91%
 627  XP_049850546.1_invertebrate-type_lysozyme_3-like_Schistocerca_gregaria                   39.13%    passed     77.15%
 628  XP_049799239.1_invertebrate-type_lysozyme_2-like_Schistocerca_nitens                     39.13%    passed     41.17%
 629  XP_067011504.2_lysozyme_Anabrus_simplex                                                  33.33%    failed      4.67%
 630  XP_022920100.2_lysozyme-like_Onthophagus_taurus                                          34.78%    passed     64.75%
 631  XP_039301533.1_lysozyme_2_Nilaparvata_lugens                                             30.43%    failed      0.38%
 632  XP_039275335.1_lysozyme_3-like_Nilaparvata_lugens                                        30.43%    failed      0.38%
 633  XP_039275329.1_lysozyme_3-like_Nilaparvata_lugens                                        30.43%    failed      0.38%
 634  XP_039275197.1_lysozyme_1-like_partial_Nilaparvata_lugens                                68.12%    passed     96.31%
 635  XP_039280379.1_invertebrate-type_lysozyme_3_Nilaparvata_lugens                           30.43%    failed      0.07%
 636  XP_044759552.1_lysozyme-like_Coccinella_septempunctata                                   31.88%    failed      1.60%
 637  XP_045475794.1_lysozyme-like_Harmonia_axyridis                                           31.88%    failed      0.08%
 638  XP_063904777.1_invertebrate-type_lysozyme_6-like_Zophobas_morio                          36.23%    passed     17.15%
 639  XP_059482021.1_invertebrate-type_lysozyme_3-like_Neocloeon_triangulifer                  21.74%    failed      0.16%
 640  XP_037051783.1_lysozyme_C-like_Bradysia_coprophila                                       36.23%    passed     42.11%
 641  XP_037051839.1_lysozyme_C-like_Bradysia_coprophila                                       36.23%    passed     13.35%
 642  XP_063706443.1_lysozyme_C_milk_isozyme-like_Culicoides_brevitarsis                       50.72%    passed     72.61%
 643  XP_021695199.1_putative_lysozyme-like_protein_Aedes_aegypti                              66.67%    failed      0.03%
 644  XP_030246004.1_putative_lysozyme-like_protein_partial_Drosophila_navojoa                 56.52%    failed      0.00%
 645  XP_008473820.1_putative_lysozyme-like_protein_Diaphorina_citri                           63.77%    failed      0.00%
 646  XP_034240554.1_putative_lysozyme-like_protein_Thrips_palmi                               73.91%    failed      0.00%
 647  XP_016923917.2_uncharacterized_protein_Drosophila_suzukii                                84.06%    failed      0.00%
 648  XP_058127075.1_putative_lysozyme-like_protein_Anopheles_coustani                         50.72%    failed      0.00%
 649  XP_058170575.1_putative_lysozyme-like_protein_Anopheles_ziemanni                         50.72%    failed      0.00%
 650  XP_055615335.1_putative_lysozyme-like_protein_Toxorhynchites_rutilus                     60.87%    failed      1.17%
 651  XP_050071042.1_putative_lysozyme-like_protein_Anopheles_maculipalpis                     72.46%    passed      5.34%
 652  XP_041982927.1_putative_lysozyme-like_protein_Aricia_agestis                             75.36%    failed      0.00%
 653  XP_031782212.1_putative_lysozyme-like_protein_Nasonia_vitripennis                        59.42%    failed      0.03%
 654  XP_015522428.1_putative_lysozyme-like_protein_Neodiprion_lecontei                        53.62%    failed      0.00%
 655  XP_046476286.1_putative_lysozyme-like_protein_Neodiprion_pinetum                         53.62%    failed      0.00%
 656  XP_046615841.1_putative_lysozyme-like_protein_Neodiprion_virginianus                     53.62%    failed      0.00%
 657  XP_043500789.1_putative_lysozyme-like_protein_Polistes_fuscatus                          55.07%    failed      0.00%
 658  XP_011638865.1_keratin_type_II_cytoskeletal_1_Pogonomyrmex_barbatus                      60.87%    failed      0.00%
 659  XP_011868223.1_keratin_type_II_cytoskeletal_1_Vollenhovia_emeryi                         55.07%    failed      0.00%
 660  XP_039302751.1_keratin_type_II_cytoskeletal_1_Solenopsis_invicta                         56.52%    failed      0.00%
 661  XP_031625518.1_putative_lysozyme-like_protein_Contarinia_nasturtii                       65.22%    failed      0.00%
 662  XP_049786136.1_putative_lysozyme-like_protein_Schistocerca_cancellata                    72.46%    failed      0.00%
 663  XP_050452203.1_putative_lysozyme-like_protein_Cataglyphis_hispanica                      82.61%    failed      0.00%
 664  XP_017493395.1_probable_GH_family_25_lysozyme_3_partial_Rhagoletis_zephyria              65.22%    passed     58.12%
 665  XP_017491120.1_putative_lysozyme-like_protein_partial_Rhagoletis_zephyria                73.91%    passed     59.32%
 666  XP_053964249.1_putative_lysozyme-like_protein_Anastrepha_ludens                          52.17%    failed      0.00%
 667  XP_054737879.1_putative_lysozyme-like_protein_Anastrepha_obliqua                         52.17%    failed      0.00%
 668  XP_016951693.2_probable_GH_family_25_lysozyme_3_Drosophila_biarmipes                     59.42%    failed      0.00%
 669  XP_054279360.1_putative_lysozyme-like_protein_Macrosteles_quadrilineatus                 68.12%    failed      0.00%
 670  XP_061388274.1_putative_lysozyme-like_protein_Musca_vetustissima                         49.28%    failed      0.01%
 671  XP_030380838.1_putative_lysozyme-like_protein_Scaptodrosophila_lebanonensis              53.62%    failed      0.00%
 672  XP_037954643.1_putative_lysozyme-like_protein_Teleopsis_dalmanni                         55.07%    failed      0.00%
 673  XP_069966346.1_putative_per-hexamer_repeat_protein_5_Bactrocera_oleae                    59.42%    failed      0.01%
 674  XP_055613148.1_putative_lysozyme-like_protein_partial_Uranotaenia_lowii                  65.22%    failed      0.01%
 675  XP_050091519.1_putative_lysozyme-like_protein_Anopheles_aquasalis                        53.62%    failed      0.59%
 676  XP_053660514.1_putative_lysozyme-like_protein_Anopheles_marshallii                       53.62%    failed      0.29%
 677  XP_014204101.1_spore_coat_protein_SP96-like_Copidosoma_floridanum                        56.52%    failed      0.00%
 678  XP_021694274.1_putative_lysozyme-like_protein_Aedes_aegypti                              56.52%    failed      0.00%
 679  XP_040157147.1_putative_lysozyme-like_protein_Anopheles_arabiensis                       44.93%    failed      0.18%
 680  XP_053667490.1_probable_GH_family_25_lysozyme_3_Anopheles_marshallii                     44.93%    failed      3.50%
 681  XP_038106835.1_putative_lysozyme-like_protein_Culex_quinquefasciatus                     69.57%    failed      0.36%
 682  XP_046865487.1_putative_lysozyme-like_protein_Drosophila_willistoni                      39.13%    failed      0.00%
 683  XP_047113421.1_putative_lysozyme-like_protein_Schistocerca_piceifrons                    39.13%    failed      0.00%
 684  XP_046979531.1_putative_lysozyme-like_protein_Schistocerca_americana                     40.58%    failed      0.00%
 685  XP_047097686.1_putative_lysozyme-like_protein_Schistocerca_piceifrons                    43.48%    failed      0.00%
 686  XP_055523203.1_putative_lysozyme-like_protein_Wyeomyia_smithii                           50.72%    failed      0.00%
 687  XP_054015848.1_probable_GH_family_25_lysozyme_3_Hylaeus_anthracinus                      68.12%    failed      0.93%
 688  XP_050072660.1_putative_lysozyme-like_protein_Anopheles_maculipalpis                     63.77%    failed      0.00%
 689  XP_017865164.1_putative_lysozyme-like_protein_Drosophila_arizonae                        69.57%    failed      0.01%
 690  XP_043866646.1_putative_lysozyme-like_protein_Drosophila_mojavensis                      69.57%    failed      0.01%
 691  XP_017494987.1_putative_lysozyme-like_protein_partial_Rhagoletis_zephyria                47.83%    failed      0.00%
 692  XP_001978252.1_putative_lysozyme-like_protein_Drosophila_erecta                          53.62%    failed      0.90%
 693  XP_052855382.1_putative_lysozyme-like_protein_Drosophila_gunungcola                      53.62%    failed      1.11%
 694  XP_044763113.1_probable_GH_family_25_lysozyme_3_Coccinella_septempunctata                55.07%    failed      0.00%
 695  XP_036342605.1_putative_lysozyme-like_protein_partial_Rhagoletis_pomonella               52.17%    failed      0.00%
 696  XP_036342628.1_putative_lysozyme-like_protein_partial_Rhagoletis_pomonella               52.17%    failed      0.00%
 697  XP_055590785.1_lysozyme_D-like_Uranotaenia_lowii                                         63.77%    failed      0.00%
 698  XP_061391822.1_putative_lysozyme-like_protein_Musca_vetustissima                         57.97%    failed      0.17%
 699  XP_046981437.1_putative_lysozyme-like_protein_Schistocerca_americana                     66.67%    failed      0.00%
 700  XP_034107569.1_probable_serine/threonine-protein_kinase_Drosophila_albomicans            42.03%    failed      0.00%
 701  XP_058445182.1_putative_lysozyme-like_protein_Malaya_genurostris                         66.67%    failed      0.80%
 702  XP_070141414.1_autotransporter_adhesin_BpaC_Drosophila_kikkawai                          43.48%    passed     21.78%
 703  XP_052124713.1_probable_GH_family_25_lysozyme_3_Frankliniella_occidentalis               52.17%    failed      0.00%
 704  XP_053664050.1_putative_lysozyme-like_protein_Anopheles_marshallii                       47.83%    failed      0.04%
 705  XP_026684076.1_putative_lysozyme-like_protein_Diaphorina_citri                           42.03%    failed      0.00%
 706  XP_057331750.1_putative_lysozyme-like_protein_Microplitis_mediator                       79.71%    failed      0.10%
 707  XP_026828985.1_putative_lysozyme-like_protein_Ooceraea_biroi                             36.23%    failed      0.00%
 708  XP_047023183.1_lysozyme_D-like_Helicoverpa_zea                                           53.62%    failed      0.27%
 709  XP_030751478.1_putative_lysozyme-like_protein_Sitophilus_oryzae                          47.83%    failed      0.00%
 710  XP_976143.2_putative_lysozyme-like_protein_Tribolium_castaneum                           49.28%    failed      0.00%
 711  XP_046869197.1_probable_GH_family_25_lysozyme_3_Drosophila_willistoni                    57.97%    failed      0.00%
 712  XP_058120776.1_putative_lysozyme-like_protein_Anopheles_coustani                         55.07%    failed      0.03%
 713  XP_058169820.1_putative_lysozyme-like_protein_Anopheles_ziemanni                         55.07%    failed      0.03%
 714  XP_053667156.1_putative_lysozyme-like_protein_Anopheles_marshallii                       40.58%    failed      0.00%
 715  XP_053672081.1_putative_lysozyme-like_protein_Anopheles_nili                             37.68%    failed      0.00%
 716  XP_035781745.1_putative_lysozyme-like_protein_partial_Anopheles_albimanus                59.42%    failed      0.00%
 717  XP_021712541.1_putative_lysozyme-like_protein_Aedes_aegypti                              59.42%    failed      0.14%
 718  XP_054734684.1_putative_lysozyme-like_protein_Anastrepha_obliqua                         42.03%    failed      0.01%
 719  XP_054085022.1_putative_lysozyme-like_protein_Zeugodacus_cucurbitae                      40.58%    failed      0.03%
 720  XP_022215147.1_putative_lysozyme-like_protein_Drosophila_obscura                         66.67%    failed      1.37%
 721  XP_062557523.1_probable_GH_family_25_lysozyme_3_Armigeres_subalbatus                     53.62%    failed      0.00%
 722  XP_046998751.1_putative_lysozyme-like_protein_Schistocerca_americana                     62.32%    passed     20.78%
 723  XP_049812530.1_putative_lysozyme-like_protein_Schistocerca_nitens                        62.32%    passed     34.93%
 724  XP_054734548.1_putative_lysozyme-like_protein_Anastrepha_obliqua                         50.72%    failed      0.00%
 725  XP_049833311.1_putative_lysozyme-like_protein_Schistocerca_gregaria                      49.28%    failed      0.00%
 726  XP_052863760.1_putative_lysozyme-like_protein_Anopheles_cruzii                           53.62%    failed      3.83%
 727  XP_012540137.2_putative_lysozyme-like_protein_Monomorium_pharaonis                       40.58%    failed      0.00%
 728  XP_030378877.1_putative_lysozyme-like_protein_partial_Scaptodrosophila_lebanonensis      60.87%    failed      0.00%
 729  XP_058063310.1_putative_lysozyme-like_protein_Anopheles_bellator                         36.23%    failed      0.00%
 730  XP_052863455.1_putative_lysozyme-like_protein_Anopheles_cruzii                           37.68%    failed      0.00%
 731  XP_049543262.1_putative_lysozyme-like_protein_Anopheles_darlingi                         40.58%    failed      0.01%
 732  XP_037954376.1_putative_lysozyme-like_protein_Teleopsis_dalmanni                         65.22%    failed      0.00%
 733  XP_058178322.1_putative_lysozyme-like_protein_Anopheles_ziemanni                         82.61%    failed      1.49%
 734  XP_049823641.1_putative_lysozyme-like_protein_Aethina_tumida                             57.97%    failed      1.15%
 735  XP_060529169.1_putative_lysozyme-like_protein_Cylas_formicarius                          57.97%    passed      5.54%
 736  XP_019756690.1_putative_lysozyme-like_protein_Dendroctonus_ponderosae                    62.32%    failed      0.00%
 737  XP_028128261.1_putative_lysozyme-like_protein_Diabrotica_virgifera_virgifera             59.42%    failed      0.00%
 738  XP_030768097.1_putative_lysozyme-like_protein_Sitophilus_oryzae                          56.52%    failed      0.00%
 739  XP_017116992.1_probable_GH_family_25_lysozyme_3_Drosophila_elegans                       33.33%    failed      0.00%
 740  XP_039481339.1_probable_GH_family_25_lysozyme_3_Drosophila_santomea                      33.33%    failed      0.00%
 741  XP_043644411.1_probable_GH_family_25_lysozyme_3_Drosophila_teissieri                     39.13%    failed      0.00%
 742  XP_014601542.1_putative_lysozyme-like_protein_Polistes_canadensis                        56.52%    failed      0.01%
 743  XP_017463514.1_putative_lysozyme-like_protein_partial_Rhagoletis_zephyria                53.62%    failed      0.07%
 744  XP_011880393.1_putative_lysozyme-like_protein_Vollenhovia_emeryi                         39.13%    failed      0.05%
 745  XP_049772101.1_putative_lysozyme-like_protein_partial_Schistocerca_cancellata            69.57%    failed      0.68%
 746  XP_062534619.1_putative_lysozyme-like_protein_Armigeres_subalbatus                       60.87%    failed      1.19%
 747  XP_063240529.1_putative_lysozyme-like_protein_Bacillus_rossius_redtenbacheri             69.57%    failed      0.00%
 748  XP_046994126.1_putative_lysozyme-like_protein_Schistocerca_americana                     59.42%    failed      0.00%
 749  XP_049957978.1_putative_lysozyme-like_protein_Schistocerca_serialis_cubense              59.42%    failed      0.00%
 750  XP_049860827.1_putative_lysozyme-like_protein_Schistocerca_gregaria                      59.42%    failed      0.00%
 751  XP_047112010.1_putative_lysozyme-like_protein_Schistocerca_piceifrons                    59.42%    failed      0.00%
 752  XP_039301664.1_putative_lysozyme-like_protein_Solenopsis_invicta                         36.23%    failed      0.00%
 753  XP_049777268.1_putative_lysozyme-like_protein_Schistocerca_cancellata                    44.93%    failed      0.00%
 754  XP_047112221.1_putative_lysozyme-like_protein_Schistocerca_piceifrons                    44.93%    failed      0.00%
 755  XP_030767237.1_putative_lysozyme-like_protein_Sitophilus_oryzae                          50.72%    failed      0.14%
 756  XP_011692453.1_putative_lysozyme-like_protein_Wasmannia_auropunctata                     53.62%    failed      2.34%
 757  XP_037717674.1_putative_lysozyme-like_protein_Drosophila_subpulchrella                   42.03%    failed      0.00%
 758  XP_034942337.1_probable_GH_family_25_lysozyme_3_Chelonus_insularis                       44.93%    failed      0.00%
 759  XP_022188949.2_putative_lysozyme-like_protein_Nilaparvata_lugens                         59.42%    failed      0.00%
 760  XP_054736410.1_putative_lysozyme-like_protein_Anastrepha_obliqua                         50.72%    failed      2.56%
 761  XP_035781549.1_putative_lysozyme-like_protein_Anopheles_albimanus                        56.52%    failed      0.03%
 762  XP_052868089.1_putative_lysozyme-like_protein_Anopheles_cruzii                           44.93%    failed      0.00%
 763  XP_058116678.1_putative_lysozyme-like_protein_Anopheles_coustani                         46.38%    failed      0.00%
 764  XP_050070670.1_putative_lysozyme-like_protein_Anopheles_maculipalpis                     42.03%    failed      0.00%
 765  XP_061402611.1_putative_lysozyme-like_protein_Musca_vetustissima                         81.16%    passed     39.27%
 766  XP_066596238.1_probable_GH_family_25_lysozyme_3_Prorops_nasuta                           50.72%    passed     91.94%
 767  XP_065335973.1_peroxisomal_membrane_protein_PEX13-like_Cloeon_dipterum                   66.67%    failed      0.00%
 768  Calliphora_vicina_lysozyme_1-like_XM_065499793.1                                         37.68%    passed     90.95%
 769  Calliphora_vicina_lysozyme_1-like_XM_065499876.1                                         37.68%    passed     90.95%
 770  Calliphora_vicina_lysozyme_1-like_XM_065499877.1                                         37.68%    passed     90.95%
 771  Calliphora_vomitoria_LysC11                                                              37.68%    passed     90.95%
 772  Calliphora_vomitoria_LysC12                                                              37.68%    passed     90.95%
 773  Calliphora_vomitoria_LysC15                                                              37.68%    passed     90.95%
 774  Calliphora_vicina_lysozyme_1-like_XM_065500492.1                                         37.68%    passed     90.95%
 775  Calliphora_vicina_lysozyme_1-like_XM_065500526.1                                         37.68%    passed     90.95%
 776  Calliphora_vomitoria_LysC13                                                              37.68%    passed     88.53%
 777  Calliphora_vomitoria_LysC16                                                              37.68%    passed     88.53%
 778  Calliphora_vicina_lysozyme_1-like_XM_065500692.1                                         37.68%    passed     90.95%
 779  Calliphora_vicina_lysozyme_1-like_XM_065500622.1                                         37.68%    passed     88.53%
 780  Calliphora_vicina_lysozyme_1-like_XM_065500698.1                                         37.68%    passed     89.56%
 781  Calliphora_vomitoria_LysC14                                                              37.68%    passed     90.95%
 782  Phormia_regina_LysC4                                                                     37.68%    passed     82.75%
 783  Cochliomyia_hominivoraxUS_LysC6                                                          37.68%    passed     90.95%
 784  Protophormia_terraenovae_LysC20                                                          37.68%    passed     69.93%
 785  Lucilia_sericata_lysozyme_1-like_XM_037963752.1                                          37.68%    passed     72.16%
 786  Lucilia_sericata_lysozyme_1-like_XM_037963759.1                                          37.68%    passed     72.16%
 787  Lucilia_sericata_lysozyme_1-like_XM_037963757.1                                          37.68%    passed     72.16%
 788  Lucilia_sericata_lysozyme_1-like_XM_037963756.1                                          37.68%    passed     72.16%
 789  Lucilia_sericata_lysozyme_1-like_XM_037963760.1                                          37.68%    passed     72.16%
 790  Lucilia_cuprina_lysozyme_1-like_XM_023448798.2                                           37.68%    passed     72.16%
 791  Lucilia_sericata_lysozyme_1-like_XM_037963755.1                                          37.68%    passed     72.16%
 792  Lucilia_cuprina_lysozyme_1-like_XM_023448796.2                                           37.68%    passed     72.16%
 793  Lucilia_cuprina_lysozyme_1-like_XM_023448799.2                                           37.68%    passed     72.16%
 794  Lucilia_sericata_lysozyme_1-like_XM_037963758.1                                          37.68%    passed     72.16%
 795  Lucilia_cuprina_lysozyme_1-like_XM_023448797.2                                           37.68%    passed     72.16%
 796  Chrysomya_megacephala_LysC3                                                              37.68%    passed     85.90%
 797  Chrysomya_megacephala_LysC4                                                              37.68%    passed     85.90%
 798  Chrysomya_megacephala_LysC5                                                              37.68%    passed     85.90%
 799  Phyto_melanocephala_LysC4                                                                37.68%    passed     74.48%
 800  Protophormia_terraenovae_LysC19                                                          37.68%    passed     83.29%
 801  Phormia_regina_LysC5                                                                     37.68%    passed     82.61%
 802  Cochliomyia_hominivoraxUS_LysC3                                                          37.68%    passed     81.19%
 803  Calliphora_vicina_lysozyme_1-like_XM_065511310.1                                         37.68%    passed     96.09%
 804  Calliphora_vomitoria_LysC7                                                               37.68%    passed     96.09%
 805  Calliphora_vomitoria_LysC6                                                               37.68%    passed     96.09%
 806  Calliphora_vomitoria_LysC8                                                               37.68%    passed     96.09%
 807  Musca_domestica_lysozyme_1_XM_059127590.1                                                37.68%    passed     91.03%
 808  Musca_domestica_lysozyme_1_XM_059127601.1                                                37.68%    passed     91.03%
 809  Musca_domestica_lysozyme_1_XM_020037574.2                                                37.68%    passed     91.03%
 810  Musca_domestica_lysozyme_1_XM_005185770.4                                                37.68%    passed     91.03%
 811  Musca_domestica_lysozyme_1_XM_059127595.1                                                37.68%    passed     91.03%
 812  Musca_domestica_lysozyme_1_NM_001308972.2                                                37.68%    passed     91.03%
 813  Musca_domestica_lysozyme_1-like_XM_020037581.2                                           37.68%    passed     91.03%
 814  Musca_domestica_lysozyme_1_XM_059127597.1                                                37.68%    passed     91.03%
 815  Musca_domestica_lysozyme_1-like_XM_005185778.4                                           37.68%    passed     91.03%
 816  Musca_domestica_lysozyme_1-like_XM_059127598.1                                           37.68%    passed     91.03%
 817  Musca_domestica_lysozyme_1_XM_059127599.1                                                37.68%    passed     91.03%
 818  XP_058983581.1_lysozyme_1-like_Musca_domestica                                           37.68%    passed     91.03%
 819  Musca_domestica_lysozyme_1-like_XM_059127594.1                                           37.68%    passed     86.22%
 820  Musca_domestica_lysozyme_1-like_XM_059127596.1                                           37.68%    passed     91.03%
 821  Musca_domestica_lysozyme_1-like_XM_020037580.2                                           37.68%    passed     91.03%
 822  Musca_domestica_lysozyme_1-like_XM_059127603.1                                           37.68%    passed     90.03%
 823  Musca_domestica_lysozyme_1-like_XM_059127591.1                                           37.68%    passed     91.03%
 824  Musca_domestica_lysozyme_1-like_XM_059127602.1                                           37.68%    passed     91.03%
 825  Musca_domestica_lysozyme_1-like_XM_059127592.1                                           37.68%    passed     91.03%
 826  XP_061393098.1_lysozyme_1_Musca_vetustissima                                             37.68%    passed     91.03%
 827  XP_061393099.1_lysozyme_1_Musca_vetustissima                                             37.68%    passed     91.03%
 828  XP_061393105.1_lysozyme_1-like_Musca_vetustissima                                        37.68%    passed     91.03%
 829  XP_061393134.1_lysozyme_1-like_Musca_vetustissima                                        37.68%    passed     91.03%
 830  Musca_domestica_lysozyme_1-like_XM_005185779.4                                           37.68%    passed     91.03%
 831  XP_061393102.1_lysozyme_1-like_Musca_vetustissima                                        37.68%    passed     93.98%
 832  XP_061393100.1_lysozyme_1-like_Musca_vetustissima                                        37.68%    passed     93.98%
 833  XP_061393101.1_lysozyme_1-like_Musca_vetustissima                                        37.68%    passed     93.98%
 834  XP_061393136.1_lysozyme_1-like_Musca_vetustissima                                        37.68%    passed     93.98%
 835  XP_061393103.1_lysozyme_1-like_Musca_vetustissima                                        37.68%    passed     93.98%
 836  XP_061393135.1_lysozyme_1-like_Musca_vetustissima                                        37.68%    passed     93.98%
 837  Protophormia_terraenovae_LysC10                                                          37.68%    passed     95.30%
 838  Protophormia_terraenovae_LysC11                                                          37.68%    passed     95.30%
 839  Phormia_regina_LysC8                                                                     37.68%    passed     95.30%
 840  Protophormia_terraenovae_LysC12                                                          37.68%    passed     96.17%
 841  Protophormia_terraenovae_LysC13                                                          37.68%    passed     96.17%
 842  Protophormia_terraenovae_LysC15                                                          37.68%    passed     91.26%
 843  Phormia_regina_LysC11                                                                    37.68%    passed     94.08%
 844  Chrysomya_rufifacies_LysC4                                                               37.68%    passed     94.41%
 845  Chrysomya_rufifacies_LysC6                                                               37.68%    passed     95.30%
 846  Cochliomyia_hominivoraxUS_LysC1                                                          37.68%    passed     89.21%
 847  Stomoxys_calcitrans_lysozyme_1_XM_059368529.1                                            37.68%    passed     89.50%
 848  Stomoxys_calcitrans_lysozyme_1_XM_059368530.1                                            37.68%    passed     89.50%
 849  Stomoxys_calcitrans_lysozyme_1_XM_059368531.1                                            37.68%    passed     89.50%
 850  Stomoxys_calcitrans_lysozyme_1_XM_013259399.2                                            37.68%    passed     89.50%
 851  Stomoxys_calcitrans_lysozyme_1_XM_059368532.1                                            37.68%    passed     89.50%
 852  Stomoxys_calcitrans_lysozyme_1_XM_013259396.2                                            37.68%    passed     89.50%
 853  Bellardia_bayeri_LysC4                                                                   37.68%    passed     94.35%
 854  Stomorhina_lunata_LysC6                                                                  37.68%    passed     97.73%
 855  Stomorhina_lunata_LysC7                                                                  37.68%    passed     97.73%
 856  XP_037950680.1_inactive_lysozyme_1A-like_Teleopsis_dalmanni                              37.68%    passed     97.61%
 857  XP_037952695.1_inactive_lysozyme_1A-like_Teleopsis_dalmanni                              37.68%    passed     97.61%
 858  XP_037951569.1_inactive_lysozyme_1A-like_Teleopsis_dalmanni                              37.68%    passed     98.07%
 859  XP_037952696.1_inactive_lysozyme_1A-like_Teleopsis_dalmanni                              37.68%    passed     98.07%
 860  XP_037952693.1_lysozyme_1_Teleopsis_dalmanni                                             37.68%    passed     96.17%
 861  Protophormia_terraenovae_LysC14                                                          37.68%    passed     90.99%
 862  Lucilia_cuprina_lysozyme_1-like_ChrmX_XM_046955367.1                                     60.87%    passed     90.47%
 863  Protophormia_terraenovae_LysC9                                                           37.68%    passed     97.00%
 864  Phormia_regina_LysC9                                                                     37.68%    passed     98.82%
 865  Protocalliphora_azurea_LysC2                                                             37.68%    passed     97.00%
 866  Chrysomya_megacephala_LysC1                                                              37.68%    passed     86.37%
 867  Chrysomya_megacephala_LysC7                                                              37.68%    passed     86.37%
 868  Chrysomya_megacephala_LysC8                                                              37.68%    passed     86.37%
 869  Chrysomya_megacephala_LysC16                                                             37.68%    passed     86.37%
 870  Chrysomya_megacephala_LysC17                                                             37.68%    passed     86.37%
 871  Cochliomyia_hominivoraxUS_LysC5                                                          37.68%    passed     79.28%
 872  Phyto_melanocephala_LysC3                                                                37.68%    passed     94.91%
 873  XP_053966453.1_lysozyme_1-like_Anastrepha_ludens                                         37.68%    passed     76.65%
 874  XP_054741317.1_lysozyme_1-like_Anastrepha_obliqua                                        37.68%    passed     76.65%
 875  XP_014102231.1_lysozyme_1_Bactrocera_oleae                                               37.68%    passed     21.04%
 876  XP_011206450.2_lysozyme_E-like_Bactrocera_dorsalis                                       37.68%    passed     55.86%
 877  XP_018784510.1_lysozyme_1-like_Bactrocera_latifrons                                      37.68%    passed     91.16%
 878  XP_050323066.1_lysozyme_1_Bactrocera_neohumeralis                                        37.68%    passed     89.87%
 879  XP_039957069.1_lysozyme_E-like_Bactrocera_tryoni                                         37.68%    passed     93.89%
 880  XP_011206449.2_lysozyme_1_Bactrocera_dorsalis                                            37.68%    passed     95.93%
 881  XP_050323073.1_lysozyme_1-like_Bactrocera_neohumeralis                                   37.68%    passed     94.91%
 882  XP_039957072.1_lysozyme_1-like_Bactrocera_tryoni                                         37.68%    passed     94.91%
 883  XP_036334584.1_lysozyme_1_Rhagoletis_pomonella                                           37.68%    passed     87.65%
 884  XP_034103459.1_lysozyme_D_Drosophila_albomicans                                          37.68%    passed     98.17%
 885  XP_051860878.1_lysozyme_D_Drosophila_albomicans                                          37.68%    passed     98.17%
 886  XP_034103463.1_lysozyme_D_Drosophila_albomicans                                          37.68%    passed     98.17%
 887  XP_060660915.1_lysozyme_D_Drosophila_nasuta                                              37.68%    passed     98.17%
 888  XP_062130800.1_lysozyme_D_Drosophila_sulfurigaster_albostrigata                          37.68%    passed     98.17%
 889  XP_060660914.1_lysozyme_D-like_Drosophila_nasuta                                         37.68%    passed     97.52%
 890  XP_060660917.1_lysozyme_D-like_Drosophila_nasuta                                         37.68%    passed     98.17%
 891  XP_062130797.1_lysozyme_D-like_Drosophila_sulfurigaster_albostrigata                     37.68%    passed     98.17%
 892  XP_062130799.1_lysozyme_D-like_Drosophila_sulfurigaster_albostrigata                     37.68%    passed     98.17%
 893  XP_034103462.1_lysozyme_E-like_Drosophila_albomicans                                     37.68%    passed     98.13%
 894  XP_060658458.1_lysozyme_E-like_Drosophila_nasuta                                         37.68%    passed     98.13%
 895  XP_062130801.1_lysozyme_E-like_Drosophila_sulfurigaster_albostrigata                     37.68%    passed     98.13%
 896  XP_017860579.1_lysozyme_A/C-like_Drosophila_arizonae                                     37.68%    passed     96.73%
 897  XP_001983608.1_lysozyme_A/C_Drosophila_grimshawi                                         37.68%    passed     96.23%
 898  XP_001983607.1_lysozyme_A/C_Drosophila_grimshawi                                         37.68%    passed     96.23%
 899  XP_023167108.1_lysozyme_A/C-like_Drosophila_hydei                                        37.68%    passed     96.23%
 900  XP_030079514.1_lysozyme_A/C-like_Drosophila_hydei                                        37.68%    passed     96.23%
 901  XP_023169112.1_lysozyme_A/C-like_Drosophila_hydei                                        37.68%    passed     96.23%
 902  XP_030079472.1_lysozyme_A/C-like_Drosophila_hydei                                        37.68%    passed     96.23%
 903  XP_002046428.1_lysozyme_A/C_Drosophila_virilis                                           37.68%    passed     96.23%
 904  XP_030560723.1_lysozyme_A/C-like_Drosophila_novamexicana                                 37.68%    passed     96.23%
 905  XP_001983604.1_lysozyme_A/C_Drosophila_grimshawi                                         37.68%    passed     98.53%
 906  XP_001983609.1_lysozyme_A/C_Drosophila_grimshawi                                         37.68%    passed     98.53%
 907  XP_002012059.1_lysozyme_A/C_Drosophila_mojavensis                                        37.68%    passed     96.73%
 908  XP_002012065.1_lysozyme_A/C_Drosophila_mojavensis                                        37.68%    passed     96.23%
 909  XP_002012064.1_lysozyme_A/C_Drosophila_mojavensis                                        37.68%    passed     96.23%
 910  XP_017863134.1_lysozyme_D-like_Drosophila_arizonae                                       37.68%    passed     92.02%
 911  XP_017863135.1_lysozyme_D-like_Drosophila_arizonae                                       37.68%    passed     97.30%
 912  XP_002012058.1_lysozyme_D_Drosophila_mojavensis                                          37.68%    passed     97.30%
 913  XP_002012057.1_lysozyme_D_Drosophila_mojavensis                                          37.68%    passed     97.30%
 914  XP_002012060.1_lysozyme_D_Drosophila_mojavensis                                          37.68%    passed     97.30%
 915  XP_030241752.1_lysozyme_D-like_Drosophila_navojoa                                        37.68%    passed     87.33%
 916  XP_030241750.1_lysozyme_D-like_Drosophila_navojoa                                        37.68%    passed     87.33%
 917  XP_030241751.1_lysozyme_D_Drosophila_navojoa                                             37.68%    passed     94.78%
 918  XP_030241748.1_lysozyme_D_Drosophila_navojoa                                             37.68%    passed     94.78%
 919  XP_017956439.2_lysozyme_D_Drosophila_navojoa                                             37.68%    passed     94.78%
 920  XP_030241749.1_lysozyme_D-like_Drosophila_navojoa                                        37.68%    passed     94.78%
 921  XP_023167110.1_lysozyme_D_Drosophila_hydei                                               37.68%    passed     94.78%
 922  XP_023167109.2_lysozyme_D_Drosophila_hydei                                               37.68%    passed     94.78%
 923  XP_030079481.1_lysozyme_D_Drosophila_hydei                                               37.68%    passed     94.78%
 924  XP_030079480.1_lysozyme_D_Drosophila_hydei                                               37.68%    passed     94.78%
 925  XP_030079515.1_lysozyme_D_Drosophila_hydei                                               37.68%    passed     94.78%
 926  XP_017863136.1_lysozyme_D_Drosophila_arizonae                                            37.68%    passed     97.30%
 927  XP_017841291.1_lysozyme_B_Drosophila_busckii                                             37.68%    passed     93.76%
 928  XP_033149700.1_lysozyme_A/C-like_Drosophila_busckii                                      37.68%    passed     96.73%
 929  XP_017842468.2_lysozyme_A/C-like_Drosophila_busckii                                      37.68%    passed     96.73%
 930  XP_064541586.1_lysozyme_B-like_Drosophila_montana                                        37.68%    passed     98.43%
 931  XP_064541590.1_lysozyme_A/C_Drosophila_montana                                           37.68%    passed     99.56%
 932  XP_030560721.1_lysozyme_A/C_Drosophila_novamexicana                                      37.68%    passed     99.56%
 933  XP_030560724.1_lysozyme_A/C-like_Drosophila_novamexicana                                 37.68%    passed     99.56%
 934  XP_032289312.2_lysozyme_A/C_Drosophila_virilis                                           37.68%    passed     99.56%
 935  XP_002046433.1_lysozyme_A/C_Drosophila_virilis                                           37.68%    passed     99.56%
 936  XP_002046431.1_lysozyme_A/C_Drosophila_virilis                                           37.68%    passed     99.56%
 937  XP_030560719.1_lysozyme_A/C-like_Drosophila_novamexicana                                 37.68%    passed     99.56%
 938  XP_032291322.1_lysozyme_A/C_Drosophila_virilis                                           37.68%    passed     99.56%
 939  XP_064541636.1_lysozyme_B-like_Drosophila_montana                                        37.68%    passed     98.43%
 940  XP_034482082.1_lysozyme_B_Drosophila_innubila                                            37.68%    passed     99.22%
 941  XP_034482085.1_lysozyme_B_Drosophila_innubila                                            37.68%    passed     99.22%
 942  XP_034482086.1_lysozyme_B_Drosophila_innubila                                            37.68%    passed     99.22%
 943  XP_032309533.1_lysozyme_B-like_Drosophila_ananassae                                      37.68%    passed     98.08%
 944  XP_001956719.1_lysozyme_B_Drosophila_ananassae                                           37.68%    passed     98.08%
 945  XP_017103992.1_lysozyme_B_Drosophila_bipectinata                                         37.68%    passed     98.08%
 946  XP_002034873.2_lysozyme_B_Drosophila_sechellia                                           37.68%    passed     98.08%
 947  XP_002083181.2_lysozyme_B_Drosophila_simulans                                            37.68%    passed     98.08%
 948  XP_001956720.1_lysozyme_B_Drosophila_ananassae                                           37.68%    passed     98.08%
 949  P83972.1_RecName                                                                         37.68%    passed     98.08%
 950  XP_017127140.1_lysozyme_A/C_Drosophila_elegans                                           37.68%    passed     99.56%
 951  XP_017127139.1_lysozyme_A/C-like_Drosophila_elegans                                      37.68%    passed     99.56%
 952  XP_052847744.1_lysozyme_A/C_Drosophila_gunungcola                                        37.68%    passed     99.56%
 953  XP_001971094.1_lysozyme_A/C_Drosophila_erecta                                            37.68%    passed     99.56%
 954  XP_026833569.1_lysozyme_A/C_Drosophila_erecta                                            37.68%    passed     99.56%
 955  XP_001982999.1_lysozyme_A/C_Drosophila_erecta                                            37.68%    passed     99.56%
 956  XP_001982998.1_lysozyme_A/C_Drosophila_erecta                                            37.68%    passed     99.56%
 957  XP_033157261.1_lysozyme_A/C-like_Drosophila_mauritiana                                   37.68%    passed     99.56%
 958  XP_002034869.1_lysozyme_A/C_Drosophila_sechellia                                         37.68%    passed     99.56%
 959  XP_033157263.1_lysozyme_A/C_Drosophila_mauritiana                                        37.68%    passed     99.56%
 960  XP_033157264.1_lysozyme_A/C_Drosophila_mauritiana                                        37.68%    passed     99.56%
 961  XP_002034870.1_lysozyme_A/C_Drosophila_sechellia                                         37.68%    passed     99.56%
 962  XP_039149016.1_lysozyme_A/C_Drosophila_simulans                                          37.68%    passed     99.56%
 963  XP_016029777.2_lysozyme_A/C_Drosophila_simulans                                          37.68%    passed     99.56%
 964  XP_002093082.1_lysozyme_A/C_Drosophila_yakuba                                            37.68%    passed     99.56%
 965  XP_002093081.1_lysozyme_A/C_Drosophila_yakuba                                            37.68%    passed     99.56%
 966  XP_016993207.2_lysozyme_A/C_Drosophila_takahashii                                        37.68%    passed     99.56%
 967  XP_017063459.1_lysozyme_A/C_Drosophila_eugracilis                                        37.68%    passed     97.91%
 968  XP_002093080.1_lysozyme_A/C_Drosophila_yakuba                                            37.68%    passed     99.26%
 969  XP_039488298.1_lysozyme_A/C-like_Drosophila_santomea                                     37.68%    passed     99.26%
 970  XP_002093083.1_lysozyme_A/C_Drosophila_yakuba                                            37.68%    passed     99.26%
 971  XP_043650681.1_lysozyme_A/C_Drosophila_teissieri                                         37.68%    passed     97.91%
 972  XP_043650680.1_lysozyme_A/C-like_Drosophila_teissieri                                    37.68%    passed     97.91%
 973  XP_043650683.1_lysozyme_A/C-like_Drosophila_teissieri                                    37.68%    passed     97.91%
 974  XP_039488295.1_lysozyme_A/C-like_Drosophila_santomea                                     37.68%    passed     98.14%
 975  XP_017063458.1_lysozyme_A/C-like_Drosophila_eugracilis                                   37.68%    passed     97.91%
 976  XP_039488289.1_lysozyme_A/C-like_Drosophila_santomea                                     37.68%    passed     99.77%
 977  XP_016993203.3_lysozyme_A/C_Drosophila_takahashii                                        37.68%    passed     97.91%
 978  XP_016954853.2_lysozyme_A/C-like_partial_Drosophila_biarmipes                            37.68%    passed     95.72%
 979  XP_016956899.1_lysozyme_A/C_Drosophila_biarmipes                                         37.68%    passed     95.72%
 980  XP_016956922.1_lysozyme_A/C-like_Drosophila_biarmipes                                    37.68%    passed     95.72%
 981  XP_037722984.1_lysozyme_A/C_Drosophila_subpulchrella                                     37.68%    passed     97.91%
 982  XP_016934099.1_lysozyme_A/C_Drosophila_suzukii                                           37.68%    passed     97.91%
 983  XP_036670261.1_lysozyme_A/C_Drosophila_suzukii                                           37.68%    passed     97.91%
 984  XP_037722986.1_lysozyme_A/C-like_Drosophila_subpulchrella                                37.68%    passed     97.91%
 985  XP_016934100.2_lysozyme_A/C_Drosophila_suzukii                                           37.68%    passed     97.91%
 986  XP_033157265.1_lysozyme_B_Drosophila_mauritiana                                          37.68%    passed     99.56%
 987  XP_016969740.2_lysozyme_A/C_Drosophila_rhopaloa                                          37.68%    passed     98.59%
 988  XP_044313922.1_lysozyme_A/C-like_Drosophila_rhopaloa                                     37.68%    passed     95.04%
 989  XP_016984106.1_lysozyme_A/C-like_Drosophila_rhopaloa                                     37.68%    passed     95.04%
 990  XP_016984111.1_lysozyme_A/C-like_Drosophila_rhopaloa                                     37.68%    passed     95.04%
 991  P37159.2_RecName                                                                         37.68%    passed     99.55%
 992  XP_017063462.1_lysozyme_B_Drosophila_eugracilis                                          37.68%    passed     98.65%
 993  XP_016993208.2_lysozyme_E_Drosophila_takahashii                                          37.68%    passed     97.68%
 994  XP_044250346.1_lysozyme_D-like_Drosophila_takahashii                                     37.68%    passed     97.68%
 995  XP_017059594.1_lysozyme_B-like_Drosophila_ficusphila                                     37.68%    passed     97.90%
 996  XP_017059593.1_lysozyme_B-like_Drosophila_ficusphila                                     37.68%    passed     99.50%
 997  XP_017017725.2_lysozyme_B-like_Drosophila_kikkawai                                       37.68%    passed     97.62%
 998  XP_041632269.1_lysozyme_B-like_Drosophila_kikkawai                                       37.68%    passed     97.62%
 999  XP_017017767.1_lysozyme_B-like_Drosophila_kikkawai                                       37.68%    passed     97.62%
1000  XP_020801524.1_lysozyme_B-like_Drosophila_serrata                                        37.68%    passed     97.62%
1001  XP_020801523.1_lysozyme_B-like_Drosophila_serrata                                        37.68%    passed     97.62%
1002  XP_017017771.1_lysozyme_B_Drosophila_kikkawai                                            37.68%    passed     97.62%
1003  XP_020801521.1_lysozyme_D_Drosophila_serrata                                             37.68%    passed     97.62%
1004  XP_020801518.1_lysozyme_B-like_Drosophila_serrata                                        37.68%    passed     97.62%
1005  XP_020801519.1_lysozyme_B-like_Drosophila_serrata                                        37.68%    passed     97.62%
1006  XP_041632270.1_lysozyme_D-like_Drosophila_kikkawai                                       37.68%    passed     97.62%
1007  XP_041632265.2_lysozyme_B-like_Drosophila_kikkawai                                       37.68%    passed     97.62%
1008  XP_017103996.2_lysozyme_D-like_Drosophila_bipectinata                                    37.68%    passed     93.86%
1009  XP_032309534.1_lysozyme_E-like_Drosophila_ananassae                                      37.68%    passed     96.85%
1010  XP_017103990.2_lysozyme_E-like_Drosophila_bipectinata                                    37.68%    passed     99.55%
1011  XP_017103994.2_lysozyme_E-like_Drosophila_bipectinata                                    37.68%    passed     99.55%
1012  XP_001956722.1_lysozyme_E_Drosophila_ananassae                                           37.68%    passed     96.85%
1013  XP_034133758.1_lysozyme_D-like_Drosophila_guanche                                        37.68%    passed     98.79%
1014  XP_034133766.1_lysozyme_D_Drosophila_guanche                                             37.68%    passed     98.79%
1015  XP_034133765.1_lysozyme_D-like_Drosophila_guanche                                        37.68%    passed     98.79%
1016  XP_034133767.1_lysozyme_D-like_Drosophila_guanche                                        37.68%    passed     98.79%
1017  XP_034133763.1_lysozyme_D-like_Drosophila_guanche                                        37.68%    passed     98.79%
1018  XP_017137331.1_lysozyme_D-like_Drosophila_miranda                                        37.68%    passed     98.45%
1019  XP_034655124.1_lysozyme_D_Drosophila_subobscura                                          37.68%    passed     98.91%
1020  XP_034655132.1_lysozyme_D_Drosophila_subobscura                                          37.68%    passed     98.91%
1021  XP_034655131.1_lysozyme_D-like_Drosophila_subobscura                                     37.68%    passed     98.91%
1022  XP_017137323.2_lysozyme_B-like_Drosophila_miranda                                        37.68%    passed     99.35%
1023  XP_017137322.1_lysozyme_A/C-like_Drosophila_miranda                                      37.68%    passed     99.35%
1024  XP_022226714.2_lysozyme_D_Drosophila_obscura                                             37.68%    passed     98.08%
1025  XP_022226712.2_lysozyme_D_Drosophila_obscura                                             37.68%    passed     98.08%
1026  XP_041450587.1_lysozyme_D_Drosophila_obscura                                             37.68%    passed     98.08%
1027  XP_022226718.1_lysozyme_D_Drosophila_obscura                                             37.68%    passed     98.08%
1028  XP_026849746.1_lysozyme_D-like_Drosophila_persimilis                                     37.68%    passed     99.13%
1029  XP_026849747.1_lysozyme_D-like_Drosophila_persimilis                                     37.68%    passed     99.13%
1030  XP_002026118.2_lysozyme_D_Drosophila_persimilis                                          37.68%    passed     99.13%
1031  XP_002026116.1_lysozyme_D_Drosophila_persimilis                                          37.68%    passed     99.13%
1032  XP_034655128.1_lysozyme_A/C-like_Drosophila_subobscura                                   37.68%    passed     99.35%
1033  XP_017137333.2_lysozyme_A/C_Drosophila_miranda                                           37.68%    passed     99.25%
1034  XP_017137334.2_lysozyme_A/C_Drosophila_miranda                                           37.68%    passed     99.25%
1035  XP_033242420.1_lysozyme_A/C_Drosophila_miranda                                           37.68%    passed     99.25%
1036  XP_002026119.1_lysozyme_A/C_Drosophila_persimilis                                        37.68%    passed     99.25%
1037  XP_002026115.1_lysozyme_A/C_Drosophila_persimilis                                        37.68%    passed     99.25%
1038  XP_002026117.2_lysozyme_A/C_Drosophila_persimilis                                        37.68%    passed     99.25%
1039  XP_030375504.1_lysozyme_D-like_Scaptodrosophila_lebanonensis                             37.68%    passed     97.62%
1040  XP_030375505.1_lysozyme_D_Scaptodrosophila_lebanonensis                                  37.68%    passed     97.62%
1041  XP_030375506.1_lysozyme_D_Scaptodrosophila_lebanonensis                                  37.68%    passed     97.62%
1042  XP_030375509.1_lysozyme_D-like_Scaptodrosophila_lebanonensis                             37.68%    passed     95.95%
1043  XP_030375510.1_lysozyme_D-like_Scaptodrosophila_lebanonensis                             37.68%    passed     95.95%
1044  XP_030375512.1_lysozyme_D-like_Scaptodrosophila_lebanonensis                             37.68%    passed     95.95%
1045  XP_030375513.1_lysozyme_D-like_Scaptodrosophila_lebanonensis                             37.68%    passed     95.95%
1046  XP_030375514.1_lysozyme_D-like_Scaptodrosophila_lebanonensis                             37.68%    passed     95.95%
1047  XP_030375517.1_lysozyme_D-like_Scaptodrosophila_lebanonensis                             37.68%    passed     95.95%
1048  XP_030375515.1_lysozyme_D-like_Scaptodrosophila_lebanonensis                             37.68%    passed     95.95%
1049  XP_068142053.1_lysozyme_B_Drosophila_tropicalis                                          37.68%    passed     95.72%
1050  XP_068142136.1_lysozyme_B-like_Drosophila_tropicalis                                     37.68%    passed     95.72%
1051  XP_002065979.1_lysozyme_B_Drosophila_willistoni                                          37.68%    passed     95.72%
1052  XP_002065981.1_lysozyme_B_Drosophila_willistoni                                          37.68%    passed     95.72%
1053  XP_002065978.1_lysozyme_B_Drosophila_willistoni                                          37.68%    passed     95.72%
1054  XP_068142017.1_lysozyme_B-like_Drosophila_tropicalis                                     37.68%    passed     95.72%
1055  XP_068141977.1_lysozyme_B-like_Drosophila_tropicalis                                     37.68%    passed     95.72%
1056  XP_002065980.1_lysozyme_B_Drosophila_willistoni                                          37.68%    passed     95.72%
1057  XP_002065982.1_lysozyme_B_Drosophila_willistoni                                          37.68%    passed     95.72%
1058  XP_064541587.1_lysozyme_A/C-like_Drosophila_montana                                      37.68%    passed     87.69%
1059  XP_064541588.1_lysozyme_A/C-like_Drosophila_montana                                      37.68%    passed     99.10%
1060  XP_030560720.1_lysozyme_A/C-like_Drosophila_novamexicana                                 37.68%    passed     98.76%
1061  XP_002046434.3_lysozyme_A/C_Drosophila_virilis                                           37.68%    passed     98.76%
1062  XP_032289307.1_lysozyme_B-like_Drosophila_virilis                                        37.68%    passed     98.76%
1063  XP_034103461.1_lysozyme_D-like_Drosophila_albomicans                                     37.68%    passed     97.57%
1064  XP_060660919.1_lysozyme_D-like_Drosophila_nasuta                                         37.68%    passed     97.57%
1065  XP_020801520.1_lysozyme_D-like_Drosophila_serrata                                        37.68%    passed     94.25%
1066  XP_034482088.1_lysozyme_1-like_Drosophila_innubila                                       37.68%    passed     94.36%
1067  XP_030375508.1_lysozyme_E-like_Scaptodrosophila_lebanonensis                             37.68%    passed     93.81%
1068  XP_034103466.1_lysozyme_D-like_Drosophila_albomicans                                     37.68%    passed     81.45%
1069  XP_062130803.1_lysozyme_D-like_Drosophila_sulfurigaster_albostrigata                     37.68%    passed     90.95%
1070  XP_034103467.1_lysozyme_E-like_Drosophila_albomicans                                     37.68%    passed     83.64%
1071  XP_060660920.1_lysozyme_D-like_Drosophila_nasuta                                         37.68%    passed     86.39%
1072  XP_060660921.1_lysozyme_E-like_Drosophila_nasuta                                         37.68%    passed     94.32%
1073  XP_062130804.1_lysozyme_E-like_Drosophila_sulfurigaster_albostrigata                     37.68%    passed     85.89%
1074  XP_001956716.1_lysozyme_S_Drosophila_ananassae                                           37.68%    passed     93.54%
1075  XP_017103995.2_lysozyme_S_Drosophila_bipectinata                                         37.68%    passed     86.55%
1076  XP_050741955.1_lysozyme_S_Drosophila_biarmipes                                           37.68%    passed     90.05%
1077  XP_037722982.1_lysozyme_S-like_Drosophila_subpulchrella                                  37.68%    passed     93.54%
1078  XP_037722985.1_lysozyme_S_Drosophila_subpulchrella                                       37.68%    passed     93.54%
1079  XP_016934102.3_lysozyme_S_Drosophila_suzukii                                             37.68%    passed     93.54%
1080  XP_016956933.1_lysozyme_S-like_Drosophila_biarmipes                                      37.68%    passed     93.54%
1081  XP_016984109.1_lysozyme_S_Drosophila_rhopaloa                                            37.68%    passed     93.54%
1082  XP_033157266.1_lysozyme_S_Drosophila_mauritiana                                          37.68%    passed     95.76%
1083  XP_016022646.2_lysozyme_S_Drosophila_simulans                                            37.68%    passed     95.76%
1084  XP_002076490.1_lysozyme_S_Drosophila_simulans                                            37.68%    passed     95.76%
1085  XP_039488293.1_lysozyme_S_Drosophila_santomea                                            37.68%    passed     95.76%
1086  XP_043650677.1_lysozyme_S_Drosophila_teissieri                                           37.68%    passed     95.76%
1087  XP_002093085.1_lysozyme_S_Drosophila_yakuba                                              37.68%    passed     95.76%
1088  P37160.2_RecName                                                                         37.68%    passed     95.76%
1089  XP_017063461.1_lysozyme_S-like_Drosophila_eugracilis                                     37.68%    passed     95.76%
1090  XP_017063463.1_lysozyme_S_Drosophila_eugracilis                                          37.68%    passed     95.76%
1091  XP_017059591.1_lysozyme_S_Drosophila_ficusphila                                          37.68%    passed     95.76%
1092  XP_017137327.1_lysozyme_S_Drosophila_miranda                                             37.68%    passed     95.76%
1093  XP_026849743.1_lysozyme_S_Drosophila_persimilis                                          37.68%    passed     95.76%
1094  XP_022226710.1_lysozyme_S_Drosophila_obscura                                             37.68%    passed     95.76%
1095  XP_034655127.1_lysozyme_S_Drosophila_subobscura                                          37.68%    passed     95.76%
1096  XP_016993204.2_lysozyme_S-like_Drosophila_takahashii                                     37.68%    passed     93.54%
1097  XP_016993206.1_lysozyme_S_Drosophila_takahashii                                          37.68%    passed     93.54%
1098  XP_052847745.1_lysozyme_S_Drosophila_gunungcola                                          37.68%    passed     87.05%
1099  XP_001971097.1_lysozyme_S_Drosophila_erecta                                              37.68%    passed     95.22%
1100  XP_017017764.1_lysozyme_S_Drosophila_kikkawai                                            37.68%    passed     95.76%
1101  XP_068141915.1_lysozyme_S_Drosophila_tropicalis                                          37.68%    passed     85.55%
1102  XP_002065984.1_lysozyme_S_Drosophila_willistoni                                          37.68%    passed     85.55%
1103  XP_001956717.1_lysozyme_P_Drosophila_ananassae                                           37.68%    passed     87.58%
1104  XP_017103991.2_lysozyme_P_Drosophila_bipectinata                                         37.68%    passed     78.76%
1105  XP_016956872.1_lysozyme_P_Drosophila_biarmipes                                           37.68%    passed     92.73%
1106  XP_037722981.1_lysozyme_P_Drosophila_subpulchrella                                       37.68%    passed     94.97%
1107  XP_016934098.2_lysozyme_P_Drosophila_suzukii                                             37.68%    passed     97.42%
1108  XP_017063457.1_lysozyme_P_Drosophila_eugracilis                                          37.68%    passed     77.37%
1109  XP_033157262.1_lysozyme_P_Drosophila_mauritiana                                          37.68%    passed     78.14%
1110  XP_032575946.1_lysozyme_P_Drosophila_sechellia                                           37.68%    passed     78.14%
1111  XP_016029776.1_lysozyme_P_Drosophila_simulans                                            37.68%    passed     78.14%
1112  XP_043650679.1_lysozyme_P_Drosophila_teissieri                                           37.68%    passed     78.14%
1113  P29615.1_RecName                                                                         37.68%    passed     89.43%
1114  XP_017127138.1_lysozyme_P_Drosophila_elegans                                             37.68%    passed     85.17%
1115  XP_052847743.1_lysozyme_P_Drosophila_gunungcola                                          37.68%    passed     85.17%
1116  XP_016993205.2_lysozyme_P_Drosophila_takahashii                                          37.68%    passed     92.25%
1117  XP_001971096.1_lysozyme_P_Drosophila_erecta                                              37.68%    passed     80.80%
1118  XP_034133759.1_lysozyme_B-like_Drosophila_guanche                                        37.68%    passed     95.60%
1119  XP_022226708.2_lysozyme_P_Drosophila_obscura                                             37.68%    passed     95.60%
1120  XP_017137325.1_lysozyme_E-like_Drosophila_miranda                                        37.68%    passed     94.81%
1121  XP_026849748.1_lysozyme_E-like_Drosophila_persimilis                                     37.68%    passed     94.81%
1122  XP_017059589.1_lysozyme_P-like_Drosophila_ficusphila                                     37.68%    passed     97.77%
1123  Paykullia_maculata_LysC1                                                                 37.68%    passed     82.06%
1124  XP_017860836.1_lysozyme_B-like_Drosophila_arizonae                                       47.83%    passed     98.94%
1125  XP_032310747.1_lysozyme_E-like_Drosophila_ananassae                                      37.68%    passed     96.85%
1126  XP_053966456.1_lysozyme_D-like_Anastrepha_ludens                                         37.68%    passed     98.41%
1127  XP_053966455.1_lysozyme_D-like_Anastrepha_ludens                                         37.68%    passed     98.41%
1128  XP_053966457.1_lysozyme_D-like_Anastrepha_ludens                                         37.68%    passed     98.41%
1129  XP_054741319.1_lysozyme_D-like_Anastrepha_obliqua                                        37.68%    passed     98.41%
1130  XP_054741318.1_lysozyme_D-like_Anastrepha_obliqua                                        37.68%    passed     99.19%
1131  XP_054737972.1_lysozyme_D-like_Anastrepha_obliqua                                        37.68%    passed     98.41%
1132  XP_011206451.1_lysozyme_B_Bactrocera_dorsalis                                            37.68%    passed     96.28%
1133  XP_011206453.2_lysozyme_B_Bactrocera_dorsalis                                            37.68%    passed     99.16%
1134  XP_011206452.1_lysozyme_B-like_Bactrocera_dorsalis                                       37.68%    passed     99.16%
1135  XP_050323068.1_lysozyme_B-like_Bactrocera_neohumeralis                                   37.68%    passed     97.96%
1136  XP_050323072.1_lysozyme_B-like_Bactrocera_neohumeralis                                   37.68%    passed     97.96%
1137  XP_050323069.1_lysozyme_B-like_Bactrocera_neohumeralis                                   37.68%    passed     97.96%
1138  XP_039957073.1_lysozyme_B-like_Bactrocera_tryoni                                         37.68%    passed     97.96%
1139  XP_049309706.1_lysozyme_B-like_Bactrocera_dorsalis                                       37.68%    passed     99.16%
1140  XP_050323070.1_lysozyme_B-like_Bactrocera_neohumeralis                                   37.68%    passed     97.48%
1141  XP_011206456.2_lysozyme_B-like_Bactrocera_dorsalis                                       37.68%    passed     98.90%
1142  XP_039957071.1_lysozyme_B-like_Bactrocera_tryoni                                         37.68%    passed     99.16%
1143  XP_011206454.1_lysozyme_B_Bactrocera_dorsalis                                            37.68%    passed     99.83%
1144  XP_018784508.1_lysozyme_D-like_Bactrocera_latifrons                                      37.68%    passed     97.16%
1145  XP_011180845.2_lysozyme_B-like_Zeugodacus_cucurbitae                                     37.68%    passed     98.90%
1146  XP_011180848.2_lysozyme_B_Zeugodacus_cucurbitae                                          37.68%    passed     98.90%
1147  XP_054088799.1_lysozyme_B-like_Zeugodacus_cucurbitae                                     37.68%    passed     98.90%
1148  XP_011180851.1_lysozyme_B-like_Zeugodacus_cucurbitae                                     37.68%    passed     98.59%
1149  XP_054088797.1_lysozyme_B-like_Zeugodacus_cucurbitae                                     37.68%    passed     98.59%
1150  XP_011206455.2_lysozyme_B-like_Bactrocera_dorsalis                                       37.68%    passed     98.87%
1151  XP_018784507.1_lysozyme_B-like_Bactrocera_latifrons                                      37.68%    passed     98.87%
1152  XP_050323065.1_lysozyme_B-like_Bactrocera_neohumeralis                                   37.68%    passed     98.87%
1153  XP_014102232.2_lysozyme_B_Bactrocera_oleae                                               37.68%    passed     91.25%
1154  XP_028895454.2_lysozyme_B-like_Zeugodacus_cucurbitae                                     37.68%    passed     95.64%
1155  XP_011180844.2_lysozyme_E-like_partial_Zeugodacus_cucurbitae                             37.68%    passed     93.20%
1156  XP_020717732.1_lysozyme_D-like_Ceratitis_capitata                                        37.68%    passed     95.58%
1157  XP_004517800.1_lysozyme_B-like_Ceratitis_capitata                                        37.68%    passed     96.61%
1158  XP_023158883.1_lysozyme_B-like_Ceratitis_capitata                                        37.68%    passed     96.61%
1159  XP_004517799.1_lysozyme_B_Ceratitis_capitata                                             37.68%    passed     96.61%
1160  XP_036334585.1_lysozyme_1-like_Rhagoletis_pomonella                                      37.68%    passed     77.31%
1161  XP_017473133.1_lysozyme_1-like_Rhagoletis_zephyria                                       37.68%    passed     81.13%
1162  XP_037950968.1_lysozyme_1-like_Teleopsis_dalmanni                                        37.68%    passed     91.43%
1163  XP_037952694.1_lysozyme_1-like_Teleopsis_dalmanni                                        37.68%    passed     91.43%
1164  Stomoxys_calcitrans_lysozyme_1-like_XM_013259394.2                                       37.68%    passed     90.02%
1165  Stomoxys_calcitrans_lysozyme_1-like_XM_013262540.2                                       37.68%    passed     93.55%
1166  XP_034103458.1_lysozyme_B-like_Drosophila_albomicans                                     37.68%    passed     86.98%
1167  XP_060660913.1_lysozyme_B-like_Drosophila_nasuta                                         37.68%    passed     80.01%
1168  XP_062130795.1_lysozyme_B-like_Drosophila_sulfurigaster_albostrigata                     37.68%    passed     87.77%
1169  XP_034482084.1_lysozyme_B-like_Drosophila_innubila                                       37.68%    passed     87.65%
1170  XP_023167111.1_lysozyme_B-like_Drosophila_hydei                                          37.68%    passed     83.44%
1171  XP_002012061.1_lysozyme_B_Drosophila_mojavensis                                          37.68%    passed     95.91%
1172  XP_017956436.1_lysozyme_B-like_Drosophila_navojoa                                        37.68%    passed     92.93%
1173  XP_064541634.1_lysozyme_B-like_Drosophila_montana                                        37.68%    passed     96.33%
1174  XP_030560717.1_lysozyme_A/C-like_Drosophila_novamexicana                                 37.68%    passed     98.12%
1175  XP_002046430.1_lysozyme_A/C_Drosophila_virilis                                           37.68%    passed     98.79%
1176  XP_001956727.1_lysozyme_X_Drosophila_ananassae                                           37.68%    passed     95.17%
1177  XP_017104049.2_lysozyme_X-like_Drosophila_bipectinata                                    37.68%    passed     94.14%
1178  XP_043069954.1_lysozyme_X-like_Drosophila_bipectinata                                    37.68%    passed     94.14%
1179  XP_016959139.1_lysozyme_X_Drosophila_biarmipes                                           37.68%    passed     97.28%
1180  XP_017063430.1_lysozyme_X-like_Drosophila_eugracilis                                     37.68%    passed     94.30%
1181  XP_017126756.1_lysozyme_X_Drosophila_elegans                                             37.68%    passed     96.83%
1182  XP_052847742.1_lysozyme_X-like_Drosophila_gunungcola                                     37.68%    passed     96.83%
1183  XP_016969769.2_lysozyme_X-like_Drosophila_rhopaloa                                       37.68%    passed     98.56%
1184  XP_016993245.3_lysozyme_X-like_Drosophila_takahashii                                     37.68%    passed     98.91%
1185  XP_001971088.1_lysozyme_X_Drosophila_erecta                                              37.68%    passed     98.41%
1186  XP_039488291.1_lysozyme_X_Drosophila_santomea                                            37.68%    passed     91.51%
1187  XP_002093075.1_lysozyme_X_Drosophila_yakuba                                              37.68%    passed     97.77%
1188  XP_043650678.1_lysozyme_X_Drosophila_teissieri                                           37.68%    passed     94.59%
1189  XP_041632263.1_lysozyme_X_Drosophila_kikkawai                                            37.68%    passed     85.13%
1190  XP_020801510.1_lysozyme_X_Drosophila_serrata                                             37.68%    passed     99.01%
1191  XP_033158206.1_lysozyme_X_Drosophila_mauritiana                                          37.68%    passed     99.22%
1192  XP_002083176.1_lysozyme_X_Drosophila_simulans                                            37.68%    passed     96.17%
1193  P37161.2_RecName                                                                         37.68%    passed     98.50%
1194  XP_016993244.3_lysozyme_X-like_Drosophila_takahashii                                     37.68%    passed     95.95%
1195  XP_017842465.1_lysozyme_B-like_Drosophila_busckii                                        37.68%    passed     87.47%
1196  XP_034133760.1_lysozyme_S-like_Drosophila_guanche                                        37.68%    passed     97.35%
1197  XP_017137324.1_lysozyme_B-like_Drosophila_miranda                                        37.68%    passed     97.30%
1198  XP_002026120.1_lysozyme_B_Drosophila_persimilis                                          37.68%    passed     97.30%
1199  XP_017063418.1_lysozyme_X_Drosophila_eugracilis                                          37.68%    passed     96.93%
1200  XP_030079478.1_lysozyme_P-like_Drosophila_hydei                                          37.68%    passed     90.09%
1201  Bellardia_pandia_LysC1                                                                   37.68%    passed     64.80%
1202  Bellardia_bayeri_LysC1                                                                   37.68%    passed     78.59%
1203  Calliphora_vicina_lysozyme_1-like_XM_065511531.1                                         37.68%    passed     99.12%
1204  Calliphora_vomitoria_LysC3                                                               37.68%    passed     99.22%
1205  Calliphora_vomitoria_LysC4                                                               37.68%    passed     99.41%
1206  Calliphora_vicina_lysozyme_1-like_XM_065512022.1                                         37.68%    passed     99.84%
1207  Protophormia_terraenovae_LysC5                                                           37.68%    passed     94.98%
1208  Protocalliphora_azurea_LysC1                                                             37.68%    passed     94.04%
1209  Phormia_regina_LysC10                                                                    37.68%    passed     97.41%
1210  Chrysomya_megacephala_LysC9                                                              37.68%    passed     99.93%
1211  Chrysomya_megacephala_LysC10                                                             37.68%    passed     99.93%
1212  Chrysomya_megacephala_LysC11                                                             37.68%    passed     99.93%
1213  Chrysomya_megacephala_LysC12                                                             37.68%    passed     99.93%
1214  Chrysomya_megacephala_LysC18                                                             37.68%    passed     99.93%
1215  Chrysomya_megacephala_LysC19                                                             37.68%    passed     99.93%
1216  Protophormia_terraenovae_LysC7                                                           37.68%    passed     71.43%
1217  Cochliomyia_hominivoraxUS_LysC2                                                          37.68%    passed     84.75%
1218  XP_034482089.1_lysozyme_A/C-like_Drosophila_innubila                                     36.23%    passed     99.04%
1219  XP_067627392.1_lysozyme_1-like_Eurosta_solidaginis                                       37.68%    passed     93.42%
1220  XP_067627399.1_lysozyme_1-like_Eurosta_solidaginis                                       37.68%    passed     93.42%
1221  XP_067627393.1_lysozyme_1-like_Eurosta_solidaginis                                       37.68%    passed     97.46%
1222  XP_067627394.1_lysozyme_1-like_Eurosta_solidaginis                                       37.68%    passed     87.52%
1223  XP_067627395.1_lysozyme_1-like_Eurosta_solidaginis                                       37.68%    passed     87.52%
1224  XP_067627397.1_lysozyme_1-like_Eurosta_solidaginis                                       37.68%    passed     87.52%
1225  XP_067627401.1_lysozyme_1-like_Eurosta_solidaginis                                       37.68%    passed     87.52%
1226  XP_067627400.1_lysozyme_1-like_Eurosta_solidaginis                                       37.68%    passed     87.52%
1227  XP_067627398.1_lysozyme_1-like_Eurosta_solidaginis                                       37.68%    passed     89.55%
1228  XP_064541585.1_lysozyme_B-like_Drosophila_montana                                        37.68%    passed     81.62%
1229  XP_030560718.1_lysozyme_B-like_Drosophila_novamexicana                                   37.68%    passed     99.65%
1230  XP_032289303.1_lysozyme_B-like_Drosophila_virilis                                        37.68%    passed     95.84%
1231  XP_002046436.1_lysozyme_B_Drosophila_virilis                                             37.68%    passed     95.84%
1232  XP_068141914.1_lysozyme_S-like_Drosophila_tropicalis                                     37.68%    passed     98.18%
1233  XP_002065983.1_lysozyme_S_Drosophila_willistoni                                          37.68%    passed     75.19%
1234  Lucilia_sericata_lysozyme_1-like_XM_037958003.1                                          37.68%    passed     69.16%
1235  Lucilia_cuprina_lysozyme_1-like_XM_046955615.1                                           37.68%    passed     71.48%
1236  Lucilia_cuprina_lysozyme_1-like_XM_046955614.1                                           37.68%    passed     71.48%
1237  Lucilia_sericata_lysozyme_1B_XM_037958005.1                                              37.68%    passed     93.00%
1238  XP_037952692.1_lysozyme_1-like_Teleopsis_dalmanni                                        37.68%    passed     94.70%
1239  Protophormia_terraenovae_LysC6                                                           37.68%    passed     60.96%
1240  Protophormia_terraenovae_LysC8                                                           44.93%    passed     89.82%
1241  XP_017059465.1_lysozyme_X_Drosophila_ficusphila                                          37.68%    passed     98.03%
1242  XP_001991776.2_lysozyme_B_Drosophila_grimshawi                                           37.68%    passed     79.65%
1243  Calliphora_vicina_lysozyme_2-like_XM_065511517.1                                         37.68%    passed     91.30%
1244  Calliphora_vomitoria_LysC1                                                               37.68%    passed     81.69%
1245  Calliphora_vomitoria_LysC2                                                               37.68%    passed     81.69%
1246  Calliphora_vicina_lysozyme_2_XM_065511645.1                                              37.68%    passed     81.67%
1247  Lucilia_sericata_lysozyme_2-like_XM_037951089.1                                          37.68%    passed     86.57%
1248  Lucilia_sericata_lysozyme_2-like_XM_037951088.1                                          37.68%    passed     86.57%
1249  Lucilia_cuprina_lysozyme_2-like_XM_023438453.2                                           37.68%    passed     86.57%
1250  Lucilia_cuprina_lysozyme_2-like_XM_023438456.2                                           37.68%    passed     86.57%
1251  Protophormia_terraenovae_LysC1                                                           37.68%    passed     74.16%
1252  Protophormia_terraenovae_LysC3                                                           37.68%    passed     81.02%
1253  Protophormia_terraenovae_LysC4                                                           37.68%    passed     60.35%
1254  Phormia_regina_LysC2                                                                     37.68%    passed     60.35%
1255  Chrysomya_rufifacies_LysC1                                                               46.38%    passed     90.20%
1256  Chrysomya_rufifacies_LysC2                                                               46.38%    passed     90.20%
1257  Chrysomya_megacephala_LysC13                                                             37.68%    passed     91.79%
1258  Chrysomya_megacephala_LysC14                                                             37.68%    passed     90.60%
1259  Chrysomya_megacephala_LysC15                                                             37.68%    passed     91.79%
1260  Stomorhina_lunata_LysC3                                                                  37.68%    passed     55.16%
1261  Stomoxys_calcitrans_lysozyme_2-like_XM_059370494.1                                       37.68%    passed     96.47%
1262  Stomoxys_calcitrans_lysozyme_2-like_XM_013257674.2                                       37.68%    passed     96.47%
1263  Stomoxys_calcitrans_lysozyme_2-like_XM_059370495.1                                       37.68%    passed     96.47%
1264  Stomoxys_calcitrans_lysozyme_2-like_XM_059370493.1                                       37.68%    passed     96.47%
1265  Stomoxys_calcitrans_lysozyme_2-like_X1_XM_059370490.1                                    37.68%    passed     96.47%
1266  Stomoxys_calcitrans_lysozyme_2-like_XM_059370492.1                                       37.68%    passed     96.47%
1267  Stomoxys_calcitrans_lysozyme_2-like_XM_013257675.2                                       37.68%    passed     96.47%
1268  Stomoxys_calcitrans_lysozyme_2-like_XM_013257684.2                                       37.68%    passed     98.58%
1269  Stomoxys_calcitrans_lysozyme_2_XM_013257687.2                                            37.68%    passed     98.58%
1270  Stomoxys_calcitrans_lysozyme_2_XM_013257682.2                                            37.68%    passed     98.58%
1271  Stomoxys_calcitrans_lysozyme_2_XM_013257686.2                                            37.68%    passed     98.58%
1272  Stomoxys_calcitrans_lysozyme_2-like_XM_013257685.2                                       37.68%    passed     96.29%
1273  Stomoxys_calcitrans_lysozyme_2-like_XM_013257683.2                                       37.68%    passed     96.29%
1274  Musca_domestica_lysozyme_1-like_XM_020035061.2                                           37.68%    passed     98.05%
1275  Musca_domestica_lysozyme_2-like_XM_020035062.2                                           37.68%    passed     98.74%
1276  Musca_domestica_lysozyme_2_XM_011292181.3                                                37.68%    passed     98.74%
1277  Musca_domestica_lysozyme_2-like_XM_020035060.2                                           37.68%    passed     96.39%
1278  Musca_domestica_lysozyme_2_XM_011292180.2                                                37.68%    passed     98.74%
1279  Musca_domestica_lysozyme_2-like_XM_005178415.4                                           37.68%    passed     97.49%
1280  Musca_domestica_lysozyme_2-like_XM_005178411.4                                           37.68%    passed     98.74%
1281  XP_061391476.1_lysozyme_2-like_Musca_vetustissima                                        37.68%    passed     97.49%
1282  XP_061400445.1_lysozyme_2-like_Musca_vetustissima                                        37.68%    passed     97.49%
1283  XP_061400439.1_lysozyme_2_Musca_vetustissima                                             37.68%    passed     96.29%
1284  Musca_domestica_lysozyme_2-like_XM_005185318.2                                           37.68%    passed     97.65%
1285  Musca_domestica_lysozyme_2-like_XM_059126266.1                                           37.68%    passed     97.65%
1286  Musca_domestica_lysozyme_2-like_XM_059126267.1                                           37.68%    passed     97.65%
1287  Musca_domestica_lysozyme_2-like_XM_005185309.3                                           37.68%    passed     97.65%
1288  Musca_domestica_lysozyme_2-like_XM_020035064.2                                           37.68%    passed     97.76%
1289  Musca_domestica_lysozyme_2-like_XM_020035063.2                                           37.68%    passed     93.85%
1290  Musca_domestica_lysozyme_2-like_XM_011292185.3                                           37.68%    passed     93.85%
1291  Lucilia_sericata_lysozyme_2_XM_037951090.1                                               37.68%    passed     98.55%
1292  Lucilia_cuprina_lysozyme_2_XM_023438454.2                                                37.68%    passed     99.35%
1293  Protophormia_terraenovae_LysC2                                                           37.68%    passed     98.72%
1294  Phormia_regina_LysC1                                                                     37.68%    passed     98.66%
1295  XP_061391475.1_lysozyme_2-like_Musca_vetustissima                                        37.68%    passed     93.21%
1296  XP_061400440.1_lysozyme_2-like_Musca_vetustissima                                        37.68%    passed     93.21%
1297  Musca_domestica_lysozyme_2-like_XM_005178434.4                                           65.22%    passed     86.84%
1298  Musca_domestica_lysozyme_2-like_XM_005178432.1                                           37.68%    passed     99.66%
1299  XP_067627390.1_lysozyme_2-like_Eurosta_solidaginis                                       37.68%    passed     81.78%
1300  XP_067627391.1_lysozyme_2-like_Eurosta_solidaginis                                       37.68%    passed     70.50%
1301  XP_052847746.1_lysozyme_X-like_Drosophila_gunungcola                                     37.68%    passed     95.97%
1302  XP_044313782.1_lysozyme_X-like_Drosophila_rhopaloa                                       37.68%    passed     70.89%
1303  XP_037722693.1_lysozyme_P-like_Drosophila_subpulchrella                                  37.68%    passed     95.04%
1304  XP_016933606.2_lysozyme_P-like_Drosophila_suzukii                                        37.68%    passed     83.72%
1305  XP_022226709.2_lysozyme_B-like_Drosophila_obscura                                        37.68%    passed     97.93%
1306  XP_061391499.1_lysozyme_2-like_Musca_vetustissima                                        37.68%    passed     74.61%
1307  XP_061400438.1_lysozyme_2-like_Musca_vetustissima                                        37.68%    passed     74.61%
1308  Lucilia_sericata_lysozyme_B-like_XM_037958008.1                                          37.68%    passed     53.75%
1309  Lucilia_cuprina_lysozyme_P-like_XM_046955619.1                                           37.68%    passed     53.75%
1310  Stomorhina_lunata_LysC5                                                                  37.68%    passed     57.46%
1311  XP_001983606.1_lysozyme_S_Drosophila_grimshawi                                           37.68%    passed     43.81%
1312  XP_054741316.1_lysozyme_1-like_Anastrepha_obliqua                                        37.68%    passed     84.63%
1313  XP_030387648.1_lysozyme_X-like_Scaptodrosophila_lebanonensis                             39.13%    passed     92.24%
1314  XP_060660922.1_lysozyme_D-like_Drosophila_nasuta                                         63.77%    passed     98.74%
1315  XP_011180840.2_lysozyme_D-like_Zeugodacus_cucurbitae                                     37.68%    passed     74.49%
1316  XP_012155754.1_lysozyme_1-like_Ceratitis_capitata                                        39.13%    passed     69.62%
1317  XP_018784448.1_lysozyme_B-like_Bactrocera_latifrons                                      39.13%    passed     95.17%
1318  Bellardia_pandia_LysC3                                                                   46.38%    passed     80.29%
1319  Lucilia_sericata_lysozyme_P-like_XM_037958002.1                                          37.68%    passed     99.98%
1320  Lucilia_cuprina_lysozyme_1-like_XM_023439612.2                                           37.68%    passed     99.79%
1321  XP_030374009.1_lysozyme_X-like_Scaptodrosophila_lebanonensis                             37.68%    passed     98.91%
1322  XP_053965636.1_lysozyme_P-like_Anastrepha_ludens                                         37.68%    passed     85.22%
1323  XP_053965638.1_lysozyme_P-like_Anastrepha_ludens                                         37.68%    passed     88.93%
1324  XP_004522949.1_lysozyme_P-like_Ceratitis_capitata                                        37.68%    passed     66.45%
1325  XP_011199991.2_lysozyme_P_Bactrocera_dorsalis                                            37.68%    passed     71.91%
1326  XP_050324899.1_lysozyme_P-like_Bactrocera_neohumeralis                                   37.68%    passed     71.91%
1327  XP_039956973.1_lysozyme_P-like_Bactrocera_tryoni                                         37.68%    passed     71.91%
1328  XP_011185403.1_lysozyme_P_Zeugodacus_cucurbitae                                          37.68%    failed      0.36%
1329  XP_069964556.1_lysozyme_P_Bactrocera_oleae                                               37.68%    passed     79.59%
1330  XP_053964205.1_lysozyme_X-like_Anastrepha_ludens                                         37.68%    passed     71.17%
1331  XP_054737832.1_lysozyme_X-like_Anastrepha_obliqua                                        37.68%    passed     71.17%
1332  XP_049307629.1_lysozyme_P-like_Bactrocera_dorsalis                                       37.68%    passed     59.39%
1333  XP_018786149.1_lysozyme_S-like_Bactrocera_latifrons                                      37.68%    passed     65.68%
1334  XP_039954297.1_lysozyme_P-like_Bactrocera_tryoni                                         37.68%    passed     66.98%
1335  XP_069964555.1_lysozyme_P-like_Bactrocera_oleae                                          37.68%    passed     54.27%
1336  XP_020713530.1_lysozyme_P-like_Ceratitis_capitata                                        37.68%    passed     84.84%
1337  XP_034133764.1_lysozyme_P-like_Drosophila_guanche                                        37.68%    passed     99.15%
1338  XP_034655129.1_lysozyme_P-like_Drosophila_subobscura                                     37.68%    passed     95.21%
1339  XP_022226711.2_lysozyme_P-like_Drosophila_obscura                                        37.68%    passed     97.39%
1340  XP_017137328.1_lysozyme_D-like_Drosophila_miranda                                        37.68%    passed     93.88%
1341  XP_026849744.1_lysozyme_P-like_Drosophila_persimilis                                     37.68%    passed     97.01%
1342  XP_001986040.2_lysozyme_P_Drosophila_grimshawi                                           37.68%    passed     38.20%
1343  XP_061394300.1_inactive_lysozyme_1A-like_Musca_vetustissima                              39.13%    passed     73.62%
1344  XP_061397155.1_inactive_lysozyme_1A-like_Musca_vetustissima                              39.13%    passed     60.45%
1345  XP_053965639.1_lysozyme_P-like_Anastrepha_ludens                                         37.68%    passed     91.33%
1346  XP_054740623.1_lysozyme_P-like_Anastrepha_obliqua                                        37.68%    passed     91.33%
1347  XP_011199990.2_lysozyme_P_Bactrocera_dorsalis                                            37.68%    passed     92.85%
1348  XP_050324830.1_lysozyme_P-like_Bactrocera_neohumeralis                                   37.68%    passed     92.85%
1349  XP_069964554.1_lysozyme_P_Bactrocera_oleae                                               37.68%    passed     85.61%
1350  XP_011185402.2_lysozyme_P_Zeugodacus_cucurbitae                                          37.68%    passed     93.84%
1351  XP_036334711.1_lysozyme_P_Rhagoletis_pomonella                                           37.68%    passed     90.15%
1352  XP_017474247.1_lysozyme_P_Rhagoletis_zephyria                                            37.68%    passed     91.77%
1353  XP_004522950.1_lysozyme_P-like_Ceratitis_capitata                                        37.68%    passed     89.69%
1354  XP_034107204.1_lysozyme_P_Drosophila_albomicans                                          37.68%    passed     95.20%
1355  XP_060656560.1_lysozyme_P_Drosophila_nasuta                                              37.68%    passed     95.20%
1356  XP_001985890.1_lysozyme_P_Drosophila_grimshawi                                           37.68%    passed     83.91%
1357  XP_034477183.1_lysozyme_P_Drosophila_innubila                                            37.68%    passed     99.60%
1358  XP_064549010.1_lysozyme_P_Drosophila_montana                                             37.68%    passed     90.39%
1359  XP_032292738.1_lysozyme_P_Drosophila_virilis                                             37.68%    passed     90.39%
1360  XP_002049593.1_lysozyme_P-like_Drosophila_virilis                                        37.68%    passed     90.39%
1361  XP_017836559.1_lysozyme_P_Drosophila_busckii                                             37.68%    passed     91.30%
1362  XP_001959002.1_lysozyme_P_Drosophila_ananassae                                           37.68%    passed     94.11%
1363  XP_017093461.1_lysozyme_P_Drosophila_bipectinata                                         37.68%    passed     92.46%
1364  XP_016946698.1_lysozyme_P_Drosophila_biarmipes                                           37.68%    passed     92.17%
1365  XP_001975398.1_lysozyme_P_Drosophila_erecta                                              37.68%    passed     95.40%
1366  XP_039481858.1_lysozyme_P_Drosophila_santomea                                            37.68%    passed     97.24%
1367  XP_043644553.1_lysozyme_P_Drosophila_teissieri                                           37.68%    passed     97.24%
1368  XP_002092255.1_lysozyme_P_Drosophila_yakuba                                              37.68%    passed     97.24%
1369  XP_039147853.1_lysozyme_P_Drosophila_simulans                                            37.68%    passed     97.24%
1370  XP_017078913.1_lysozyme_P_Drosophila_eugracilis                                          37.68%    passed     97.24%
1371  XP_017049345.1_lysozyme_1_Drosophila_ficusphila                                          37.68%    passed     95.20%
1372  XP_037714944.1_lysozyme_P_Drosophila_subpulchrella                                       37.68%    passed     97.24%
1373  XP_016985964.1_lysozyme_P_Drosophila_rhopaloa                                            37.68%    passed     96.55%
1374  XP_017124426.1_lysozyme_1_Drosophila_elegans                                             37.68%    passed     97.24%
1375  XP_020798342.1_lysozyme_P_Drosophila_serrata                                             37.68%    passed     97.24%
1376  XP_017033212.1_lysozyme_P_Drosophila_kikkawai                                            37.68%    passed     97.24%
1377  XP_034131453.1_lysozyme_P_Drosophila_guanche                                             37.68%    passed     84.04%
1378  XP_034654347.1_lysozyme_P_Drosophila_subobscura                                          37.68%    passed     84.04%
1379  XP_017146199.1_lysozyme_P_Drosophila_miranda                                             37.68%    passed     82.77%
1380  XP_026840814.1_lysozyme_P_Drosophila_persimilis                                          37.68%    passed     82.77%
1381  XP_033253905.1_lysozyme_P-like_Drosophila_miranda                                        37.68%    passed     75.34%
1382  XP_033253907.1_lysozyme_P-like_Drosophila_miranda                                        37.68%    passed     75.34%
1383  XP_022227198.2_lysozyme_P_Drosophila_obscura                                             37.68%    passed     82.77%
1384  XP_068147876.1_lysozyme_P_Drosophila_tropicalis                                          37.68%    passed     83.06%
1385  XP_002061593.2_lysozyme_P_Drosophila_willistoni                                          37.68%    passed     87.09%
1386  XP_030388214.1_lysozyme_P_Scaptodrosophila_lebanonensis                                  37.68%    passed     80.26%
1387  XP_023165164.2_lysozyme_P_Drosophila_hydei                                               37.68%    passed     57.63%
1388  XP_002006261.1_lysozyme_P_Drosophila_mojavensis                                          37.68%    passed     89.72%
1389  XP_017960749.1_lysozyme_P_Drosophila_navojoa                                             37.68%    passed     77.50%
1390  XP_037916493.1_lysozyme_Hermetia_illucens                                                37.68%    passed     83.19%
1391  XP_002034864.1_lysozyme_X_Drosophila_sechellia                                           46.38%    passed     94.59%
1392  Calliphora_vicina_lysozyme_1-like_XM_065512186.1                                         37.68%    passed     71.93%
1393  Calliphora_vomitoria_LysC5                                                               37.68%    failed      1.43%
1394  Stomoxys_calcitrans_lysozyme_1_XM_013259395.2                                            37.68%    passed     98.48%
1395  Stomorhina_lunata_LysC4                                                                  37.68%    passed     96.85%
1396  XP_055374658.1_inactive_lysozyme_1A-like_Condylostylus_longicornis                       37.68%    passed     24.11%
1397  XP_055850699.1_inactive_lysozyme_1A_Episyrphus_balteatus                                 37.68%    passed     95.54%
1398  XP_055906822.1_lysozyme_1B-like_Eupeodes_corollae                                        37.68%    passed     41.99%
1399  XP_055910463.1_lysozyme_c-1-like_Eupeodes_corollae                                       46.38%    passed     56.57%
1400  XP_037915159.1_lysozyme_c-1-like_Hermetia_illucens                                       39.13%    passed     93.50%
1401  XP_037915160.1_lysozyme_c-1-like_Hermetia_illucens                                       39.13%    passed     93.50%
1402  XP_037916231.1_lysozyme_c-1-like_Hermetia_illucens                                       39.13%    passed     93.50%
1403  XP_037915161.1_lysozyme_2-like_Hermetia_illucens                                         39.13%    passed     91.61%
1404  XP_037916159.1_lysozyme_2-like_Hermetia_illucens                                         39.13%    passed     91.61%
1405  XP_037916627.1_lysozyme_2-like_Hermetia_illucens                                         39.13%    passed     94.83%
1406  XP_037916836.1_lysozyme_c-1-like_Hermetia_illucens                                       39.13%    passed     98.03%
1407  XP_037915162.1_lysozyme_c-1-like_Hermetia_illucens                                       44.93%    passed     89.41%
1408  XP_037915163.1_lysozyme_c-1-like_Hermetia_illucens                                       39.13%    passed     92.88%
1409  XP_037915165.1_lysozyme_c-1-like_Hermetia_illucens                                       39.13%    passed     92.88%
1410  XP_037915164.1_lysozyme_c-1-like_Hermetia_illucens                                       39.13%    passed     92.88%
1411  XP_037916186.1_lysozyme_c-1-like_Hermetia_illucens                                       39.13%    passed     92.88%
1412  XP_037915166.1_lysozyme_2-like_Hermetia_illucens                                         39.13%    passed     78.90%
1413  XP_037915171.1_lysozyme_2-like_Hermetia_illucens                                         39.13%    passed     78.90%
1414  XP_037915170.1_lysozyme_2-like_Hermetia_illucens                                         39.13%    passed     78.90%
1415  XP_037915947.1_lysozyme_2-like_Hermetia_illucens                                         39.13%    passed     90.89%
1416  XP_037916843.1_lysozyme_2-like_Hermetia_illucens                                         39.13%    passed     88.60%
1417  XP_037915169.1_lysozyme_2-like_Hermetia_illucens                                         44.93%    passed     82.24%
1418  XP_037915180.1_lysozyme_2-like_Hermetia_illucens                                         44.93%    passed     82.24%
1419  XP_037915172.1_lysozyme_2-like_Hermetia_illucens                                         44.93%    passed     83.33%
1420  XP_037915173.1_lysozyme_2-like_Hermetia_illucens                                         44.93%    passed     83.33%
1421  XP_037915179.1_lysozyme_2-like_Hermetia_illucens                                         44.93%    passed     83.33%
1422  XP_037915176.1_lysozyme_2-like_Hermetia_illucens                                         44.93%    passed     90.29%
1423  XP_037915178.1_lysozyme_2-like_Hermetia_illucens                                         44.93%    passed     90.29%
1424  XP_037915182.1_lysozyme_2-like_Hermetia_illucens                                         44.93%    passed     92.96%
1425  XP_037915181.1_lysozyme_2-like_Hermetia_illucens                                         44.93%    passed     92.96%
1426  XP_037915184.1_lysozyme_2-like_Hermetia_illucens                                         44.93%    passed     92.96%
1427  XP_037915187.1_lysozyme_2-like_Hermetia_illucens                                         44.93%    passed     92.96%
1428  XP_037915185.1_lysozyme_2-like_Hermetia_illucens                                         44.93%    passed     92.96%
1429  XP_037915168.1_lysozyme-like_Hermetia_illucens                                           44.93%    passed     65.33%
1430  XP_037916109.1_lysozyme_2-like_Hermetia_illucens                                         39.13%    passed     98.73%
1431  XP_037917974.1_lysozyme_2-like_Hermetia_illucens                                         39.13%    passed     97.10%
1432  XP_037915174.1_lysozyme-like_Hermetia_illucens                                           44.93%    passed     81.30%
1433  XP_037916841.1_lysozyme_2-like_Hermetia_illucens                                         39.13%    passed     90.87%
1434  XP_037918653.1_lysozyme_c-1-like_Hermetia_illucens                                       39.13%    passed     46.23%
1435  XP_037915916.1_lysozyme_1-like_Hermetia_illucens                                         37.68%    passed     95.25%
1436  XP_037916066.1_lysozyme_1-like_Hermetia_illucens                                         37.68%    passed     76.41%
1437  XP_037916609.1_lysozyme_1-like_Hermetia_illucens                                         37.68%    passed     76.41%
1438  XP_037916608.1_lysozyme_1-like_Hermetia_illucens                                         37.68%    passed     76.41%
1439  XP_037916607.1_lysozyme_1-like_Hermetia_illucens                                         37.68%    passed     47.23%
1440  XP_037916382.1_lysozyme_1-like_Hermetia_illucens                                         37.68%    passed     95.37%
1441  XP_037916025.1_lysozyme-like_Hermetia_illucens                                           37.68%    failed      1.10%
1442  XP_037916134.1_lysozyme-like_Hermetia_illucens                                           37.68%    passed      7.79%
1443  XP_069673831.1_lysozyme_c-1-like_Periplaneta_americana                                   37.68%    failed      0.02%
1444  XP_069673832.1_lysozyme-like_Periplaneta_americana                                       37.68%    failed      0.01%
1445  Stomoxys_calcitrans_lysozyme_XM_013256305.2                                              37.68%    passed     90.23%
1446  Musca_domestica_lysozyme_XM_005187455.3                                                  37.68%    passed     95.23%
1447  XP_061400544.1_lysozyme_Musca_vetustissima                                               37.68%    passed     96.34%
1448  XP_053967193.1_lysozyme_Anastrepha_ludens                                                37.68%    passed     95.23%
1449  XP_054736335.1_lysozyme_Anastrepha_obliqua                                               37.68%    passed     95.23%
1450  XP_036330690.1_lysozyme_Rhagoletis_pomonella                                             37.68%    passed     95.89%
1451  XP_017477859.1_lysozyme_c-1_Rhagoletis_zephyria                                          65.22%    passed     73.53%
1452  XP_018797972.1_lysozyme_Bactrocera_latifrons                                             37.68%    passed     95.23%
1453  XP_050325208.1_lysozyme_Bactrocera_neohumeralis                                          37.68%    passed     95.23%
1454  XP_014091498.1_lysozyme_Bactrocera_oleae                                                 37.68%    passed     95.23%
1455  XP_039954366.1_lysozyme_Bactrocera_tryoni                                                37.68%    passed     95.23%
1456  XP_011196364.1_lysozyme_Zeugodacus_cucurbitae                                            37.68%    passed     95.23%
1457  XP_004526501.1_lysozyme_Ceratitis_capitata                                               37.68%    passed     95.23%
1458  XP_067631355.1_lysozyme-like_Eurosta_solidaginis                                         37.68%    passed     95.23%
1459  XP_037954117.1_lysozyme_Teleopsis_dalmanni                                               37.68%    passed     98.32%
1460  XP_034106818.1_lysozyme_Drosophila_albomicans                                            37.68%    passed     91.61%
1461  XP_060659659.1_lysozyme_Drosophila_nasuta                                                37.68%    passed     91.61%
1462  XP_034478353.1_lysozyme_Drosophila_innubila                                              37.68%    passed     91.61%
1463  XP_017866227.1_lysozyme_Drosophila_arizonae                                              37.68%    passed     91.61%
1464  XP_002004291.1_lysozyme_Drosophila_mojavensis                                            37.68%    passed     91.61%
1465  XP_017959422.1_lysozyme_Drosophila_navojoa                                               37.68%    passed     94.76%
1466  XP_023174837.1_lysozyme_Drosophila_hydei                                                 37.68%    passed     91.61%
1467  XP_064547018.1_lysozyme_Drosophila_montana                                               37.68%    passed     91.61%
1468  XP_030560216.1_lysozyme_Drosophila_novamexicana                                          37.68%    passed     91.61%
1469  XP_002059449.1_lysozyme_Drosophila_virilis                                               37.68%    passed     91.61%
1470  XP_017838967.1_lysozyme_Drosophila_busckii                                               37.68%    passed     94.76%
1471  XP_016947509.1_lysozyme_Drosophila_biarmipes                                             37.68%    passed     94.76%
1472  XP_026836644.1_lysozyme_Drosophila_erecta                                                37.68%    passed     94.76%
1473  XP_017073139.1_lysozyme_Drosophila_eugracilis                                            37.68%    passed     94.76%
1474  XP_052842477.1_lysozyme_Drosophila_gunungcola                                            37.68%    passed     94.76%
1475  XP_017025159.1_lysozyme_Drosophila_kikkawai                                              37.68%    passed     94.76%
1476  XP_016970683.2_lysozyme_Drosophila_rhopaloa                                              37.68%    passed     94.76%
1477  XP_039479985.1_lysozyme_Drosophila_santomea                                              37.68%    passed     94.76%
1478  XP_020806728.1_lysozyme_Drosophila_serrata                                               37.68%    passed     94.76%
1479  XP_037714599.1_lysozyme_Drosophila_subpulchrella                                         37.68%    passed     94.76%
1480  XP_016930277.3_lysozyme_Drosophila_suzukii                                               37.68%    passed     94.76%
1481  XP_017003308.1_lysozyme_Drosophila_takahashii                                            37.68%    passed     94.76%
1482  XP_043644129.1_lysozyme_Drosophila_teissieri                                             37.68%    passed     94.76%
1483  XP_002091651.1_lysozyme_Drosophila_yakuba                                                37.68%    passed     94.76%
1484  XP_033155058.1_lysozyme_Drosophila_mauritiana                                            37.68%    passed     94.76%
1485  XP_044778310.1_lysozyme_Drosophila_simulans                                              37.68%    passed     94.76%
1486  XP_002034721.1_lysozyme_Drosophila_sechellia                                             37.68%    passed     94.76%
1487  XP_017051137.1_lysozyme_Drosophila_ficusphila                                            37.68%    passed     94.76%
1488  XP_017093698.1_lysozyme_Drosophila_bipectinata                                           37.68%    passed     91.61%
1489  XP_017147055.2_lysozyme_Drosophila_miranda                                               37.68%    passed     91.61%
1490  XP_022228192.1_lysozyme_Drosophila_obscura                                               37.68%    passed     91.61%
1491  XP_033248133.1_lysozyme_Drosophila_miranda                                               30.43%    passed     88.36%
1492  XP_034654837.1_lysozyme_Drosophila_subobscura                                            37.68%    passed     91.61%
1493  XP_068145931.1_lysozyme_Drosophila_tropicalis                                            37.68%    passed     91.61%
1494  XP_002063048.3_lysozyme_Drosophila_willistoni                                            37.68%    passed     91.61%
1495  XP_001987569.2_lysozyme_Drosophila_grimshawi                                             37.68%    passed     91.61%
1496  XP_037888632.1_lysozyme_Glossina_fuscipes                                                37.68%    passed     92.03%
1497  XP_055916469.1_lysozyme_Eupeodes_corollae                                                37.68%    passed     98.34%
1498  XP_037909237.1_lysozyme_Hermetia_illucens                                                37.68%    passed     99.96%
1499  XP_055380258.1_lysozyme-like_Condylostylus_longicornis                                   37.68%    passed     85.80%
1500  XP_055689057.1_lysozyme_c-1_Lutzomyia_longipalpis                                        37.68%    passed     98.86%
1501  XP_059609223.1_lysozyme_c-1-like_Phlebotomus_argentipes                                  37.68%    passed     93.09%
1502  XP_055701495.1_lysozyme_c-1-like_Phlebotomus_papatasi                                    37.68%    passed     94.18%
1503  XP_026462496.1_lysozyme-like_Ctenocephalides_felis                                       37.68%    passed     44.34%
1504  XP_021696191.1_lysozyme_c-1_Aedes_aegypti                                                37.68%    passed     99.88%
1505  XP_062533531.1_lysozyme_c-1-like_Armigeres_subalbatus                                    37.68%    passed     97.76%
1506  XP_062549620.1_lysozyme_c-1-like_Armigeres_subalbatus                                    37.68%    passed     97.76%
1507  XP_062534238.1_lysozyme_c-1-like_Armigeres_subalbatus                                    37.68%    passed     97.76%
1508  XP_058464415.1_lysozyme_c-1-like_Malaya_genurostris                                      37.68%    passed     99.22%
1509  XP_053689897.1_lysozyme_c-1-like_Sabethes_cyaneus                                        36.23%    passed     99.35%
1510  XP_055538285.1_lysozyme_c-1-like_Wyeomyia_smithii                                        36.23%    passed     99.52%
1511  XP_058836343.1_lysozyme_c-1_Topomyia_yanbarensis                                         37.68%    passed     96.61%
1512  XP_055621737.1_lysozyme_c-1-like_Toxorhynchites_rutilus                                  37.68%    passed     98.65%
1513  XP_065082682.1_lysozyme_c-1-like_Ochlerotatus_camptorhynchus                             37.68%    passed     92.68%
1514  XP_055606511.1_lysozyme_c-1-like_Uranotaenia_lowii                                       37.68%    passed     87.97%
1515  XP_040154905.1_lysozyme_c-1_Anopheles_arabiensis                                         37.68%    passed     99.15%
1516  XP_040229111.2_lysozyme_c-1_Anopheles_coluzzii                                           37.68%    passed     98.52%
1517  XP_308448.3_lysozyme_c-1_Anopheles_gambiae                                               37.68%    passed     98.52%
1518  XP_041770389.1_lysozyme_c-1_Anopheles_merus                                              37.68%    passed     99.15%
1519  XP_049297870.1_lysozyme_c-1_Anopheles_funestus                                           37.68%    passed     98.38%
1520  XP_053667216.1_lysozyme_c-1-like_Anopheles_marshallii                                    37.68%    passed     94.04%
1521  XP_052898147.1_lysozyme_Anopheles_moucheti                                               37.68%    passed     78.71%
1522  XP_050075798.1_lysozyme_c-1-like_Anopheles_maculipalpis                                  37.68%    passed     97.12%
1523  XP_035918670.1_lysozyme-like_Anopheles_stephensi                                         37.68%    passed     94.41%
1524  XP_058124828.1_lysozyme_c-1-like_Anopheles_coustani                                      37.68%    passed     95.11%
1525  XP_058178765.1_lysozyme_c-1-like_Anopheles_ziemanni                                      37.68%    passed     95.11%
1526  XP_053676042.1_lysozyme_c-1-like_Anopheles_nili                                          37.68%    passed     77.52%
1527  XP_058053684.1_lysozyme_c-1-like_Anopheles_bellator                                      37.68%    passed     78.18%
1528  XP_052861425.1_lysozyme_c-1-like_Anopheles_cruzii                                        37.68%    passed     78.18%
1529  XP_063700130.1_lysozyme_c-1_Culicoides_brevitarsis                                       37.68%    passed     89.63%
1530  XP_021696195.1_lysozyme_c-1_Aedes_aegypti                                                37.68%    passed     92.96%
1531  XP_029726541.2_lysozyme_c-1_Aedes_albopictus                                             37.68%    passed     92.96%
1532  XP_062533525.1_lysozyme_c-1-like_Armigeres_subalbatus                                    37.68%    passed     99.25%
1533  XP_062534242.1_lysozyme_c-1-like_Armigeres_subalbatus                                    37.68%    passed     99.25%
1534  XP_062549617.1_lysozyme_c-1-like_Armigeres_subalbatus                                    37.68%    passed     99.25%
1535  XP_065082684.1_lysozyme_c-1-like_Ochlerotatus_camptorhynchus                             37.68%    passed     71.51%
1536  XP_039442062.1_lysozyme_c-1-like_Culex_pipiens_pallens                                   37.68%    passed     84.00%
1537  XP_058464416.1_lysozyme_c-1-like_Malaya_genurostris                                      37.68%    passed     95.87%
1538  XP_058836342.1_lysozyme_c-1-like_Topomyia_yanbarensis                                    37.68%    passed     95.41%
1539  XP_053689899.1_lysozyme_c-1-like_Sabethes_cyaneus                                        37.68%    passed     89.59%
1540  XP_055538289.1_lysozyme_c-1-like_Wyeomyia_smithii                                        37.68%    passed     76.03%
1541  XP_055621735.1_lysozyme_c-1-like_Toxorhynchites_rutilus                                  37.68%    passed     73.17%
1542  XP_055606508.1_lysozyme_c-1-like_Uranotaenia_lowii                                       37.68%    passed     72.19%
1543  XP_040154904.1_lysozyme_c-1-like_Anopheles_arabiensis                                    37.68%    passed     83.73%
1544  XP_040229110.2_lysozyme_c-1-like_Anopheles_coluzzii                                      37.68%    passed     83.73%
1545  XP_041770391.1_lysozyme_c-1-like_Anopheles_merus                                         37.68%    passed     83.73%
1546  XP_061507566.1_lysozyme_c-1-like_Anopheles_gambiae                                       28.99%    passed     85.78%
1547  XP_050075807.1_lysozyme_c-1-like_Anopheles_maculipalpis                                  37.68%    passed     93.22%
1548  XP_035909987.1_lysozyme_c-1-like_Anopheles_stephensi                                     37.68%    passed     79.18%
1549  XP_035918672.1_lysozyme_c-1-like_Anopheles_stephensi                                     37.68%    passed     79.18%
1550  XP_058053687.1_lysozyme_c-1-like_Anopheles_bellator                                      37.68%    passed     85.15%
1551  XP_052861428.1_lysozyme_c-1-like_Anopheles_cruzii                                        37.68%    passed     84.28%
1552  XP_058124827.1_lysozyme_c-1-like_Anopheles_coustani                                      37.68%    passed     83.57%
1553  XP_058178766.1_lysozyme_c-1-like_Anopheles_ziemanni                                      37.68%    passed     83.57%
1554  XP_013190977.2_lysozyme_Amyelois_transitella                                             37.68%    passed     59.70%
1555  XP_053620058.1_lysozyme-like_Plodia_interpunctella                                       37.68%    passed     87.20%
1556  XP_041971711.1_lysozyme-like_Aricia_agestis                                              37.68%    passed     93.49%
1557  XP_068624244.1_lysozyme-like_Battus_philenor                                             37.68%    passed     86.39%
1558  XP_045540156.1_lysozyme-like_Papilio_machaon                                             37.68%    passed     95.63%
1559  XP_013168776.1_lysozyme-like_Papilio_xuthus                                              37.68%    passed     95.63%
1560  XP_013138390.1_lysozyme-like_Papilio_polytes                                             37.68%    passed     94.72%
1561  XP_049881416.1_lysozyme_Pectinophora_gossypiella                                         37.68%    passed     82.88%
1562  XP_049705928.1_lysozyme_Helicoverpa_armigera                                             37.68%    passed     93.99%
1563  XP_047036709.1_lysozyme_Helicoverpa_zea                                                  37.68%    passed     93.99%
1564  XP_026735473.1_lysozyme-like_Trichoplusia_ni                                             37.68%    passed     93.99%
1565  XP_050554187.1_lysozyme_Spodoptera_frugiperda                                            37.68%    passed     93.99%
1566  XP_032521935.1_lysozyme_Danaus_plexippus                                                 37.68%    passed     94.91%
1567  XP_045454916.1_lysozyme_Melitaea_cinxia                                                  37.68%    passed     91.73%
1568  XP_050356822.1_lysozyme-like_Nymphalis_io                                                37.68%    passed     91.73%
1569  XP_047539252.1_lysozyme_Vanessa_atalanta                                                 37.68%    passed     91.73%
1570  XP_026497738.1_lysozyme_Vanessa_tameamea                                                 37.68%    passed     91.73%
1571  XP_046972516.1_lysozyme-like_Vanessa_cardui                                              37.68%    passed     91.73%
1572  XP_026316221.1_lysozyme-like_Hyposmocoma_kahamanoa                                       37.68%    passed     75.27%
1573  XP_030033032.1_lysozyme_Manduca_sexta                                                    37.68%    passed     90.35%
1574  XP_023939383.1_lysozyme-like_Bicyclus_anynana                                            37.68%    passed     94.73%
1575  XP_039745218.1_lysozyme-like_Pararge_aegeria                                             37.68%    passed     96.30%
1576  XP_034825804.2_lysozyme-like_Maniola_hyperantus                                          37.68%    passed     94.73%
1577  XP_045761809.1_lysozyme-like_Maniola_jurtina                                             37.68%    passed     94.73%
1578  XP_063373258.1_lysozyme_Cydia_amplana                                                    37.68%    passed     97.72%
1579  XP_061705520.1_lysozyme_Cydia_pomonella                                                  37.68%    passed     97.72%
1580  XP_063394194.1_lysozyme_Cydia_fagiglandana                                               37.68%    passed     97.72%
1581  XP_063630539.1_lysozyme_Cydia_splendana                                                  37.68%    passed     97.72%
1582  XP_047996973.1_lysozyme-like_Leguminivora_glycinivorella                                 37.68%    passed     97.72%
1583  XP_063543517.1_lysozyme_Cydia_strobilella                                                37.68%    passed     97.72%
1584  XP_045506999.1_lysozyme_Colias_croceus                                                   37.68%    passed     85.35%
1585  XP_038218238.1_lysozyme-like_Zerene_cesonia                                              37.68%    passed     85.35%
1586  XP_045518581.1_lysozyme-like_Pieris_brassicae                                            37.68%    passed     85.35%
1587  XP_022117864.1_lysozyme-like_Pieris_rapae                                                37.68%    passed     85.35%
1588  XP_047510279.1_lysozyme-like_Pieris_napi                                                 37.68%    passed     85.35%
1589  XP_026748575.1_lysozyme-like_Galleria_mellonella                                         37.68%    passed     91.60%
1590  XP_028158766.1_lysozyme_Ostrinia_furnacalis                                              37.68%    passed     85.42%
1591  XP_063834323.1_lysozyme_Ostrinia_nubilalis                                               37.68%    passed     85.42%
1592  XP_028030688.1_lysozyme_Bombyx_mandarina                                                 37.68%    passed     93.90%
1593  XP_062532674.1_lysozyme-like_protein_1_Bombyx_mori                                       37.68%    passed     93.90%
1594  XP_048487099.1_lysozyme_Plutella_xylostella                                              37.68%    passed     75.56%
1595  XP_066996509.2_lysozyme_Anabrus_simplex                                                  36.23%    passed     98.97%
1596  XP_023707583.1_lysozyme_Cryptotermes_secundus                                            37.68%    passed     98.44%
1597  XP_021924973.1_lysozyme-like_Zootermopsis_nevadensis                                     37.68%    passed     42.60%
1598  XP_069702532.1_lysozyme-like_Periplaneta_americana                                       37.68%    passed     86.32%
1599  XP_069702533.1_lysozyme-like_Periplaneta_americana                                       37.68%    passed     97.12%
1600  XP_067002033.2_lysozyme_Anabrus_simplex                                                  37.68%    passed     83.57%
1601  XP_023711547.1_lysozyme_Cryptotermes_secundus                                            37.68%    passed     81.54%
1602  XP_069681842.1_lysozyme-like_Periplaneta_americana                                       37.68%    passed     74.11%
1603  XP_069681844.1_lysozyme-like_Periplaneta_americana                                       37.68%    passed     46.23%
1604  XP_046999992.1_lysozyme-like_Schistocerca_americana                                      37.68%    passed     73.80%
1605  XP_049815887.1_lysozyme-like_Schistocerca_nitens                                         37.68%    passed     78.03%
1606  XP_049963021.1_lysozyme-like_Schistocerca_serialis_cubense                               37.68%    passed     86.96%
1607  XP_049831129.1_lysozyme-like_Schistocerca_gregaria                                       37.68%    passed     93.59%
1608  XP_049788087.1_lysozyme-like_Schistocerca_cancellata                                     37.68%    passed     89.10%
1609  XP_047000872.1_lysozyme-like_Schistocerca_americana                                      37.68%    passed     83.52%
1610  XP_049964251.1_lysozyme-like_Schistocerca_serialis_cubense                               37.68%    passed     83.52%
1611  XP_049815794.1_lysozyme-like_Schistocerca_nitens                                         37.68%    passed     54.87%
1612  XP_047118245.1_lysozyme-like_Schistocerca_piceifrons                                     37.68%    passed     67.73%
1613  XP_049831131.1_lysozyme-like_Schistocerca_gregaria                                       37.68%    passed     67.73%
1614  XP_049788088.1_lysozyme-like_Schistocerca_cancellata                                     37.68%    passed     67.73%
1615  XP_012258668.2_lysozyme-like_Athalia_rosae                                               37.68%    passed     76.90%
1616  XP_046752913.1_lysozyme-like_Diprion_similis                                             37.68%    passed     66.20%
1617  XP_015515023.1_lysozyme_Neodiprion_lecontei                                              37.68%    passed     82.90%
1618  XP_046492449.1_lysozyme-like_Neodiprion_pinetum                                          37.68%    passed     85.95%
1619  XP_046628276.1_lysozyme_Neodiprion_virginianus                                           37.68%    passed     82.90%
1620  XP_015597738.1_lysozyme_Cephus_cinctus                                                   36.23%    passed     93.45%
1621  XP_046385445.1_lysozyme-like_Ischnura_elegans                                            37.68%    passed     57.22%
1622  XP_055679751.1_lysozyme-like_Lutzomyia_longipalpis                                       37.68%    passed     50.76%
1623  XP_055679781.1_lysozyme-like_Lutzomyia_longipalpis                                       37.68%    passed     86.24%
1624  XP_059621308.1_lysozyme_c-1-like_Phlebotomus_argentipes                                  37.68%    passed     79.14%
1625  XP_059055439.1_lysozyme_Achroia_grisella                                                 37.68%    passed     65.79%
1626  XP_026755257.1_lysozyme_Galleria_mellonella                                              37.68%    passed     43.68%
1627  XP_052756229.1_lysozyme_Galleria_mellonella                                              37.68%    passed     43.68%
1628  XP_026750267.2_lysozyme-like_Galleria_mellonella                                         37.68%    passed     94.26%
1629  XP_059055429.1_lysozyme-like_Achroia_grisella                                            37.68%    passed     98.93%
1630  XP_013196660.1_lysozyme_Amyelois_transitella                                             37.68%    passed     88.89%
1631  XP_053612493.1_lysozyme-like_Plodia_interpunctella                                       37.68%    passed     67.35%
1632  XP_049696526.1_lysozyme_Helicoverpa_armigera                                             37.68%    passed     80.28%
1633  XP_047019592.1_lysozyme-like_Helicoverpa_zea                                             37.68%    passed     80.28%
1634  XP_035434307.1_lysozyme-like_Spodoptera_frugiperda                                       37.68%    passed     93.65%
1635  XP_022814852.1_lysozyme-like_Spodoptera_litura                                           37.68%    passed     93.65%
1636  XP_026732891.1_lysozyme_Trichoplusia_ni                                                  37.68%    passed     60.89%
1637  XP_063364906.1_lysozyme-like_Cydia_amplana                                               37.68%    passed     70.53%
1638  XP_061729744.1_lysozyme-like_Cydia_pomonella                                             37.68%    passed     70.53%
1639  XP_063379287.1_lysozyme-like_Cydia_fagiglandana                                          37.68%    passed     70.53%
1640  XP_063619140.1_lysozyme-like_Cydia_splendana                                             37.68%    passed     70.53%
1641  XP_047985978.1_lysozyme-like_Leguminivora_glycinivorella                                 37.68%    passed     77.11%
1642  XP_047993532.1_lysozyme-like_Leguminivora_glycinivorella                                 37.68%    passed     77.11%
1643  XP_041988125.1_lysozyme-like_Aricia_agestis                                              37.68%    passed     98.28%
1644  XP_068632958.1_lysozyme-like_Battus_philenor                                             37.68%    passed     68.89%
1645  XP_014369280.1_lysozyme_Papilio_machaon                                                  37.68%    passed     73.57%
1646  XP_013149253.1_lysozyme-like_Papilio_polytes                                             37.68%    passed     70.71%
1647  XP_013181578.1_lysozyme-like_Papilio_xuthus                                              37.68%    passed     70.71%
1648  XP_023955128.1_lysozyme_Bicyclus_anynana                                                 37.68%    passed     75.43%
1649  XP_045447626.1_lysozyme-like_Melitaea_cinxia                                             37.68%    passed     64.39%
1650  XP_050346632.1_lysozyme-like_Nymphalis_io                                                37.68%    passed     83.70%
1651  XP_047530675.1_lysozyme-like_Vanessa_atalanta                                            37.68%    passed     82.79%
1652  XP_046962766.1_lysozyme-like_Vanessa_cardui                                              37.68%    passed     82.79%
1653  XP_034826897.1_lysozyme-like_Maniola_hyperantus                                          37.68%    passed     53.41%
1654  XP_045768363.1_lysozyme-like_Maniola_jurtina                                             37.68%    passed     65.08%
1655  XP_045495178.1_lysozyme-like_Colias_croceus                                              37.68%    passed     98.52%
1656  XP_038214848.1_lysozyme-like_Zerene_cesonia                                              37.68%    passed     95.62%
1657  XP_050668783.1_lysozyme-like_Leptidea_sinapis                                            37.68%    passed     95.30%
1658  XP_032515409.2_lysozyme-like_Danaus_plexippus                                            37.68%    passed     96.19%
1659  XP_045515842.1_lysozyme-like_Pieris_brassicae                                            37.68%    passed     75.63%
1660  XP_022123937.1_lysozyme_Pieris_rapae                                                     37.68%    passed     51.38%
1661  XP_047507076.1_lysozyme-like_Pieris_napi                                                 37.68%    passed     65.67%
1662  XP_039751588.1_lysozyme-like_Pararge_aegeria                                             37.68%    passed     48.98%
1663  XP_030024172.2_lysozyme_Manduca_sexta                                                    37.68%    passed     95.13%
1664  XP_037298374.1_lysozyme-like_Manduca_sexta                                               37.68%    passed     93.51%
1665  XP_037302755.1_lysozyme-like_Manduca_sexta                                               37.68%    passed     93.51%
1666  XP_037301412.1_lysozyme_Manduca_sexta                                                    37.68%    passed     33.45%
1667  XP_037298387.1_lysozyme-like_Manduca_sexta                                               37.68%    passed     33.45%
1668  XP_068632297.1_lysozyme-like_Battus_philenor                                             39.13%    passed     99.70%
1669  XP_068632330.1_lysozyme-like_Battus_philenor                                             37.68%    passed     91.66%
1670  XP_014369273.2_lysozyme_Papilio_machaon                                                  37.68%    passed     94.35%
1671  XP_013180573.1_lysozyme-like_partial_Papilio_xuthus                                      37.68%    passed     93.36%
1672  XP_013149146.1_lysozyme-like_Papilio_polytes                                             37.68%    passed     96.12%
1673  XP_013149147.1_lysozyme-like_Papilio_polytes                                             37.68%    passed     99.57%
1674  XP_068632596.1_lysozyme-like_Battus_philenor                                             37.68%    passed     89.45%
1675  XP_045534718.1_lysozyme_Papilio_machaon                                                  37.68%    passed     75.15%
1676  XP_013149139.1_lysozyme-like_Papilio_polytes                                             37.68%    passed     69.36%
1677  XP_028030251.1_lysozyme_Bombyx_mandarina                                                 37.68%    passed     97.63%
1678  P48816.1_RecName                                                                         37.68%    passed     97.63%
1679  XP_049868494.1_lysozyme-like_Pectinophora_gossypiella                                    37.68%    passed     50.86%
1680  XP_049868495.1_lysozyme-like_Pectinophora_gossypiella                                    37.68%    passed     72.30%
1681  XP_034826899.1_lysozyme-like_Maniola_hyperantus                                          37.68%    passed     68.16%
1682  XP_034826898.1_lysozyme-like_Maniola_hyperantus                                          37.68%    passed     68.16%
1683  XP_045768125.1_lysozyme-like_Maniola_jurtina                                             37.68%    passed     74.19%
1684  XP_028169326.1_lysozyme-like_Ostrinia_furnacalis                                         37.68%    passed     46.42%
1685  XP_063823050.1_lysozyme-like_Ostrinia_nubilalis                                          37.68%    passed     46.42%
1686  XP_011551067.3_lysozyme_Plutella_xylostella                                              37.68%    passed     95.38%
1687  XP_068632463.1_lysozyme-like_Battus_philenor                                             37.68%    passed     73.81%
1688  XP_045534717.1_lysozyme-like_Papilio_machaon                                             37.68%    passed     97.35%
1689  XP_013149152.1_lysozyme-like_Papilio_polytes                                             37.68%    passed     96.53%
1690  XP_049696527.2_lysozyme_Helicoverpa_armigera                                             37.68%    passed     46.37%
1691  XP_047019562.1_lysozyme-like_Helicoverpa_zea                                             37.68%    passed     46.37%
1692  XP_035433980.2_lysozyme-like_Spodoptera_frugiperda                                       37.68%    passed     26.95%
1693  XP_022814833.1_lysozyme-like_Spodoptera_litura                                           37.68%    passed     38.36%
1694  XP_026471188.1_lysozyme-like_Ctenocephalides_felis                                       37.68%    passed     99.20%
1695  XP_026472235.1_lysozyme-like_Ctenocephalides_felis                                       37.68%    passed     99.20%
1696  XP_026471312.1_lysozyme-like_Ctenocephalides_felis                                       37.68%    passed     97.06%
1697  XP_026471311.1_lysozyme-like_Ctenocephalides_felis                                       37.68%    passed     97.05%
1698  XP_045495179.1_lysozyme-like_Colias_croceus                                              37.68%    passed     95.45%
1699  XP_038214847.1_lysozyme-like_Zerene_cesonia                                              37.68%    passed     89.97%
1700  XP_047507357.1_lysozyme-like_Pieris_napi                                                 37.68%    passed     92.73%
1701  XP_022123928.2_lysozyme_Pieris_rapae                                                     37.68%    passed     79.84%
1702  XP_063364914.1_lysozyme-like_Cydia_amplana                                               37.68%    passed     47.23%
1703  XP_063628351.1_lysozyme-like_Cydia_splendana                                             37.68%    passed     37.72%
1704  XP_063377699.1_lysozyme-like_Cydia_fagiglandana                                          37.68%    passed     70.97%
1705  XP_063364926.1_lysozyme-like_Cydia_amplana                                               37.68%    passed     37.72%
1706  XP_063628462.1_lysozyme-like_Cydia_splendana                                             37.68%    passed     68.86%
1707  XP_047992391.1_lysozyme-like_Leguminivora_glycinivorella                                 37.68%    passed     37.72%
1708  XP_061729742.1_lysozyme-like_Cydia_pomonella                                             37.68%    passed     37.72%
1709  XP_047990122.1_lysozyme-like_Leguminivora_glycinivorella                                 37.68%    passed     34.44%
1710  XP_013193987.2_lysozyme-like_Amyelois_transitella                                        37.68%    passed     86.74%
1711  XP_053605608.1_lysozyme-like_Plodia_interpunctella                                       37.68%    passed     95.80%
1712  XP_049693234.2_lysozyme_Helicoverpa_armigera                                             37.68%    passed     72.16%
1713  XP_047026248.1_lysozyme-like_Helicoverpa_zea                                             37.68%    passed     92.78%
1714  XP_035441310.1_lysozyme_Spodoptera_frugiperda                                            37.68%    passed     74.09%
1715  XP_022834886.1_lysozyme-like_Spodoptera_litura                                           37.68%    passed     72.00%
1716  XP_026731948.1_lysozyme-like_Trichoplusia_ni                                             37.68%    passed     60.58%
1717  XP_028166301.1_lysozyme-like_Ostrinia_furnacalis                                         37.68%    passed     92.15%
1718  XP_063827039.1_lysozyme-like_Ostrinia_nubilalis                                          37.68%    passed     92.15%
1719  XP_063242984.1_lysozyme-like_Bacillus_rossius_redtenbacheri                              37.68%    passed     99.60%
1720  XP_026318553.1_lysozyme-like_Hyposmocoma_kahamanoa                                       42.03%    passed     49.05%
1721  XP_014244232.1_lysozyme-like_Cimex_lectularius                                           37.68%    passed     67.43%
1722  XP_046999665.1_lysozyme-like_Schistocerca_americana                                      37.68%    passed     56.65%
1723  XP_049963043.1_lysozyme-like_Schistocerca_serialis_cubense                               37.68%    passed     61.88%
1724  XP_049830396.1_lysozyme-like_Schistocerca_gregaria                                       37.68%    passed     56.65%
1725  XP_049815028.1_lysozyme-like_Schistocerca_nitens                                         37.68%    passed     34.81%
1726  XP_047118741.1_lysozyme-like_Schistocerca_piceifrons                                     37.68%    passed     56.65%
1727  XP_049788122.1_lysozyme-like_Schistocerca_cancellata                                     37.68%    passed     56.65%
1728  XP_046999664.1_lysozyme-like_Schistocerca_americana                                      37.68%    passed     64.25%
1729  XP_049815027.1_lysozyme-like_Schistocerca_nitens                                         37.68%    passed     43.50%
1730  XP_047117814.1_lysozyme_c-1-like_Schistocerca_piceifrons                                 37.68%    passed     52.30%
1731  XP_049963042.1_lysozyme-like_Schistocerca_serialis_cubense                               37.68%    passed     62.89%
1732  XP_021699294.1_lysozyme-like_Aedes_aegypti                                               37.68%    passed     65.46%
1733  XP_029735634.2_lysozyme_Aedes_albopictus                                                 37.68%    passed     92.72%
1734  XP_021699295.1_lysozyme-like_Aedes_aegypti                                               37.68%    passed     74.86%
1735  XP_019560056.3_lysozyme_Aedes_albopictus                                                 37.68%    passed     78.86%
1736  XP_062534056.1_lysozyme-like_Armigeres_subalbatus                                        37.68%    passed     56.21%
1737  XP_065080660.1_lysozyme-like_Ochlerotatus_camptorhynchus                                 37.68%    passed     79.65%
1738  XP_055619622.1_lysozyme-like_Toxorhynchites_rutilus                                      37.68%    passed     79.41%
1739  XP_055602141.1_lysozyme-like_Uranotaenia_lowii                                           37.68%    passed     71.48%
1740  XP_055602142.1_lysozyme-like_Uranotaenia_lowii                                           37.68%    passed     62.96%
1741  XP_039437504.1_lysozyme_c-1-like_Culex_pipiens_pallens                                   37.68%    failed      0.14%
1742  XP_001847112.1_lysozyme_c-1_Culex_quinquefasciatus                                       37.68%    failed      0.14%
1743  XP_058456243.1_lysozyme-like_Malaya_genurostris                                          37.68%    passed     32.17%
1744  XP_058837208.1_lysozyme-like_Topomyia_yanbarensis                                        37.68%    passed     81.18%
1745  XP_055529484.1_lysozyme-like_Wyeomyia_smithii                                            37.68%    passed     77.20%
1746  XP_055608009.1_lysozyme_c-1-like_Uranotaenia_lowii                                       37.68%    passed     57.76%
1747  XP_035791660.1_lysozyme_c-1-like_Anopheles_albimanus                                     37.68%    passed     88.73%
1748  XP_050095280.1_lysozyme_c-1-like_Anopheles_aquasalis                                     37.68%    passed     87.38%
1749  XP_049541918.1_lysozyme_c-1-like_Anopheles_darlingi                                      37.68%    passed     87.38%
1750  XP_040160488.1_lysozyme_c-1_Anopheles_arabiensis                                         37.68%    passed     77.14%
1751  XP_040219422.2_lysozyme_c-1_Anopheles_coluzzii                                           37.68%    passed     77.14%
1752  XP_041773894.1_lysozyme_c-1_Anopheles_merus                                              37.68%    passed     70.02%
1753  XP_053661911.1_lysozyme_c-1_Anopheles_marshallii                                         37.68%    passed     83.91%
1754  XP_052899308.1_lysozyme_c-1_Anopheles_moucheti                                           37.68%    passed     72.52%
1755  XP_049297859.1_lysozyme_c-1-like_Anopheles_funestus                                      37.68%    passed     94.63%
1756  XP_050075833.1_lysozyme_c-1_Anopheles_maculipalpis                                       37.68%    passed     72.05%
1757  XP_035908483.1_lysozyme_c-1_Anopheles_stephensi                                          37.68%    passed     94.54%
1758  XP_052899309.1_lysozyme_c-1-like_Anopheles_moucheti                                      37.68%    passed     97.99%
1759  XP_058124699.1_lysozyme_c-1-like_Anopheles_coustani                                      37.68%    passed     74.88%
1760  XP_058176143.1_lysozyme_c-1-like_Anopheles_ziemanni                                      37.68%    passed     74.88%
1761  XP_058124700.1_lysozyme_c-1-like_Anopheles_coustani                                      37.68%    passed     66.18%
1762  XP_058176132.1_lysozyme_c-1-like_Anopheles_ziemanni                                      37.68%    passed     66.18%
1763  XP_053675128.1_lysozyme_c-1-like_Anopheles_nili                                          37.68%    passed     90.26%
1764  XP_058053456.1_lysozyme_c-1-like_Anopheles_bellator                                      37.68%    passed     88.40%
1765  XP_052860690.1_lysozyme_c-1-like_Anopheles_cruzii                                        37.68%    passed     77.93%
1766  XP_040160490.1_lysozyme_c-1-like_Anopheles_arabiensis                                    37.68%    failed      1.03%
1767  XP_061496669.1_lysozyme_c-1-like_Anopheles_gambiae                                       37.68%    failed      0.63%
1768  XP_040219419.2_lysozyme_c-1-like_Anopheles_coluzzii                                      37.68%    failed      0.63%
1769  XP_050075897.1_lysozyme_c-1-like_Anopheles_maculipalpis                                  37.68%    failed      0.18%
1770  XP_053661912.1_lysozyme_c-1-like_Anopheles_marshallii                                    37.68%    passed     65.80%
1771  XP_058064248.1_lysozyme_c-1-like_Anopheles_bellator                                      37.68%    passed     98.27%
1772  XP_049541919.1_lysozyme_c-1-like_Anopheles_darlingi                                      37.68%    passed     85.07%
1773  XP_053674624.1_lysozyme_c-1-like_Anopheles_nili                                          37.68%    passed     95.82%
1774  XP_019562191.1_lysozyme_Aedes_albopictus                                                 37.68%    passed     58.20%
1775  XP_062550871.1_lysozyme-like_Armigeres_subalbatus                                        37.68%    passed     89.75%
1776  XP_062558375.1_lysozyme-like_Armigeres_subalbatus                                        37.68%    passed     81.22%
1777  XP_065082770.1_lysozyme-like_Ochlerotatus_camptorhynchus                                 37.68%    passed     40.07%
1778  XP_053684417.1_lysozyme-like_Sabethes_cyaneus                                            37.68%    passed     54.29%
1779  XP_055532641.1_lysozyme-like_Wyeomyia_smithii                                            37.68%    passed     40.64%
1780  XP_058456245.1_lysozyme-like_Malaya_genurostris                                          37.68%    passed     93.65%
1781  XP_058456244.1_lysozyme-like_Malaya_genurostris                                          37.68%    passed     90.30%
1782  XP_058837211.1_lysozyme_c-1-like_Topomyia_yanbarensis                                    37.68%    passed     71.22%
1783  XP_058837210.1_lysozyme-like_Topomyia_yanbarensis                                        37.68%    passed     37.49%
1784  XP_058456246.1_lysozyme-like_Malaya_genurostris                                          37.68%    passed     73.29%
1785  XP_053689352.1_lysozyme-like_Sabethes_cyaneus                                            37.68%    passed     75.99%
1786  XP_055529486.1_lysozyme-like_Wyeomyia_smithii                                            37.68%    passed     77.56%
1787  XP_055619623.1_lysozyme-like_Toxorhynchites_rutilus                                      37.68%    passed     57.36%
1788  Calliphora_vicina_lysozyme-like_XM_065513499.1                                           37.68%    passed     53.72%
1789  Calliphora_vomitoria_LysCX1                                                              39.13%    passed     66.04%
1790  Bellardia_pandia_LysCX1                                                                  39.13%    passed     51.01%
1791  Bellardia_bayeri_LysCX1                                                                  39.13%    passed     42.93%
1792  Lucilia_sericata_lysozyme-like_X1_XM_037964714.1                                         37.68%    passed     48.66%
1793  Lucilia_cuprina_lysozyme-like_X1_XM_046953569.1                                          37.68%    passed     31.53%
1794  Protophormia_terraenovae_LysCX1                                                          39.13%    passed     83.73%
1795  Protocalliphora_azurea_LysCX1                                                            39.13%    passed     70.62%
1796  Phormia_regina_LysCX1                                                                    39.13%    passed     65.77%
1797  Cochliomyia_hominivoraxUS_LysCX1                                                         39.13%    passed     50.47%
1798  Chrysomya_rufifacies_LysCX1                                                              39.13%    passed     58.64%
1799  Chrysomya_megacephala_LysCX1                                                             39.13%    passed     70.62%
1800  Paykullia_maculata_LysCX1                                                                39.13%    passed     70.62%
1801  Melanophora_roralis_LysCX1                                                               39.13%    passed     64.90%
1802  Phyto_melanocephala_LysCX1                                                               39.13%    passed     29.96%
1803  Stomorhina_lunata_LysCX1                                                                 39.13%    passed     56.62%
1804  XP_037888630.1_lysozyme_c-1_Glossina_fuscipes                                            37.68%    passed     67.81%
1805  Stomoxys_calcitrans_lysozyme_c-1_X1_XM_013256299.2                                       37.68%    passed     49.16%
1806  Musca_domestica_lysozyme_c-1_X1_XM_005187448.4                                           37.68%    passed     55.56%
1807  Musca_domestica_lysozyme-like_XM_005187451.4                                             37.68%    passed     54.72%
1808  XP_061400555.1_lysozyme-like_Musca_vetustissima                                          37.68%    passed     62.35%
1809  XP_061400554.1_lysozyme_c-1-like_Musca_vetustissima                                      37.68%    passed     29.27%
1810  XP_053967191.1_lysozyme_c-1_Anastrepha_ludens                                            37.68%    passed     63.95%
1811  XP_054736333.1_lysozyme_c-1_Anastrepha_obliqua                                           37.68%    passed     63.95%
1812  XP_036330683.1_lysozyme_c-1-like_Rhagoletis_pomonella                                    37.68%    passed     79.43%
1813  XP_017477852.1_lysozyme-like_Rhagoletis_zephyria                                         37.68%    passed     79.43%
1814  XP_049308563.1_lysozyme_c-1_Bactrocera_dorsalis                                          37.68%    passed     84.17%
1815  XP_050325206.1_lysozyme_c-1-like_Bactrocera_neohumeralis                                 37.68%    passed     91.66%
1816  XP_039954364.1_lysozyme_c-1-like_Bactrocera_tryoni                                       37.68%    passed     91.66%
1817  XP_069964618.1_lysozyme_c-1_Bactrocera_oleae                                             37.68%    passed     84.17%
1818  XP_012157829.1_lysozyme_Ceratitis_capitata                                               37.68%    passed     79.30%
1819  XP_049308567.1_lysozyme-like_Bactrocera_dorsalis                                         37.68%    passed     85.61%
1820  XP_011196361.2_lysozyme_c-1_Zeugodacus_cucurbitae                                        37.68%    passed     47.87%
1821  XP_018797970.1_lysozyme_c-1_Bactrocera_latifrons                                         37.68%    passed     67.39%
1822  XP_067634146.1_lysozyme-like_Eurosta_solidaginis                                         37.68%    passed     74.68%
1823  XP_055839271.1_lysozyme-like_Episyrphus_balteatus                                        37.68%    passed     82.07%
1824  XP_055916468.1_lysozyme-like_Eupeodes_corollae                                           37.68%    passed     97.47%
1825  XP_055916465.1_lysozyme-like_Eupeodes_corollae                                           37.68%    passed      6.41%
1826  XP_034098467.1_lysozyme_Drosophila_albomicans                                            37.68%    passed     19.75%
1827  XP_060661850.1_lysozyme_Drosophila_nasuta                                                37.68%    passed     19.75%
1828  XP_034489877.1_lysozyme_Drosophila_innubila                                              37.68%    passed     22.07%
1829  XP_017872191.1_lysozyme_Drosophila_arizonae                                              37.68%    passed     28.99%
1830  XP_017965911.1_lysozyme_Drosophila_navojoa                                               37.68%    passed     53.69%
1831  XP_002010180.2_lysozyme_Drosophila_mojavensis                                            37.68%    passed     28.99%
1832  XP_064537001.1_lysozyme_Drosophila_montana                                               37.68%    passed     35.05%
1833  XP_002055697.1_lysozyme_Drosophila_virilis                                               37.68%    passed     35.44%
1834  XP_023167983.2_lysozyme_Drosophila_hydei                                                 39.13%    passed     49.94%
1835  XP_017851115.1_lysozyme_Drosophila_busckii                                               37.68%    passed     61.64%
1836  XP_017156356.1_lysozyme_Drosophila_miranda                                               37.68%    passed     33.39%
1837  XP_002022966.1_lysozyme_Drosophila_persimilis                                            37.68%    passed     33.39%
1838  XP_034650864.1_lysozyme_Drosophila_subobscura                                            37.68%    passed      8.37%
1839  XP_001963772.2_lysozyme_Drosophila_ananassae                                             37.68%    passed     41.15%
1840  XP_017093113.2_lysozyme_Drosophila_bipectinata                                           37.68%    passed     43.06%
1841  XP_016949407.1_lysozyme_Drosophila_biarmipes                                             37.68%    passed     10.99%
1842  XP_037726546.1_lysozyme_Drosophila_subpulchrella                                         37.68%    passed     25.65%
1843  XP_016937236.1_lysozyme_Drosophila_suzukii                                               37.68%    passed     24.82%
1844  XP_017064719.1_lysozyme_Drosophila_eugracilis                                            37.68%    passed     21.23%
1845  XP_016982455.1_lysozyme_Drosophila_rhopaloa                                              37.68%    passed     40.05%
1846  XP_001976965.2_lysozyme_Drosophila_erecta                                                37.68%    passed     58.60%
1847  XP_033169434.1_lysozyme_Drosophila_mauritiana                                            37.68%    passed     47.49%
1848  XP_002036915.1_lysozyme_Drosophila_sechellia                                             37.68%    passed     63.42%
1849  XP_016038182.1_lysozyme_Drosophila_simulans                                              37.68%    passed     63.42%
1850  XP_043659063.1_lysozyme_Drosophila_teissieri                                             37.68%    passed     47.56%
1851  XP_002100010.1_lysozyme_Drosophila_yakuba                                                37.68%    passed     39.99%
1852  XP_017112668.1_lysozyme_Drosophila_elegans                                               37.68%    passed     45.06%
1853  XP_052856741.1_lysozyme_Drosophila_gunungcola                                            37.68%    passed     45.06%
1854  XP_016993558.2_lysozyme_Drosophila_takahashii                                            37.68%    passed     38.28%
1855  XP_017024268.1_lysozyme_Drosophila_kikkawai                                              37.68%    passed     13.92%
1856  XP_020806163.1_lysozyme_Drosophila_serrata                                               37.68%    passed     30.26%
1857  XP_068151063.1_lysozyme_Drosophila_tropicalis                                            37.68%    passed     69.28%
1858  XP_030382242.1_lysozyme_Scaptodrosophila_lebanonensis                                    37.68%    passed     11.96%
1859  XP_051861666.1_lysozyme_c-1_Drosophila_albomicans                                        37.68%    passed     70.86%
1860  XP_060659658.1_lysozyme_Drosophila_nasuta                                                37.68%    passed     78.93%
1861  XP_062136511.1_lysozyme_Drosophila_sulfurigaster_albostrigata                            37.68%    passed     70.86%
1862  XP_034478351.1_lysozyme_Drosophila_innubila                                              37.68%    passed     86.88%
1863  XP_017866225.1_lysozyme_Drosophila_arizonae                                              37.68%    passed     87.51%
1864  XP_032585859.1_lysozyme_Drosophila_mojavensis                                            37.68%    passed     87.51%
1865  XP_017959420.1_lysozyme_Drosophila_navojoa                                               37.68%    passed     85.94%
1866  XP_023174836.1_lysozyme_Drosophila_hydei                                                 37.68%    passed     92.55%
1867  XP_064547012.1_lysozyme_Drosophila_montana                                               37.68%    passed     90.92%
1868  XP_030560214.1_lysozyme_Drosophila_novamexicana                                          37.68%    passed     90.92%
1869  XP_070066291.1_lysozyme_Drosophila_virilis                                               37.68%    passed     90.92%
1870  XP_001987568.1_lysozyme_Drosophila_grimshawi                                             37.68%    passed     93.26%
1871  XP_016947508.1_lysozyme_c-1_Drosophila_biarmipes                                         37.68%    passed     99.45%
1872  XP_016989441.1_lysozyme_Drosophila_rhopaloa                                              37.68%    passed     99.81%
1873  XP_037714597.1_lysozyme_Drosophila_subpulchrella                                         37.68%    passed     98.72%
1874  XP_070851204.1_lysozyme_Drosophila_suzukii                                               37.68%    passed     98.98%
1875  XP_001974941.1_lysozyme_c-1_Drosophila_erecta                                            37.68%    passed     98.68%
1876  XP_033155056.1_lysozyme_c-1_Drosophila_mauritiana                                        37.68%    passed     98.68%
1877  XP_002034720.1_lysozyme_c-1_Drosophila_sechellia                                         37.68%    passed     98.68%
1878  XP_002082364.1_lysozyme_c-1_Drosophila_simulans                                          37.68%    passed     98.68%
1879  XP_002091652.1_lysozyme_c-1_Drosophila_yakuba                                            37.68%    passed     93.34%
1880  XP_041673553.1_lysozyme_Drosophila_eugracilis                                            37.68%    passed     98.63%
1881  XP_017051135.1_lysozyme_Drosophila_ficusphila                                            37.68%    passed     99.45%
1882  XP_043644128.1_lysozyme_Drosophila_teissieri                                             37.68%    passed     90.16%
1883  XP_017025158.1_lysozyme_c-1_Drosophila_kikkawai                                          37.68%    passed     99.81%
1884  XP_020806726.1_lysozyme_Drosophila_serrata                                               37.68%    passed     99.61%
1885  XP_017126414.1_lysozyme_Drosophila_elegans                                               37.68%    passed     91.11%
1886  XP_052842474.1_lysozyme_Drosophila_gunungcola                                            37.68%    passed     91.11%
1887  XP_017093697.1_lysozyme_Drosophila_bipectinata                                           37.68%    passed     99.89%
1888  XP_017147057.1_lysozyme_Drosophila_miranda                                               37.68%    passed     97.74%
1889  XP_033250630.1_lysozyme-like_Drosophila_miranda                                          37.68%    passed     89.81%
1890  XP_022228190.2_lysozyme_Drosophila_obscura                                               37.68%    passed     88.32%
1891  XP_002063047.1_lysozyme_Drosophila_willistoni                                            37.68%    passed     98.18%
1892  XP_030368952.1_lysozyme_Scaptodrosophila_lebanonensis                                    37.68%    passed     90.97%
1893  XP_037954115.1_lysozyme_c-1_Teleopsis_dalmanni                                           37.68%    passed     74.09%
1894  XP_011059716.1_lysozyme-like_Acromyrmex_echinatior                                       37.68%    passed     78.16%
1895  XP_018368558.1_lysozyme-like_Trachymyrmex_cornetzi                                       37.68%    passed     84.87%
1896  XP_011638242.1_lysozyme-like_Pogonomyrmex_barbatus                                       37.68%    passed     96.51%
1897  XP_024879484.1_lysozyme-like_Temnothorax_curvispinosus                                   37.68%    passed     99.91%
1898  XP_011700449.1_lysozyme_c-1-like_Wasmannia_auropunctata                                  37.68%    passed     99.26%
1899  XP_011862258.1_lysozyme-like_Vollenhovia_emeryi                                          37.68%    passed     94.07%
1900  XP_011164763.2_lysozyme_Solenopsis_invicta                                               37.68%    passed     89.27%
1901  XP_011262282.2_lysozyme_Camponotus_floridanus                                            36.23%    passed     18.94%
1902  XP_019882636.2_lysozyme_Camponotus_floridanus                                            36.23%    passed     45.76%
1903  XP_050451186.1_lysozyme-like_Cataglyphis_hispanica                                       37.68%    passed     88.91%
1904  XP_029659494.1_lysozyme-like_Formica_exsecta                                             37.68%    passed     84.60%
1905  XP_014474328.1_lysozyme_c-1-like_Dinoponera_quadriceps                                   37.68%    passed     19.19%
1906  XP_011153257.1_lysozyme_c-1_Harpegnathos_saltator                                        37.68%    passed     86.88%
1907  XP_032675511.1_lysozyme_Odontomachus_brunneus                                            37.68%    passed     94.70%
1908  XP_029163827.1_lysozyme_c-1-like_Nylanderia_fulva                                        37.68%    passed     14.34%
1909  XP_061939765.1_lysozyme-like_Apis_cerana                                                 37.68%    passed     98.93%
1910  XP_031371038.1_lysozyme-like_Apis_dorsata                                                37.68%    passed     98.93%
1911  XP_012340510.2_lysozyme-like_Apis_florea                                                 37.68%    passed     98.93%
1912  XP_050591379.1_lysozyme-like_Bombus_affinis                                              37.68%    passed     88.69%
1913  XP_012170668.1_lysozyme_Bombus_terrestris                                                37.68%    passed     88.69%
1914  XP_033318970.1_lysozyme_Bombus_bifarius                                                  37.68%    passed     88.69%
1915  XP_068980378.1_lysozyme_Bombus_flavifrons                                                37.68%    passed     88.69%
1916  XP_003487633.1_lysozyme_Bombus_impatiens                                                 37.68%    passed     88.69%
1917  XP_043597176.1_lysozyme-like_Bombus_pyrosoma                                             37.68%    passed     88.69%
1918  XP_033182860.1_lysozyme_Bombus_vancouverensis_nearcticus                                 37.68%    passed     88.69%
1919  XP_060823703.1_lysozyme_Bombus_pascuorum                                                 37.68%    passed     88.69%
1920  XP_043528454.1_lysozyme-like_Frieseomelitta_varia                                        37.68%    passed     91.33%
1921  XP_017766557.1_lysozyme-like_Eufriesea_mexicana                                          37.68%    passed     95.74%
1922  XP_017788975.1_lysozyme-like_Habropoda_laboriosa                                         37.68%    passed     74.54%
1923  XP_003704205.1_lysozyme_c-1-like_Megachile_rotundata                                     37.68%    passed     91.56%
1924  XP_029036119.2_lysozyme-like_Osmia_bicornis_bicornis                                     37.68%    passed     92.04%
1925  XP_034178793.1_lysozyme-like_Osmia_lignaria                                              37.68%    passed     92.04%
1926  XP_031371039.1_lysozyme_c-1-like_Apis_dorsata                                            37.68%    passed     97.21%
1927  XP_012340511.1_lysozyme_c-1-like_Apis_florea                                             37.68%    passed     98.08%
1928  XP_026300526.1_lysozyme_Apis_mellifera                                                   37.68%    passed     98.26%
1929  XP_043257523.1_lysozyme-like_Colletes_gigas                                              37.68%    passed     87.98%
1930  XP_015432353.1_lysozyme-like_Dufourea_novaeangliae                                       37.68%    passed     32.30%
1931  XP_054010278.1_lysozyme-like_Hylaeus_anthracinus                                         37.68%    passed     85.47%
1932  XP_054010282.1_lysozyme-like_Hylaeus_anthracinus                                         37.68%    passed     85.47%
1933  XP_053982467.1_lysozyme-like_Hylaeus_volcanicus                                          37.68%    passed     85.47%
1934  XP_031827757.1_lysozyme_c-1-like_Nomia_melanderi                                         37.68%    passed     28.91%
1935  XP_043257522.1_lysozyme-like_Colletes_gigas                                              37.68%    passed     94.80%
1936  XP_054010281.1_lysozyme_c-1-like_Hylaeus_anthracinus                                     37.68%    passed     95.66%
1937  XP_053982468.1_lysozyme_c-1-like_Hylaeus_volcanicus                                      37.68%    passed     95.66%
1938  XP_012278512.1_lysozyme_c-1-like_Orussus_abietinus                                       37.68%    passed     85.28%
1939  XP_043284525.1_lysozyme_c-1-like_Venturia_canescens                                      37.68%    passed     91.53%
1940  XP_012227980.1_lysozyme-like_Linepithema_humile                                          37.68%    passed     76.34%
1941  XP_026826375.1_lysozyme_c-1-like_Ooceraea_biroi                                          37.68%    passed     95.07%
1942  XP_018374442.1_lysozyme-like_Trachymyrmex_cornetzi                                       37.68%    passed     98.49%
1943  XP_015599045.1_lysozyme_Cephus_cinctus                                                   37.68%    passed     90.08%
1944  XP_014611336.1_lysozyme_c-1-like_Polistes_canadensis                                     37.68%    passed     29.82%
1945  XP_043492430.1_lysozyme-like_Polistes_fuscatus                                           37.68%    passed     78.64%
1946  XP_015176527.1_lysozyme_c-1-like_Polistes_dominula                                       37.68%    passed     20.28%
1947  XP_046838029.1_lysozyme_c-1-like_Vespa_crabro                                            37.68%    failed      1.62%
1948  XP_035717751.1_lysozyme_c-1-like_Vespa_mandarinia                                        37.68%    failed      1.62%
1949  XP_047345390.1_lysozyme_c-1-like_Vespa_velutina                                          37.68%    failed      1.62%
1950  XP_043663732.1_lysozyme_c-1-like_Vespula_pensylvanica                                    37.68%    failed      1.62%
1951  XP_050845269.1_lysozyme_c-1-like_Vespula_vulgaris                                        37.68%    failed      1.62%
1952  XP_066583186.1_lysozyme-like_Prorops_nasuta                                              37.68%    passed     63.60%
1953  XP_017893366.1_lysozyme_c-1-like_Ceratina_calcarata                                      37.68%    passed     47.37%
1954  XP_033209343.1_lysozyme_c-1-like_Belonocnema_kinseyi                                     37.68%    passed     55.01%
1955  XP_043473453.1_lysozyme_c-1-like_Leptopilina_heterotoma                                  37.68%    passed     87.35%
1956  XP_043473424.1_lysozyme_c-1-like_Leptopilina_heterotoma                                  37.68%    passed     90.97%
1957  XP_051161160.1_lysozyme_c-1-like_Leptopilina_boulardi                                    37.68%    passed     96.96%
1958  XP_015126315.1_lysozyme_c-1_Diachasma_alloeum                                            37.68%    passed     97.71%
1959  XP_011309649.1_lysozyme_c-1-like_Fopius_arisanus                                         37.68%    passed     95.36%
1960  XP_044579712.1_lysozyme_c-1-like_Cotesia_glomerata                                       37.68%    passed     96.63%
1961  XP_008555843.1_lysozyme_C_milk_isozyme_Microplitis_demolitor                             37.68%    passed     88.21%
1962  XP_057331760.1_lysozyme_c-1-like_Microplitis_mediator                                    37.68%    passed     94.09%
1963  XP_034943356.1_lysozyme_c-1-like_Chelonus_insularis                                      37.68%    passed     63.73%
1964  XP_012268896.2_lysozyme-like_Athalia_rosae                                               37.68%    failed      1.32%
1965  XP_046750420.1_lysozyme-like_Diprion_similis                                             37.68%    passed     55.90%
1966  XP_046431365.1_lysozyme-like_Neodiprion_fabricii                                         37.68%    passed     88.51%
1967  XP_046626488.1_lysozyme-like_Neodiprion_virginianus                                      37.68%    passed     88.51%
1968  XP_015518121.2_lysozyme-like_Neodiprion_lecontei                                         37.68%    passed     83.41%
1969  XP_046489377.1_lysozyme-like_Neodiprion_pinetum                                          37.68%    passed     83.41%
1970  XP_011494296.1_lysozyme_c-1_Ceratosolen_solmsi_marchali                                  37.68%    passed     59.34%
1971  XP_031787063.1_lysozyme_c-1_Nasonia_vitripennis                                          37.68%    passed     89.09%
1972  XP_014221542.1_lysozyme_c-1_Trichogramma_pretiosum                                       37.68%    passed     98.49%
1973  XP_014218156.1_lysozyme_c-1_Copidosoma_floridanum                                        37.68%    passed     90.35%
1974  XP_019881740.1_lysozyme_Aethina_tumida                                                   40.58%    passed     79.44%
1975  XP_068894778.1_lysozyme-like_Tenebrio_molitor                                            40.58%    passed     93.44%
1976  XP_008195539.1_lysozyme_Tribolium_castaneum                                              40.58%    passed     92.56%
1977  XP_044265562.1_lysozyme-like_Tribolium_madens                                            40.58%    passed     77.24%
1978  XP_063919097.1_lysozyme_Zophobas_morio                                                   40.58%    passed     96.48%
1979  XP_018579992.1_lysozyme-like_Anoplophora_glabripennis                                    40.58%    passed     30.53%
1980  XP_060526129.1_lysozyme-like_Cylas_formicarius                                           40.58%    passed     86.28%
1981  XP_050509822.1_lysozyme-like_Diabrotica_virgifera_virgifera                              39.13%    passed     85.88%
1982  XP_056649053.1_lysozyme-like_Diorhabda_sublineata                                        39.13%    passed     80.98%
1983  XP_023028141.1_lysozyme-like_Leptinotarsa_decemlineata                                   40.58%    passed     55.95%
1984  XP_066257401.1_lysozyme-like_Euwallacea_similis                                          40.58%    passed     65.96%
1985  XP_030765730.1_lysozyme-like_Sitophilus_oryzae                                           40.58%    passed     86.87%
1986  XP_030757064.1_lysozyme-like_Sitophilus_oryzae                                           40.58%    passed     86.87%
1987  XP_031328328.1_lysozyme-like_Photinus_pyralis                                            59.42%    passed     55.00%
1988  XP_031358515.1_lysozyme_Photinus_pyralis                                                 42.03%    passed     41.09%
1989  XP_071053885.1_lysozyme_Onthophagus_taurus                                               39.13%    passed     97.98%
1990  XP_044745371.1_lysozyme-like_Coccinella_septempunctata                                   40.58%    passed     44.95%
1991  XP_045466640.1_lysozyme-like_Harmonia_axyridis                                           40.58%    passed     27.47%
1992  XP_044745370.1_lysozyme-like_Coccinella_septempunctata                                   40.58%    passed     80.14%
1993  XP_045466632.1_lysozyme-like_Harmonia_axyridis                                           40.58%    passed     39.31%
1994  XP_028134147.1_lysozyme_Diabrotica_virgifera_virgifera                                   39.13%    passed     64.58%
1995  XP_057657810.1_lysozyme-like_Diorhabda_carinulata                                        39.13%    passed     41.22%
1996  XP_056640295.1_lysozyme-like_Diorhabda_sublineata                                        39.13%    passed     41.22%
1997  XP_023014754.1_lysozyme-like_Leptinotarsa_decemlineata                                   49.28%    passed     90.81%
1998  XP_017778825.1_lysozyme-like_Nicrophorus_vespilloides                                    40.58%    failed      0.40%
1999  XP_018579991.1_lysozyme_Anoplophora_glabripennis                                         39.13%    passed     46.30%
2000  XP_044739391.1_lysozyme-like_Chrysoperla_carnea                                          40.58%    passed     83.31%
2001  XP_023028707.1_lysozyme-like_Leptinotarsa_decemlineata                                   42.03%    passed     75.72%
2002  XP_044730425.1_lysozyme-like_Chrysoperla_carnea                                          37.68%    passed     97.18%
2003  XP_044743167.1_lysozyme-like_Chrysoperla_carnea                                          37.68%    passed     36.06%
2004  XP_044726460.1_lysozyme-like_Chrysoperla_carnea                                          37.68%    passed     65.92%
2005  XP_044732070.1_lysozyme-like_Chrysoperla_carnea                                          37.68%    passed     48.88%
2006  XP_037915726.1_lysozyme-like_Hermetia_illucens                                           40.58%    failed      0.85%
2007  XP_037915727.1_lysozyme-like_Hermetia_illucens                                           40.58%    failed      1.20%
2008  XP_055679740.1_lysozyme_c-1-like_Lutzomyia_longipalpis                                   37.68%    passed     95.26%
2009  XP_055679766.1_lysozyme-like_Lutzomyia_longipalpis                                       37.68%    passed     87.82%
2010  XP_055715754.1_lysozyme_c-1_Phlebotomus_papatasi                                         37.68%    passed     55.46%
2011  XP_059620889.1_lysozyme_c-1_Phlebotomus_argentipes                                       37.68%    passed     75.26%
2012  XP_068632594.1_lysozyme-like_Battus_philenor                                             37.68%    passed     24.13%
2013  XP_040160487.1_lysozyme_c-1-like_Anopheles_arabiensis                                    37.68%    passed     51.33%
2014  XP_001237085.2_lysozyme_c-1-like_Anopheles_gambiae                                       37.68%    passed     51.33%
2015  XP_040160486.1_lysozyme_c-1-like_Anopheles_arabiensis                                    37.68%    passed     97.01%
2016  XP_308483.3_lysozyme_c-1-like_Anopheles_gambiae                                          37.68%    passed     92.34%
2017  XP_041773892.1_lysozyme_c-1-like_Anopheles_merus                                         37.68%    passed     89.02%
2018  XP_001237086.2_lysozyme_c-1-like_Anopheles_gambiae                                       37.68%    passed     94.42%
2019  XP_049461420.1_lysozyme_c-1-like_Anopheles_coluzzii                                      37.68%    passed     79.70%
2020  XP_026464249.1_lysozyme-like_Ctenocephalides_felis                                       53.62%    passed     94.63%
2021  XP_026464252.1_lysozyme-like_Ctenocephalides_felis                                       37.68%    passed     89.58%
2022  XP_068632595.1_lysozyme-like_Battus_philenor                                             36.23%    passed     84.86%
2023  XP_017059595.1_lysozyme_A/C-like_Drosophila_ficusphila                                   37.68%    passed     97.31%
2024  XP_055380222.1_lysozyme_C-like_Condylostylus_longicornis                                 36.23%    passed     91.87%
2025  XP_055380046.1_lysozyme_C-like_Condylostylus_longicornis                                 36.23%    passed     97.17%
2026  XP_028156922.1_lysozyme-like_Ostrinia_furnacalis                                         37.68%    passed     91.25%
2027  XP_063822760.1_lysozyme-like_Ostrinia_nubilalis                                          37.68%    passed     91.25%
2028  XP_019560054.3_lysozyme_c-1_Aedes_albopictus                                             37.68%    passed     54.48%
2029  XP_021931330.1_lysozyme-like_partial_Zootermopsis_nevadensis                             72.46%    passed     11.67%
2030  XP_034937417.1_lysozyme-like_Chelonus_insularis                                          40.58%    passed     54.75%
2031  XP_026291031.2_lysozyme_C_milk_isozyme-like_Frankliniella_occidentalis                   37.68%    failed      0.96%
2032  XP_034230753.1_lysozyme_1-like_Thrips_palmi                                              37.68%    passed     57.87%
2033  XP_034235752.1_lysozyme_C-like_Thrips_palmi                                              37.68%    failed      0.09%
2034  XP_034255300.1_lysozyme_C-like_Thrips_palmi                                              37.68%    failed      0.09%
2035  XP_034255301.1_lysozyme_2-like_Thrips_palmi                                              37.68%    failed      0.11%
2036  XP_059056324.1_lysozyme-like_Achroia_grisella                                            37.68%    passed     91.04%
2037  XP_052751046.1_lysozyme-like_Galleria_mellonella                                         37.68%    passed     75.94%
2038  XP_041971969.1_lysozyme-like_Aricia_agestis                                              37.68%    passed     87.67%
2039  XP_052744265.1_lysozyme_Bicyclus_anynana                                                 37.68%    passed     94.84%
2040  XP_069355581.1_lysozyme-like_Maniola_hyperantus                                          37.68%    passed     74.97%
2041  XP_045762184.1_lysozyme-like_Maniola_jurtina                                             37.68%    passed     76.19%
2042  XP_039749176.1_lysozyme-like_Pararge_aegeria                                             37.68%    passed     76.19%
2043  XP_050356812.1_lysozyme-like_Nymphalis_io                                                37.68%    passed     96.49%
2044  XP_026497725.1_lysozyme-like_Vanessa_tameamea                                            37.68%    passed     92.91%
2045  XP_046972817.1_lysozyme-like_Vanessa_cardui                                              37.68%    passed     84.67%
2046  XP_047539451.1_lysozyme-like_Vanessa_atalanta                                            37.68%    passed     90.91%
2047  XP_050668530.1_lysozyme-like_Leptidea_sinapis                                            37.68%    passed     71.79%
2048  XP_045519938.1_lysozyme-like_Pieris_brassicae                                            37.68%    passed     62.15%
2049  XP_047510639.1_lysozyme-like_Pieris_napi                                                 37.68%    passed     62.15%
2050  XP_045484937.1_lysozyme_Pieris_rapae                                                     37.68%    passed     62.15%
2051  XP_038218108.1_lysozyme-like_Zerene_cesonia                                              37.68%    passed     94.00%
2052  XP_032522057.1_lysozyme-like_Danaus_plexippus                                            37.68%    passed     90.66%
2053  XP_063373194.1_lysozyme-like_Cydia_amplana                                               37.68%    passed     72.99%
2054  XP_063548123.1_lysozyme-like_Cydia_strobilella                                           37.68%    passed     76.94%
2055  XP_063394176.1_lysozyme-like_Cydia_fagiglandana                                          37.68%    passed     70.95%
2056  XP_063630493.1_lysozyme-like_Cydia_splendana                                             37.68%    passed     70.95%
2057  XP_048006908.1_lysozyme-like_Leguminivora_glycinivorella                                 37.68%    passed     76.19%
2058  XP_068624006.1_lysozyme-like_Battus_philenor                                             37.68%    passed     77.41%
2059  XP_014358706.2_lysozyme_Papilio_machaon                                                  37.68%    passed     90.15%
2060  XP_013168718.1_lysozyme-like_Papilio_xuthus                                              37.68%    passed     93.83%
2061  XP_013138338.1_lysozyme-like_Papilio_polytes                                             37.68%    passed     93.47%
2062  XP_037300805.1_lysozyme_Manduca_sexta                                                    37.68%    passed     89.61%
2063  XP_049881386.1_lysozyme-like_Pectinophora_gossypiella                                    37.68%    passed     66.40%
2064  XP_037967052.2_lysozyme_Plutella_xylostella                                              37.68%    passed     83.07%
2065  XP_041971971.1_lysozyme-like_Aricia_agestis                                              37.68%    passed     92.62%
2066  XP_050554428.1_lysozyme_Spodoptera_frugiperda                                            37.68%    passed     76.57%
2067  XP_022837261.1_lysozyme-like_Spodoptera_litura                                           37.68%    passed     86.13%
2068  XP_026735750.1_lysozyme-like_Trichoplusia_ni                                             37.68%    passed     99.07%
2069  XP_013191006.1_lysozyme_c-1_Amyelois_transitella                                         37.68%    passed     99.74%
2070  XP_053620323.1_lysozyme_c-1-like_Plodia_interpunctella                                   37.68%    passed     80.92%
2071  XP_028158890.1_lysozyme-like_Ostrinia_furnacalis                                         37.68%    passed     98.98%
2072  XP_063834053.1_lysozyme-like_Ostrinia_nubilalis                                          37.68%    passed     97.04%
2073  XP_060807844.1_lysozyme-like_Amyelois_transitella                                        39.13%    passed     85.01%
2074  XP_068624200.1_lysozyme-like_Battus_philenor                                             39.13%    passed     79.87%
2075  XP_045540154.1_lysozyme_Papilio_machaon                                                  39.13%    passed     94.12%
2076  XP_013138392.1_lysozyme-like_Papilio_polytes                                             39.13%    passed     95.86%
2077  XP_012552141.1_lysozyme-like_Bombyx_mori                                                 39.13%    passed     76.28%
2078  XP_026746167.1_lysozyme-like_Trichoplusia_ni                                             39.13%    passed     84.51%
2079  XP_063373239.1_lysozyme-like_Cydia_amplana                                               39.13%    passed     89.69%
2080  XP_063630479.1_lysozyme-like_Cydia_splendana                                             39.13%    passed     88.77%
2081  XP_063547644.1_lysozyme-like_Cydia_strobilella                                           39.13%    passed     86.51%
2082  XP_063394169.1_lysozyme-like_Cydia_fagiglandana                                          39.13%    passed     89.69%
2083  XP_061384728.1_lysozyme-like_Danaus_plexippus                                            39.13%    passed     96.84%
2084  XP_050668528.1_lysozyme-like_Leptidea_sinapis                                            39.13%    passed     72.89%
2085  XP_013138336.1_lysozyme-like_Papilio_polytes                                             42.03%    passed     76.41%
2086  Calliphora_vicina_lysozyme_1_XM_065512512.1                                              40.58%    passed     78.59%
2087  Calliphora_vomitoria_LysC9                                                               40.58%    passed     78.59%
2088  Bellardia_pandia_LysC6                                                                   40.58%    passed     74.73%
2089  Bellardia_bayeri_LysC6                                                                   40.58%    passed     74.73%
2090  Lucilia_sericata_lysozyme_1_XM_037958027.1                                               40.58%    passed     76.44%
2091  Lucilia_cuprina_lysozyme_1_XM_023441183.2                                                40.58%    passed     66.36%
2092  Protophormia_terraenovae_LysC16                                                          40.58%    passed     56.37%
2093  Protocalliphora_azurea_LysC4                                                             40.58%    passed     45.57%
2094  Phormia_regina_LysC3                                                                     40.58%    passed     56.37%
2095  Chrysomya_rufifacies_LysC5                                                               40.58%    passed     78.40%
2096  Paykullia_maculata_LysC3                                                                 40.58%    passed     83.78%
2097  Phyto_melanocephala_LysC1                                                                40.58%    passed     72.34%
2098  Melanophora_roralis_LysC1                                                                40.58%    passed     72.55%
2099  Stomorhina_lunata_LysC2                                                                  40.58%    passed     94.39%
2100  XP_053963940.1_lysozyme_1_Anastrepha_ludens                                              42.03%    passed     58.06%
2101  XP_049306979.1_lysozyme_1_Bactrocera_dorsalis                                            42.03%    passed     89.78%
2102  XP_050324113.1_lysozyme_1_Bactrocera_neohumeralis                                        42.03%    passed     89.78%
2103  XP_014085207.2_lysozyme_1_Bactrocera_oleae                                               42.03%    passed     79.27%
2104  XP_028895173.2_lysozyme_1_Zeugodacus_cucurbitae                                          42.03%    passed     94.66%
2105  XP_036334422.1_lysozyme_1_Rhagoletis_pomonella                                           42.03%    passed     91.75%
2106  XP_017478102.1_lysozyme_1_Rhagoletis_zephyria                                            42.03%    passed     91.75%
2107  XP_067633605.1_lysozyme_1_Eurosta_solidaginis                                            42.03%    passed     79.05%
2108  XP_012155935.1_lysozyme_1_Ceratitis_capitata                                             42.03%    passed     92.59%
2109  XP_034109317.1_lysozyme_B_Drosophila_albomicans                                          42.03%    passed     56.85%
2110  XP_060660534.1_lysozyme_B_Drosophila_nasuta                                              42.03%    passed     75.83%
2111  XP_017865271.1_lysozyme_1_Drosophila_arizonae                                            42.03%    passed     73.01%
2112  XP_043866731.1_lysozyme_1_Drosophila_mojavensis                                          42.03%    passed     82.39%
2113  XP_017959361.1_inactive_lysozyme_1A_Drosophila_navojoa                                   42.03%    passed     59.42%
2114  XP_023168800.2_lysozyme_1B_Drosophila_hydei                                              42.03%    passed     99.03%
2115  XP_064536044.1_lysozyme_1_Drosophila_montana                                             42.03%    passed     98.49%
2116  XP_030563572.1_lysozyme_1_Drosophila_novamexicana                                        42.03%    passed     95.09%
2117  XP_015030333.1_lysozyme_1_Drosophila_virilis                                             42.03%    passed     98.31%
2118  XP_034479683.1_lysozyme_2_Drosophila_innubila                                            42.03%    passed     92.28%
2119  XP_016957504.1_lysozyme_1_Drosophila_biarmipes                                           42.03%    passed     70.60%
2120  XP_037713180.1_lysozyme_1_Drosophila_subpulchrella                                       42.03%    passed     78.05%
2121  XP_016943152.3_lysozyme_1_Drosophila_suzukii                                             42.03%    passed     78.05%
2122  XP_017001034.3_lysozyme_1_Drosophila_takahashii                                          42.03%    passed     81.02%
2123  XP_017081553.1_lysozyme_1_Drosophila_eugracilis                                          42.03%    passed     73.74%
2124  XP_015012801.2_lysozyme_1_Drosophila_erecta                                              42.03%    passed     70.49%
2125  XP_033156793.1_lysozyme_1_Drosophila_mauritiana                                          42.03%    passed     87.45%
2126  XP_032572413.1_lysozyme_1_Drosophila_sechellia                                           42.03%    passed     70.49%
2127  XP_016027391.1_lysozyme_1_Drosophila_simulans                                            42.03%    passed     70.49%
2128  XP_039484380.1_lysozyme_1_Drosophila_santomea                                            42.03%    passed     70.49%
2129  XP_015052851.1_lysozyme_1_Drosophila_yakuba                                              42.03%    passed     73.35%
2130  XP_043645872.1_lysozyme_1_Drosophila_teissieri                                           42.03%    passed     62.51%
2131  XP_017131951.1_lysozyme_1B_Drosophila_elegans                                            42.03%    passed     80.91%
2132  XP_016973307.1_lysozyme_1_Drosophila_rhopaloa                                            42.03%    passed     91.26%
2133  XP_017051123.1_lysozyme_1_Drosophila_ficusphila                                          42.03%    passed     70.49%
2134  XP_052841190.1_lysozyme_1_Drosophila_gunungcola                                          42.03%    passed     80.91%
2135  XP_017016924.2_lysozyme_1_Drosophila_kikkawai                                            42.03%    passed     55.19%
2136  XP_020806014.1_lysozyme_1_Drosophila_serrata                                             42.03%    passed     42.89%
2137  XP_017090724.3_lysozyme_1B_Drosophila_bipectinata                                        42.03%    passed     89.16%
2138  XP_017838109.1_lysozyme_P_Drosophila_busckii                                             42.03%    passed     84.01%
2139  XP_017148190.1_lysozyme_1_Drosophila_miranda                                             42.03%    passed     80.27%
2140  XP_033251072.1_lysozyme_1-like_Drosophila_miranda                                        42.03%    passed     62.98%
2141  XP_026841034.1_lysozyme_1_Drosophila_persimilis                                          42.03%    passed     71.77%
2142  XP_022224620.2_lysozyme_1_Drosophila_obscura                                             40.58%    passed     84.39%
2143  XP_030388068.1_lysozyme_1B_Scaptodrosophila_lebanonensis                                 42.03%    passed     81.09%
2144  XP_037941605.1_lysozyme_1B-like_Teleopsis_dalmanni                                       42.03%    passed     36.94%
2145  XP_037950981.1_lysozyme_1B-like_Teleopsis_dalmanni                                       42.03%    passed     36.94%
2146  XP_032597148.1_lysozyme_1B_Drosophila_grimshawi                                          42.03%    passed     85.62%
2147  XP_015034857.1_lysozyme_1B_Drosophila_willistoni                                         42.03%    passed     92.82%
2148  XP_037887180.1_lysozyme_1_Glossina_fuscipes                                              42.03%    passed     82.81%
2149  Stomoxys_calcitrans_lysozyme_1B-like_XM_013262434.2                                      39.13%    passed     23.73%
2150  Musca_domestica_lysozyme_1B-like_XM_005184849.3                                          39.13%    passed     19.66%
2151  Musca_domestica_lysozyme_1B-like_XM_059128787.1                                          39.13%    passed     19.66%
2152  XP_061391442.1_lysozyme_1B_Musca_vetustissima                                            39.13%    passed     40.82%
2153  Calliphora_vicina_LysCP                                                                  42.03%    passed     81.37%
2154  Calliphora_vomitoria_LysC10                                                              42.03%    passed     61.71%
2155  Bellardia_pandia_LysC5                                                                   42.03%    passed     83.40%
2156  Bellardia_bayeri_LysC5                                                                   42.03%    passed     94.87%
2157  Phyto_melanocephala_LysC2                                                                42.03%    passed     64.11%
2158  Paykullia_maculata_LysC2                                                                 42.03%    passed     90.87%
2159  Melanophora_roralis_LysC2                                                                42.03%    passed     79.43%
2160  Protophormia_terraenovae_LysC17                                                          42.03%    passed     73.17%
2161  Phormia_regina_LysC6                                                                     42.03%    passed     71.06%
2162  Protocalliphora_azurea_LysC5                                                             42.03%    passed     68.60%
2163  Cochliomyia_hominivoraxUS_LysC4                                                          42.03%    passed     72.05%
2164  Chrysomya_rufifacies_LysC3                                                               42.03%    passed     75.51%
2165  Stomorhina_lunata_LysC1                                                                  42.03%    passed     82.28%
2166  Lucilia_sericata_lysozyme_P-like_XM_037958029.1                                          42.03%    passed     77.71%
2167  Lucilia_cuprina_lysozyme_P-like_XM_023441184.2                                           42.03%    passed     78.63%
2168  Stomoxys_calcitrans_lysozyme_P_XM_013262443.2                                            42.03%    passed     27.79%
2169  Musca_domestica_lysozyme_P-like_XM_059128789.1                                           40.58%    passed     95.25%
2170  XP_037887181.1_lysozyme_1-like_Glossina_fuscipes                                         42.03%    passed     66.60%
2171  XP_044726455.1_lysozyme-like_Chrysoperla_carnea                                          42.03%    passed     66.05%
2172  XP_019867332.1_lysozyme_X_Aethina_tumida                                                 42.03%    passed      6.79%
2173  XP_018562961.1_lysozyme_c-1-like_Anoplophora_glabripennis                                40.58%    failed      0.45%
2174  XP_044754217.1_lysozyme_P-like_Coccinella_septempunctata                                 40.58%    failed      0.00%
2175  XP_045473803.1_lysozyme_C-like_Harmonia_axyridis                                         40.58%    failed      0.00%
2176  XP_018566916.1_lysozyme_P-like_Anoplophora_glabripennis                                  40.58%    passed      8.11%
2177  XP_019872095.1_lysozyme_c-1_Aethina_tumida                                               40.58%    passed     53.39%
2178  XP_019872118.1_lysozyme_C_Aethina_tumida                                                 40.58%    passed     97.14%
2179  XP_050304684.1_lysozyme_C-like_Anthonomus_grandis_grandis                                42.03%    failed      0.73%
2180  XP_060528660.1_lysozyme_C-like_Cylas_formicarius                                         40.58%    failed      2.88%
2181  XP_044749297.1_lysozyme_C-1-like_Coccinella_septempunctata                               40.58%    passed     37.72%
2182  XP_044757049.1_lysozyme_C-1-like_Coccinella_septempunctata                               40.58%    passed     83.19%
2183  XP_044753475.1_lysozyme_C-like_Coccinella_septempunctata                                 40.58%    passed     78.14%
2184  XP_068897701.1_lysozyme_c-1-like_Tenebrio_molitor                                        37.68%    failed      0.09%
2185  XP_063920227.1_lysozyme-like_Zophobas_morio                                              37.68%    failed      0.06%
2186  NP_001159495.1_lysozyme_precursor_Tribolium_castaneum                                    37.68%    failed      0.43%
2187  XP_044258630.1_lysozyme-like_Tribolium_madens                                            40.58%    passed     82.52%
2188  XP_063920752.1_lysozyme_C_milk_isozyme-like_Zophobas_morio                               40.58%    passed     89.59%
2189  XP_063904723.1_lysozyme_C_milk_isozyme-like_Zophobas_morio                               40.58%    passed     92.65%
2190  XP_031356443.1_lysozyme_C-1-like_Photinus_pyralis                                        37.68%    passed     92.17%
2191  XP_068083738.1_lysozyme_C_milk_isozyme-like_Anabrus_simplex                              39.13%    passed     85.79%
2192  XP_063236222.1_lysozyme_2-like_Bacillus_rossius_redtenbacheri                            39.13%    passed      9.97%
2193  XP_046997835.1_lysozyme_E-like_Schistocerca_americana                                    39.13%    passed     92.84%
2194  XP_046997834.1_lysozyme_c-1-like_Schistocerca_americana                                  39.13%    passed     76.08%
2195  XP_049961583.1_lysozyme_c-1-like_Schistocerca_serialis_cubense                           39.13%    passed     76.08%
2196  XP_023720269.1_lysozyme_C_Cryptotermes_secundus                                          37.68%    passed     72.53%
2197  XP_046394525.1_lysozyme_2-like_Ischnura_elegans                                          37.68%    passed     16.20%
2198  XP_046688019.1_lysozyme_C-like_Homalodisca_vitripennis                                   39.13%    passed     62.74%
2199  XP_054264742.1_lysozyme_P-like_Macrosteles_quadrilineatus                                40.58%    passed     35.88%
2200  XP_054290800.1_lysozyme_P-like_Macrosteles_quadrilineatus                                40.58%    passed     35.88%
2201  XP_054290053.1_lysozyme_P-like_Macrosteles_quadrilineatus                                40.58%    passed     27.61%
2202  XP_054262276.1_lysozyme_C-like_Macrosteles_quadrilineatus                                39.13%    passed     25.15%
2203  XP_002431986.1_Lysozyme_P_precursor_putative_Pediculus_humanus_corporis                  39.13%    passed     39.13%
2204  XP_039289163.1_lysozyme_C-1_Nilaparvata_lugens                                           39.13%    passed     94.82%
2205  XP_017781870.1_lysozyme_C-like_Nicrophorus_vespilloides                                  37.68%    failed      4.70%
2206  XP_012261627.2_lysozyme_C-like_Athalia_rosae                                             39.13%    passed     68.80%
2207  XP_012267191.2_lysozyme_C_milk_isozyme-like_Athalia_rosae                                39.13%    passed     36.54%
2208  XP_066907987.1_lysozyme_c-1-like_Halyomorpha_halys                                       40.58%    passed     94.99%
2209  XP_034255542.1_lysozyme_S-like_partial_Thrips_palmi                                      37.68%    passed     30.62%
2210  XP_065156599.1_lysozyme_B-like_Dalotia_coriaria                                          44.93%    passed     85.17%
2211  XP_017768436.1_lysozyme_D-like_Nicrophorus_vespilloides                                  44.93%    failed      0.02%
2212  XP_017770657.1_lysozyme_D-like_Nicrophorus_vespilloides                                  44.93%    failed      0.13%
2213  XP_017768438.1_lysozyme_c-1-like_Nicrophorus_vespilloides                                47.83%    failed      0.30%
2214  XP_017771952.1_lysozyme_c-1-like_Nicrophorus_vespilloides                                44.93%    failed      0.16%
2215  XP_017773020.1_lysozyme_c-1-like_Nicrophorus_vespilloides                                39.13%    failed      0.12%
2216  XP_023174145.2_lysozyme_C-like_Drosophila_hydei                                          40.58%    passed     52.88%
2217  XP_028134252.2_lysozyme_C_milk_isozyme-like_Diabrotica_virgifera_virgifera               40.58%    failed      0.02%
2218  XP_056631455.1_lysozyme_C_milk_isozyme-like_Diorhabda_sublineata                         40.58%    passed     76.63%
2219  XP_065336862.1_lysozyme_C-1-like_Cloeon_dipterum                                         37.68%    passed     57.11%
2220  XP_059490317.1_lysozyme_P-like_Neocloeon_triangulifer                                    37.68%    passed     59.99%
2221  XP_023708066.1_lysozyme_c-1-like_Cryptotermes_secundus                                   44.93%    passed     92.36%
2222  XP_023708074.1_lysozyme_C-like_Cryptotermes_secundus                                     44.93%    passed     81.35%
2223  XP_023708068.1_lysozyme_1B-like_Cryptotermes_secundus                                    44.93%    passed     78.89%
2224  XP_023708072.1_lysozyme_C-like_Cryptotermes_secundus                                     44.93%    passed     60.98%
2225  XP_033607473.1_lysozyme_C-like_Cryptotermes_secundus                                     44.93%    passed     61.23%
2226  XP_021915960.1_lysozyme_1-like_Zootermopsis_nevadensis                                   44.93%    passed     89.37%
2227  XP_026683840.1_lysozyme_1-like_Diaphorina_citri                                          37.68%    passed     82.70%
2228  XP_026683841.1_lysozyme_C-like_partial_Diaphorina_citri                                  65.22%    passed     64.85%
2229  XP_018566901.1_lysozyme_c-1-like_Anoplophora_glabripennis                                39.13%    passed     99.97%
2230  XP_050299141.1_lysozyme_C-1-like_Anthonomus_grandis_grandis                              39.13%    failed      0.37%
2231  XP_019755695.2_lysozyme_C-1_Dendroctonus_ponderosae                                      39.13%    failed      0.22%
2232  XP_066141660.1_lysozyme_C-like_Euwallacea_fornicatus                                     39.13%    failed      0.18%
2233  XP_066251352.1_lysozyme_C-1-like_Euwallacea_similis                                      39.13%    failed      0.85%
2234  XP_018914387.2_uncharacterized_protein_Bemisia_tabaci                                    40.58%    passed     38.38%
2235  XP_026273055.1_lysozyme_C_II_Frankliniella_occidentalis                                  42.03%    passed     41.46%
2236  XP_034239611.1_lysozyme_c-1-like_Thrips_palmi                                            42.03%    passed     90.82%
2237  XP_026284668.1_lysozyme_C-3_Frankliniella_occidentalis                                   42.03%    passed     63.54%
2238  XP_034255541.1_lysozyme_C-like_Thrips_palmi                                              42.03%    passed     98.66%
2239  XP_026287319.1_lysozyme_c-1-like_Frankliniella_occidentalis                              42.03%    passed     61.21%
2240  XP_017778185.1_lysozyme_E-like_Nicrophorus_vespilloides                                  44.93%    failed      1.12%
2241  XP_052122718.1_lysozyme_2-like_Frankliniella_occidentalis                                44.93%    failed      0.05%
2242  XP_014243985.1_lysozyme_Cimex_lectularius                                                34.78%    passed     42.40%
2243  XP_014290449.1_lysozyme_Halyomorpha_halys                                                37.68%    passed     79.56%
2244  XP_014260444.1_lysozyme-like_Cimex_lectularius                                           44.93%    passed     83.94%
2245  XP_037041424.1_lysozyme_Bradysia_coprophila                                              37.68%    passed     76.94%
2246  XP_065168052.1_lysozyme-like_Dalotia_coriaria                                            39.13%    passed     98.72%
2247  XP_014290444.1_lysozyme_Halyomorpha_halys                                                33.33%    passed     59.18%
2248  XP_028144016.1_lysozyme-like_Diabrotica_virgifera_virgifera                              36.23%    failed      0.44%
2249  XP_057671877.1_lysozyme-like_Diorhabda_carinulata                                        36.23%    failed      0.00%
2250  XP_056631657.1_lysozyme-like_Diorhabda_sublineata                                        36.23%    failed      0.00%
2251  XP_047000323.1_lysozyme_c-1-like_Schistocerca_americana                                  36.23%    passed     34.39%
2252  XP_049788089.1_lysozyme_c-1-like_Schistocerca_cancellata                                 36.23%    passed     35.59%
2253  XP_049831130.1_lysozyme_c-1-like_Schistocerca_gregaria                                   36.23%    passed     35.59%
2254  XP_047118130.1_lysozyme_c-1-like_Schistocerca_piceifrons                                 36.23%    passed     34.39%
2255  XP_049963020.1_lysozyme_c-1-like_Schistocerca_serialis_cubense                           36.23%    passed     35.59%
2256  XP_049815502.1_lysozyme_c-1-like_Schistocerca_nitens                                     36.23%    passed     47.57%
2257  XP_044010562.1_lysozyme-like_Aphidius_gifuensis                                          37.68%    passed     90.19%
2258  XP_014205706.1_lysozyme-like_Copidosoma_floridanum                                       37.68%    passed     11.09%
2259  XP_023317308.1_lysozyme_c-1-like_Trichogramma_pretiosum                                  37.68%    passed     19.64%
2260  XP_055384110.1_lysozyme_P-like_Condylostylus_longicornis                                 39.13%    passed     55.75%
2261  XP_044726453.1_lysozyme_1-like_Chrysoperla_carnea                                        39.13%    passed     95.22%
2262  XP_044726454.1_inactive_lysozyme_1A-like_Chrysoperla_carnea                              39.13%    passed     86.14%
2263  XP_044726456.1_lysozyme_2-like_Chrysoperla_carnea                                        39.13%    passed     44.46%
2264  XP_044742747.1_lysozyme_C-like_Chrysoperla_carnea                                        40.58%    passed     93.34%
2265  XP_044741902.1_lysozyme-like_Chrysoperla_carnea                                          39.13%    passed     95.92%
2266  XP_044743008.1_lysozyme_C-like_Chrysoperla_carnea                                        39.13%    passed     97.77%
2267  XP_031630474.1_lysozyme-like_Contarinia_nasturtii                                        37.68%    passed     24.73%
2268  XP_055320388.1_lysozyme-like_Sitodiplosis_mosellana                                      37.68%    passed     53.02%
2269  XP_044729787.1_lysozyme-like_Chrysoperla_carnea                                          33.33%    passed     63.51%
2270  XP_051860448.1_lysozyme_P-like_Drosophila_albomicans                                     40.58%    passed     71.31%
2271  XP_060655137.1_lysozyme_P-like_Drosophila_nasuta                                         40.58%    passed     71.31%
2272  XP_062130993.1_lysozyme_P-like_Drosophila_sulfurigaster_albostrigata                     40.58%    passed     63.46%
2273  XP_060655745.1_lysozyme_P-like_Drosophila_nasuta                                         40.58%    passed     94.30%
2274  XP_062131614.1_lysozyme_P-like_Drosophila_sulfurigaster_albostrigata                     40.58%    passed     98.75%
2275  XP_030081929.1_lysozyme_X-like_Drosophila_hydei                                          40.58%    passed     67.47%
2276  XP_032586614.1_lysozyme_P-like_Drosophila_mojavensis                                     40.58%    passed     77.24%
2277  XP_017839890.1_lysozyme_P-like_Drosophila_busckii                                        36.23%    passed     46.87%
2278  XP_041978098.1_lysozyme-like_Aricia_agestis                                              36.23%    passed     70.72%
2279  XP_046432266.1_lysozyme_P-like_Neodiprion_fabricii                                       34.78%    passed     61.40%
2280  XP_046626075.1_lysozyme_P-like_Neodiprion_virginianus                                    34.78%    passed     61.40%
2281  XP_046599771.1_putative_lysozyme_C-2_Neodiprion_lecontei                                 34.78%    passed     61.40%
2282  XP_063701356.1_lysozyme-like_Culicoides_brevitarsis                                      37.68%    passed     93.53%
2283  XP_037035146.1_lysozyme_c-1-like_Bradysia_coprophila                                     43.48%    passed     62.82%
2284  XP_017776385.1_lysozyme_C_I-like_Nicrophorus_vespilloides                                57.97%    passed     94.26%
2285  XP_017779135.1_lysozyme_C_I-like_Nicrophorus_vespilloides                                57.97%    passed     94.26%
2286  XP_014251178.1_lysozyme_c-1-like_Cimex_lectularius                                       43.48%    passed     34.39%
2287  XP_026679799.1_lysozyme-like_partial_Diaphorina_citri                                    43.48%    passed     54.72%
2288  XP_026679803.1_lysozyme_c-1-like_Diaphorina_citri                                        66.67%    passed      7.84%
2289  Bellardia_pandia_LysC2                                                                   57.97%    passed     27.92%
2290  XP_036319046.1_lysozyme_D-like_Rhagoletis_pomonella                                      47.83%    passed     72.01%
2291  XP_017467409.1_lysozyme_D-like_Rhagoletis_zephyria                                       47.83%    passed     73.26%
2292  Chrysomya_megacephala_LysC2                                                              52.17%    passed     75.25%
2293  Chrysomya_megacephala_LysC6                                                              52.17%    passed     16.26%
2294  XP_014249536.1_lysozyme_Cimex_lectularius                                                36.23%    passed     61.85%
2295  XP_069704375.1_lysozyme_1B-like_Periplaneta_americana                                    39.13%    failed      2.49%
2296  XP_024085841.1_lysozyme-like_Cimex_lectularius                                           40.58%    passed     45.47%
2297  XP_024084364.1_lysozyme_C_milk_isozyme-like_Cimex_lectularius                            49.28%    passed     69.03%
2298  Bellardia_pandia_LysC4                                                                   52.17%    passed     91.36%
2299  XP_014290443.1_lysozyme_Halyomorpha_halys                                                43.48%    passed     25.73%
2300  XP_066904954.1_putative_lysozyme-like_protein_Halyomorpha_halys                          14.49%    failed      0.00%
WARNING: 109 sequences contain more than 50% gaps/ambiguity
****  TOTAL                                                                                    36.95%  203 sequences failed composition chi2 test (p-value<5%; df=19)
NOTE: Calliphora_vicina_LOC135954481_LysI2 is identical to Calliphora_vomitoria_LysI2 but kept for subsequent analysis
NOTE: Cochliomyia_hominivoraxBR_LysI2 is identical to Cochliomyia_hominivorax_LysI2 but kept for subsequent analysis
NOTE: XP_061398689.1_lysozyme-like_Musca_vetustissima is identical to Musca_domestica_LOC101897516_LysI1 but kept for subsequent analysis
NOTE: Calliphora_vomitoria_LysI1 is identical to Stomorhina_lunata_LysI1 but kept for subsequent analysis
NOTE: Cochliomyia_hominivorax_LysI1 is identical to Protophormia_terraenovae_LysI1 but kept for subsequent analysis
NOTE: Protocalliphora_azurea_LysI1 is identical to Phormia_regina_LysI1.2 but kept for subsequent analysis
NOTE: Bellardia_bayeri_LysI1 is identical to Bellardia_pandia_LysI1 but kept for subsequent analysis
NOTE: XP_054739455.1_invertebrate-type_lysozyme_3-like_Anastrepha_obliqua is identical to XP_053963913.1_invertebrate-type_lysozyme_3-like_Anastrepha_ludens but kept for subsequent analysis
NOTE: XP_050326598.1_invertebrate-type_lysozyme_3-like_Bactrocera_neohumeralis is identical to XP_018798928.1_lysozyme-like_Bactrocera_latifrons but kept for subsequent analysis
NOTE: XP_017470063.1_lysozyme-like_Rhagoletis_zephyria is identical to XP_036333612.1_invertebrate-type_lysozyme_3-like_Rhagoletis_pomonella but kept for subsequent analysis
NOTE: XP_062127527.1_invertebrate-type_lysozyme_3_Drosophila_sulfurigaster_albostrigata is identical to XP_034101809.1_invertebrate-type_lysozyme_3_Drosophila_albomicans but kept for subsequent analysis
NOTE: XP_064535967.1_invertebrate-type_lysozyme_3-like_Drosophila_montana is identical to XP_023162250.1_invertebrate-type_lysozyme_3_Drosophila_hydei but kept for subsequent analysis
NOTE: XP_017960259.1_invertebrate-type_lysozyme_3-like_Drosophila_navojoa is identical to XP_043867237.1_invertebrate-type_lysozyme_3-like_Drosophila_mojavensis but kept for subsequent analysis
NOTE: XP_033155542.1_lysozyme_Drosophila_mauritiana is identical to XP_001975296.1_lysozyme_Drosophila_erecta but kept for subsequent analysis
NOTE: XP_043645883.1_lysozyme_Drosophila_teissieri is identical to XP_039483992.1_lysozyme_Drosophila_santomea but kept for subsequent analysis
NOTE: XP_002016414.1_lysozyme_Drosophila_persimilis is identical to XP_033246840.1_lysozyme-like_Drosophila_miranda but kept for subsequent analysis
NOTE: XP_037950558.1_lysozyme-like_Teleopsis_dalmanni is identical to XP_037949958.1_lysozyme-like_Teleopsis_dalmanni but kept for subsequent analysis
NOTE: XP_026464344.1_lysozyme-like_Ctenocephalides_felis is identical to XP_026464046.1_lysozyme-like_Ctenocephalides_felis but kept for subsequent analysis
NOTE: XP_052751132.1_invertebrate-type_lysozyme_3-like_Galleria_mellonella is identical to XP_059057658.1_invertebrate-type_lysozyme_3-like_Achroia_grisella but kept for subsequent analysis
NOTE: XP_047032192.1_lysozyme-like_Helicoverpa_zea is identical to XP_021196195.3_lysozyme_Helicoverpa_armigera but kept for subsequent analysis
NOTE: XP_022823164.1_lysozyme-like_Spodoptera_litura is identical to XP_035444103.1_lysozyme_Spodoptera_frugiperda but kept for subsequent analysis
NOTE: XP_063537321.1_lysozyme-like_Cydia_strobilella is identical to XP_061718893.1_lysozyme-like_Cydia_pomonella but kept for subsequent analysis
NOTE: XP_026495858.1_lysozyme-like_Vanessa_tameamea is identical to XP_047535403.1_lysozyme-like_Vanessa_atalanta but kept for subsequent analysis
NOTE: XP_038222477.1_lysozyme-like_Zerene_cesonia is identical to XP_045500255.1_lysozyme-like_Colias_croceus but kept for subsequent analysis
NOTE: XP_047521933.1_lysozyme-like_Pieris_napi is identical to XP_045523216.1_lysozyme-like_Pieris_brassicae but kept for subsequent analysis
NOTE: XP_063829397.1_lysozyme-like_Ostrinia_nubilalis is identical to XP_028161455.1_lysozyme-like_Ostrinia_furnacalis but kept for subsequent analysis
NOTE: XP_001869584.1_lysozyme_Culex_quinquefasciatus is identical to XP_039432737.1_lysozyme-like_Culex_pipiens_pallens but kept for subsequent analysis
NOTE: XP_049544687.1_lysozyme-like_Anopheles_darlingi is identical to XP_050094991.1_lysozyme-like_Anopheles_aquasalis but kept for subsequent analysis
NOTE: XP_309527.4_lysozyme_Anopheles_gambiae is identical to XP_040169303.1_lysozyme-like_Anopheles_arabiensis but kept for subsequent analysis
NOTE: XP_052903210.1_lysozyme-like_Anopheles_moucheti is identical to XP_053660669.1_lysozyme-like_Anopheles_marshallii but kept for subsequent analysis
NOTE: XP_058171699.1_lysozyme-like_Anopheles_ziemanni is identical to XP_058130205.1_lysozyme-like_Anopheles_coustani but kept for subsequent analysis
NOTE: XP_049850554.1_lysozyme-like_Schistocerca_gregaria is identical to XP_046991064.1_lysozyme-like_Schistocerca_americana but kept for subsequent analysis
NOTE: XP_054269742.1_lysozyme-like_Macrosteles_quadrilineatus is identical to XP_054267857.1_lysozyme-like_Macrosteles_quadrilineatus but kept for subsequent analysis
NOTE: XP_066259677.1_lysozyme-like_Euwallacea_similis is identical to XP_066159224.1_lysozyme-like_Euwallacea_fornicatus but kept for subsequent analysis
NOTE: XP_056632869.1_lysozyme-like_Diorhabda_sublineata is identical to XP_057665005.1_lysozyme-like_Diorhabda_carinulata but kept for subsequent analysis
NOTE: XP_049850555.1_invertebrate-type_lysozyme_3-like_Schistocerca_gregaria is identical to XP_049774442.1_invertebrate-type_lysozyme_3-like_Schistocerca_cancellata but kept for subsequent analysis
NOTE: XP_049947805.1_invertebrate-type_lysozyme_3-like_Schistocerca_serialis_cubense is identical to XP_047107998.1_invertebrate-type_lysozyme_3-like_Schistocerca_piceifrons but kept for subsequent analysis
NOTE: XP_012057581.1_lysozyme-like_Atta_cephalotes is identical to XP_011054763.1_lysozyme-like_Acromyrmex_echinatior but kept for subsequent analysis
NOTE: XP_024883393.1_lysozyme-like_Temnothorax_curvispinosus is identical to XP_024883394.1_lysozyme-like_Temnothorax_curvispinosus but kept for subsequent analysis
NOTE: XP_012057582.1_lysozyme_2-like_Atta_cephalotes is identical to XP_011054766.1_lysozyme_2-like_Acromyrmex_echinatior but kept for subsequent analysis
NOTE: XP_046604985.1_invertebrate-type_lysozyme_3-like_Neodiprion_virginianus is identical to XP_046417441.1_invertebrate-type_lysozyme_3-like_Neodiprion_fabricii but kept for subsequent analysis
NOTE: XP_015512018.2_invertebrate-type_lysozyme_3_Neodiprion_lecontei is identical to XP_046474960.1_lysozyme_Neodiprion_pinetum but kept for subsequent analysis
NOTE: XP_043491128.1_invertebrate-type_lysozyme_3-like_Polistes_fuscatus is identical to XP_014615199.1_lysozyme_2-like_Polistes_canadensis but kept for subsequent analysis
NOTE: XP_046821287.1_lysozyme-like_Vespa_crabro is identical to XP_047348953.1_lysozyme-like_Vespa_velutina but kept for subsequent analysis
NOTE: XP_050848304.1_invertebrate-type_lysozyme_3-like_Vespula_vulgaris is identical to XP_043667361.1_lysozyme-like_Vespula_pensylvanica but kept for subsequent analysis
NOTE: XP_044595691.1_invertebrate-type_lysozyme_3-like_Cotesia_glomerata is identical to XP_044595690.1_invertebrate-type_lysozyme_3-like_Cotesia_glomerata but kept for subsequent analysis
NOTE: XP_015113936.1_invertebrate-type_lysozyme_Diachasma_alloeum is identical to XP_063973737.1_invertebrate-type_lysozyme_3-like_Diachasmimorpha_longicaudata but kept for subsequent analysis
NOTE: XP_393161.3_lysozyme_Apis_mellifera is identical to XP_061929234.1_lysozyme-like_Apis_cerana but kept for subsequent analysis
NOTE: XP_043791153.1_lysozyme-like_Apis_laboriosa is identical to XP_006611951.1_lysozyme-like_Apis_dorsata but kept for subsequent analysis
NOTE: XP_053987056.1_invertebrate-type_lysozyme_3-like_Hylaeus_volcanicus is identical to XP_054007809.1_invertebrate-type_lysozyme_3-like_Hylaeus_anthracinus but kept for subsequent analysis
NOTE: XP_003394100.1_invertebrate-type_lysozyme_3_Bombus_terrestris is identical to XP_050578182.1_invertebrate-type_lysozyme_3-like_Bombus_affinis but kept for subsequent analysis
NOTE: XP_068968486.1_invertebrate-type_lysozyme_3-like_Bombus_flavifrons is identical to XP_033304913.1_lysozyme_2-like_Bombus_bifarius but kept for subsequent analysis
NOTE: XP_060655724.1_invertebrate-type_lysozyme_3-like_Drosophila_nasuta is identical to XP_034105438.1_invertebrate-type_lysozyme_3-like_Drosophila_albomicans but kept for subsequent analysis
NOTE: XP_062131874.1_lysozyme-like_Drosophila_sulfurigaster_albostrigata is identical to XP_060654702.1_lysozyme-like_Drosophila_nasuta but kept for subsequent analysis
NOTE: XP_002048990.1_lysozyme_Drosophila_virilis is identical to XP_030563443.1_lysozyme_Drosophila_novamexicana but kept for subsequent analysis
NOTE: XP_001975295.1_lysozyme_2_Drosophila_erecta is identical to XP_016968181.1_lysozyme_Drosophila_biarmipes but kept for subsequent analysis
NOTE: XP_043644498.1_lysozyme_2_Drosophila_teissieri is identical to XP_039482429.1_lysozyme_2_Drosophila_santomea but kept for subsequent analysis
NOTE: XP_002016415.1_lysozyme_Drosophila_persimilis is identical to XP_017145974.1_lysozyme_Drosophila_miranda but kept for subsequent analysis
NOTE: XP_060654699.1_lysozyme_2_Drosophila_nasuta is identical to XP_034108111.1_lysozyme_2_Drosophila_albomicans but kept for subsequent analysis
NOTE: XP_002034197.1_lysozyme_Drosophila_sechellia is identical to XP_033153946.1_lysozyme_Drosophila_mauritiana but kept for subsequent analysis
NOTE: XP_030563370.1_lysozyme_3_Drosophila_novamexicana is identical to XP_064535936.1_lysozyme_3-like_Drosophila_montana but kept for subsequent analysis
NOTE: XP_060654701.1_lysozyme_Drosophila_nasuta is identical to XP_034108112.1_lysozyme_Drosophila_albomicans but kept for subsequent analysis
NOTE: XP_002092147.1_lysozyme_2_Drosophila_yakuba is identical to XP_043644072.1_lysozyme_2_Drosophila_teissieri but kept for subsequent analysis
NOTE: XP_017960260.1_lysozyme-like_Drosophila_navojoa is identical to XP_002006620.1_lysozyme_Drosophila_mojavensis but kept for subsequent analysis
NOTE: XP_002048989.1_lysozyme_Drosophila_virilis is identical to XP_064535937.1_lysozyme-like_Drosophila_montana but kept for subsequent analysis
NOTE: XP_034650409.1_lysozyme_Drosophila_subobscura is identical to XP_034122349.1_lysozyme_Drosophila_guanche but kept for subsequent analysis
NOTE: XP_054267729.1_lysozyme-like_Macrosteles_quadrilineatus is identical to XP_054265663.1_lysozyme-like_Macrosteles_quadrilineatus but kept for subsequent analysis
NOTE: XP_004926301.1_lysozyme_Bombyx_mori is identical to XP_028041526.1_lysozyme-like_Bombyx_mandarina but kept for subsequent analysis
NOTE: XP_022118333.2_lysozyme-like_Pieris_rapae is identical to XP_045522728.1_lysozyme-like_Pieris_brassicae but kept for subsequent analysis
NOTE: XP_063829396.1_lysozyme-like_Ostrinia_nubilalis is identical to XP_028161463.1_lysozyme-like_Ostrinia_furnacalis but kept for subsequent analysis
NOTE: XP_047032257.1_lysozyme-like_Helicoverpa_zea is identical to XP_049706905.2_lysozyme_Helicoverpa_armigera but kept for subsequent analysis
NOTE: XP_063537323.1_lysozyme_1-like_Cydia_strobilella is identical to XP_063365762.1_lysozyme_1-like_Cydia_amplana but kept for subsequent analysis
NOTE: XP_063625913.1_lysozyme_1-like_Cydia_splendana is identical to XP_061718898.1_lysozyme_1-like_Cydia_pomonella but kept for subsequent analysis
NOTE: XP_047032394.1_lysozyme-like_Helicoverpa_zea is identical to XP_063895237.1_lysozyme_Helicoverpa_armigera but kept for subsequent analysis
NOTE: XP_064073527.1_lysozyme-like_Vanessa_tameamea is identical to XP_047535463.1_lysozyme-like_Vanessa_atalanta but kept for subsequent analysis
NOTE: XP_047521847.1_lysozyme-like_Pieris_napi is identical to XP_022119358.2_lysozyme_2-like_Pieris_rapae but kept for subsequent analysis
NOTE: XP_022168115.1_lysozyme_1-like_Myzus_persicae is identical to XP_001949318.2_lysozyme_Acyrthosiphon_pisum but kept for subsequent analysis
NOTE: XP_040240181.2_lysozyme-like_Anopheles_coluzzii is identical to XP_040172453.1_lysozyme-like_Anopheles_arabiensis but kept for subsequent analysis
NOTE: XP_025204808.1_lysozyme-like_Melanaphis_sacchari is identical to XP_027836881.1_lysozyme-like_Aphis_gossypii but kept for subsequent analysis
NOTE: XP_054268469.1_invertebrate-type_lysozyme_3-like_Macrosteles_quadrilineatus is identical to XP_054267841.1_invertebrate-type_lysozyme_3-like_Macrosteles_quadrilineatus but kept for subsequent analysis
NOTE: XP_049855937.1_lysozyme_2-like_Schistocerca_gregaria is identical to XP_049773185.1_lysozyme_2-like_Schistocerca_cancellata but kept for subsequent analysis
NOTE: XP_049947212.1_invertebrate-type_lysozyme_6-like_Schistocerca_serialis_cubense is identical to XP_046989949.1_invertebrate-type_lysozyme_6-like_Schistocerca_americana but kept for subsequent analysis
NOTE: XP_049799396.1_lysozyme-like_Schistocerca_nitens is identical to XP_049771490.1_lysozyme-like_Schistocerca_cancellata but kept for subsequent analysis
NOTE: XP_049949603.1_invertebrate-type_lysozyme_2-like_Schistocerca_serialis_cubense is identical to XP_046990304.1_invertebrate-type_lysozyme_2-like_Schistocerca_americana but kept for subsequent analysis
NOTE: XP_039275335.1_lysozyme_3-like_Nilaparvata_lugens is identical to XP_039301533.1_lysozyme_2_Nilaparvata_lugens but kept for subsequent analysis
NOTE: XP_058170575.1_putative_lysozyme-like_protein_Anopheles_ziemanni is identical to XP_058127075.1_putative_lysozyme-like_protein_Anopheles_coustani but kept for subsequent analysis
NOTE: XP_046476286.1_putative_lysozyme-like_protein_Neodiprion_pinetum is identical to XP_015522428.1_putative_lysozyme-like_protein_Neodiprion_lecontei but kept for subsequent analysis
NOTE: XP_043866646.1_putative_lysozyme-like_protein_Drosophila_mojavensis is identical to XP_017865164.1_putative_lysozyme-like_protein_Drosophila_arizonae but kept for subsequent analysis
NOTE: XP_036342628.1_putative_lysozyme-like_protein_partial_Rhagoletis_pomonella is identical to XP_036342605.1_putative_lysozyme-like_protein_partial_Rhagoletis_pomonella but kept for subsequent analysis
NOTE: XP_058169820.1_putative_lysozyme-like_protein_Anopheles_ziemanni is identical to XP_058120776.1_putative_lysozyme-like_protein_Anopheles_coustani but kept for subsequent analysis
NOTE: XP_049957978.1_putative_lysozyme-like_protein_Schistocerca_serialis_cubense is identical to XP_046994126.1_putative_lysozyme-like_protein_Schistocerca_americana but kept for subsequent analysis
NOTE: XP_047112221.1_putative_lysozyme-like_protein_Schistocerca_piceifrons is identical to XP_049777268.1_putative_lysozyme-like_protein_Schistocerca_cancellata but kept for subsequent analysis
NOTE: Calliphora_vicina_lysozyme_1-like_XM_065499876.1 is identical to Calliphora_vicina_lysozyme_1-like_XM_065499793.1 but kept for subsequent analysis
NOTE: Calliphora_vomitoria_LysC16 is identical to Calliphora_vomitoria_LysC13 but kept for subsequent analysis
NOTE: Lucilia_sericata_lysozyme_1-like_XM_037963759.1 is identical to Lucilia_sericata_lysozyme_1-like_XM_037963752.1 but kept for subsequent analysis
NOTE: Chrysomya_megacephala_LysC4 is identical to Chrysomya_megacephala_LysC3 but kept for subsequent analysis
NOTE: Calliphora_vomitoria_LysC7 is identical to Calliphora_vicina_lysozyme_1-like_XM_065511310.1 but kept for subsequent analysis
NOTE: Musca_domestica_lysozyme_1_XM_059127601.1 is identical to Musca_domestica_lysozyme_1_XM_059127590.1 but kept for subsequent analysis
NOTE: XP_061393100.1_lysozyme_1-like_Musca_vetustissima is identical to XP_061393102.1_lysozyme_1-like_Musca_vetustissima but kept for subsequent analysis
NOTE: Protophormia_terraenovae_LysC11 is identical to Protophormia_terraenovae_LysC10 but kept for subsequent analysis
NOTE: Protophormia_terraenovae_LysC13 is identical to Protophormia_terraenovae_LysC12 but kept for subsequent analysis
NOTE: Stomoxys_calcitrans_lysozyme_1_XM_059368530.1 is identical to Stomoxys_calcitrans_lysozyme_1_XM_059368529.1 but kept for subsequent analysis
NOTE: Stomorhina_lunata_LysC7 is identical to Stomorhina_lunata_LysC6 but kept for subsequent analysis
NOTE: XP_037952695.1_inactive_lysozyme_1A-like_Teleopsis_dalmanni is identical to XP_037950680.1_inactive_lysozyme_1A-like_Teleopsis_dalmanni but kept for subsequent analysis
NOTE: XP_037952696.1_inactive_lysozyme_1A-like_Teleopsis_dalmanni is identical to XP_037951569.1_inactive_lysozyme_1A-like_Teleopsis_dalmanni but kept for subsequent analysis
NOTE: Protocalliphora_azurea_LysC2 is identical to Protophormia_terraenovae_LysC9 but kept for subsequent analysis
NOTE: Chrysomya_megacephala_LysC7 is identical to Chrysomya_megacephala_LysC1 but kept for subsequent analysis
NOTE: XP_054741317.1_lysozyme_1-like_Anastrepha_obliqua is identical to XP_053966453.1_lysozyme_1-like_Anastrepha_ludens but kept for subsequent analysis
NOTE: XP_039957072.1_lysozyme_1-like_Bactrocera_tryoni is identical to XP_050323073.1_lysozyme_1-like_Bactrocera_neohumeralis but kept for subsequent analysis
NOTE: XP_051860878.1_lysozyme_D_Drosophila_albomicans is identical to XP_034103459.1_lysozyme_D_Drosophila_albomicans but kept for subsequent analysis
NOTE: XP_060658458.1_lysozyme_E-like_Drosophila_nasuta is identical to XP_034103462.1_lysozyme_E-like_Drosophila_albomicans but kept for subsequent analysis
NOTE: XP_002012059.1_lysozyme_A/C_Drosophila_mojavensis is identical to XP_017860579.1_lysozyme_A/C-like_Drosophila_arizonae but kept for subsequent analysis
NOTE: XP_001983607.1_lysozyme_A/C_Drosophila_grimshawi is identical to XP_001983608.1_lysozyme_A/C_Drosophila_grimshawi but kept for subsequent analysis
NOTE: XP_001983609.1_lysozyme_A/C_Drosophila_grimshawi is identical to XP_001983604.1_lysozyme_A/C_Drosophila_grimshawi but kept for subsequent analysis
NOTE: XP_002012058.1_lysozyme_D_Drosophila_mojavensis is identical to XP_017863135.1_lysozyme_D-like_Drosophila_arizonae but kept for subsequent analysis
NOTE: XP_030241750.1_lysozyme_D-like_Drosophila_navojoa is identical to XP_030241752.1_lysozyme_D-like_Drosophila_navojoa but kept for subsequent analysis
NOTE: XP_030241748.1_lysozyme_D_Drosophila_navojoa is identical to XP_030241751.1_lysozyme_D_Drosophila_navojoa but kept for subsequent analysis
NOTE: XP_064541636.1_lysozyme_B-like_Drosophila_montana is identical to XP_064541586.1_lysozyme_B-like_Drosophila_montana but kept for subsequent analysis
NOTE: XP_030560721.1_lysozyme_A/C_Drosophila_novamexicana is identical to XP_064541590.1_lysozyme_A/C_Drosophila_montana but kept for subsequent analysis
NOTE: XP_034482085.1_lysozyme_B_Drosophila_innubila is identical to XP_034482082.1_lysozyme_B_Drosophila_innubila but kept for subsequent analysis
NOTE: XP_001956719.1_lysozyme_B_Drosophila_ananassae is identical to XP_032309533.1_lysozyme_B-like_Drosophila_ananassae but kept for subsequent analysis
NOTE: XP_043650681.1_lysozyme_A/C_Drosophila_teissieri is identical to XP_017063459.1_lysozyme_A/C_Drosophila_eugracilis but kept for subsequent analysis
NOTE: XP_039488298.1_lysozyme_A/C-like_Drosophila_santomea is identical to XP_002093080.1_lysozyme_A/C_Drosophila_yakuba but kept for subsequent analysis
NOTE: XP_016956899.1_lysozyme_A/C_Drosophila_biarmipes is identical to XP_016954853.2_lysozyme_A/C-like_partial_Drosophila_biarmipes but kept for subsequent analysis
NOTE: XP_016984106.1_lysozyme_A/C-like_Drosophila_rhopaloa is identical to XP_044313922.1_lysozyme_A/C-like_Drosophila_rhopaloa but kept for subsequent analysis
NOTE: XP_044250346.1_lysozyme_D-like_Drosophila_takahashii is identical to XP_016993208.2_lysozyme_E_Drosophila_takahashii but kept for subsequent analysis
NOTE: XP_041632269.1_lysozyme_B-like_Drosophila_kikkawai is identical to XP_017017725.2_lysozyme_B-like_Drosophila_kikkawai but kept for subsequent analysis
NOTE: XP_001956722.1_lysozyme_E_Drosophila_ananassae is identical to XP_032309534.1_lysozyme_E-like_Drosophila_ananassae but kept for subsequent analysis
NOTE: XP_017103994.2_lysozyme_E-like_Drosophila_bipectinata is identical to XP_017103990.2_lysozyme_E-like_Drosophila_bipectinata but kept for subsequent analysis
NOTE: XP_034133766.1_lysozyme_D_Drosophila_guanche is identical to XP_034133758.1_lysozyme_D-like_Drosophila_guanche but kept for subsequent analysis
NOTE: XP_034655132.1_lysozyme_D_Drosophila_subobscura is identical to XP_034655124.1_lysozyme_D_Drosophila_subobscura but kept for subsequent analysis
NOTE: XP_017137322.1_lysozyme_A/C-like_Drosophila_miranda is identical to XP_017137323.2_lysozyme_B-like_Drosophila_miranda but kept for subsequent analysis
NOTE: XP_026849747.1_lysozyme_D-like_Drosophila_persimilis is identical to XP_026849746.1_lysozyme_D-like_Drosophila_persimilis but kept for subsequent analysis
NOTE: XP_017137334.2_lysozyme_A/C_Drosophila_miranda is identical to XP_017137333.2_lysozyme_A/C_Drosophila_miranda but kept for subsequent analysis
NOTE: XP_030375505.1_lysozyme_D_Scaptodrosophila_lebanonensis is identical to XP_030375504.1_lysozyme_D-like_Scaptodrosophila_lebanonensis but kept for subsequent analysis
NOTE: XP_030375510.1_lysozyme_D-like_Scaptodrosophila_lebanonensis is identical to XP_030375509.1_lysozyme_D-like_Scaptodrosophila_lebanonensis but kept for subsequent analysis
NOTE: XP_002046434.3_lysozyme_A/C_Drosophila_virilis is identical to XP_030560720.1_lysozyme_A/C-like_Drosophila_novamexicana but kept for subsequent analysis
NOTE: XP_060660919.1_lysozyme_D-like_Drosophila_nasuta is identical to XP_034103461.1_lysozyme_D-like_Drosophila_albomicans but kept for subsequent analysis
NOTE: XP_037722982.1_lysozyme_S-like_Drosophila_subpulchrella is identical to XP_001956716.1_lysozyme_S_Drosophila_ananassae but kept for subsequent analysis
NOTE: XP_016022646.2_lysozyme_S_Drosophila_simulans is identical to XP_033157266.1_lysozyme_S_Drosophila_mauritiana but kept for subsequent analysis
NOTE: XP_002065984.1_lysozyme_S_Drosophila_willistoni is identical to XP_068141915.1_lysozyme_S_Drosophila_tropicalis but kept for subsequent analysis
NOTE: XP_032575946.1_lysozyme_P_Drosophila_sechellia is identical to XP_033157262.1_lysozyme_P_Drosophila_mauritiana but kept for subsequent analysis
NOTE: XP_052847743.1_lysozyme_P_Drosophila_gunungcola is identical to XP_017127138.1_lysozyme_P_Drosophila_elegans but kept for subsequent analysis
NOTE: XP_022226708.2_lysozyme_P_Drosophila_obscura is identical to XP_034133759.1_lysozyme_B-like_Drosophila_guanche but kept for subsequent analysis
NOTE: XP_026849748.1_lysozyme_E-like_Drosophila_persimilis is identical to XP_017137325.1_lysozyme_E-like_Drosophila_miranda but kept for subsequent analysis
NOTE: XP_053966455.1_lysozyme_D-like_Anastrepha_ludens is identical to XP_053966456.1_lysozyme_D-like_Anastrepha_ludens but kept for subsequent analysis
NOTE: XP_011206452.1_lysozyme_B-like_Bactrocera_dorsalis is identical to XP_011206453.2_lysozyme_B_Bactrocera_dorsalis but kept for subsequent analysis
NOTE: XP_050323072.1_lysozyme_B-like_Bactrocera_neohumeralis is identical to XP_050323068.1_lysozyme_B-like_Bactrocera_neohumeralis but kept for subsequent analysis
NOTE: XP_011180848.2_lysozyme_B_Zeugodacus_cucurbitae is identical to XP_011180845.2_lysozyme_B-like_Zeugodacus_cucurbitae but kept for subsequent analysis
NOTE: XP_054088797.1_lysozyme_B-like_Zeugodacus_cucurbitae is identical to XP_011180851.1_lysozyme_B-like_Zeugodacus_cucurbitae but kept for subsequent analysis
NOTE: XP_018784507.1_lysozyme_B-like_Bactrocera_latifrons is identical to XP_011206455.2_lysozyme_B-like_Bactrocera_dorsalis but kept for subsequent analysis
NOTE: XP_023158883.1_lysozyme_B-like_Ceratitis_capitata is identical to XP_004517800.1_lysozyme_B-like_Ceratitis_capitata but kept for subsequent analysis
NOTE: XP_037952694.1_lysozyme_1-like_Teleopsis_dalmanni is identical to XP_037950968.1_lysozyme_1-like_Teleopsis_dalmanni but kept for subsequent analysis
NOTE: XP_043069954.1_lysozyme_X-like_Drosophila_bipectinata is identical to XP_017104049.2_lysozyme_X-like_Drosophila_bipectinata but kept for subsequent analysis
NOTE: XP_052847742.1_lysozyme_X-like_Drosophila_gunungcola is identical to XP_017126756.1_lysozyme_X_Drosophila_elegans but kept for subsequent analysis
NOTE: XP_002026120.1_lysozyme_B_Drosophila_persimilis is identical to XP_017137324.1_lysozyme_B-like_Drosophila_miranda but kept for subsequent analysis
NOTE: Chrysomya_megacephala_LysC10 is identical to Chrysomya_megacephala_LysC9 but kept for subsequent analysis
NOTE: XP_067627399.1_lysozyme_1-like_Eurosta_solidaginis is identical to XP_067627392.1_lysozyme_1-like_Eurosta_solidaginis but kept for subsequent analysis
NOTE: XP_067627395.1_lysozyme_1-like_Eurosta_solidaginis is identical to XP_067627394.1_lysozyme_1-like_Eurosta_solidaginis but kept for subsequent analysis
NOTE: XP_002046436.1_lysozyme_B_Drosophila_virilis is identical to XP_032289303.1_lysozyme_B-like_Drosophila_virilis but kept for subsequent analysis
NOTE: Lucilia_cuprina_lysozyme_1-like_XM_046955614.1 is identical to Lucilia_cuprina_lysozyme_1-like_XM_046955615.1 but kept for subsequent analysis
NOTE: Calliphora_vomitoria_LysC2 is identical to Calliphora_vomitoria_LysC1 but kept for subsequent analysis
NOTE: Lucilia_sericata_lysozyme_2-like_XM_037951088.1 is identical to Lucilia_sericata_lysozyme_2-like_XM_037951089.1 but kept for subsequent analysis
NOTE: Phormia_regina_LysC2 is identical to Protophormia_terraenovae_LysC4 but kept for subsequent analysis
NOTE: Chrysomya_rufifacies_LysC2 is identical to Chrysomya_rufifacies_LysC1 but kept for subsequent analysis
NOTE: Chrysomya_megacephala_LysC15 is identical to Chrysomya_megacephala_LysC13 but kept for subsequent analysis
NOTE: Stomoxys_calcitrans_lysozyme_2-like_XM_013257674.2 is identical to Stomoxys_calcitrans_lysozyme_2-like_XM_059370494.1 but kept for subsequent analysis
NOTE: Stomoxys_calcitrans_lysozyme_2_XM_013257687.2 is identical to Stomoxys_calcitrans_lysozyme_2-like_XM_013257684.2 but kept for subsequent analysis
NOTE: Stomoxys_calcitrans_lysozyme_2-like_XM_013257683.2 is identical to Stomoxys_calcitrans_lysozyme_2-like_XM_013257685.2 but kept for subsequent analysis
NOTE: Musca_domestica_lysozyme_2_XM_011292181.3 is identical to Musca_domestica_lysozyme_2-like_XM_020035062.2 but kept for subsequent analysis
NOTE: XP_061391476.1_lysozyme_2-like_Musca_vetustissima is identical to Musca_domestica_lysozyme_2-like_XM_005178415.4 but kept for subsequent analysis
NOTE: Musca_domestica_lysozyme_2-like_XM_059126266.1 is identical to Musca_domestica_lysozyme_2-like_XM_005185318.2 but kept for subsequent analysis
NOTE: Musca_domestica_lysozyme_2-like_XM_011292185.3 is identical to Musca_domestica_lysozyme_2-like_XM_020035063.2 but kept for subsequent analysis
NOTE: XP_061400440.1_lysozyme_2-like_Musca_vetustissima is identical to XP_061391475.1_lysozyme_2-like_Musca_vetustissima but kept for subsequent analysis
NOTE: XP_061400438.1_lysozyme_2-like_Musca_vetustissima is identical to XP_061391499.1_lysozyme_2-like_Musca_vetustissima but kept for subsequent analysis
NOTE: Lucilia_cuprina_lysozyme_P-like_XM_046955619.1 is identical to Lucilia_sericata_lysozyme_B-like_XM_037958008.1 but kept for subsequent analysis
NOTE: XP_039956973.1_lysozyme_P-like_Bactrocera_tryoni is identical to XP_050324899.1_lysozyme_P-like_Bactrocera_neohumeralis but kept for subsequent analysis
NOTE: XP_054737832.1_lysozyme_X-like_Anastrepha_obliqua is identical to XP_053964205.1_lysozyme_X-like_Anastrepha_ludens but kept for subsequent analysis
NOTE: XP_054740623.1_lysozyme_P-like_Anastrepha_obliqua is identical to XP_053965639.1_lysozyme_P-like_Anastrepha_ludens but kept for subsequent analysis
NOTE: XP_050324830.1_lysozyme_P-like_Bactrocera_neohumeralis is identical to XP_011199990.2_lysozyme_P_Bactrocera_dorsalis but kept for subsequent analysis
NOTE: XP_060656560.1_lysozyme_P_Drosophila_nasuta is identical to XP_034107204.1_lysozyme_P_Drosophila_albomicans but kept for subsequent analysis
NOTE: XP_032292738.1_lysozyme_P_Drosophila_virilis is identical to XP_064549010.1_lysozyme_P_Drosophila_montana but kept for subsequent analysis
NOTE: XP_043644553.1_lysozyme_P_Drosophila_teissieri is identical to XP_039481858.1_lysozyme_P_Drosophila_santomea but kept for subsequent analysis
NOTE: XP_034654347.1_lysozyme_P_Drosophila_subobscura is identical to XP_034131453.1_lysozyme_P_Drosophila_guanche but kept for subsequent analysis
NOTE: XP_026840814.1_lysozyme_P_Drosophila_persimilis is identical to XP_017146199.1_lysozyme_P_Drosophila_miranda but kept for subsequent analysis
NOTE: XP_033253907.1_lysozyme_P-like_Drosophila_miranda is identical to XP_033253905.1_lysozyme_P-like_Drosophila_miranda but kept for subsequent analysis
NOTE: XP_037915160.1_lysozyme_c-1-like_Hermetia_illucens is identical to XP_037915159.1_lysozyme_c-1-like_Hermetia_illucens but kept for subsequent analysis
NOTE: XP_037916159.1_lysozyme_2-like_Hermetia_illucens is identical to XP_037915161.1_lysozyme_2-like_Hermetia_illucens but kept for subsequent analysis
NOTE: XP_037915165.1_lysozyme_c-1-like_Hermetia_illucens is identical to XP_037915163.1_lysozyme_c-1-like_Hermetia_illucens but kept for subsequent analysis
NOTE: XP_037915171.1_lysozyme_2-like_Hermetia_illucens is identical to XP_037915166.1_lysozyme_2-like_Hermetia_illucens but kept for subsequent analysis
NOTE: XP_037915180.1_lysozyme_2-like_Hermetia_illucens is identical to XP_037915169.1_lysozyme_2-like_Hermetia_illucens but kept for subsequent analysis
NOTE: XP_037915173.1_lysozyme_2-like_Hermetia_illucens is identical to XP_037915172.1_lysozyme_2-like_Hermetia_illucens but kept for subsequent analysis
NOTE: XP_037915178.1_lysozyme_2-like_Hermetia_illucens is identical to XP_037915176.1_lysozyme_2-like_Hermetia_illucens but kept for subsequent analysis
NOTE: XP_037915181.1_lysozyme_2-like_Hermetia_illucens is identical to XP_037915182.1_lysozyme_2-like_Hermetia_illucens but kept for subsequent analysis
NOTE: XP_037916609.1_lysozyme_1-like_Hermetia_illucens is identical to XP_037916066.1_lysozyme_1-like_Hermetia_illucens but kept for subsequent analysis
NOTE: XP_053967193.1_lysozyme_Anastrepha_ludens is identical to Musca_domestica_lysozyme_XM_005187455.3 but kept for subsequent analysis
NOTE: XP_060659659.1_lysozyme_Drosophila_nasuta is identical to XP_034106818.1_lysozyme_Drosophila_albomicans but kept for subsequent analysis
NOTE: XP_017838967.1_lysozyme_Drosophila_busckii is identical to XP_017959422.1_lysozyme_Drosophila_navojoa but kept for subsequent analysis
NOTE: XP_062549620.1_lysozyme_c-1-like_Armigeres_subalbatus is identical to XP_062533531.1_lysozyme_c-1-like_Armigeres_subalbatus but kept for subsequent analysis
NOTE: XP_041770389.1_lysozyme_c-1_Anopheles_merus is identical to XP_040154905.1_lysozyme_c-1_Anopheles_arabiensis but kept for subsequent analysis
NOTE: XP_308448.3_lysozyme_c-1_Anopheles_gambiae is identical to XP_040229111.2_lysozyme_c-1_Anopheles_coluzzii but kept for subsequent analysis
NOTE: XP_058178765.1_lysozyme_c-1-like_Anopheles_ziemanni is identical to XP_058124828.1_lysozyme_c-1-like_Anopheles_coustani but kept for subsequent analysis
NOTE: XP_052861425.1_lysozyme_c-1-like_Anopheles_cruzii is identical to XP_058053684.1_lysozyme_c-1-like_Anopheles_bellator but kept for subsequent analysis
NOTE: XP_029726541.2_lysozyme_c-1_Aedes_albopictus is identical to XP_021696195.1_lysozyme_c-1_Aedes_aegypti but kept for subsequent analysis
NOTE: XP_062534242.1_lysozyme_c-1-like_Armigeres_subalbatus is identical to XP_062533525.1_lysozyme_c-1-like_Armigeres_subalbatus but kept for subsequent analysis
NOTE: XP_040229110.2_lysozyme_c-1-like_Anopheles_coluzzii is identical to XP_040154904.1_lysozyme_c-1-like_Anopheles_arabiensis but kept for subsequent analysis
NOTE: XP_035918672.1_lysozyme_c-1-like_Anopheles_stephensi is identical to XP_035909987.1_lysozyme_c-1-like_Anopheles_stephensi but kept for subsequent analysis
NOTE: XP_058178766.1_lysozyme_c-1-like_Anopheles_ziemanni is identical to XP_058124827.1_lysozyme_c-1-like_Anopheles_coustani but kept for subsequent analysis
NOTE: XP_013168776.1_lysozyme-like_Papilio_xuthus is identical to XP_045540156.1_lysozyme-like_Papilio_machaon but kept for subsequent analysis
NOTE: XP_047036709.1_lysozyme_Helicoverpa_zea is identical to XP_049705928.1_lysozyme_Helicoverpa_armigera but kept for subsequent analysis
NOTE: XP_050356822.1_lysozyme-like_Nymphalis_io is identical to XP_045454916.1_lysozyme_Melitaea_cinxia but kept for subsequent analysis
NOTE: XP_034825804.2_lysozyme-like_Maniola_hyperantus is identical to XP_023939383.1_lysozyme-like_Bicyclus_anynana but kept for subsequent analysis
NOTE: XP_061705520.1_lysozyme_Cydia_pomonella is identical to XP_063373258.1_lysozyme_Cydia_amplana but kept for subsequent analysis
NOTE: XP_038218238.1_lysozyme-like_Zerene_cesonia is identical to XP_045506999.1_lysozyme_Colias_croceus but kept for subsequent analysis
NOTE: XP_063834323.1_lysozyme_Ostrinia_nubilalis is identical to XP_028158766.1_lysozyme_Ostrinia_furnacalis but kept for subsequent analysis
NOTE: XP_062532674.1_lysozyme-like_protein_1_Bombyx_mori is identical to XP_028030688.1_lysozyme_Bombyx_mandarina but kept for subsequent analysis
NOTE: XP_049964251.1_lysozyme-like_Schistocerca_serialis_cubense is identical to XP_047000872.1_lysozyme-like_Schistocerca_americana but kept for subsequent analysis
NOTE: XP_049831131.1_lysozyme-like_Schistocerca_gregaria is identical to XP_047118245.1_lysozyme-like_Schistocerca_piceifrons but kept for subsequent analysis
NOTE: XP_046628276.1_lysozyme_Neodiprion_virginianus is identical to XP_015515023.1_lysozyme_Neodiprion_lecontei but kept for subsequent analysis
NOTE: XP_052756229.1_lysozyme_Galleria_mellonella is identical to XP_026755257.1_lysozyme_Galleria_mellonella but kept for subsequent analysis
NOTE: XP_047019592.1_lysozyme-like_Helicoverpa_zea is identical to XP_049696526.1_lysozyme_Helicoverpa_armigera but kept for subsequent analysis
NOTE: XP_022814852.1_lysozyme-like_Spodoptera_litura is identical to XP_035434307.1_lysozyme-like_Spodoptera_frugiperda but kept for subsequent analysis
NOTE: XP_061729744.1_lysozyme-like_Cydia_pomonella is identical to XP_063364906.1_lysozyme-like_Cydia_amplana but kept for subsequent analysis
NOTE: XP_047993532.1_lysozyme-like_Leguminivora_glycinivorella is identical to XP_047985978.1_lysozyme-like_Leguminivora_glycinivorella but kept for subsequent analysis
NOTE: XP_046962766.1_lysozyme-like_Vanessa_cardui is identical to XP_047530675.1_lysozyme-like_Vanessa_atalanta but kept for subsequent analysis
NOTE: XP_037302755.1_lysozyme-like_Manduca_sexta is identical to XP_037298374.1_lysozyme-like_Manduca_sexta but kept for subsequent analysis
NOTE: XP_037298387.1_lysozyme-like_Manduca_sexta is identical to XP_037301412.1_lysozyme_Manduca_sexta but kept for subsequent analysis
NOTE: P48816.1_RecName is identical to XP_028030251.1_lysozyme_Bombyx_mandarina but kept for subsequent analysis
NOTE: XP_034826898.1_lysozyme-like_Maniola_hyperantus is identical to XP_034826899.1_lysozyme-like_Maniola_hyperantus but kept for subsequent analysis
NOTE: XP_063823050.1_lysozyme-like_Ostrinia_nubilalis is identical to XP_028169326.1_lysozyme-like_Ostrinia_furnacalis but kept for subsequent analysis
NOTE: XP_047019562.1_lysozyme-like_Helicoverpa_zea is identical to XP_049696527.2_lysozyme_Helicoverpa_armigera but kept for subsequent analysis
NOTE: XP_026472235.1_lysozyme-like_Ctenocephalides_felis is identical to XP_026471188.1_lysozyme-like_Ctenocephalides_felis but kept for subsequent analysis
NOTE: XP_063364926.1_lysozyme-like_Cydia_amplana is identical to XP_063628351.1_lysozyme-like_Cydia_splendana but kept for subsequent analysis
NOTE: XP_063827039.1_lysozyme-like_Ostrinia_nubilalis is identical to XP_028166301.1_lysozyme-like_Ostrinia_furnacalis but kept for subsequent analysis
NOTE: XP_049830396.1_lysozyme-like_Schistocerca_gregaria is identical to XP_046999665.1_lysozyme-like_Schistocerca_americana but kept for subsequent analysis
NOTE: XP_001847112.1_lysozyme_c-1_Culex_quinquefasciatus is identical to XP_039437504.1_lysozyme_c-1-like_Culex_pipiens_pallens but kept for subsequent analysis
NOTE: XP_049541918.1_lysozyme_c-1-like_Anopheles_darlingi is identical to XP_050095280.1_lysozyme_c-1-like_Anopheles_aquasalis but kept for subsequent analysis
NOTE: XP_040219422.2_lysozyme_c-1_Anopheles_coluzzii is identical to XP_040160488.1_lysozyme_c-1_Anopheles_arabiensis but kept for subsequent analysis
NOTE: XP_058176143.1_lysozyme_c-1-like_Anopheles_ziemanni is identical to XP_058124699.1_lysozyme_c-1-like_Anopheles_coustani but kept for subsequent analysis
NOTE: XP_058176132.1_lysozyme_c-1-like_Anopheles_ziemanni is identical to XP_058124700.1_lysozyme_c-1-like_Anopheles_coustani but kept for subsequent analysis
NOTE: XP_040219419.2_lysozyme_c-1-like_Anopheles_coluzzii is identical to XP_061496669.1_lysozyme_c-1-like_Anopheles_gambiae but kept for subsequent analysis
NOTE: Chrysomya_megacephala_LysCX1 is identical to Protocalliphora_azurea_LysCX1 but kept for subsequent analysis
NOTE: XP_054736333.1_lysozyme_c-1_Anastrepha_obliqua is identical to XP_053967191.1_lysozyme_c-1_Anastrepha_ludens but kept for subsequent analysis
NOTE: XP_017477852.1_lysozyme-like_Rhagoletis_zephyria is identical to XP_036330683.1_lysozyme_c-1-like_Rhagoletis_pomonella but kept for subsequent analysis
NOTE: XP_069964618.1_lysozyme_c-1_Bactrocera_oleae is identical to XP_049308563.1_lysozyme_c-1_Bactrocera_dorsalis but kept for subsequent analysis
NOTE: XP_039954364.1_lysozyme_c-1-like_Bactrocera_tryoni is identical to XP_050325206.1_lysozyme_c-1-like_Bactrocera_neohumeralis but kept for subsequent analysis
NOTE: XP_060661850.1_lysozyme_Drosophila_nasuta is identical to XP_034098467.1_lysozyme_Drosophila_albomicans but kept for subsequent analysis
NOTE: XP_002010180.2_lysozyme_Drosophila_mojavensis is identical to XP_017872191.1_lysozyme_Drosophila_arizonae but kept for subsequent analysis
NOTE: XP_002022966.1_lysozyme_Drosophila_persimilis is identical to XP_017156356.1_lysozyme_Drosophila_miranda but kept for subsequent analysis
NOTE: XP_016038182.1_lysozyme_Drosophila_simulans is identical to XP_002036915.1_lysozyme_Drosophila_sechellia but kept for subsequent analysis
NOTE: XP_052856741.1_lysozyme_Drosophila_gunungcola is identical to XP_017112668.1_lysozyme_Drosophila_elegans but kept for subsequent analysis
NOTE: XP_062136511.1_lysozyme_Drosophila_sulfurigaster_albostrigata is identical to XP_051861666.1_lysozyme_c-1_Drosophila_albomicans but kept for subsequent analysis
NOTE: XP_032585859.1_lysozyme_Drosophila_mojavensis is identical to XP_017866225.1_lysozyme_Drosophila_arizonae but kept for subsequent analysis
NOTE: XP_030560214.1_lysozyme_Drosophila_novamexicana is identical to XP_064547012.1_lysozyme_Drosophila_montana but kept for subsequent analysis
NOTE: XP_017051135.1_lysozyme_Drosophila_ficusphila is identical to XP_016947508.1_lysozyme_c-1_Drosophila_biarmipes but kept for subsequent analysis
NOTE: XP_017025158.1_lysozyme_c-1_Drosophila_kikkawai is identical to XP_016989441.1_lysozyme_Drosophila_rhopaloa but kept for subsequent analysis
NOTE: XP_033155056.1_lysozyme_c-1_Drosophila_mauritiana is identical to XP_001974941.1_lysozyme_c-1_Drosophila_erecta but kept for subsequent analysis
NOTE: XP_052842474.1_lysozyme_Drosophila_gunungcola is identical to XP_017126414.1_lysozyme_Drosophila_elegans but kept for subsequent analysis
NOTE: XP_031371038.1_lysozyme-like_Apis_dorsata is identical to XP_061939765.1_lysozyme-like_Apis_cerana but kept for subsequent analysis
NOTE: XP_012170668.1_lysozyme_Bombus_terrestris is identical to XP_050591379.1_lysozyme-like_Bombus_affinis but kept for subsequent analysis
NOTE: XP_034178793.1_lysozyme-like_Osmia_lignaria is identical to XP_029036119.2_lysozyme-like_Osmia_bicornis_bicornis but kept for subsequent analysis
NOTE: XP_054010282.1_lysozyme-like_Hylaeus_anthracinus is identical to XP_054010278.1_lysozyme-like_Hylaeus_anthracinus but kept for subsequent analysis
NOTE: XP_053982468.1_lysozyme_c-1-like_Hylaeus_volcanicus is identical to XP_054010281.1_lysozyme_c-1-like_Hylaeus_anthracinus but kept for subsequent analysis
NOTE: XP_035717751.1_lysozyme_c-1-like_Vespa_mandarinia is identical to XP_046838029.1_lysozyme_c-1-like_Vespa_crabro but kept for subsequent analysis
NOTE: XP_046626488.1_lysozyme-like_Neodiprion_virginianus is identical to XP_046431365.1_lysozyme-like_Neodiprion_fabricii but kept for subsequent analysis
NOTE: XP_046489377.1_lysozyme-like_Neodiprion_pinetum is identical to XP_015518121.2_lysozyme-like_Neodiprion_lecontei but kept for subsequent analysis
NOTE: XP_030757064.1_lysozyme-like_Sitophilus_oryzae is identical to XP_030765730.1_lysozyme-like_Sitophilus_oryzae but kept for subsequent analysis
NOTE: XP_056640295.1_lysozyme-like_Diorhabda_sublineata is identical to XP_057657810.1_lysozyme-like_Diorhabda_carinulata but kept for subsequent analysis
NOTE: XP_001237085.2_lysozyme_c-1-like_Anopheles_gambiae is identical to XP_040160487.1_lysozyme_c-1-like_Anopheles_arabiensis but kept for subsequent analysis
NOTE: XP_063822760.1_lysozyme-like_Ostrinia_nubilalis is identical to XP_028156922.1_lysozyme-like_Ostrinia_furnacalis but kept for subsequent analysis
NOTE: XP_034255300.1_lysozyme_C-like_Thrips_palmi is identical to XP_034235752.1_lysozyme_C-like_Thrips_palmi but kept for subsequent analysis
NOTE: XP_039749176.1_lysozyme-like_Pararge_aegeria is identical to XP_045762184.1_lysozyme-like_Maniola_jurtina but kept for subsequent analysis
NOTE: XP_047510639.1_lysozyme-like_Pieris_napi is identical to XP_045519938.1_lysozyme-like_Pieris_brassicae but kept for subsequent analysis
NOTE: XP_063630493.1_lysozyme-like_Cydia_splendana is identical to XP_063394176.1_lysozyme-like_Cydia_fagiglandana but kept for subsequent analysis
NOTE: XP_063394169.1_lysozyme-like_Cydia_fagiglandana is identical to XP_063373239.1_lysozyme-like_Cydia_amplana but kept for subsequent analysis
NOTE: Calliphora_vomitoria_LysC9 is identical to Calliphora_vicina_lysozyme_1_XM_065512512.1 but kept for subsequent analysis
NOTE: Bellardia_bayeri_LysC6 is identical to Bellardia_pandia_LysC6 but kept for subsequent analysis
NOTE: Phormia_regina_LysC3 is identical to Protophormia_terraenovae_LysC16 but kept for subsequent analysis
NOTE: XP_050324113.1_lysozyme_1_Bactrocera_neohumeralis is identical to XP_049306979.1_lysozyme_1_Bactrocera_dorsalis but kept for subsequent analysis
NOTE: XP_017478102.1_lysozyme_1_Rhagoletis_zephyria is identical to XP_036334422.1_lysozyme_1_Rhagoletis_pomonella but kept for subsequent analysis
NOTE: XP_016943152.3_lysozyme_1_Drosophila_suzukii is identical to XP_037713180.1_lysozyme_1_Drosophila_subpulchrella but kept for subsequent analysis
NOTE: XP_032572413.1_lysozyme_1_Drosophila_sechellia is identical to XP_015012801.2_lysozyme_1_Drosophila_erecta but kept for subsequent analysis
NOTE: XP_052841190.1_lysozyme_1_Drosophila_gunungcola is identical to XP_017131951.1_lysozyme_1B_Drosophila_elegans but kept for subsequent analysis
NOTE: XP_037950981.1_lysozyme_1B-like_Teleopsis_dalmanni is identical to XP_037941605.1_lysozyme_1B-like_Teleopsis_dalmanni but kept for subsequent analysis
NOTE: Musca_domestica_lysozyme_1B-like_XM_059128787.1 is identical to Musca_domestica_lysozyme_1B-like_XM_005184849.3 but kept for subsequent analysis
NOTE: XP_049961583.1_lysozyme_c-1-like_Schistocerca_serialis_cubense is identical to XP_046997834.1_lysozyme_c-1-like_Schistocerca_americana but kept for subsequent analysis
NOTE: XP_054290800.1_lysozyme_P-like_Macrosteles_quadrilineatus is identical to XP_054264742.1_lysozyme_P-like_Macrosteles_quadrilineatus but kept for subsequent analysis
NOTE: XP_047118130.1_lysozyme_c-1-like_Schistocerca_piceifrons is identical to XP_047000323.1_lysozyme_c-1-like_Schistocerca_americana but kept for subsequent analysis
NOTE: XP_049831130.1_lysozyme_c-1-like_Schistocerca_gregaria is identical to XP_049788089.1_lysozyme_c-1-like_Schistocerca_cancellata but kept for subsequent analysis
NOTE: XP_060655137.1_lysozyme_P-like_Drosophila_nasuta is identical to XP_051860448.1_lysozyme_P-like_Drosophila_albomicans but kept for subsequent analysis
NOTE: XP_046626075.1_lysozyme_P-like_Neodiprion_virginianus is identical to XP_046432266.1_lysozyme_P-like_Neodiprion_fabricii but kept for subsequent analysis
NOTE: XP_017779135.1_lysozyme_C_I-like_Nicrophorus_vespilloides is identical to XP_017776385.1_lysozyme_C_I-like_Nicrophorus_vespilloides but kept for subsequent analysis
NOTE: 370 identical sequences (see below) will be ignored for subsequent analysis
NOTE: Calliphora_vicina_LOC135960165_LysI1.2 (identical to Stomorhina_lunata_LysI1) is ignored but added at the end
NOTE: Cochliomyia_hominivoraxBR_LysI1.1 (identical to Protophormia_terraenovae_LysI1) is ignored but added at the end
NOTE: Cochliomyia_hominivoraxBR_LysI1.2 (identical to Protophormia_terraenovae_LysI1) is ignored but added at the end
NOTE: XP_039957323.1_invertebrate-type_lysozyme_3-like_Bactrocera_tryoni (identical to XP_018798928.1_lysozyme-like_Bactrocera_latifrons) is ignored but added at the end
NOTE: XP_060660871.1_invertebrate-type_lysozyme_3_Drosophila_nasuta (identical to XP_034101809.1_invertebrate-type_lysozyme_3_Drosophila_albomicans) is ignored but added at the end
NOTE: XP_002048991.1_lysozyme_Drosophila_virilis (identical to XP_023162250.1_invertebrate-type_lysozyme_3_Drosophila_hydei) is ignored but added at the end
NOTE: XP_002034193.1_lysozyme_Drosophila_sechellia (identical to XP_001975296.1_lysozyme_Drosophila_erecta) is ignored but added at the end
NOTE: XP_016028063.1_lysozyme_Drosophila_simulans (identical to XP_001975296.1_lysozyme_Drosophila_erecta) is ignored but added at the end
NOTE: XP_002092149.1_lysozyme_Drosophila_yakuba (identical to XP_001975296.1_lysozyme_Drosophila_erecta) is ignored but added at the end
NOTE: XP_017001981.1_lysozyme_Drosophila_takahashii (identical to XP_001975296.1_lysozyme_Drosophila_erecta) is ignored but added at the end
NOTE: XP_017124904.1_lysozyme_Drosophila_elegans (identical to XP_001975296.1_lysozyme_Drosophila_erecta) is ignored but added at the end
NOTE: XP_034650407.1_lysozyme_Drosophila_subobscura (identical to XP_033246840.1_lysozyme-like_Drosophila_miranda) is ignored but added at the end
NOTE: XP_063625912.1_lysozyme-like_Cydia_splendana (identical to XP_061718893.1_lysozyme-like_Cydia_pomonella) is ignored but added at the end
NOTE: XP_046969639.1_lysozyme-like_Vanessa_cardui (identical to XP_047535403.1_lysozyme-like_Vanessa_atalanta) is ignored but added at the end
NOTE: XP_022118347.2_lysozyme-like_Pieris_rapae (identical to XP_045523216.1_lysozyme-like_Pieris_brassicae) is ignored but added at the end
NOTE: XP_058053247.1_lysozyme-like_Anopheles_bellator (identical to XP_050094991.1_lysozyme-like_Anopheles_aquasalis) is ignored but added at the end
NOTE: XP_052869241.1_lysozyme-like_Anopheles_cruzii (identical to XP_050094991.1_lysozyme-like_Anopheles_aquasalis) is ignored but added at the end
NOTE: XP_035903243.1_lysozyme-like_Anopheles_stephensi (identical to XP_050094991.1_lysozyme-like_Anopheles_aquasalis) is ignored but added at the end
NOTE: XP_041784664.1_lysozyme-like_Anopheles_merus (identical to XP_040169303.1_lysozyme-like_Anopheles_arabiensis) is ignored but added at the end
NOTE: XP_040231303.1_lysozyme-like_Anopheles_coluzzii (identical to XP_040169303.1_lysozyme-like_Anopheles_arabiensis) is ignored but added at the end
NOTE: XP_049802443.1_lysozyme-like_Schistocerca_nitens (identical to XP_046991064.1_lysozyme-like_Schistocerca_americana) is ignored but added at the end
NOTE: XP_018045722.1_lysozyme-like_Atta_colombica (identical to XP_011054763.1_lysozyme-like_Acromyrmex_echinatior) is ignored but added at the end
NOTE: XP_018045716.1_lysozyme_2-like_Atta_colombica (identical to XP_011054766.1_lysozyme_2-like_Acromyrmex_echinatior) is ignored but added at the end
NOTE: XP_018351309.1_lysozyme_2-like_Trachymyrmex_septentrionalis (identical to XP_011054766.1_lysozyme_2-like_Acromyrmex_echinatior) is ignored but added at the end
NOTE: XP_035725596.1_lysozyme-like_Vespa_mandarinia (identical to XP_047348953.1_lysozyme-like_Vespa_velutina) is ignored but added at the end
NOTE: XP_003693440.1_invertebrate-type_lysozyme-like_Apis_florea (identical to XP_006611951.1_lysozyme-like_Apis_dorsata) is ignored but added at the end
NOTE: XP_050472669.1_lysozyme_2-like_Bombus_huntii (identical to XP_033304913.1_lysozyme_2-like_Bombus_bifarius) is ignored but added at the end
NOTE: XP_043577785.1_lysozyme_2-like_Bombus_pyrosoma (identical to XP_033304913.1_lysozyme_2-like_Bombus_bifarius) is ignored but added at the end
NOTE: XP_033353604.1_lysozyme_2-like_Bombus_vosnesenskii (identical to XP_033304913.1_lysozyme_2-like_Bombus_bifarius) is ignored but added at the end
NOTE: XP_033184711.1_lysozyme_2-like_Bombus_vancouverensis_nearcticus (identical to XP_033304913.1_lysozyme_2-like_Bombus_bifarius) is ignored but added at the end
NOTE: XP_003487472.1_lysozyme_2-like_Bombus_impatiens (identical to XP_033304913.1_lysozyme_2-like_Bombus_bifarius) is ignored but added at the end
NOTE: XP_033153947.1_lysozyme_Drosophila_mauritiana (identical to XP_016968181.1_lysozyme_Drosophila_biarmipes) is ignored but added at the end
NOTE: XP_002081833.1_lysozyme_Drosophila_simulans (identical to XP_016968181.1_lysozyme_Drosophila_biarmipes) is ignored but added at the end
NOTE: XP_002034194.2_lysozyme_Drosophila_sechellia (identical to XP_016968181.1_lysozyme_Drosophila_biarmipes) is ignored but added at the end
NOTE: XP_002092148.1_lysozyme_Drosophila_yakuba (identical to XP_039482429.1_lysozyme_2_Drosophila_santomea) is ignored but added at the end
NOTE: XP_062131871.1_lysozyme_2_Drosophila_sulfurigaster_albostrigata (identical to XP_034108111.1_lysozyme_2_Drosophila_albomicans) is ignored but added at the end
NOTE: XP_039482431.1_lysozyme_Drosophila_santomea (identical to XP_033153946.1_lysozyme_Drosophila_mauritiana) is ignored but added at the end
NOTE: XP_002092146.2_lysozyme_Drosophila_yakuba (identical to XP_033153946.1_lysozyme_Drosophila_mauritiana) is ignored but added at the end
NOTE: XP_002048988.2_lysozyme_2_Drosophila_virilis (identical to XP_064535936.1_lysozyme_3-like_Drosophila_montana) is ignored but added at the end
NOTE: XP_022230245.1_lysozyme_Drosophila_obscura (identical to XP_034122349.1_lysozyme_Drosophila_guanche) is ignored but added at the end
NOTE: XP_015371379.1_lysozyme_1-like_Diuraphis_noxia (identical to XP_001949318.2_lysozyme_Acyrthosiphon_pisum) is ignored but added at the end
NOTE: XP_310846.5_lysozyme_Anopheles_gambiae (identical to XP_040172453.1_lysozyme-like_Anopheles_arabiensis) is ignored but added at the end
NOTE: XP_041764501.1_lysozyme-like_Anopheles_merus (identical to XP_040172453.1_lysozyme-like_Anopheles_arabiensis) is ignored but added at the end
NOTE: XP_026813536.1_lysozyme-like_Rhopalosiphum_maidis (identical to XP_027836881.1_lysozyme-like_Aphis_gossypii) is ignored but added at the end
NOTE: XP_060842535.1_lysozyme-like_Rhopalosiphum_padi (identical to XP_027836881.1_lysozyme-like_Aphis_gossypii) is ignored but added at the end
NOTE: XP_049803541.1_lysozyme_2-like_Schistocerca_nitens (identical to XP_049773185.1_lysozyme_2-like_Schistocerca_cancellata) is ignored but added at the end
NOTE: XP_047108489.1_lysozyme_2-like_Schistocerca_piceifrons (identical to XP_049773185.1_lysozyme_2-like_Schistocerca_cancellata) is ignored but added at the end
NOTE: XP_049947167.1_lysozyme_2-like_Schistocerca_serialis_cubense (identical to XP_049773185.1_lysozyme_2-like_Schistocerca_cancellata) is ignored but added at the end
NOTE: XP_049947236.1_lysozyme-like_Schistocerca_serialis_cubense (identical to XP_049771490.1_lysozyme-like_Schistocerca_cancellata) is ignored but added at the end
NOTE: XP_047108614.1_invertebrate-type_lysozyme_2-like_Schistocerca_piceifrons (identical to XP_046990304.1_invertebrate-type_lysozyme_2-like_Schistocerca_americana) is ignored but added at the end
NOTE: XP_039275329.1_lysozyme_3-like_Nilaparvata_lugens (identical to XP_039301533.1_lysozyme_2_Nilaparvata_lugens) is ignored but added at the end
NOTE: XP_047112010.1_putative_lysozyme-like_protein_Schistocerca_piceifrons (identical to XP_046994126.1_putative_lysozyme-like_protein_Schistocerca_americana) is ignored but added at the end
NOTE: Calliphora_vicina_lysozyme_1-like_XM_065499877.1 (identical to Calliphora_vicina_lysozyme_1-like_XM_065499793.1) is ignored but added at the end
NOTE: Calliphora_vomitoria_LysC11 (identical to Calliphora_vicina_lysozyme_1-like_XM_065499793.1) is ignored but added at the end
NOTE: Calliphora_vomitoria_LysC12 (identical to Calliphora_vicina_lysozyme_1-like_XM_065499793.1) is ignored but added at the end
NOTE: Calliphora_vomitoria_LysC15 (identical to Calliphora_vicina_lysozyme_1-like_XM_065499793.1) is ignored but added at the end
NOTE: Calliphora_vicina_lysozyme_1-like_XM_065500492.1 (identical to Calliphora_vicina_lysozyme_1-like_XM_065499793.1) is ignored but added at the end
NOTE: Calliphora_vicina_lysozyme_1-like_XM_065500526.1 (identical to Calliphora_vicina_lysozyme_1-like_XM_065499793.1) is ignored but added at the end
NOTE: Calliphora_vicina_lysozyme_1-like_XM_065500692.1 (identical to Calliphora_vicina_lysozyme_1-like_XM_065499793.1) is ignored but added at the end
NOTE: Calliphora_vomitoria_LysC14 (identical to Calliphora_vicina_lysozyme_1-like_XM_065499793.1) is ignored but added at the end
NOTE: Cochliomyia_hominivoraxUS_LysC6 (identical to Calliphora_vicina_lysozyme_1-like_XM_065499793.1) is ignored but added at the end
NOTE: Calliphora_vicina_lysozyme_1-like_XM_065500622.1 (identical to Calliphora_vomitoria_LysC13) is ignored but added at the end
NOTE: Lucilia_sericata_lysozyme_1-like_XM_037963757.1 (identical to Lucilia_sericata_lysozyme_1-like_XM_037963752.1) is ignored but added at the end
NOTE: Lucilia_sericata_lysozyme_1-like_XM_037963756.1 (identical to Lucilia_sericata_lysozyme_1-like_XM_037963752.1) is ignored but added at the end
NOTE: Lucilia_sericata_lysozyme_1-like_XM_037963760.1 (identical to Lucilia_sericata_lysozyme_1-like_XM_037963752.1) is ignored but added at the end
NOTE: Lucilia_cuprina_lysozyme_1-like_XM_023448798.2 (identical to Lucilia_sericata_lysozyme_1-like_XM_037963752.1) is ignored but added at the end
NOTE: Lucilia_sericata_lysozyme_1-like_XM_037963755.1 (identical to Lucilia_sericata_lysozyme_1-like_XM_037963752.1) is ignored but added at the end
NOTE: Lucilia_cuprina_lysozyme_1-like_XM_023448796.2 (identical to Lucilia_sericata_lysozyme_1-like_XM_037963752.1) is ignored but added at the end
NOTE: Lucilia_cuprina_lysozyme_1-like_XM_023448799.2 (identical to Lucilia_sericata_lysozyme_1-like_XM_037963752.1) is ignored but added at the end
NOTE: Lucilia_sericata_lysozyme_1-like_XM_037963758.1 (identical to Lucilia_sericata_lysozyme_1-like_XM_037963752.1) is ignored but added at the end
NOTE: Lucilia_cuprina_lysozyme_1-like_XM_023448797.2 (identical to Lucilia_sericata_lysozyme_1-like_XM_037963752.1) is ignored but added at the end
NOTE: Chrysomya_megacephala_LysC5 (identical to Chrysomya_megacephala_LysC3) is ignored but added at the end
NOTE: Calliphora_vomitoria_LysC6 (identical to Calliphora_vicina_lysozyme_1-like_XM_065511310.1) is ignored but added at the end
NOTE: Calliphora_vomitoria_LysC8 (identical to Calliphora_vicina_lysozyme_1-like_XM_065511310.1) is ignored but added at the end
NOTE: Musca_domestica_lysozyme_1_XM_020037574.2 (identical to Musca_domestica_lysozyme_1_XM_059127590.1) is ignored but added at the end
NOTE: Musca_domestica_lysozyme_1_XM_005185770.4 (identical to Musca_domestica_lysozyme_1_XM_059127590.1) is ignored but added at the end
NOTE: Musca_domestica_lysozyme_1_XM_059127595.1 (identical to Musca_domestica_lysozyme_1_XM_059127590.1) is ignored but added at the end
NOTE: Musca_domestica_lysozyme_1_NM_001308972.2 (identical to Musca_domestica_lysozyme_1_XM_059127590.1) is ignored but added at the end
NOTE: Musca_domestica_lysozyme_1-like_XM_020037581.2 (identical to Musca_domestica_lysozyme_1_XM_059127590.1) is ignored but added at the end
NOTE: Musca_domestica_lysozyme_1_XM_059127597.1 (identical to Musca_domestica_lysozyme_1_XM_059127590.1) is ignored but added at the end
NOTE: Musca_domestica_lysozyme_1-like_XM_005185778.4 (identical to Musca_domestica_lysozyme_1_XM_059127590.1) is ignored but added at the end
NOTE: Musca_domestica_lysozyme_1-like_XM_059127598.1 (identical to Musca_domestica_lysozyme_1_XM_059127590.1) is ignored but added at the end
NOTE: Musca_domestica_lysozyme_1_XM_059127599.1 (identical to Musca_domestica_lysozyme_1_XM_059127590.1) is ignored but added at the end
NOTE: XP_058983581.1_lysozyme_1-like_Musca_domestica (identical to Musca_domestica_lysozyme_1_XM_059127590.1) is ignored but added at the end
NOTE: Musca_domestica_lysozyme_1-like_XM_059127596.1 (identical to Musca_domestica_lysozyme_1_XM_059127590.1) is ignored but added at the end
NOTE: Musca_domestica_lysozyme_1-like_XM_020037580.2 (identical to Musca_domestica_lysozyme_1_XM_059127590.1) is ignored but added at the end
NOTE: Musca_domestica_lysozyme_1-like_XM_059127591.1 (identical to Musca_domestica_lysozyme_1_XM_059127590.1) is ignored but added at the end
NOTE: Musca_domestica_lysozyme_1-like_XM_059127602.1 (identical to Musca_domestica_lysozyme_1_XM_059127590.1) is ignored but added at the end
NOTE: Musca_domestica_lysozyme_1-like_XM_059127592.1 (identical to Musca_domestica_lysozyme_1_XM_059127590.1) is ignored but added at the end
NOTE: XP_061393098.1_lysozyme_1_Musca_vetustissima (identical to Musca_domestica_lysozyme_1_XM_059127590.1) is ignored but added at the end
NOTE: XP_061393099.1_lysozyme_1_Musca_vetustissima (identical to Musca_domestica_lysozyme_1_XM_059127590.1) is ignored but added at the end
NOTE: XP_061393105.1_lysozyme_1-like_Musca_vetustissima (identical to Musca_domestica_lysozyme_1_XM_059127590.1) is ignored but added at the end
NOTE: XP_061393134.1_lysozyme_1-like_Musca_vetustissima (identical to Musca_domestica_lysozyme_1_XM_059127590.1) is ignored but added at the end
NOTE: Musca_domestica_lysozyme_1-like_XM_005185779.4 (identical to Musca_domestica_lysozyme_1_XM_059127590.1) is ignored but added at the end
NOTE: XP_061393101.1_lysozyme_1-like_Musca_vetustissima (identical to XP_061393102.1_lysozyme_1-like_Musca_vetustissima) is ignored but added at the end
NOTE: XP_061393136.1_lysozyme_1-like_Musca_vetustissima (identical to XP_061393102.1_lysozyme_1-like_Musca_vetustissima) is ignored but added at the end
NOTE: XP_061393103.1_lysozyme_1-like_Musca_vetustissima (identical to XP_061393102.1_lysozyme_1-like_Musca_vetustissima) is ignored but added at the end
NOTE: XP_061393135.1_lysozyme_1-like_Musca_vetustissima (identical to XP_061393102.1_lysozyme_1-like_Musca_vetustissima) is ignored but added at the end
NOTE: Phormia_regina_LysC8 (identical to Protophormia_terraenovae_LysC10) is ignored but added at the end
NOTE: Chrysomya_rufifacies_LysC6 (identical to Protophormia_terraenovae_LysC10) is ignored but added at the end
NOTE: Stomoxys_calcitrans_lysozyme_1_XM_059368531.1 (identical to Stomoxys_calcitrans_lysozyme_1_XM_059368529.1) is ignored but added at the end
NOTE: Stomoxys_calcitrans_lysozyme_1_XM_013259399.2 (identical to Stomoxys_calcitrans_lysozyme_1_XM_059368529.1) is ignored but added at the end
NOTE: Stomoxys_calcitrans_lysozyme_1_XM_059368532.1 (identical to Stomoxys_calcitrans_lysozyme_1_XM_059368529.1) is ignored but added at the end
NOTE: Stomoxys_calcitrans_lysozyme_1_XM_013259396.2 (identical to Stomoxys_calcitrans_lysozyme_1_XM_059368529.1) is ignored but added at the end
NOTE: Chrysomya_megacephala_LysC8 (identical to Chrysomya_megacephala_LysC1) is ignored but added at the end
NOTE: Chrysomya_megacephala_LysC16 (identical to Chrysomya_megacephala_LysC1) is ignored but added at the end
NOTE: Chrysomya_megacephala_LysC17 (identical to Chrysomya_megacephala_LysC1) is ignored but added at the end
NOTE: XP_034103463.1_lysozyme_D_Drosophila_albomicans (identical to XP_034103459.1_lysozyme_D_Drosophila_albomicans) is ignored but added at the end
NOTE: XP_060660915.1_lysozyme_D_Drosophila_nasuta (identical to XP_034103459.1_lysozyme_D_Drosophila_albomicans) is ignored but added at the end
NOTE: XP_062130800.1_lysozyme_D_Drosophila_sulfurigaster_albostrigata (identical to XP_034103459.1_lysozyme_D_Drosophila_albomicans) is ignored but added at the end
NOTE: XP_060660917.1_lysozyme_D-like_Drosophila_nasuta (identical to XP_034103459.1_lysozyme_D_Drosophila_albomicans) is ignored but added at the end
NOTE: XP_062130797.1_lysozyme_D-like_Drosophila_sulfurigaster_albostrigata (identical to XP_034103459.1_lysozyme_D_Drosophila_albomicans) is ignored but added at the end
NOTE: XP_062130799.1_lysozyme_D-like_Drosophila_sulfurigaster_albostrigata (identical to XP_034103459.1_lysozyme_D_Drosophila_albomicans) is ignored but added at the end
NOTE: XP_062130801.1_lysozyme_E-like_Drosophila_sulfurigaster_albostrigata (identical to XP_034103462.1_lysozyme_E-like_Drosophila_albomicans) is ignored but added at the end
NOTE: XP_033149700.1_lysozyme_A/C-like_Drosophila_busckii (identical to XP_017860579.1_lysozyme_A/C-like_Drosophila_arizonae) is ignored but added at the end
NOTE: XP_017842468.2_lysozyme_A/C-like_Drosophila_busckii (identical to XP_017860579.1_lysozyme_A/C-like_Drosophila_arizonae) is ignored but added at the end
NOTE: XP_023167108.1_lysozyme_A/C-like_Drosophila_hydei (identical to XP_001983608.1_lysozyme_A/C_Drosophila_grimshawi) is ignored but added at the end
NOTE: XP_030079514.1_lysozyme_A/C-like_Drosophila_hydei (identical to XP_001983608.1_lysozyme_A/C_Drosophila_grimshawi) is ignored but added at the end
NOTE: XP_023169112.1_lysozyme_A/C-like_Drosophila_hydei (identical to XP_001983608.1_lysozyme_A/C_Drosophila_grimshawi) is ignored but added at the end
NOTE: XP_030079472.1_lysozyme_A/C-like_Drosophila_hydei (identical to XP_001983608.1_lysozyme_A/C_Drosophila_grimshawi) is ignored but added at the end
NOTE: XP_002046428.1_lysozyme_A/C_Drosophila_virilis (identical to XP_001983608.1_lysozyme_A/C_Drosophila_grimshawi) is ignored but added at the end
NOTE: XP_030560723.1_lysozyme_A/C-like_Drosophila_novamexicana (identical to XP_001983608.1_lysozyme_A/C_Drosophila_grimshawi) is ignored but added at the end
NOTE: XP_002012065.1_lysozyme_A/C_Drosophila_mojavensis (identical to XP_001983608.1_lysozyme_A/C_Drosophila_grimshawi) is ignored but added at the end
NOTE: XP_002012064.1_lysozyme_A/C_Drosophila_mojavensis (identical to XP_001983608.1_lysozyme_A/C_Drosophila_grimshawi) is ignored but added at the end
NOTE: XP_002012057.1_lysozyme_D_Drosophila_mojavensis (identical to XP_017863135.1_lysozyme_D-like_Drosophila_arizonae) is ignored but added at the end
NOTE: XP_002012060.1_lysozyme_D_Drosophila_mojavensis (identical to XP_017863135.1_lysozyme_D-like_Drosophila_arizonae) is ignored but added at the end
NOTE: XP_017863136.1_lysozyme_D_Drosophila_arizonae (identical to XP_017863135.1_lysozyme_D-like_Drosophila_arizonae) is ignored but added at the end
NOTE: XP_017956439.2_lysozyme_D_Drosophila_navojoa (identical to XP_030241751.1_lysozyme_D_Drosophila_navojoa) is ignored but added at the end
NOTE: XP_030241749.1_lysozyme_D-like_Drosophila_navojoa (identical to XP_030241751.1_lysozyme_D_Drosophila_navojoa) is ignored but added at the end
NOTE: XP_023167110.1_lysozyme_D_Drosophila_hydei (identical to XP_030241751.1_lysozyme_D_Drosophila_navojoa) is ignored but added at the end
NOTE: XP_023167109.2_lysozyme_D_Drosophila_hydei (identical to XP_030241751.1_lysozyme_D_Drosophila_navojoa) is ignored but added at the end
NOTE: XP_030079481.1_lysozyme_D_Drosophila_hydei (identical to XP_030241751.1_lysozyme_D_Drosophila_navojoa) is ignored but added at the end
NOTE: XP_030079480.1_lysozyme_D_Drosophila_hydei (identical to XP_030241751.1_lysozyme_D_Drosophila_navojoa) is ignored but added at the end
NOTE: XP_030079515.1_lysozyme_D_Drosophila_hydei (identical to XP_030241751.1_lysozyme_D_Drosophila_navojoa) is ignored but added at the end
NOTE: XP_030560724.1_lysozyme_A/C-like_Drosophila_novamexicana (identical to XP_064541590.1_lysozyme_A/C_Drosophila_montana) is ignored but added at the end
NOTE: XP_032289312.2_lysozyme_A/C_Drosophila_virilis (identical to XP_064541590.1_lysozyme_A/C_Drosophila_montana) is ignored but added at the end
NOTE: XP_002046433.1_lysozyme_A/C_Drosophila_virilis (identical to XP_064541590.1_lysozyme_A/C_Drosophila_montana) is ignored but added at the end
NOTE: XP_002046431.1_lysozyme_A/C_Drosophila_virilis (identical to XP_064541590.1_lysozyme_A/C_Drosophila_montana) is ignored but added at the end
NOTE: XP_030560719.1_lysozyme_A/C-like_Drosophila_novamexicana (identical to XP_064541590.1_lysozyme_A/C_Drosophila_montana) is ignored but added at the end
NOTE: XP_032291322.1_lysozyme_A/C_Drosophila_virilis (identical to XP_064541590.1_lysozyme_A/C_Drosophila_montana) is ignored but added at the end
NOTE: XP_017127140.1_lysozyme_A/C_Drosophila_elegans (identical to XP_064541590.1_lysozyme_A/C_Drosophila_montana) is ignored but added at the end
NOTE: XP_017127139.1_lysozyme_A/C-like_Drosophila_elegans (identical to XP_064541590.1_lysozyme_A/C_Drosophila_montana) is ignored but added at the end
NOTE: XP_052847744.1_lysozyme_A/C_Drosophila_gunungcola (identical to XP_064541590.1_lysozyme_A/C_Drosophila_montana) is ignored but added at the end
NOTE: XP_001971094.1_lysozyme_A/C_Drosophila_erecta (identical to XP_064541590.1_lysozyme_A/C_Drosophila_montana) is ignored but added at the end
NOTE: XP_026833569.1_lysozyme_A/C_Drosophila_erecta (identical to XP_064541590.1_lysozyme_A/C_Drosophila_montana) is ignored but added at the end
NOTE: XP_001982999.1_lysozyme_A/C_Drosophila_erecta (identical to XP_064541590.1_lysozyme_A/C_Drosophila_montana) is ignored but added at the end
NOTE: XP_001982998.1_lysozyme_A/C_Drosophila_erecta (identical to XP_064541590.1_lysozyme_A/C_Drosophila_montana) is ignored but added at the end
NOTE: XP_033157261.1_lysozyme_A/C-like_Drosophila_mauritiana (identical to XP_064541590.1_lysozyme_A/C_Drosophila_montana) is ignored but added at the end
NOTE: XP_002034869.1_lysozyme_A/C_Drosophila_sechellia (identical to XP_064541590.1_lysozyme_A/C_Drosophila_montana) is ignored but added at the end
NOTE: XP_033157263.1_lysozyme_A/C_Drosophila_mauritiana (identical to XP_064541590.1_lysozyme_A/C_Drosophila_montana) is ignored but added at the end
NOTE: XP_033157264.1_lysozyme_A/C_Drosophila_mauritiana (identical to XP_064541590.1_lysozyme_A/C_Drosophila_montana) is ignored but added at the end
NOTE: XP_002034870.1_lysozyme_A/C_Drosophila_sechellia (identical to XP_064541590.1_lysozyme_A/C_Drosophila_montana) is ignored but added at the end
NOTE: XP_039149016.1_lysozyme_A/C_Drosophila_simulans (identical to XP_064541590.1_lysozyme_A/C_Drosophila_montana) is ignored but added at the end
NOTE: XP_016029777.2_lysozyme_A/C_Drosophila_simulans (identical to XP_064541590.1_lysozyme_A/C_Drosophila_montana) is ignored but added at the end
NOTE: XP_002093082.1_lysozyme_A/C_Drosophila_yakuba (identical to XP_064541590.1_lysozyme_A/C_Drosophila_montana) is ignored but added at the end
NOTE: XP_002093081.1_lysozyme_A/C_Drosophila_yakuba (identical to XP_064541590.1_lysozyme_A/C_Drosophila_montana) is ignored but added at the end
NOTE: XP_016993207.2_lysozyme_A/C_Drosophila_takahashii (identical to XP_064541590.1_lysozyme_A/C_Drosophila_montana) is ignored but added at the end
NOTE: XP_033157265.1_lysozyme_B_Drosophila_mauritiana (identical to XP_064541590.1_lysozyme_A/C_Drosophila_montana) is ignored but added at the end
NOTE: XP_034482086.1_lysozyme_B_Drosophila_innubila (identical to XP_034482082.1_lysozyme_B_Drosophila_innubila) is ignored but added at the end
NOTE: XP_017103992.1_lysozyme_B_Drosophila_bipectinata (identical to XP_032309533.1_lysozyme_B-like_Drosophila_ananassae) is ignored but added at the end
NOTE: XP_002034873.2_lysozyme_B_Drosophila_sechellia (identical to XP_032309533.1_lysozyme_B-like_Drosophila_ananassae) is ignored but added at the end
NOTE: XP_002083181.2_lysozyme_B_Drosophila_simulans (identical to XP_032309533.1_lysozyme_B-like_Drosophila_ananassae) is ignored but added at the end
NOTE: XP_001956720.1_lysozyme_B_Drosophila_ananassae (identical to XP_032309533.1_lysozyme_B-like_Drosophila_ananassae) is ignored but added at the end
NOTE: P83972.1_RecName (identical to XP_032309533.1_lysozyme_B-like_Drosophila_ananassae) is ignored but added at the end
NOTE: XP_022226714.2_lysozyme_D_Drosophila_obscura (identical to XP_032309533.1_lysozyme_B-like_Drosophila_ananassae) is ignored but added at the end
NOTE: XP_022226712.2_lysozyme_D_Drosophila_obscura (identical to XP_032309533.1_lysozyme_B-like_Drosophila_ananassae) is ignored but added at the end
NOTE: XP_041450587.1_lysozyme_D_Drosophila_obscura (identical to XP_032309533.1_lysozyme_B-like_Drosophila_ananassae) is ignored but added at the end
NOTE: XP_022226718.1_lysozyme_D_Drosophila_obscura (identical to XP_032309533.1_lysozyme_B-like_Drosophila_ananassae) is ignored but added at the end
NOTE: XP_043650680.1_lysozyme_A/C-like_Drosophila_teissieri (identical to XP_017063459.1_lysozyme_A/C_Drosophila_eugracilis) is ignored but added at the end
NOTE: XP_043650683.1_lysozyme_A/C-like_Drosophila_teissieri (identical to XP_017063459.1_lysozyme_A/C_Drosophila_eugracilis) is ignored but added at the end
NOTE: XP_017063458.1_lysozyme_A/C-like_Drosophila_eugracilis (identical to XP_017063459.1_lysozyme_A/C_Drosophila_eugracilis) is ignored but added at the end
NOTE: XP_016993203.3_lysozyme_A/C_Drosophila_takahashii (identical to XP_017063459.1_lysozyme_A/C_Drosophila_eugracilis) is ignored but added at the end
NOTE: XP_037722984.1_lysozyme_A/C_Drosophila_subpulchrella (identical to XP_017063459.1_lysozyme_A/C_Drosophila_eugracilis) is ignored but added at the end
NOTE: XP_016934099.1_lysozyme_A/C_Drosophila_suzukii (identical to XP_017063459.1_lysozyme_A/C_Drosophila_eugracilis) is ignored but added at the end
NOTE: XP_036670261.1_lysozyme_A/C_Drosophila_suzukii (identical to XP_017063459.1_lysozyme_A/C_Drosophila_eugracilis) is ignored but added at the end
NOTE: XP_037722986.1_lysozyme_A/C-like_Drosophila_subpulchrella (identical to XP_017063459.1_lysozyme_A/C_Drosophila_eugracilis) is ignored but added at the end
NOTE: XP_016934100.2_lysozyme_A/C_Drosophila_suzukii (identical to XP_017063459.1_lysozyme_A/C_Drosophila_eugracilis) is ignored but added at the end
NOTE: XP_002093083.1_lysozyme_A/C_Drosophila_yakuba (identical to XP_002093080.1_lysozyme_A/C_Drosophila_yakuba) is ignored but added at the end
NOTE: XP_016956922.1_lysozyme_A/C-like_Drosophila_biarmipes (identical to XP_016954853.2_lysozyme_A/C-like_partial_Drosophila_biarmipes) is ignored but added at the end
NOTE: XP_068142053.1_lysozyme_B_Drosophila_tropicalis (identical to XP_016954853.2_lysozyme_A/C-like_partial_Drosophila_biarmipes) is ignored but added at the end
NOTE: XP_068142136.1_lysozyme_B-like_Drosophila_tropicalis (identical to XP_016954853.2_lysozyme_A/C-like_partial_Drosophila_biarmipes) is ignored but added at the end
NOTE: XP_002065979.1_lysozyme_B_Drosophila_willistoni (identical to XP_016954853.2_lysozyme_A/C-like_partial_Drosophila_biarmipes) is ignored but added at the end
NOTE: XP_002065981.1_lysozyme_B_Drosophila_willistoni (identical to XP_016954853.2_lysozyme_A/C-like_partial_Drosophila_biarmipes) is ignored but added at the end
NOTE: XP_002065978.1_lysozyme_B_Drosophila_willistoni (identical to XP_016954853.2_lysozyme_A/C-like_partial_Drosophila_biarmipes) is ignored but added at the end
NOTE: XP_068142017.1_lysozyme_B-like_Drosophila_tropicalis (identical to XP_016954853.2_lysozyme_A/C-like_partial_Drosophila_biarmipes) is ignored but added at the end
NOTE: XP_068141977.1_lysozyme_B-like_Drosophila_tropicalis (identical to XP_016954853.2_lysozyme_A/C-like_partial_Drosophila_biarmipes) is ignored but added at the end
NOTE: XP_002065980.1_lysozyme_B_Drosophila_willistoni (identical to XP_016954853.2_lysozyme_A/C-like_partial_Drosophila_biarmipes) is ignored but added at the end
NOTE: XP_002065982.1_lysozyme_B_Drosophila_willistoni (identical to XP_016954853.2_lysozyme_A/C-like_partial_Drosophila_biarmipes) is ignored but added at the end
NOTE: XP_016984111.1_lysozyme_A/C-like_Drosophila_rhopaloa (identical to XP_044313922.1_lysozyme_A/C-like_Drosophila_rhopaloa) is ignored but added at the end
NOTE: XP_017017767.1_lysozyme_B-like_Drosophila_kikkawai (identical to XP_017017725.2_lysozyme_B-like_Drosophila_kikkawai) is ignored but added at the end
NOTE: XP_020801524.1_lysozyme_B-like_Drosophila_serrata (identical to XP_017017725.2_lysozyme_B-like_Drosophila_kikkawai) is ignored but added at the end
NOTE: XP_020801523.1_lysozyme_B-like_Drosophila_serrata (identical to XP_017017725.2_lysozyme_B-like_Drosophila_kikkawai) is ignored but added at the end
NOTE: XP_017017771.1_lysozyme_B_Drosophila_kikkawai (identical to XP_017017725.2_lysozyme_B-like_Drosophila_kikkawai) is ignored but added at the end
NOTE: XP_020801521.1_lysozyme_D_Drosophila_serrata (identical to XP_017017725.2_lysozyme_B-like_Drosophila_kikkawai) is ignored but added at the end
NOTE: XP_020801518.1_lysozyme_B-like_Drosophila_serrata (identical to XP_017017725.2_lysozyme_B-like_Drosophila_kikkawai) is ignored but added at the end
NOTE: XP_020801519.1_lysozyme_B-like_Drosophila_serrata (identical to XP_017017725.2_lysozyme_B-like_Drosophila_kikkawai) is ignored but added at the end
NOTE: XP_041632270.1_lysozyme_D-like_Drosophila_kikkawai (identical to XP_017017725.2_lysozyme_B-like_Drosophila_kikkawai) is ignored but added at the end
NOTE: XP_041632265.2_lysozyme_B-like_Drosophila_kikkawai (identical to XP_017017725.2_lysozyme_B-like_Drosophila_kikkawai) is ignored but added at the end
NOTE: XP_032310747.1_lysozyme_E-like_Drosophila_ananassae (identical to XP_032309534.1_lysozyme_E-like_Drosophila_ananassae) is ignored but added at the end
NOTE: XP_034133765.1_lysozyme_D-like_Drosophila_guanche (identical to XP_034133758.1_lysozyme_D-like_Drosophila_guanche) is ignored but added at the end
NOTE: XP_034133767.1_lysozyme_D-like_Drosophila_guanche (identical to XP_034133758.1_lysozyme_D-like_Drosophila_guanche) is ignored but added at the end
NOTE: XP_034133763.1_lysozyme_D-like_Drosophila_guanche (identical to XP_034133758.1_lysozyme_D-like_Drosophila_guanche) is ignored but added at the end
NOTE: XP_034655131.1_lysozyme_D-like_Drosophila_subobscura (identical to XP_034655124.1_lysozyme_D_Drosophila_subobscura) is ignored but added at the end
NOTE: XP_034655128.1_lysozyme_A/C-like_Drosophila_subobscura (identical to XP_017137323.2_lysozyme_B-like_Drosophila_miranda) is ignored but added at the end
NOTE: XP_002026118.2_lysozyme_D_Drosophila_persimilis (identical to XP_026849746.1_lysozyme_D-like_Drosophila_persimilis) is ignored but added at the end
NOTE: XP_002026116.1_lysozyme_D_Drosophila_persimilis (identical to XP_026849746.1_lysozyme_D-like_Drosophila_persimilis) is ignored but added at the end
NOTE: XP_033242420.1_lysozyme_A/C_Drosophila_miranda (identical to XP_017137333.2_lysozyme_A/C_Drosophila_miranda) is ignored but added at the end
NOTE: XP_002026119.1_lysozyme_A/C_Drosophila_persimilis (identical to XP_017137333.2_lysozyme_A/C_Drosophila_miranda) is ignored but added at the end
NOTE: XP_002026115.1_lysozyme_A/C_Drosophila_persimilis (identical to XP_017137333.2_lysozyme_A/C_Drosophila_miranda) is ignored but added at the end
NOTE: XP_002026117.2_lysozyme_A/C_Drosophila_persimilis (identical to XP_017137333.2_lysozyme_A/C_Drosophila_miranda) is ignored but added at the end
NOTE: XP_030375506.1_lysozyme_D_Scaptodrosophila_lebanonensis (identical to XP_030375504.1_lysozyme_D-like_Scaptodrosophila_lebanonensis) is ignored but added at the end
NOTE: XP_030375512.1_lysozyme_D-like_Scaptodrosophila_lebanonensis (identical to XP_030375509.1_lysozyme_D-like_Scaptodrosophila_lebanonensis) is ignored but added at the end
NOTE: XP_030375513.1_lysozyme_D-like_Scaptodrosophila_lebanonensis (identical to XP_030375509.1_lysozyme_D-like_Scaptodrosophila_lebanonensis) is ignored but added at the end
NOTE: XP_030375514.1_lysozyme_D-like_Scaptodrosophila_lebanonensis (identical to XP_030375509.1_lysozyme_D-like_Scaptodrosophila_lebanonensis) is ignored but added at the end
NOTE: XP_030375517.1_lysozyme_D-like_Scaptodrosophila_lebanonensis (identical to XP_030375509.1_lysozyme_D-like_Scaptodrosophila_lebanonensis) is ignored but added at the end
NOTE: XP_030375515.1_lysozyme_D-like_Scaptodrosophila_lebanonensis (identical to XP_030375509.1_lysozyme_D-like_Scaptodrosophila_lebanonensis) is ignored but added at the end
NOTE: XP_032289307.1_lysozyme_B-like_Drosophila_virilis (identical to XP_030560720.1_lysozyme_A/C-like_Drosophila_novamexicana) is ignored but added at the end
NOTE: XP_037722985.1_lysozyme_S_Drosophila_subpulchrella (identical to XP_001956716.1_lysozyme_S_Drosophila_ananassae) is ignored but added at the end
NOTE: XP_016934102.3_lysozyme_S_Drosophila_suzukii (identical to XP_001956716.1_lysozyme_S_Drosophila_ananassae) is ignored but added at the end
NOTE: XP_016956933.1_lysozyme_S-like_Drosophila_biarmipes (identical to XP_001956716.1_lysozyme_S_Drosophila_ananassae) is ignored but added at the end
NOTE: XP_016984109.1_lysozyme_S_Drosophila_rhopaloa (identical to XP_001956716.1_lysozyme_S_Drosophila_ananassae) is ignored but added at the end
NOTE: XP_016993204.2_lysozyme_S-like_Drosophila_takahashii (identical to XP_001956716.1_lysozyme_S_Drosophila_ananassae) is ignored but added at the end
NOTE: XP_016993206.1_lysozyme_S_Drosophila_takahashii (identical to XP_001956716.1_lysozyme_S_Drosophila_ananassae) is ignored but added at the end
NOTE: XP_002076490.1_lysozyme_S_Drosophila_simulans (identical to XP_033157266.1_lysozyme_S_Drosophila_mauritiana) is ignored but added at the end
NOTE: XP_039488293.1_lysozyme_S_Drosophila_santomea (identical to XP_033157266.1_lysozyme_S_Drosophila_mauritiana) is ignored but added at the end
NOTE: XP_043650677.1_lysozyme_S_Drosophila_teissieri (identical to XP_033157266.1_lysozyme_S_Drosophila_mauritiana) is ignored but added at the end
NOTE: XP_002093085.1_lysozyme_S_Drosophila_yakuba (identical to XP_033157266.1_lysozyme_S_Drosophila_mauritiana) is ignored but added at the end
NOTE: P37160.2_RecName (identical to XP_033157266.1_lysozyme_S_Drosophila_mauritiana) is ignored but added at the end
NOTE: XP_017063461.1_lysozyme_S-like_Drosophila_eugracilis (identical to XP_033157266.1_lysozyme_S_Drosophila_mauritiana) is ignored but added at the end
NOTE: XP_017063463.1_lysozyme_S_Drosophila_eugracilis (identical to XP_033157266.1_lysozyme_S_Drosophila_mauritiana) is ignored but added at the end
NOTE: XP_017059591.1_lysozyme_S_Drosophila_ficusphila (identical to XP_033157266.1_lysozyme_S_Drosophila_mauritiana) is ignored but added at the end
NOTE: XP_017137327.1_lysozyme_S_Drosophila_miranda (identical to XP_033157266.1_lysozyme_S_Drosophila_mauritiana) is ignored but added at the end
NOTE: XP_026849743.1_lysozyme_S_Drosophila_persimilis (identical to XP_033157266.1_lysozyme_S_Drosophila_mauritiana) is ignored but added at the end
NOTE: XP_022226710.1_lysozyme_S_Drosophila_obscura (identical to XP_033157266.1_lysozyme_S_Drosophila_mauritiana) is ignored but added at the end
NOTE: XP_034655127.1_lysozyme_S_Drosophila_subobscura (identical to XP_033157266.1_lysozyme_S_Drosophila_mauritiana) is ignored but added at the end
NOTE: XP_017017764.1_lysozyme_S_Drosophila_kikkawai (identical to XP_033157266.1_lysozyme_S_Drosophila_mauritiana) is ignored but added at the end
NOTE: XP_016029776.1_lysozyme_P_Drosophila_simulans (identical to XP_033157262.1_lysozyme_P_Drosophila_mauritiana) is ignored but added at the end
NOTE: XP_043650679.1_lysozyme_P_Drosophila_teissieri (identical to XP_033157262.1_lysozyme_P_Drosophila_mauritiana) is ignored but added at the end
NOTE: XP_053966457.1_lysozyme_D-like_Anastrepha_ludens (identical to XP_053966456.1_lysozyme_D-like_Anastrepha_ludens) is ignored but added at the end
NOTE: XP_054741319.1_lysozyme_D-like_Anastrepha_obliqua (identical to XP_053966456.1_lysozyme_D-like_Anastrepha_ludens) is ignored but added at the end
NOTE: XP_054737972.1_lysozyme_D-like_Anastrepha_obliqua (identical to XP_053966456.1_lysozyme_D-like_Anastrepha_ludens) is ignored but added at the end
NOTE: XP_049309706.1_lysozyme_B-like_Bactrocera_dorsalis (identical to XP_011206453.2_lysozyme_B_Bactrocera_dorsalis) is ignored but added at the end
NOTE: XP_050323069.1_lysozyme_B-like_Bactrocera_neohumeralis (identical to XP_050323068.1_lysozyme_B-like_Bactrocera_neohumeralis) is ignored but added at the end
NOTE: XP_039957073.1_lysozyme_B-like_Bactrocera_tryoni (identical to XP_050323068.1_lysozyme_B-like_Bactrocera_neohumeralis) is ignored but added at the end
NOTE: XP_054088799.1_lysozyme_B-like_Zeugodacus_cucurbitae (identical to XP_011180845.2_lysozyme_B-like_Zeugodacus_cucurbitae) is ignored but added at the end
NOTE: XP_050323065.1_lysozyme_B-like_Bactrocera_neohumeralis (identical to XP_011206455.2_lysozyme_B-like_Bactrocera_dorsalis) is ignored but added at the end
NOTE: XP_004517799.1_lysozyme_B_Ceratitis_capitata (identical to XP_004517800.1_lysozyme_B-like_Ceratitis_capitata) is ignored but added at the end
NOTE: Chrysomya_megacephala_LysC11 (identical to Chrysomya_megacephala_LysC9) is ignored but added at the end
NOTE: Chrysomya_megacephala_LysC12 (identical to Chrysomya_megacephala_LysC9) is ignored but added at the end
NOTE: Chrysomya_megacephala_LysC18 (identical to Chrysomya_megacephala_LysC9) is ignored but added at the end
NOTE: Chrysomya_megacephala_LysC19 (identical to Chrysomya_megacephala_LysC9) is ignored but added at the end
NOTE: XP_067627397.1_lysozyme_1-like_Eurosta_solidaginis (identical to XP_067627394.1_lysozyme_1-like_Eurosta_solidaginis) is ignored but added at the end
NOTE: XP_067627401.1_lysozyme_1-like_Eurosta_solidaginis (identical to XP_067627394.1_lysozyme_1-like_Eurosta_solidaginis) is ignored but added at the end
NOTE: XP_067627400.1_lysozyme_1-like_Eurosta_solidaginis (identical to XP_067627394.1_lysozyme_1-like_Eurosta_solidaginis) is ignored but added at the end
NOTE: Lucilia_cuprina_lysozyme_2-like_XM_023438453.2 (identical to Lucilia_sericata_lysozyme_2-like_XM_037951089.1) is ignored but added at the end
NOTE: Lucilia_cuprina_lysozyme_2-like_XM_023438456.2 (identical to Lucilia_sericata_lysozyme_2-like_XM_037951089.1) is ignored but added at the end
NOTE: Stomoxys_calcitrans_lysozyme_2-like_XM_059370495.1 (identical to Stomoxys_calcitrans_lysozyme_2-like_XM_059370494.1) is ignored but added at the end
NOTE: Stomoxys_calcitrans_lysozyme_2-like_XM_059370493.1 (identical to Stomoxys_calcitrans_lysozyme_2-like_XM_059370494.1) is ignored but added at the end
NOTE: Stomoxys_calcitrans_lysozyme_2-like_X1_XM_059370490.1 (identical to Stomoxys_calcitrans_lysozyme_2-like_XM_059370494.1) is ignored but added at the end
NOTE: Stomoxys_calcitrans_lysozyme_2-like_XM_059370492.1 (identical to Stomoxys_calcitrans_lysozyme_2-like_XM_059370494.1) is ignored but added at the end
NOTE: Stomoxys_calcitrans_lysozyme_2-like_XM_013257675.2 (identical to Stomoxys_calcitrans_lysozyme_2-like_XM_059370494.1) is ignored but added at the end
NOTE: Stomoxys_calcitrans_lysozyme_2_XM_013257682.2 (identical to Stomoxys_calcitrans_lysozyme_2-like_XM_013257684.2) is ignored but added at the end
NOTE: Stomoxys_calcitrans_lysozyme_2_XM_013257686.2 (identical to Stomoxys_calcitrans_lysozyme_2-like_XM_013257684.2) is ignored but added at the end
NOTE: XP_061400439.1_lysozyme_2_Musca_vetustissima (identical to Stomoxys_calcitrans_lysozyme_2-like_XM_013257685.2) is ignored but added at the end
NOTE: Musca_domestica_lysozyme_2_XM_011292180.2 (identical to Musca_domestica_lysozyme_2-like_XM_020035062.2) is ignored but added at the end
NOTE: Musca_domestica_lysozyme_2-like_XM_005178411.4 (identical to Musca_domestica_lysozyme_2-like_XM_020035062.2) is ignored but added at the end
NOTE: XP_061400445.1_lysozyme_2-like_Musca_vetustissima (identical to Musca_domestica_lysozyme_2-like_XM_005178415.4) is ignored but added at the end
NOTE: Musca_domestica_lysozyme_2-like_XM_059126267.1 (identical to Musca_domestica_lysozyme_2-like_XM_005185318.2) is ignored but added at the end
NOTE: Musca_domestica_lysozyme_2-like_XM_005185309.3 (identical to Musca_domestica_lysozyme_2-like_XM_005185318.2) is ignored but added at the end
NOTE: XP_002049593.1_lysozyme_P-like_Drosophila_virilis (identical to XP_064549010.1_lysozyme_P_Drosophila_montana) is ignored but added at the end
NOTE: XP_002092255.1_lysozyme_P_Drosophila_yakuba (identical to XP_039481858.1_lysozyme_P_Drosophila_santomea) is ignored but added at the end
NOTE: XP_039147853.1_lysozyme_P_Drosophila_simulans (identical to XP_039481858.1_lysozyme_P_Drosophila_santomea) is ignored but added at the end
NOTE: XP_017078913.1_lysozyme_P_Drosophila_eugracilis (identical to XP_039481858.1_lysozyme_P_Drosophila_santomea) is ignored but added at the end
NOTE: XP_037714944.1_lysozyme_P_Drosophila_subpulchrella (identical to XP_039481858.1_lysozyme_P_Drosophila_santomea) is ignored but added at the end
NOTE: XP_017124426.1_lysozyme_1_Drosophila_elegans (identical to XP_039481858.1_lysozyme_P_Drosophila_santomea) is ignored but added at the end
NOTE: XP_020798342.1_lysozyme_P_Drosophila_serrata (identical to XP_039481858.1_lysozyme_P_Drosophila_santomea) is ignored but added at the end
NOTE: XP_017033212.1_lysozyme_P_Drosophila_kikkawai (identical to XP_039481858.1_lysozyme_P_Drosophila_santomea) is ignored but added at the end
NOTE: XP_022227198.2_lysozyme_P_Drosophila_obscura (identical to XP_017146199.1_lysozyme_P_Drosophila_miranda) is ignored but added at the end
NOTE: XP_037916231.1_lysozyme_c-1-like_Hermetia_illucens (identical to XP_037915159.1_lysozyme_c-1-like_Hermetia_illucens) is ignored but added at the end
NOTE: XP_037915164.1_lysozyme_c-1-like_Hermetia_illucens (identical to XP_037915163.1_lysozyme_c-1-like_Hermetia_illucens) is ignored but added at the end
NOTE: XP_037916186.1_lysozyme_c-1-like_Hermetia_illucens (identical to XP_037915163.1_lysozyme_c-1-like_Hermetia_illucens) is ignored but added at the end
NOTE: XP_037915170.1_lysozyme_2-like_Hermetia_illucens (identical to XP_037915166.1_lysozyme_2-like_Hermetia_illucens) is ignored but added at the end
NOTE: XP_037915179.1_lysozyme_2-like_Hermetia_illucens (identical to XP_037915172.1_lysozyme_2-like_Hermetia_illucens) is ignored but added at the end
NOTE: XP_037915184.1_lysozyme_2-like_Hermetia_illucens (identical to XP_037915182.1_lysozyme_2-like_Hermetia_illucens) is ignored but added at the end
NOTE: XP_037915187.1_lysozyme_2-like_Hermetia_illucens (identical to XP_037915182.1_lysozyme_2-like_Hermetia_illucens) is ignored but added at the end
NOTE: XP_037915185.1_lysozyme_2-like_Hermetia_illucens (identical to XP_037915182.1_lysozyme_2-like_Hermetia_illucens) is ignored but added at the end
NOTE: XP_037916608.1_lysozyme_1-like_Hermetia_illucens (identical to XP_037916066.1_lysozyme_1-like_Hermetia_illucens) is ignored but added at the end
NOTE: XP_054736335.1_lysozyme_Anastrepha_obliqua (identical to Musca_domestica_lysozyme_XM_005187455.3) is ignored but added at the end
NOTE: XP_018797972.1_lysozyme_Bactrocera_latifrons (identical to Musca_domestica_lysozyme_XM_005187455.3) is ignored but added at the end
NOTE: XP_050325208.1_lysozyme_Bactrocera_neohumeralis (identical to Musca_domestica_lysozyme_XM_005187455.3) is ignored but added at the end
NOTE: XP_014091498.1_lysozyme_Bactrocera_oleae (identical to Musca_domestica_lysozyme_XM_005187455.3) is ignored but added at the end
NOTE: XP_039954366.1_lysozyme_Bactrocera_tryoni (identical to Musca_domestica_lysozyme_XM_005187455.3) is ignored but added at the end
NOTE: XP_011196364.1_lysozyme_Zeugodacus_cucurbitae (identical to Musca_domestica_lysozyme_XM_005187455.3) is ignored but added at the end
NOTE: XP_004526501.1_lysozyme_Ceratitis_capitata (identical to Musca_domestica_lysozyme_XM_005187455.3) is ignored but added at the end
NOTE: XP_067631355.1_lysozyme-like_Eurosta_solidaginis (identical to Musca_domestica_lysozyme_XM_005187455.3) is ignored but added at the end
NOTE: XP_034478353.1_lysozyme_Drosophila_innubila (identical to XP_034106818.1_lysozyme_Drosophila_albomicans) is ignored but added at the end
NOTE: XP_017866227.1_lysozyme_Drosophila_arizonae (identical to XP_034106818.1_lysozyme_Drosophila_albomicans) is ignored but added at the end
NOTE: XP_002004291.1_lysozyme_Drosophila_mojavensis (identical to XP_034106818.1_lysozyme_Drosophila_albomicans) is ignored but added at the end
NOTE: XP_023174837.1_lysozyme_Drosophila_hydei (identical to XP_034106818.1_lysozyme_Drosophila_albomicans) is ignored but added at the end
NOTE: XP_064547018.1_lysozyme_Drosophila_montana (identical to XP_034106818.1_lysozyme_Drosophila_albomicans) is ignored but added at the end
NOTE: XP_030560216.1_lysozyme_Drosophila_novamexicana (identical to XP_034106818.1_lysozyme_Drosophila_albomicans) is ignored but added at the end
NOTE: XP_002059449.1_lysozyme_Drosophila_virilis (identical to XP_034106818.1_lysozyme_Drosophila_albomicans) is ignored but added at the end
NOTE: XP_017093698.1_lysozyme_Drosophila_bipectinata (identical to XP_034106818.1_lysozyme_Drosophila_albomicans) is ignored but added at the end
NOTE: XP_017147055.2_lysozyme_Drosophila_miranda (identical to XP_034106818.1_lysozyme_Drosophila_albomicans) is ignored but added at the end
NOTE: XP_022228192.1_lysozyme_Drosophila_obscura (identical to XP_034106818.1_lysozyme_Drosophila_albomicans) is ignored but added at the end
NOTE: XP_034654837.1_lysozyme_Drosophila_subobscura (identical to XP_034106818.1_lysozyme_Drosophila_albomicans) is ignored but added at the end
NOTE: XP_068145931.1_lysozyme_Drosophila_tropicalis (identical to XP_034106818.1_lysozyme_Drosophila_albomicans) is ignored but added at the end
NOTE: XP_002063048.3_lysozyme_Drosophila_willistoni (identical to XP_034106818.1_lysozyme_Drosophila_albomicans) is ignored but added at the end
NOTE: XP_001987569.2_lysozyme_Drosophila_grimshawi (identical to XP_034106818.1_lysozyme_Drosophila_albomicans) is ignored but added at the end
NOTE: XP_016947509.1_lysozyme_Drosophila_biarmipes (identical to XP_017959422.1_lysozyme_Drosophila_navojoa) is ignored but added at the end
NOTE: XP_026836644.1_lysozyme_Drosophila_erecta (identical to XP_017959422.1_lysozyme_Drosophila_navojoa) is ignored but added at the end
NOTE: XP_017073139.1_lysozyme_Drosophila_eugracilis (identical to XP_017959422.1_lysozyme_Drosophila_navojoa) is ignored but added at the end
NOTE: XP_052842477.1_lysozyme_Drosophila_gunungcola (identical to XP_017959422.1_lysozyme_Drosophila_navojoa) is ignored but added at the end
NOTE: XP_017025159.1_lysozyme_Drosophila_kikkawai (identical to XP_017959422.1_lysozyme_Drosophila_navojoa) is ignored but added at the end
NOTE: XP_016970683.2_lysozyme_Drosophila_rhopaloa (identical to XP_017959422.1_lysozyme_Drosophila_navojoa) is ignored but added at the end
NOTE: XP_039479985.1_lysozyme_Drosophila_santomea (identical to XP_017959422.1_lysozyme_Drosophila_navojoa) is ignored but added at the end
NOTE: XP_020806728.1_lysozyme_Drosophila_serrata (identical to XP_017959422.1_lysozyme_Drosophila_navojoa) is ignored but added at the end
NOTE: XP_037714599.1_lysozyme_Drosophila_subpulchrella (identical to XP_017959422.1_lysozyme_Drosophila_navojoa) is ignored but added at the end
NOTE: XP_016930277.3_lysozyme_Drosophila_suzukii (identical to XP_017959422.1_lysozyme_Drosophila_navojoa) is ignored but added at the end
NOTE: XP_017003308.1_lysozyme_Drosophila_takahashii (identical to XP_017959422.1_lysozyme_Drosophila_navojoa) is ignored but added at the end
NOTE: XP_043644129.1_lysozyme_Drosophila_teissieri (identical to XP_017959422.1_lysozyme_Drosophila_navojoa) is ignored but added at the end
NOTE: XP_002091651.1_lysozyme_Drosophila_yakuba (identical to XP_017959422.1_lysozyme_Drosophila_navojoa) is ignored but added at the end
NOTE: XP_033155058.1_lysozyme_Drosophila_mauritiana (identical to XP_017959422.1_lysozyme_Drosophila_navojoa) is ignored but added at the end
NOTE: XP_044778310.1_lysozyme_Drosophila_simulans (identical to XP_017959422.1_lysozyme_Drosophila_navojoa) is ignored but added at the end
NOTE: XP_002034721.1_lysozyme_Drosophila_sechellia (identical to XP_017959422.1_lysozyme_Drosophila_navojoa) is ignored but added at the end
NOTE: XP_017051137.1_lysozyme_Drosophila_ficusphila (identical to XP_017959422.1_lysozyme_Drosophila_navojoa) is ignored but added at the end
NOTE: XP_062534238.1_lysozyme_c-1-like_Armigeres_subalbatus (identical to XP_062533531.1_lysozyme_c-1-like_Armigeres_subalbatus) is ignored but added at the end
NOTE: XP_062549617.1_lysozyme_c-1-like_Armigeres_subalbatus (identical to XP_062533525.1_lysozyme_c-1-like_Armigeres_subalbatus) is ignored but added at the end
NOTE: XP_041770391.1_lysozyme_c-1-like_Anopheles_merus (identical to XP_040154904.1_lysozyme_c-1-like_Anopheles_arabiensis) is ignored but added at the end
NOTE: XP_026735473.1_lysozyme-like_Trichoplusia_ni (identical to XP_049705928.1_lysozyme_Helicoverpa_armigera) is ignored but added at the end
NOTE: XP_050554187.1_lysozyme_Spodoptera_frugiperda (identical to XP_049705928.1_lysozyme_Helicoverpa_armigera) is ignored but added at the end
NOTE: XP_047539252.1_lysozyme_Vanessa_atalanta (identical to XP_045454916.1_lysozyme_Melitaea_cinxia) is ignored but added at the end
NOTE: XP_026497738.1_lysozyme_Vanessa_tameamea (identical to XP_045454916.1_lysozyme_Melitaea_cinxia) is ignored but added at the end
NOTE: XP_046972516.1_lysozyme-like_Vanessa_cardui (identical to XP_045454916.1_lysozyme_Melitaea_cinxia) is ignored but added at the end
NOTE: XP_045761809.1_lysozyme-like_Maniola_jurtina (identical to XP_023939383.1_lysozyme-like_Bicyclus_anynana) is ignored but added at the end
NOTE: XP_063394194.1_lysozyme_Cydia_fagiglandana (identical to XP_063373258.1_lysozyme_Cydia_amplana) is ignored but added at the end
NOTE: XP_063630539.1_lysozyme_Cydia_splendana (identical to XP_063373258.1_lysozyme_Cydia_amplana) is ignored but added at the end
NOTE: XP_047996973.1_lysozyme-like_Leguminivora_glycinivorella (identical to XP_063373258.1_lysozyme_Cydia_amplana) is ignored but added at the end
NOTE: XP_063543517.1_lysozyme_Cydia_strobilella (identical to XP_063373258.1_lysozyme_Cydia_amplana) is ignored but added at the end
NOTE: XP_045518581.1_lysozyme-like_Pieris_brassicae (identical to XP_045506999.1_lysozyme_Colias_croceus) is ignored but added at the end
NOTE: XP_022117864.1_lysozyme-like_Pieris_rapae (identical to XP_045506999.1_lysozyme_Colias_croceus) is ignored but added at the end
NOTE: XP_047510279.1_lysozyme-like_Pieris_napi (identical to XP_045506999.1_lysozyme_Colias_croceus) is ignored but added at the end
NOTE: XP_049788088.1_lysozyme-like_Schistocerca_cancellata (identical to XP_047118245.1_lysozyme-like_Schistocerca_piceifrons) is ignored but added at the end
NOTE: XP_063379287.1_lysozyme-like_Cydia_fagiglandana (identical to XP_063364906.1_lysozyme-like_Cydia_amplana) is ignored but added at the end
NOTE: XP_063619140.1_lysozyme-like_Cydia_splendana (identical to XP_063364906.1_lysozyme-like_Cydia_amplana) is ignored but added at the end
NOTE: XP_047992391.1_lysozyme-like_Leguminivora_glycinivorella (identical to XP_063628351.1_lysozyme-like_Cydia_splendana) is ignored but added at the end
NOTE: XP_061729742.1_lysozyme-like_Cydia_pomonella (identical to XP_063628351.1_lysozyme-like_Cydia_splendana) is ignored but added at the end
NOTE: XP_047118741.1_lysozyme-like_Schistocerca_piceifrons (identical to XP_046999665.1_lysozyme-like_Schistocerca_americana) is ignored but added at the end
NOTE: XP_049788122.1_lysozyme-like_Schistocerca_cancellata (identical to XP_046999665.1_lysozyme-like_Schistocerca_americana) is ignored but added at the end
NOTE: Paykullia_maculata_LysCX1 (identical to Protocalliphora_azurea_LysCX1) is ignored but added at the end
NOTE: XP_070066291.1_lysozyme_Drosophila_virilis (identical to XP_064547012.1_lysozyme_Drosophila_montana) is ignored but added at the end
NOTE: XP_002034720.1_lysozyme_c-1_Drosophila_sechellia (identical to XP_001974941.1_lysozyme_c-1_Drosophila_erecta) is ignored but added at the end
NOTE: XP_002082364.1_lysozyme_c-1_Drosophila_simulans (identical to XP_001974941.1_lysozyme_c-1_Drosophila_erecta) is ignored but added at the end
NOTE: XP_012340510.2_lysozyme-like_Apis_florea (identical to XP_061939765.1_lysozyme-like_Apis_cerana) is ignored but added at the end
NOTE: XP_033318970.1_lysozyme_Bombus_bifarius (identical to XP_050591379.1_lysozyme-like_Bombus_affinis) is ignored but added at the end
NOTE: XP_068980378.1_lysozyme_Bombus_flavifrons (identical to XP_050591379.1_lysozyme-like_Bombus_affinis) is ignored but added at the end
NOTE: XP_003487633.1_lysozyme_Bombus_impatiens (identical to XP_050591379.1_lysozyme-like_Bombus_affinis) is ignored but added at the end
NOTE: XP_043597176.1_lysozyme-like_Bombus_pyrosoma (identical to XP_050591379.1_lysozyme-like_Bombus_affinis) is ignored but added at the end
NOTE: XP_033182860.1_lysozyme_Bombus_vancouverensis_nearcticus (identical to XP_050591379.1_lysozyme-like_Bombus_affinis) is ignored but added at the end
NOTE: XP_060823703.1_lysozyme_Bombus_pascuorum (identical to XP_050591379.1_lysozyme-like_Bombus_affinis) is ignored but added at the end
NOTE: XP_053982467.1_lysozyme-like_Hylaeus_volcanicus (identical to XP_054010278.1_lysozyme-like_Hylaeus_anthracinus) is ignored but added at the end
NOTE: XP_047345390.1_lysozyme_c-1-like_Vespa_velutina (identical to XP_046838029.1_lysozyme_c-1-like_Vespa_crabro) is ignored but added at the end
NOTE: XP_043663732.1_lysozyme_c-1-like_Vespula_pensylvanica (identical to XP_046838029.1_lysozyme_c-1-like_Vespa_crabro) is ignored but added at the end
NOTE: XP_050845269.1_lysozyme_c-1-like_Vespula_vulgaris (identical to XP_046838029.1_lysozyme_c-1-like_Vespa_crabro) is ignored but added at the end
NOTE: XP_045484937.1_lysozyme_Pieris_rapae (identical to XP_045519938.1_lysozyme-like_Pieris_brassicae) is ignored but added at the end
NOTE: XP_016027391.1_lysozyme_1_Drosophila_simulans (identical to XP_015012801.2_lysozyme_1_Drosophila_erecta) is ignored but added at the end
NOTE: XP_039484380.1_lysozyme_1_Drosophila_santomea (identical to XP_015012801.2_lysozyme_1_Drosophila_erecta) is ignored but added at the end
NOTE: XP_017051123.1_lysozyme_1_Drosophila_ficusphila (identical to XP_015012801.2_lysozyme_1_Drosophila_erecta) is ignored but added at the end
NOTE: XP_049963020.1_lysozyme_c-1-like_Schistocerca_serialis_cubense (identical to XP_049788089.1_lysozyme_c-1-like_Schistocerca_cancellata) is ignored but added at the end
NOTE: XP_046599771.1_putative_lysozyme_C-2_Neodiprion_lecontei (identical to XP_046432266.1_lysozyme_P-like_Neodiprion_fabricii) is ignored but added at the end
Alignment was printed to ../../alinhamentos/lys_insecta_trimado.fasta.uniqueseq.phy

For your convenience alignment with unique sequences printed to ../../alinhamentos/lys_insecta_trimado.fasta.uniqueseq.phy
Creating fast initial parsimony tree by random order stepwise addition...
367.376 seconds, parsimony score: 10434 (based on 68 sites)
Generating 1000 samples for ultrafast bootstrap (seed: 912070)...

NOTE: 107 MB RAM (0 GB) is required!
WARNING: Number of threads seems too high for short alignments. Use -T AUTO to determine best number of threads.
Estimate model parameters (epsilon = 0.100)
1. Initial log-likelihood: -53441.767
2. Current log-likelihood: -52165.390
3. Current log-likelihood: -52120.634
4. Current log-likelihood: -52119.514
Optimal log-likelihood: -52119.341
Site proportion and rates:  (0.090,0.100) (0.209,0.377) (0.430,0.944) (0.271,1.868)
Parameters optimization took 4 rounds (6.955 sec)
Wrote distance file to... 
Computing ML distances based on estimated model parameters...
Calculating distance matrix: done in 196.028 secs using 586.9% CPU
Computing ML distances took 196.031976 sec (of wall-clock time) 1150.508081 sec (of CPU time)
WARNING: Some pairwise ML distances are too long (saturated)
Setting up auxiliary I and S matrices: done in 0.0122528 secs using 614.8% CPU
Computing RapidNJ tree took 0.369372 sec (of wall-clock time) 0.702418 sec (of CPU time)
Log-likelihood of RapidNJ tree: -52262.233
--------------------------------------------------------------------
|             INITIALIZING CANDIDATE TREE SET                      |
--------------------------------------------------------------------
Generating 98 parsimony trees... 58.056 second
Computing log-likelihood of 98 initial trees ... 76.416 seconds
Current best score: -52119.341

Do NNI search on 20 best initial trees
Estimate model parameters (epsilon = 0.100)
BETTER TREE FOUND at iteration 1: -50828.273
Estimate model parameters (epsilon = 0.100)
BETTER TREE FOUND at iteration 2: -50669.124
Estimate model parameters (epsilon = 0.100)
BETTER TREE FOUND at iteration 3: -50514.366
Iteration 10 / LogL: -50667.734 / Time: 0h:22m:30s
Iteration 20 / LogL: -50680.261 / Time: 0h:33m:18s
Finish initializing candidate tree set (20)
Current best tree score: -50514.366 / CPU time: 1415.905
Number of iterations: 20
--------------------------------------------------------------------
|               OPTIMIZING CANDIDATE TREE SET                      |
--------------------------------------------------------------------
Estimate model parameters (epsilon = 0.100)
BETTER TREE FOUND at iteration 25: -50476.327
Estimate model parameters (epsilon = 0.100)
BETTER TREE FOUND at iteration 29: -50385.828
Iteration 30 / LogL: -50479.026 / Time: 0h:41m:19s (2h:0m:10s left)
Estimate model parameters (epsilon = 0.100)
BETTER TREE FOUND at iteration 31: -50349.934
Estimate model parameters (epsilon = 0.100)
BETTER TREE FOUND at iteration 37: -50343.682
Estimate model parameters (epsilon = 0.100)
BETTER TREE FOUND at iteration 40: -50326.260
Iteration 40 / LogL: -50326.260 / Time: 0h:48m:15s (1h:48m:2s left)
Estimate model parameters (epsilon = 0.100)
BETTER TREE FOUND at iteration 41: -50244.305
Estimate model parameters (epsilon = 0.100)
BETTER TREE FOUND at iteration 48: -50236.516
Estimate model parameters (epsilon = 0.100)
BETTER TREE FOUND at iteration 49: -50223.677
Iteration 50 / LogL: -50295.765 / Time: 1h:25m:12s (2h:39m:46s left)
Log-likelihood cutoff on original alignment: -50551.963
Estimate model parameters (epsilon = 0.100)
BETTER TREE FOUND at iteration 54: -50213.954
Estimate model parameters (epsilon = 0.100)
BETTER TREE FOUND at iteration 59: -50210.007
Iteration 60 / LogL: -50277.544 / Time: 1h:57m:43s (3h:7m:15s left)
Estimate model parameters (epsilon = 0.100)
BETTER TREE FOUND at iteration 61: -50187.835
Estimate model parameters (epsilon = 0.100)
BETTER TREE FOUND at iteration 63: -50160.168
Estimate model parameters (epsilon = 0.100)
BETTER TREE FOUND at iteration 70: -50138.107
Iteration 70 / LogL: -50138.107 / Time: 2h:4m:15s (2h:51m:13s left)
Iteration 80 / LogL: -50156.295 / Time: 2h:10m:46s (2h:22m:0s left)
Estimate model parameters (epsilon = 0.100)
BETTER TREE FOUND at iteration 86: -50132.100
Iteration 90 / LogL: -50146.623 / Time: 2h:18m:18s (2h:22m:35s left)
Estimate model parameters (epsilon = 0.100)
BETTER TREE FOUND at iteration 91: -50127.813
Estimate model parameters (epsilon = 0.100)
BETTER TREE FOUND at iteration 92: -50116.813
Iteration 100 / LogL: -50168.429 / Time: 2h:25m:15s (2h:9m:17s left)
Log-likelihood cutoff on original alignment: -50429.207
NOTE: Bootstrap correlation coefficient of split occurrence frequencies: 0.849
NOTE: UFBoot does not converge, continue at least 100 more iterations
Estimate model parameters (epsilon = 0.100)
BETTER TREE FOUND at iteration 106: -50103.149
Estimate model parameters (epsilon = 0.100)
BETTER TREE FOUND at iteration 108: -50074.370
Iteration 110 / LogL: -50221.401 / Time: 2h:31m:10s (2h:10m:25s left)
Iteration 120 / LogL: -50175.576 / Time: 2h:37m:2s (1h:51m:36s left)
Estimate model parameters (epsilon = 0.100)
BETTER TREE FOUND at iteration 127: -50044.484
Iteration 130 / LogL: -50161.085 / Time: 3h:15m:25s (2h:22m:20s left)
Iteration 140 / LogL: -50107.794 / Time: 5h:30m:46s (3h:23m:11s left)
Estimate model parameters (epsilon = 0.100)
BETTER TREE FOUND at iteration 149: -50042.383
Iteration 150 / LogL: -50095.833 / Time: 5h:37m:3s (3h:39m:53s left)
Log-likelihood cutoff on original alignment: -50425.854
Iteration 160 / LogL: -50123.232 / Time: 5h:43m:8s (3h:8m:38s left)
Iteration 170 / LogL: -50069.802 / Time: 5h:49m:4s (2h:40m:18s left)
Iteration 180 / LogL: -50076.875 / Time: 5h:55m:26s (2h:14m:39s left)
Iteration 190 / LogL: -50093.510 / Time: 6h:2m:2s (1h:51m:6s left)
Iteration 200 / LogL: -50105.148 / Time: 6h:7m:51s (1h:29m:4s left)
Log-likelihood cutoff on original alignment: -50220.201
NOTE: Bootstrap correlation coefficient of split occurrence frequencies: 0.886
NOTE: UFBoot does not converge, continue at least 100 more iterations
Iteration 210 / LogL: -50056.313 / Time: 6h:13m:39s (2h:38m:16s left)
Iteration 220 / LogL: -50118.094 / Time: 6h:19m:8s (2h:16m:15s left)
Iteration 230 / LogL: -50089.546 / Time: 6h:24m:50s (1h:55m:46s left)
Iteration 240 / LogL: -50088.506 / Time: 6h:30m:34s (1h:36m:30s left)
Iteration 250 / LogL: -50076.209 / Time: 6h:36m:26s (1h:18m:22s left)
Log-likelihood cutoff on original alignment: -50220.201
Iteration 260 / LogL: -50044.051 / Time: 8h:3m:35s (1h:13m:44s left)
Estimate model parameters (epsilon = 0.100)
BETTER TREE FOUND at iteration 265: -50019.430
Estimate model parameters (epsilon = 0.100)
BETTER TREE FOUND at iteration 267: -50014.544
Estimate model parameters (epsilon = 0.100)
BETTER TREE FOUND at iteration 269: -50014.435
Estimate model parameters (epsilon = 0.100)
BETTER TREE FOUND at iteration 270: -50004.394
Iteration 270 / LogL: -50004.394 / Time: 18h:50m:7s (6h:57m:50s left)
Iteration 280 / LogL: -50042.541 / Time: 26h:5m:22s (8h:22m:59s left)
Iteration 290 / LogL: -50040.482 / Time: 26h:10m:58s (7h:13m:10s left)
Iteration 300 / LogL: -50112.771 / Time: 26h:16m:57s (6h:7m:45s left)
Log-likelihood cutoff on original alignment: -50212.043
NOTE: Bootstrap correlation coefficient of split occurrence frequencies: 0.961
NOTE: UFBoot does not converge, continue at least 100 more iterations
Iteration 310 / LogL: -50066.477 / Time: 26h:23m:8s (7h:39m:19s left)
Estimate model parameters (epsilon = 0.100)
BETTER TREE FOUND at iteration 318: -49999.167
Iteration 320 / LogL: -50060.668 / Time: 26h:28m:58s (8h:6m:16s left)
Iteration 330 / LogL: -50069.250 / Time: 26h:34m:42s (7h:4m:54s left)
Estimate model parameters (epsilon = 0.100)
BETTER TREE FOUND at iteration 335: -49995.816
Estimate model parameters (epsilon = 0.100)
BETTER TREE FOUND at iteration 338: -49985.286
Iteration 340 / LogL: -49990.902 / Time: 26h:43m:35s (7h:41m:48s left)
Iteration 350 / LogL: -50064.409 / Time: 26h:49m:24s (6h:44m:15s left)
Log-likelihood cutoff on original alignment: -50212.043
Iteration 360 / LogL: -50010.862 / Time: 26h:55m:29s (5h:49m:40s left)
Iteration 370 / LogL: -50005.511 / Time: 27h:1m:23s (4h:57m:39s left)
Iteration 380 / LogL: -50015.457 / Time: 27h:7m:12s (4h:8m:4s left)
Iteration 390 / LogL: -50063.630 / Time: 27h:13m:2s (3h:20m:44s left)
Estimate model parameters (epsilon = 0.100)
BETTER TREE FOUND at iteration 393: -49980.484
Iteration 400 / LogL: -50002.263 / Time: 27h:19m:6s (6h:20m:37s left)
Log-likelihood cutoff on original alignment: -50212.043
NOTE: Bootstrap correlation coefficient of split occurrence frequencies: 0.929
NOTE: UFBoot does not converge, continue at least 100 more iterations
Estimate model parameters (epsilon = 0.100)
BETTER TREE FOUND at iteration 408: -49970.860
Iteration 410 / LogL: -49999.699 / Time: 28h:51m:54s (6h:53m:30s left)
Estimate model parameters (epsilon = 0.100)
BETTER TREE FOUND at iteration 418: -49969.786
Iteration 420 / LogL: -50055.132 / Time: 28h:58m:15s (6h:45m:7s left)
Estimate model parameters (epsilon = 0.100)
BETTER TREE FOUND at iteration 424: -49959.324
Iteration 430 / LogL: -49985.637 / Time: 29h:4m:55s (6h:20m:59s left)
Iteration 440 / LogL: -49982.357 / Time: 29h:11m:5s (5h:33m:53s left)
