Supplemental results for CODEML (seqf: lys1b_aln.phy  treef: lys1b_tree.nwk)


NSsites Model 0: one-ratio
I	J	ij	2Ns_IJ	pMut_IJ	pSub_IJ	2Ns_JI	pMut_JI	pSub_JI

TTC	TTT	CT	1.07878	0.03613	0.05906	-1.07878	0.10626	0.05906	0.05906	0.05906
TTA	TTT	AT	1.52730	0.05429	0.10592	-1.52730	0.25006	0.10592	0.01347	0.01347
TTA	TTC	AC	0.44853	0.02782	0.03453	-0.44853	0.04357	0.03453	0.00439	0.00439
TTG	TTT	GT	-0.05279	0.05429	0.05287	0.05279	0.05150	0.05287	0.00672	0.00672
TTG	TTC	GC	-1.13157	0.02782	0.01499	1.13157	0.00897	0.01499	0.00191	0.00191
TTG	TTA	GA	-1.58010	0.23158	0.09491	1.58010	0.04769	0.09491	0.09491	0.09491
TCT	TTT	CT	1.38106	0.02671	0.04926	-1.38106	0.10626	0.04926	0.00627	0.00627
TCC	TTC	CT	-0.47748	0.02985	0.02329	0.47748	0.01852	0.02329	0.00296	0.00296
TCC	TCT	CT	-0.77976	0.02985	0.01971	0.77976	0.01369	0.01971	0.01971	0.01971
TCA	TTA	CT	-0.07766	0.05655	0.05438	0.07766	0.05233	0.05438	0.00692	0.00692
TCA	TCT	AT	0.06858	0.03007	0.03111	-0.06858	0.03221	0.03111	0.03111	0.03111
TCA	TCC	AC	0.84834	0.01541	0.02286	-0.84834	0.03599	0.02286	0.02286	0.02286
TCG	TTG	CT	-0.32279	0.07226	0.06122	0.32279	0.05233	0.06122	0.00779	0.00779
TCG	TCT	GT	-1.75664	0.03842	0.01408	1.75664	0.00663	0.01408	0.01408	0.01408
TCG	TCC	GC	-0.97688	0.01969	0.01161	0.97688	0.00741	0.01161	0.01161	0.01161
TCG	TCA	GA	-1.82522	0.16389	0.05748	1.82522	0.02642	0.05748	0.05748	0.05748
TAT	TTT	AT	1.06696	0.08604	0.13994	-1.06696	0.25006	0.13994	0.01780	0.01780
TAT	TCT	AC	-0.31410	0.04409	0.03753	0.31410	0.03221	0.03753	0.00477	0.00477
TAC	TTC	AT	0.48865	0.02673	0.03379	-0.48865	0.04357	0.03379	0.00430	0.00430
TAC	TCC	AC	0.96612	0.01370	0.02136	-0.96612	0.03599	0.02136	0.00272	0.00272
TAC	TAT	CT	0.50046	0.05027	0.06389	-0.50046	0.08292	0.06389	0.06389	0.06389
TGT	TTT	GT	-0.66590	0.10024	0.07054	0.66590	0.05150	0.07054	0.00897	0.00897
TGT	TCT	GC	-2.04695	0.05137	0.01559	2.04695	0.00663	0.01559	0.00198	0.00198
TGT	TAT	GA	-1.73286	0.42753	0.15909	1.73286	0.07558	0.15909	0.02023	0.02023
TGC	TTC	GT	-1.38691	0.03592	0.01659	1.38691	0.00897	0.01659	0.00211	0.00211
TGC	TCC	GC	-0.90944	0.01841	0.01129	0.90944	0.00741	0.01129	0.00144	0.00144
TGC	TAC	GA	-1.87556	0.15320	0.05201	1.87556	0.02348	0.05201	0.00662	0.00662
TGC	TGT	CT	0.35776	0.06755	0.08035	-0.35776	0.09660	0.08035	0.08035	0.08035
TGG	TTG	GT	-0.80633	0.05680	0.03694	0.80633	0.02536	0.03694	0.00470	0.00470
TGG	TCG	GC	-0.48354	0.02911	0.02264	0.48354	0.01795	0.02264	0.00288	0.00288
TGG	TGT	GT	-0.19322	0.05680	0.05149	0.19322	0.04682	0.05149	0.00655	0.00655
TGG	TGC	GC	-0.55098	0.02911	0.02182	0.55098	0.01678	0.02182	0.00278	0.00278
CTT	TTT	CT	1.03622	0.03770	0.06055	-1.03622	0.10626	0.06055	0.00770	0.00770
CTC	TTC	CT	0.67520	0.00943	0.01296	-0.67520	0.01852	0.01296	0.00165	0.00165
CTC	CTT	CT	0.71776	0.00943	0.01321	-0.71776	0.01932	0.01321	0.01321	0.01321
CTA	TTA	CT	0.51012	0.03142	0.04011	-0.51012	0.05233	0.04011	0.04011	0.04011
CTA	CTT	AT	1.00121	0.01671	0.02644	-1.00121	0.04547	0.02644	0.02644	0.02644
CTA	CTC	AC	0.28345	0.00856	0.00983	-0.28345	0.01137	0.00983	0.00983	0.00983
CTG	TTG	CT	-0.46444	0.08326	0.06541	0.46444	0.05233	0.06541	0.06541	0.06541
CTG	CTT	GT	-1.55345	0.04427	0.01845	1.55345	0.00936	0.01845	0.01845	0.01845
CTG	CTC	GC	-2.27121	0.02269	0.00593	2.27121	0.00234	0.00593	0.00593	0.00593
CTG	CTA	GA	-2.55466	0.18882	0.04065	2.55466	0.01468	0.04065	0.04065	0.04065
CCT	TCT	CT	1.06607	0.00471	0.00766	-1.06607	0.01369	0.00766	0.00097	0.00097
CCT	CTT	CT	1.41091	0.00471	0.00879	-1.41091	0.01932	0.00879	0.00112	0.00112
CCC	TCC	CT	-0.55731	0.02671	0.01995	0.55731	0.01530	0.01995	0.00254	0.00254
CCC	CTC	CT	-1.70999	0.02671	0.01008	1.70999	0.00483	0.01008	0.00128	0.00128
CCC	CCT	CT	-2.40313	0.02671	0.00638	2.40313	0.00242	0.00638	0.00638	0.00638
CCA	TCA	CT	-0.48621	0.04713	0.03659	0.48621	0.02898	0.03659	0.00465	0.00465
CCA	CTA	CT	-1.07400	0.04713	0.02626	1.07400	0.01610	0.02626	0.00334	0.00334
CCA	CCT	AT	-1.48370	0.02506	0.01091	1.48370	0.00568	0.01091	0.01091	0.01091
CCA	CCC	AC	0.91944	0.01284	0.01964	-0.91944	0.03221	0.01964	0.01964	0.01964
CCG	TCG	CT	0.38752	0.02513	0.03032	-0.38752	0.03703	0.03032	0.00386	0.00386
CCG	CTG	CT	0.52917	0.02513	0.03237	-0.52917	0.04267	0.03237	0.00412	0.00412
CCG	CCT	GT	-2.43518	0.01336	0.00312	2.43518	0.00117	0.00312	0.00312	0.00312
CCG	CCC	GC	-0.03205	0.00685	0.00674	0.03205	0.00663	0.00674	0.00674	0.00674
CCG	CCA	GA	-0.95149	0.05700	0.03412	0.95149	0.02201	0.03412	0.03412	0.03412
CAT	TAT	CT	0.56500	0.04713	0.06169	-0.56500	0.08292	0.06169	0.00785	0.00785
CAT	CTT	AT	0.59574	0.02506	0.03326	-0.59574	0.04547	0.03326	0.00423	0.00423
CAT	CCT	AC	-0.81516	0.01284	0.00831	0.81516	0.00568	0.00831	0.00106	0.00106
CAC	TAC	CT	1.69859	0.00471	0.00980	-1.69859	0.02576	0.00980	0.00125	0.00125
CAC	CTC	AT	1.51204	0.00251	0.00486	-1.51204	0.01137	0.00486	0.00062	0.00062
CAC	CCC	AC	3.22202	0.00128	0.00431	-3.22202	0.03221	0.00431	0.00055	0.00055
CAC	CAT	CT	1.63405	0.00471	0.00957	-1.63405	0.02415	0.00957	0.00957	0.00957
CAA	CTA	AT	-0.79055	0.08353	0.05482	0.79055	0.03789	0.05482	0.00697	0.00697
CAA	CCA	AC	0.28345	0.04281	0.04916	-0.28345	0.05683	0.04916	0.00625	0.00625
CAA	CAT	AT	-0.38508	0.08353	0.06848	0.38508	0.05683	0.06848	0.00871	0.00871
CAA	CAC	AC	-2.01914	0.04281	0.01323	2.01914	0.00568	0.01323	0.00168	0.00168
CAG	CTG	AT	0.69484	0.05012	0.06953	-0.69484	0.10040	0.06953	0.00884	0.00884
CAG	CCG	AC	0.16566	0.02568	0.02787	-0.16566	0.03031	0.02787	0.00354	0.00354
CAG	CAT	GT	-1.45435	0.05012	0.02221	1.45435	0.01171	0.02221	0.00282	0.00282
CAG	CAC	GC	-3.08841	0.02568	0.00379	3.08841	0.00117	0.00379	0.00048	0.00048
CAG	CAA	GA	-1.06927	0.21376	0.11947	1.06927	0.07338	0.11947	0.11947	0.11947
CGT	TGT	CT	0.35776	0.06755	0.08035	-0.35776	0.09660	0.08035	0.01022	0.01022
CGT	CTT	GT	-1.34435	0.03592	0.01703	1.34435	0.00936	0.01703	0.00217	0.00217
CGT	CCT	GC	-2.75526	0.01841	0.00344	2.75526	0.00117	0.00344	0.00044	0.00044
CGT	CAT	GA	-1.94010	0.15320	0.04987	1.94010	0.02201	0.04987	0.00634	0.00634
CGC	TGC	CT	-0.08539	0.03770	0.03611	0.08539	0.03462	0.03611	0.00459	0.00459
CGC	CTC	GT	-2.14750	0.02005	0.00569	2.14750	0.00234	0.00569	0.00072	0.00072
CGC	CCC	GC	-0.43752	0.01027	0.00819	0.43752	0.00663	0.00819	0.00104	0.00104
CGC	CAC	GA	-3.65954	0.08551	0.00827	3.65954	0.00220	0.00827	0.00105	0.00105
CGC	CGT	CT	-0.08539	0.03770	0.03611	0.08539	0.03462	0.03611	0.03611	0.03611
CGA	CTA	GT	-0.53806	0.01336	0.01009	0.53806	0.00780	0.01009	0.00128	0.00128
CGA	CCA	GC	0.53593	0.00685	0.00885	-0.53593	0.01171	0.00885	0.00113	0.00113
CGA	CAA	GA	0.25249	0.05700	0.06450	-0.25249	0.07338	0.06450	0.00820	0.00820
CGA	CGT	AT	1.80750	0.01336	0.02890	-1.80750	0.08146	0.02890	0.02890	0.02890
CGA	CGC	AC	1.89289	0.00685	0.01526	-1.89289	0.04547	0.01526	0.01526	0.01526
CGG	TGG	CT	2.85783	0.00314	0.00953	-2.85783	0.05474	0.00953	0.00121	0.00121
CGG	CTG	GT	2.51594	0.00167	0.00457	-2.51594	0.02068	0.00457	0.00058	0.00058
CGG	CCG	GC	1.98677	0.00086	0.00197	-1.98677	0.00624	0.00197	0.00025	0.00025
CGG	CAG	GA	1.82110	0.00713	0.01548	-1.82110	0.04403	0.01548	0.00197	0.00197
CGG	CGT	GT	2.30685	0.00167	0.00428	-2.30685	0.01678	0.00428	0.00428	0.00428
CGG	CGC	GC	2.39223	0.00086	0.00225	-2.39223	0.00936	0.00225	0.00225	0.00225
CGG	CGA	GA	0.49935	0.00713	0.00905	-0.49935	0.01174	0.00905	0.00905	0.00905
ATT	TTT	AT	1.10657	0.08269	0.13672	-1.10657	0.25006	0.13672	0.01739	0.01739
ATT	CTT	AC	0.07035	0.04238	0.04389	-0.07035	0.04547	0.04389	0.00558	0.00558
ATC	TTC	AT	1.38943	0.01086	0.02010	-1.38943	0.04357	0.02010	0.00256	0.00256
ATC	CTC	AC	0.71423	0.00556	0.00779	-0.71423	0.01137	0.00779	0.00099	0.00099
ATC	ATT	CT	1.36164	0.02042	0.03739	-1.36164	0.07970	0.03739	0.03739	0.03739
ATA	TTA	AT	0.30193	0.09105	0.10548	-0.30193	0.12314	0.10548	0.01342	0.01342
ATA	CTA	AC	-0.20820	0.04666	0.04197	0.20820	0.03789	0.04197	0.00534	0.00534
ATA	ATT	AT	0.72266	0.09105	0.12787	-0.72266	0.18755	0.12787	0.12787	0.12787
ATA	ATC	AC	-0.63898	0.04666	0.03333	0.63898	0.02463	0.03333	0.03333	0.03333
ATG	TTG	AT	1.59208	0.02506	0.05009	-1.59208	0.12314	0.05009	0.00637	0.00637
ATG	CTG	AC	2.05651	0.01284	0.03028	-2.05651	0.10040	0.03028	0.00385	0.00385
ATG	ATT	GT	0.43272	0.02506	0.03087	-0.43272	0.03863	0.03087	0.00393	0.00393
ATG	ATC	GC	-0.92892	0.01284	0.00779	0.92892	0.00507	0.00779	0.00099	0.00099
ATG	ATA	GA	-0.28995	0.10688	0.09213	0.28995	0.07998	0.09213	0.01172	0.01172
ACT	TCT	AT	1.57266	0.00668	0.01326	-1.57266	0.03221	0.01326	0.00169	0.00169
ACT	CCT	AC	0.50659	0.00342	0.00436	-0.50659	0.00568	0.00436	0.00056	0.00056
ACT	ATT	CT	1.84715	0.01257	0.02756	-1.84715	0.07970	0.02756	0.00351	0.00351
ACC	TCC	AT	0.71880	0.01754	0.02459	-0.71880	0.03599	0.02459	0.00313	0.00313
ACC	CCC	AC	1.27611	0.00899	0.01591	-1.27611	0.03221	0.01591	0.00202	0.00202
ACC	ATC	CT	-1.14811	0.03299	0.01760	1.14811	0.01047	0.01760	0.00224	0.00224
ACC	ACT	CT	-1.63361	0.03299	0.01307	1.63361	0.00644	0.01307	0.01307	0.01307
ACA	TCA	AT	1.51204	0.01504	0.02916	-1.51204	0.06820	0.02916	0.00371	0.00371
ACA	CCA	AC	1.99825	0.00770	0.01781	-1.99825	0.05683	0.01781	0.00227	0.00227
ACA	ATA	CT	1.13244	0.02828	0.04725	-1.13244	0.08775	0.04725	0.00601	0.00601
ACA	ACT	AT	0.00796	0.01504	0.01510	-0.00796	0.01516	0.01510	0.01510	0.01510
ACA	ACC	AC	1.64157	0.00770	0.01569	-1.64157	0.03978	0.01569	0.01569	0.01569
ACG	TCG	AT	0.44284	0.05596	0.06927	-0.44284	0.08714	0.06927	0.00881	0.00881
ACG	CCG	AC	0.05532	0.02868	0.02948	-0.05532	0.03031	0.02948	0.00375	0.00375
ACG	ATG	CT	-1.47203	0.10525	0.04614	1.47203	0.02415	0.04614	0.00587	0.00587
ACG	ACT	GT	-2.88646	0.05596	0.00954	2.88646	0.00312	0.00954	0.00954	0.00954
ACG	ACC	GC	-1.25285	0.02868	0.01437	1.25285	0.00819	0.01437	0.01437	0.01437
ACG	ACA	GA	-2.89442	0.23870	0.04047	2.89442	0.01321	0.04047	0.04047	0.04047
AAT	TAT	AT	0.73512	0.09355	0.13211	-0.73512	0.19513	0.13211	0.01680	0.01680
AAT	CAT	AC	0.17012	0.04794	0.05214	-0.17012	0.05683	0.05214	0.00663	0.00663
AAT	ATT	AT	0.69551	0.09355	0.12983	-0.69551	0.18755	0.12983	0.01651	0.01651
AAT	ACT	AC	-1.15164	0.04794	0.02552	1.15164	0.01516	0.02552	0.00325	0.00325
AAC	TAC	AT	1.64557	0.01169	0.02384	-1.64557	0.06062	0.02384	0.00303	0.00303
AAC	CAC	AC	-0.05302	0.00599	0.00584	0.05302	0.00568	0.00584	0.00074	0.00074
AAC	ATC	AT	0.74478	0.01169	0.01658	-0.74478	0.02463	0.01658	0.00211	0.00211
AAC	ACC	AC	1.89289	0.00599	0.01336	-1.89289	0.03978	0.01336	0.00170	0.00170
AAC	AAT	CT	1.41091	0.02199	0.04104	-1.41091	0.09016	0.04104	0.04104	0.04104
AAA	CAA	AC	1.39211	0.04709	0.08723	-1.39211	0.18944	0.08723	0.01109	0.01109
AAA	ATA	AT	0.80976	0.09188	0.13405	-0.80976	0.20649	0.13405	0.01705	0.01705
AAA	ACA	AC	-0.32269	0.04709	0.03990	0.32269	0.03410	0.03990	0.00507	0.00507
AAA	AAT	AT	0.83691	0.09188	0.13563	-0.83691	0.21218	0.13563	0.01725	0.01725
AAA	AAC	AC	-0.57400	0.04709	0.03486	0.57400	0.02652	0.03486	0.00443	0.00443
AAG	CAG	AC	3.18387	0.00471	0.01564	-3.18387	0.11367	0.01564	0.00199	0.00199
AAG	ATG	AT	1.82219	0.00919	0.01997	-1.82219	0.05683	0.01997	0.00254	0.00254
AAG	ACG	AC	3.29422	0.00471	0.01611	-3.29422	0.12693	0.01611	0.00205	0.00205
AAG	AAT	GT	1.55940	0.00919	0.01814	-1.55940	0.04370	0.01814	0.00231	0.00231
AAG	AAC	GC	0.14849	0.00471	0.00507	-0.14849	0.00546	0.00507	0.00064	0.00064
AAG	AAA	GA	0.72249	0.03919	0.05504	-0.72249	0.08071	0.05504	0.05504	0.05504
AGT	TGT	AT	1.86871	0.03508	0.07752	-1.86871	0.22733	0.07752	0.00986	0.00986
AGT	CGT	AC	1.51095	0.01798	0.03486	-1.51095	0.08146	0.03486	0.00443	0.00443
AGT	ATT	GT	0.09624	0.03508	0.03680	-0.09624	0.03863	0.03680	0.00468	0.00468
AGT	ACT	GC	-1.75090	0.01798	0.00661	1.75090	0.00312	0.00661	0.00084	0.00084
AGT	AAT	GA	-0.59927	0.14963	0.10925	0.59927	0.08218	0.10925	0.01390	0.01390
AGC	TGC	AT	1.80750	0.01336	0.02890	-1.80750	0.08146	0.02890	0.00368	0.00368
AGC	CGC	AC	1.89289	0.00685	0.01526	-1.89289	0.04547	0.01526	0.00194	0.00194
AGC	ATC	GT	-0.96885	0.01336	0.00792	0.96885	0.00507	0.00792	0.00101	0.00101
AGC	ACC	GC	0.17926	0.00685	0.00748	-0.17926	0.00819	0.00748	0.00095	0.00095
AGC	AAC	GA	-1.71363	0.05700	0.02147	1.71363	0.01027	0.02147	0.00273	0.00273
AGC	AGT	CT	0.29655	0.02513	0.02904	-0.29655	0.03381	0.02904	0.02904	0.02904
AGA	CGA	AC	1.62095	0.00599	0.01211	-1.62095	0.03031	0.01211	0.01211	0.01211
AGA	ATA	GT	1.29108	0.01169	0.02082	-1.29108	0.04253	0.02082	0.00265	0.00265
AGA	ACA	GC	0.15864	0.00599	0.00648	-0.15864	0.00702	0.00648	0.00082	0.00082
AGA	AAA	GA	0.48133	0.04988	0.06284	-0.48133	0.08071	0.06284	0.00799	0.00799
AGA	AGT	AT	1.91750	0.01169	0.02629	-1.91750	0.07957	0.02629	0.00334	0.00334
AGA	AGC	AC	1.62095	0.00599	0.01211	-1.62095	0.03031	0.01211	0.00154	0.00154
AGG	TGG	AT	3.65210	0.00334	0.01253	-3.65210	0.12882	0.01253	0.00159	0.00159
AGG	CGG	AC	0.79427	0.00171	0.00248	-0.79427	0.00379	0.00248	0.00248	0.00248
AGG	ATG	GT	1.25370	0.00334	0.00586	-1.25370	0.01171	0.00586	0.00075	0.00075
AGG	ACG	GC	2.72572	0.00171	0.00499	-2.72572	0.02614	0.00499	0.00064	0.00064
AGG	AAG	GA	-0.56849	0.01425	0.01058	0.56849	0.00807	0.01058	0.00135	0.00135
AGG	AGT	GT	1.59017	0.00334	0.00667	-1.59017	0.01639	0.00667	0.00085	0.00085
AGG	AGC	GC	1.29362	0.00171	0.00305	-1.29362	0.00624	0.00305	0.00039	0.00039
AGG	AGA	GA	-0.32733	0.01425	0.01205	0.32733	0.01027	0.01205	0.01205	0.01205
GTT	TTT	GT	0.65586	0.02673	0.03645	-0.65586	0.05150	0.03645	0.00464	0.00464
GTT	CTT	GC	-0.38036	0.01370	0.01126	0.38036	0.00936	0.01126	0.00143	0.00143
GTT	ATT	GA	-0.45071	0.11401	0.09024	0.45071	0.07264	0.09024	0.01148	0.01148
GTC	TTC	GT	0.17706	0.00752	0.00820	-0.17706	0.00897	0.00820	0.00104	0.00104
GTC	CTC	GC	-0.49814	0.00385	0.00297	0.49814	0.00234	0.00297	0.00038	0.00038
GTC	ATC	GA	-1.21237	0.03206	0.01646	1.21237	0.00954	0.01646	0.00209	0.00209
GTC	GTT	CT	0.59998	0.01414	0.01880	-0.59998	0.02576	0.01880	0.01880	0.01880
GTA	TTA	GT	0.57997	0.01420	0.01871	-0.57997	0.02536	0.01871	0.00238	0.00238
GTA	CTA	GC	0.06984	0.00728	0.00753	-0.06984	0.00780	0.00753	0.00096	0.00096
GTA	ATA	GA	0.27804	0.06057	0.06938	-0.27804	0.07998	0.06938	0.00882	0.00882
GTA	GTT	AT	1.45141	0.01420	0.02691	-1.45141	0.06062	0.02691	0.02691	0.02691
GTA	GTC	AC	0.85143	0.00728	0.01081	-0.85143	0.01705	0.01081	0.01081	0.01081
GTG	TTG	GT	-0.62987	0.04761	0.03418	0.62987	0.02536	0.03418	0.00435	0.00435
GTG	CTG	GC	-0.16543	0.02440	0.02244	0.16543	0.02068	0.02244	0.00285	0.00285
GTG	ATG	GA	-2.22195	0.20308	0.05486	2.22195	0.02201	0.05486	0.00698	0.00698
GTG	GTT	GT	-1.33852	0.04761	0.02265	1.33852	0.01249	0.02265	0.02265	0.02265
GTG	GTC	GC	-1.93850	0.02440	0.00795	1.93850	0.00351	0.00795	0.00795	0.00795
GTG	GTA	GA	-2.78993	0.20308	0.03708	2.78993	0.01247	0.03708	0.03708	0.03708
GCT	TCT	GT	-0.87243	0.01587	0.00994	0.87243	0.00663	0.00994	0.00126	0.00126
GCT	CCT	GC	-1.93850	0.00813	0.00265	1.93850	0.00117	0.00265	0.00034	0.00034
GCT	ACT	GA	-2.44509	0.06769	0.01572	2.44509	0.00587	0.01572	0.00200	0.00200
GCT	GTT	CT	-0.14724	0.02985	0.02770	0.14724	0.02576	0.02770	0.00352	0.00352
GCC	TCC	GT	-1.42769	0.03091	0.01392	1.42769	0.00741	0.01392	0.00177	0.00177
GCC	CCC	GC	-0.87038	0.01584	0.00993	0.87038	0.00663	0.00993	0.00126	0.00126
GCC	ACC	GA	-2.14649	0.13182	0.03745	2.14649	0.01541	0.03745	0.00476	0.00476
GCC	GTC	CT	-2.08223	0.05812	0.01723	2.08223	0.00725	0.01723	0.00219	0.00219
GCC	GCT	CT	-1.33501	0.05812	0.02771	1.33501	0.01530	0.02771	0.02771	0.02771
GCA	TCA	GT	-0.47353	0.02255	0.01763	0.47353	0.01405	0.01763	0.00224	0.00224
GCA	CCA	GC	0.01269	0.01156	0.01163	-0.01269	0.01171	0.01163	0.00148	0.00148
GCA	ACA	GA	-1.98556	0.09619	0.03040	1.98556	0.01321	0.03040	0.00387	0.00387
GCA	GTA	CT	-1.13116	0.04241	0.02285	1.13116	0.01369	0.02285	0.00291	0.00291
GCA	GCT	AT	0.46749	0.02255	0.02823	-0.46749	0.03599	0.02823	0.02823	0.02823
GCA	GCC	AC	1.80250	0.01156	0.02495	-1.80250	0.07009	0.02495	0.02495	0.02495
GCG	TCG	GT	-0.76121	0.03842	0.02564	0.76121	0.01795	0.02564	0.00326	0.00326
GCG	CCG	GC	-1.14873	0.01969	0.01050	1.14873	0.00624	0.01050	0.00134	0.00134
GCG	ACG	GA	-1.20404	0.16389	0.08456	1.20404	0.04916	0.08456	0.01075	0.01075
GCG	GTG	CT	-0.45412	0.07226	0.05709	0.45412	0.04589	0.05709	0.00726	0.00726
GCG	GCT	GT	-1.64541	0.03842	0.01511	1.64541	0.00741	0.01511	0.01511	0.01511
GCG	GCC	GC	-0.31040	0.01969	0.01679	0.31040	0.01444	0.01679	0.01679	0.01679
GCG	GCA	GA	-2.11290	0.16389	0.04762	2.11290	0.01981	0.04762	0.04762	0.04762
GAT	TAT	GT	-0.99401	0.10859	0.06342	0.99401	0.04019	0.06342	0.00807	0.00807
GAT	CAT	GC	-1.55901	0.05565	0.02311	1.55901	0.01171	0.02311	0.00294	0.00294
GAT	AAT	GA	-1.72913	0.46315	0.17276	1.72913	0.08218	0.17276	0.02197	0.02197
GAT	GTT	AT	-0.58291	0.10859	0.08000	0.58291	0.06062	0.08000	0.01017	0.01017
GAT	GCT	AC	-0.43568	0.05565	0.04440	0.43568	0.03599	0.04440	0.00565	0.00565
GAC	TAC	GT	-0.66277	0.02422	0.01708	0.66277	0.01249	0.01708	0.00217	0.00217
GAC	CAC	GC	-2.36136	0.01241	0.00305	2.36136	0.00117	0.00305	0.00039	0.00039
GAC	AAC	GA	-2.30833	0.10332	0.02633	2.30833	0.01027	0.02633	0.00335	0.00335
GAC	GTC	AT	-0.35118	0.02422	0.02022	0.35118	0.01705	0.02022	0.00257	0.00257
GAC	GCC	AC	1.73104	0.01241	0.02611	-1.73104	0.07009	0.02611	0.00332	0.00332
GAC	GAT	CT	0.83171	0.04556	0.06710	-0.83171	0.10465	0.06710	0.06710	0.06710
GAA	CAA	GC	-0.16964	0.04623	0.04242	0.16964	0.03902	0.04242	0.00540	0.00540
GAA	AAA	GA	-1.56175	0.38477	0.15952	1.56175	0.08071	0.15952	0.02029	0.02029
GAA	GTA	AT	-1.03003	0.09021	0.05159	1.03003	0.03221	0.05159	0.00656	0.00656
GAA	GCA	AC	0.10113	0.04623	0.04861	-0.10113	0.05115	0.04861	0.00618	0.00618
GAA	GAT	AT	1.00429	0.09021	0.14297	-1.00429	0.24628	0.14297	0.01818	0.01818
GAA	GAC	AC	0.17258	0.04623	0.05033	-0.17258	0.05494	0.05033	0.00640	0.00640
GAG	CAG	GC	0.28810	0.01755	0.02020	-0.28810	0.02341	0.02020	0.00257	0.00257
GAG	AAG	GA	-2.89577	0.14607	0.02474	2.89577	0.00807	0.02474	0.00315	0.00315
GAG	GTG	AT	1.14837	0.03425	0.05759	-1.14837	0.10798	0.05759	0.00733	0.00733
GAG	GCG	AC	1.60249	0.01755	0.03522	-1.60249	0.08714	0.03522	0.00448	0.00448
GAG	GAT	GT	0.39276	0.03425	0.04141	-0.39276	0.05072	0.04141	0.00527	0.00527
GAG	GAC	GC	-0.43895	0.01755	0.01398	0.43895	0.01131	0.01398	0.00178	0.00178
GAG	GAA	GA	-0.61154	0.14607	0.10593	0.61154	0.07925	0.10593	0.10593	0.10593
GGT	TGT	GT	0.11426	0.04176	0.04420	-0.11426	0.04682	0.04420	0.00562	0.00562
GGT	CGT	GC	-0.24350	0.02140	0.01890	0.24350	0.01678	0.01890	0.00240	0.00240
GGT	AGT	GA	-1.75445	0.17814	0.06538	1.75445	0.03082	0.06538	0.00832	0.00832
GGT	GTT	GT	-1.20749	0.04176	0.02150	1.20749	0.01249	0.02150	0.00274	0.00274
GGT	GCT	GC	-1.06026	0.02140	0.01202	1.06026	0.00741	0.01202	0.00153	0.00153
GGT	GAT	GA	-0.62458	0.17814	0.12826	0.62458	0.09539	0.12826	0.01631	0.01631
GGC	TGC	GT	-0.61092	0.03091	0.02242	0.61092	0.01678	0.02242	0.00285	0.00285
GGC	CGC	GC	-0.52554	0.01584	0.01204	0.52554	0.00936	0.01204	0.00153	0.00153
GGC	AGC	GA	-2.41842	0.13182	0.03117	2.41842	0.01174	0.03117	0.00396	0.00396
GGC	GTC	GT	-2.17490	0.03091	0.00862	2.17490	0.00351	0.00862	0.00110	0.00110
GGC	GCC	GC	-0.09268	0.01584	0.01512	0.09268	0.01444	0.01512	0.00192	0.00192
GGC	GAC	GA	-1.82372	0.13182	0.04628	1.82372	0.02128	0.04628	0.00589	0.00589
GGC	GGT	CT	-0.36743	0.05812	0.04810	0.36743	0.04025	0.04810	0.04810	0.04810
GGA	CGA	GC	0.19501	0.00514	0.00565	-0.19501	0.00624	0.00565	0.00072	0.00072
GGA	AGA	GA	-1.42594	0.04275	0.01928	1.42594	0.01027	0.01928	0.00245	0.00245
GGA	GTA	GT	-0.41290	0.01002	0.00810	0.41290	0.00663	0.00810	0.00103	0.00103
GGA	GCA	GC	0.71826	0.00514	0.00720	-0.71826	0.01053	0.00720	0.00092	0.00092
GGA	GAA	GA	0.61713	0.04275	0.05729	-0.61713	0.07925	0.05729	0.00729	0.00729
GGA	GGT	AT	2.24600	0.01002	0.02518	-2.24600	0.09472	0.02518	0.02518	0.02518
GGA	GGC	AC	2.61343	0.00514	0.01449	-2.61343	0.07009	0.01449	0.01449	0.01449
GGG	TGG	GT	1.37886	0.00668	0.01232	-1.37886	0.02653	0.01232	0.00157	0.00157
GGG	CGG	GC	-1.47897	0.00342	0.00149	1.47897	0.00078	0.00149	0.00019	0.00019
GGG	AGG	GA	-2.27324	0.02850	0.00744	2.27324	0.00294	0.00744	0.00095	0.00095
GGG	GTG	GT	1.20240	0.00668	0.01149	-1.20240	0.02224	0.01149	0.00146	0.00146
GGG	GCG	GC	1.65652	0.00342	0.00701	-1.65652	0.01795	0.00701	0.00089	0.00089
GGG	GAG	GA	0.05404	0.02850	0.02928	-0.05404	0.03008	0.02928	0.00372	0.00372
GGG	GGT	GT	1.07137	0.00668	0.01089	-1.07137	0.01951	0.01089	0.01089	0.01089
GGG	GGC	GC	1.43880	0.00342	0.00646	-1.43880	0.01444	0.00646	0.00646	0.00646
GGG	GGA	GA	-1.17463	0.02850	0.01497	1.17463	0.00881	0.01497	0.01497	0.01497


Histograms
2Ns	FMut	FSub(CodonUsage)	FSubw(after w)

-3.48527	0.00925	0.00116	0.00046
-3.13675	0.01288	0.00222	0.00087
-2.78822	0.03207	0.00724	0.01595
-2.43969	0.03074	0.00922	0.01523
-2.09116	0.05705	0.02190	0.02076
-1.74264	0.14202	0.06788	0.07198
-1.39411	0.09176	0.05252	0.05162
-1.04558	0.10269	0.07396	0.07363
-0.69705	0.13088	0.11729	0.11788
-0.34853	0.09896	0.10536	0.10202
0.00000	0.06396	0.08247	0.05921
0.34853	0.06813	0.10536	0.10202
0.69705	0.06566	0.11729	0.11788
1.04558	0.03514	0.07396	0.07363
1.39411	0.02145	0.05252	0.05162
1.74264	0.02492	0.06788	0.07198
2.09116	0.00715	0.02190	0.02076
2.43969	0.00267	0.00922	0.01523
2.78822	0.00185	0.00724	0.01595
3.13675	0.00051	0.00222	0.00087
3.48527	0.00024	0.00116	0.00046

Proportion of advantageous (S > 0) mutations:
 0.25804

Proportions of good & bad mutations (|S| > 2.0000) among mutations:
0.00983  0.12368

mean |Ns| = 1.19898	mean Ns+ = 0.83069	mean Ns- = -1.32706


NSsites Model 1: NearlyNeutral
I	J	ij	2Ns_IJ	pMut_IJ	pSub_IJ	2Ns_JI	pMut_JI	pSub_JI

TTC	TTT	CT	1.20035	0.03659	0.06284	-1.20035	0.12152	0.06284
TTA	TTT	AT	1.44748	0.04890	0.09254	-1.44748	0.20793	0.09254
TTA	TTC	AC	0.24713	0.02830	0.03194	-0.24713	0.03623	0.03194
TTG	TTT	GT	0.05191	0.04890	0.05018	-0.05191	0.05150	0.05018
TTG	TTC	GC	-1.14844	0.02830	0.01509	1.14844	0.00897	0.01509
TTG	TTA	GA	-1.39557	0.21651	0.09948	1.39557	0.05363	0.09948
TCT	TTT	CT	1.50263	0.02704	0.05227	-1.50263	0.12152	0.05227
TCC	TTC	CT	-0.35590	0.03022	0.02516	0.35590	0.02117	0.02516
TCC	TCT	CT	-0.65818	0.03022	0.02136	0.65818	0.01565	0.02136
TCA	TTA	CT	0.04391	0.05727	0.05853	-0.04391	0.05984	0.05853
TCA	TCT	AT	-0.01124	0.02708	0.02693	0.01124	0.02678	0.02693
TCA	TCC	AC	0.64694	0.01567	0.02128	-0.64694	0.02993	0.02128
TCG	TTG	CT	-0.20121	0.07317	0.06606	0.20121	0.05984	0.06606
TCG	TCT	GT	-1.65193	0.03460	0.01356	1.65193	0.00663	0.01356
TCG	TCC	GC	-0.99375	0.02003	0.01170	0.99375	0.00741	0.01170
TCG	TCA	GA	-1.64069	0.15322	0.06045	1.64069	0.02970	0.06045
TAT	TTT	AT	0.98714	0.07748	0.12192	-0.98714	0.20793	0.12192
TAT	TCT	AC	-0.51550	0.04484	0.03427	0.51550	0.02678	0.03427
TAC	TTC	AT	0.40882	0.02407	0.02933	-0.40882	0.03623	0.02933
TAC	TCC	AC	0.76472	0.01393	0.01993	-0.76472	0.02993	0.01993
TAC	TAT	CT	0.62204	0.05090	0.06837	-0.62204	0.09482	0.06837
TGT	TTT	GT	-0.56119	0.09027	0.06730	0.56119	0.05150	0.06730
TGT	TCT	GC	-2.06383	0.05224	0.01568	2.06383	0.00663	0.01568
TGT	TAT	GA	-1.54833	0.39971	0.16710	1.54833	0.08498	0.16710
TGC	TTC	GT	-1.28221	0.03235	0.01592	1.28221	0.00897	0.01592
TGC	TCC	GC	-0.92631	0.01872	0.01137	0.92631	0.00741	0.01137
TGC	TAC	GA	-1.69103	0.14323	0.05474	1.69103	0.02640	0.05474
TGC	TGT	CT	0.47934	0.06840	0.08610	-0.47934	0.11047	0.08610
TGG	TTG	GT	-0.70162	0.05115	0.03529	0.70162	0.02536	0.03529
TGG	TCG	GC	-0.50041	0.02960	0.02281	0.50041	0.01795	0.02281
TGG	TGT	GT	-0.08852	0.05115	0.04892	0.08852	0.04682	0.04892
TGG	TGC	GC	-0.56785	0.02960	0.02199	0.56785	0.01678	0.02199
CTT	TTT	CT	1.15779	0.03818	0.06445	-1.15779	0.12152	0.06445
CTC	TTC	CT	0.79678	0.00954	0.01385	-0.79678	0.02117	0.01385
CTC	CTT	CT	0.83934	0.00954	0.01410	-0.83934	0.02209	0.01410
CTA	TTA	CT	0.63170	0.03181	0.04291	-0.63170	0.05984	0.04291
CTA	CTT	AT	0.92139	0.01505	0.02303	-0.92139	0.03780	0.02303
CTA	CTC	AC	0.08205	0.00871	0.00907	-0.08205	0.00945	0.00907
CTG	TTG	CT	-0.34286	0.08431	0.07068	0.34286	0.05984	0.07068
CTG	CTT	GT	-1.44874	0.03987	0.01773	1.44874	0.00936	0.01773
CTG	CTC	GC	-2.28808	0.02307	0.00596	2.28808	0.00234	0.00596
CTG	CTA	GA	-2.37013	0.17654	0.04314	2.37013	0.01650	0.04314
CCT	TCT	CT	1.18765	0.00477	0.00815	-1.18765	0.01565	0.00815
CCT	CTT	CT	1.53249	0.00477	0.00933	-1.53249	0.02209	0.00933
CCC	TCC	CT	-0.43573	0.02704	0.02158	0.43573	0.01749	0.02158
CCC	CTC	CT	-1.58841	0.02704	0.01103	1.58841	0.00552	0.01103
CCC	CCT	CT	-2.28156	0.02704	0.00702	2.28156	0.00276	0.00702
CCA	TCA	CT	-0.36463	0.04772	0.03955	0.36463	0.03314	0.03955
CCA	CTA	CT	-0.95242	0.04772	0.02855	0.95242	0.01841	0.02855
CCA	CCT	AT	-1.56352	0.02257	0.00935	1.56352	0.00473	0.00935
CCA	CCC	AC	0.71803	0.01306	0.01831	-0.71803	0.02678	0.01831
CCG	TCG	CT	0.50910	0.02545	0.03248	-0.50910	0.04235	0.03248
CCG	CTG	CT	0.65075	0.02545	0.03462	-0.65075	0.04879	0.03462
CCG	CCT	GT	-2.33048	0.01204	0.00302	2.33048	0.00117	0.00302
CCG	CCC	GC	-0.04892	0.00697	0.00680	0.04892	0.00663	0.00680
CCG	CCA	GA	-0.76696	0.05330	0.03544	0.76696	0.02475	0.03544
CAT	TAT	CT	0.68658	0.04772	0.06596	-0.68658	0.09482	0.06596
CAT	CTT	AT	0.51592	0.02257	0.02889	-0.51592	0.03780	0.02889
CAT	CCT	AC	-1.01657	0.01306	0.00753	1.01657	0.00473	0.00753
CAC	TAC	CT	1.82017	0.00477	0.01037	-1.82017	0.02946	0.01037
CAC	CTC	AT	1.43221	0.00226	0.00425	-1.43221	0.00945	0.00425
CAC	CCC	AC	3.02062	0.00131	0.00415	-3.02062	0.02678	0.00415
CAC	CAT	CT	1.75563	0.00477	0.01013	-1.75563	0.02762	0.01013
CAA	CTA	AT	-0.87037	0.07523	0.04718	0.87037	0.03150	0.04718
CAA	CCA	AC	0.08205	0.04353	0.04534	-0.08205	0.04726	0.04534
CAA	CAT	AT	-0.46491	0.07523	0.05909	0.46491	0.04726	0.05909
CAA	CAC	AC	-2.22054	0.04353	0.01177	2.22054	0.00473	0.01177
CAG	CTG	AT	0.61501	0.04514	0.06043	-0.61501	0.08349	0.06043
CAG	CCG	AC	-0.03574	0.02612	0.02566	0.03574	0.02520	0.02566
CAG	CAT	GT	-1.34965	0.04514	0.02133	1.34965	0.01171	0.02133
CAG	CAC	GC	-3.10528	0.02612	0.00381	3.10528	0.00117	0.00381
CAG	CAA	GA	-0.88474	0.19986	0.12432	0.88474	0.08251	0.12432
CGT	TGT	CT	0.47934	0.06840	0.08610	-0.47934	0.11047	0.08610
CGT	CTT	GT	-1.23965	0.03235	0.01634	1.23965	0.00936	0.01634
CGT	CCT	GC	-2.77213	0.01872	0.00346	2.77213	0.00117	0.00346
CGT	CAT	GA	-1.75557	0.14323	0.05253	1.75557	0.02475	0.05253
CGC	TGC	CT	0.03619	0.03818	0.03887	-0.03619	0.03958	0.03887
CGC	CTC	GT	-2.04280	0.01805	0.00549	2.04280	0.00234	0.00549
CGC	CCC	GC	-0.45439	0.01045	0.00825	0.45439	0.00663	0.00825
CGC	CAC	GA	-3.47501	0.07994	0.00888	3.47501	0.00248	0.00888
CGC	CGT	CT	0.03619	0.03818	0.03887	-0.03619	0.03958	0.03887
CGA	CTA	GT	-0.43336	0.01204	0.00962	0.43336	0.00780	0.00962
CGA	CCA	GC	0.51906	0.00697	0.00893	-0.51906	0.01171	0.00893
CGA	CAA	GA	0.43702	0.05330	0.06579	-0.43702	0.08251	0.06579
CGA	CGT	AT	1.72768	0.01204	0.02529	-1.72768	0.06773	0.02529
CGA	CGC	AC	1.69148	0.00697	0.01444	-1.69148	0.03780	0.01444
CGG	TGG	CT	2.97941	0.00318	0.00999	-2.97941	0.06260	0.00999
CGG	CTG	GT	2.62064	0.00150	0.00425	-2.62064	0.02068	0.00425
CGG	CCG	GC	1.96989	0.00087	0.00199	-1.96989	0.00624	0.00199
CGG	CAG	GA	2.00563	0.00666	0.01544	-2.00563	0.04950	0.01544
CGG	CGT	GT	2.41155	0.00150	0.00399	-2.41155	0.01678	0.00399
CGG	CGC	GC	2.37536	0.00087	0.00228	-2.37536	0.00936	0.00228
CGG	CGA	GA	0.68388	0.00666	0.00920	-0.68388	0.01320	0.00920
ATT	TTT	AT	1.02675	0.07447	0.11914	-1.02675	0.20793	0.11914
ATT	CTT	AC	-0.13105	0.04310	0.04034	0.13105	0.03780	0.04034
ATC	TTC	AT	1.30961	0.00978	0.01754	-1.30961	0.03623	0.01754
ATC	CTC	AC	0.51283	0.00566	0.00723	-0.51283	0.00945	0.00723
ATC	ATT	CT	1.48322	0.02068	0.03967	-1.48322	0.09114	0.03967
ATA	TTA	AT	0.22210	0.08200	0.09144	-0.22210	0.10239	0.09144
ATA	CTA	AC	-0.40960	0.04745	0.03840	0.40960	0.03150	0.03840
ATA	ATT	AT	0.64284	0.08200	0.11116	-0.64284	0.15595	0.11116
ATA	ATC	AC	-0.84038	0.04745	0.03027	0.84038	0.02048	0.03027
ATG	TTG	AT	1.51225	0.02257	0.04378	-1.51225	0.10239	0.04378
ATG	CTG	AC	1.85511	0.01306	0.02872	-1.85511	0.08349	0.02872
ATG	ATT	GT	0.53742	0.02257	0.02917	-0.53742	0.03863	0.02917
ATG	ATC	GC	-0.94579	0.01306	0.00784	0.94579	0.00507	0.00784
ATG	ATA	GA	-0.10542	0.09993	0.09475	0.10542	0.08993	0.09475
ACT	TCT	AT	1.49284	0.00602	0.01159	-1.49284	0.02678	0.01159
ACT	CCT	AC	0.30519	0.00348	0.00404	-0.30519	0.00473	0.00404
ACT	ATT	CT	1.96872	0.01273	0.02912	-1.96872	0.09114	0.02912
ACC	TCC	AT	0.63898	0.01580	0.02138	-0.63898	0.02993	0.02138
ACC	CCC	AC	1.07471	0.00914	0.01492	-1.07471	0.02678	0.01492
ACC	ATC	CT	-1.02653	0.03341	0.01914	1.02653	0.01197	0.01914
ACC	ACT	CT	-1.51203	0.03341	0.01428	1.51203	0.00736	0.01428
ACA	TCA	AT	1.43221	0.01354	0.02548	-1.43221	0.05671	0.02548
ACA	CCA	AC	1.79684	0.00784	0.01688	-1.79684	0.04726	0.01688
ACA	ATA	CT	1.25402	0.02863	0.05024	-1.25402	0.10034	0.05024
ACA	ACT	AT	-0.07187	0.01354	0.01306	0.07187	0.01260	0.01306
ACA	ACC	AC	1.44017	0.00784	0.01479	-1.44017	0.03308	0.01479
ACG	TCG	AT	0.36301	0.05040	0.06010	-0.36301	0.07246	0.06010
ACG	CCG	AC	-0.14609	0.02917	0.02709	0.14609	0.02520	0.02709
ACG	ATG	CT	-1.35045	0.10658	0.05034	1.35045	0.02762	0.05034
ACG	ACT	GT	-2.78175	0.05040	0.00926	2.78175	0.00312	0.00926
ACG	ACC	GC	-1.26972	0.02917	0.01447	1.26972	0.00819	0.01447
ACG	ACA	GA	-2.70989	0.22317	0.04311	2.70989	0.01485	0.04311
AAT	TAT	AT	0.65529	0.08425	0.11485	-0.65529	0.16225	0.11485
AAT	CAT	AC	-0.03128	0.04876	0.04800	0.03128	0.04726	0.04800
AAT	ATT	AT	0.61569	0.08425	0.11283	-0.61569	0.15595	0.11283
AAT	ACT	AC	-1.35304	0.04876	0.02299	1.35304	0.01260	0.02299
AAC	TAC	AT	1.56574	0.01053	0.02084	-1.56574	0.05041	0.02084
AAC	CAC	AC	-0.25443	0.00609	0.00535	0.25443	0.00473	0.00535
AAC	ATC	AT	0.66496	0.01053	0.01442	-0.66496	0.02048	0.01442
AAC	ACC	AC	1.69148	0.00609	0.01264	-1.69148	0.03308	0.01264
AAC	AAT	CT	1.53249	0.02227	0.04353	-1.53249	0.10310	0.04353
AAA	CAA	AC	1.19071	0.04789	0.08193	-1.19071	0.15752	0.08193
AAA	ATA	AT	0.72993	0.08275	0.11659	-0.72993	0.17170	0.11659
AAA	ACA	AC	-0.52409	0.04789	0.03643	0.52409	0.02835	0.03643
AAA	AAT	AT	0.75708	0.08275	0.11799	-0.75708	0.17642	0.11799
AAA	AAC	AC	-0.77540	0.04789	0.03170	0.77540	0.02205	0.03170
AAG	CAG	AC	2.98247	0.00479	0.01504	-2.98247	0.09451	0.01504
AAG	ATG	AT	1.74237	0.00827	0.01748	-1.74237	0.04726	0.01748
AAG	ACG	AC	3.09282	0.00479	0.01551	-3.09282	0.10554	0.01551
AAG	AAT	GT	1.66410	0.00827	0.01699	-1.66410	0.04370	0.01699
AAG	AAC	GC	0.13162	0.00479	0.00511	-0.13162	0.00546	0.00511
AAG	AAA	GA	0.90702	0.03664	0.05574	-0.90702	0.09076	0.05574
AGT	TGT	AT	1.78889	0.03159	0.06786	-1.78889	0.18902	0.06786
AGT	CGT	AC	1.30955	0.01828	0.03280	-1.30955	0.06773	0.03280
AGT	ATT	GT	0.20095	0.03159	0.03488	-0.20095	0.03863	0.03488
AGT	ACT	GC	-1.76778	0.01828	0.00665	1.76778	0.00312	0.00665
AGT	AAT	GA	-0.41474	0.13990	0.11289	0.41474	0.09241	0.11289
AGC	TGC	AT	1.72768	0.01204	0.02529	-1.72768	0.06773	0.02529
AGC	CGC	AC	1.69148	0.00697	0.01444	-1.69148	0.03780	0.01444
AGC	ATC	GT	-0.86414	0.01204	0.00758	0.86414	0.00507	0.00758
AGC	ACC	GC	0.16239	0.00697	0.00755	-0.16239	0.00819	0.00755
AGC	AAC	GA	-1.52910	0.05330	0.02255	1.52910	0.01155	0.02255
AGC	AGT	CT	0.41813	0.02545	0.03114	-0.41813	0.03866	0.03114
AGA	CGA	AC	1.41955	0.00609	0.01141	-1.41955	0.02520	0.01141
AGA	ATA	GT	1.39579	0.01053	0.01954	-1.39579	0.04253	0.01954
AGA	ACA	GC	0.14177	0.00609	0.00654	-0.14177	0.00702	0.00654
AGA	AAA	GA	0.66586	0.04663	0.06387	-0.66586	0.09076	0.06387
AGA	AGT	AT	1.83768	0.01053	0.02302	-1.83768	0.06616	0.02302
AGA	AGC	AC	1.41955	0.00609	0.01141	-1.41955	0.02520	0.01141
AGG	TGG	AT	3.57228	0.00301	0.01106	-3.57228	0.10711	0.01106
AGG	CGG	AC	0.59287	0.00174	0.00231	-0.59287	0.00315	0.00231
AGG	ATG	GT	1.35840	0.00301	0.00550	-1.35840	0.01171	0.00550
AGG	ACG	GC	2.70885	0.00174	0.00505	-2.70885	0.02614	0.00505
AGG	AAG	GA	-0.38396	0.01332	0.01093	0.38396	0.00908	0.01093
AGG	AGT	GT	1.69487	0.00301	0.00625	-1.69487	0.01639	0.00625
AGG	AGC	GC	1.27675	0.00174	0.00308	-1.27675	0.00624	0.00308
AGG	AGA	GA	-0.14280	0.01332	0.01240	0.14280	0.01155	0.01240
GTT	TTT	GT	0.76056	0.02407	0.03438	-0.76056	0.05150	0.03438
GTT	CTT	GC	-0.39723	0.01393	0.01135	0.39723	0.00936	0.01135
GTT	ATT	GA	-0.26618	0.10659	0.09303	0.26618	0.08168	0.09303
GTC	TTC	GT	0.28177	0.00677	0.00777	-0.28177	0.00897	0.00777
GTC	CTC	GC	-0.51501	0.00392	0.00300	0.51501	0.00234	0.00300
GTC	ATC	GA	-1.02784	0.02998	0.01717	1.02784	0.01073	0.01717
GTC	GTT	CT	0.72156	0.01432	0.02010	-0.72156	0.02946	0.02010
GTA	TTA	GT	0.68467	0.01279	0.01766	-0.68467	0.02536	0.01766
GTA	CTA	GC	0.05297	0.00740	0.00760	-0.05297	0.00780	0.00760
GTA	ATA	GA	0.46257	0.05663	0.07073	-0.46257	0.08993	0.07073
GTA	GTT	AT	1.37159	0.01279	0.02350	-1.37159	0.05041	0.02350
GTA	GTC	AC	0.65003	0.00740	0.01006	-0.65003	0.01418	0.01006
GTG	TTG	GT	-0.52517	0.04288	0.03260	0.52517	0.02536	0.03260
GTG	CTG	GC	-0.18231	0.02481	0.02262	0.18231	0.02068	0.02262
GTG	ATG	GA	-2.03742	0.18986	0.05799	2.03742	0.02475	0.05799
GTG	GTT	GT	-1.23382	0.04288	0.02173	1.23382	0.01249	0.02173
GTG	GTC	GC	-1.95537	0.02481	0.00800	1.95537	0.00351	0.00800
GTG	GTA	GA	-2.60540	0.18986	0.03946	2.60540	0.01403	0.03946
GCT	TCT	GT	-0.76773	0.01429	0.00950	0.76773	0.00663	0.00950
GCT	CCT	GC	-1.95537	0.00827	0.00267	1.95537	0.00117	0.00267
GCT	ACT	GA	-2.26056	0.06329	0.01666	2.26056	0.00660	0.01666
GCT	GTT	CT	-0.02566	0.03022	0.02984	0.02566	0.02946	0.02984
GCC	TCC	GT	-1.32298	0.02783	0.01337	1.32298	0.00741	0.01337
GCC	CCC	GC	-0.88725	0.01611	0.01000	0.88725	0.00663	0.01000
GCC	ACC	GA	-1.96196	0.12325	0.03955	1.96196	0.01733	0.03955
GCC	GTC	CT	-1.96065	0.05886	0.01891	1.96065	0.00829	0.01891
GCC	GCT	CT	-1.21343	0.05886	0.03020	1.21343	0.01749	0.03020
GCA	TCA	GT	-0.36882	0.02031	0.01680	0.36882	0.01405	0.01680
GCA	CCA	GC	-0.00419	0.01175	0.01173	0.00419	0.01171	0.01173
GCA	ACA	GA	-1.80103	0.08994	0.03204	1.80103	0.01485	0.03204
GCA	GTA	CT	-1.00958	0.04295	0.02486	1.00958	0.01565	0.02486
GCA	GCT	AT	0.38767	0.02031	0.02450	-0.38767	0.02993	0.02450
GCA	GCC	AC	1.60110	0.01175	0.02357	-1.60110	0.05828	0.02357
GCG	TCG	GT	-0.65650	0.03460	0.02448	0.65650	0.01795	0.02448
GCG	CCG	GC	-1.16560	0.02003	0.01057	1.16560	0.00624	0.01057
GCG	ACG	GA	-1.01951	0.15322	0.08816	1.01951	0.05528	0.08816
GCG	GTG	CT	-0.33254	0.07317	0.06168	0.33254	0.05247	0.06168
GCG	GCT	GT	-1.54070	0.03460	0.01454	1.54070	0.00741	0.01454
GCG	GCC	GC	-0.32727	0.02003	0.01693	0.32727	0.01444	0.01693
GCG	GCA	GA	-1.92837	0.15322	0.05026	1.92837	0.02228	0.05026
GAT	TAT	GT	-0.88931	0.09779	0.06067	0.88931	0.04019	0.06067
GAT	CAT	GC	-1.57588	0.05659	0.02326	1.57588	0.01171	0.02326
GAT	AAT	GA	-1.54460	0.43302	0.18145	1.54460	0.09241	0.18145
GAT	GTT	AT	-0.66273	0.09779	0.06894	0.66273	0.05041	0.06894
GAT	GCT	AC	-0.63708	0.05659	0.04047	0.63708	0.02993	0.04047
GAC	TAC	GT	-0.55806	0.02182	0.01629	0.55806	0.01249	0.01629
GAC	CAC	GC	-2.37823	0.01262	0.00307	2.37823	0.00117	0.00307
GAC	AAC	GA	-2.12380	0.09660	0.02786	2.12380	0.01155	0.02786
GAC	GTC	AT	-0.43101	0.02182	0.01745	0.43101	0.01418	0.01745
GAC	GCC	AC	1.52964	0.01262	0.02465	-1.52964	0.05828	0.02465
GAC	GAT	CT	0.95328	0.04613	0.07156	-0.95328	0.11967	0.07156
GAA	CAA	GC	-0.18651	0.04702	0.04277	0.18651	0.03902	0.04277
GAA	AAA	GA	-1.37722	0.35974	0.16716	1.37722	0.09076	0.16716
GAA	GTA	AT	-1.10985	0.08124	0.04433	1.10985	0.02678	0.04433
GAA	GCA	AC	-0.10028	0.04702	0.04470	0.10028	0.04253	0.04470
GAA	GAT	AT	0.92447	0.08124	0.12450	-0.92447	0.20478	0.12450
GAA	GAC	AC	-0.02882	0.04702	0.04634	0.02882	0.04568	0.04634
GAG	CAG	GC	0.27123	0.01785	0.02038	-0.27123	0.02341	0.02038
GAG	AAG	GA	-2.71124	0.13657	0.02636	2.71124	0.00908	0.02636
GAG	GTG	AT	1.06854	0.03084	0.05020	-1.06854	0.08979	0.05020
GAG	GCG	AC	1.40109	0.01785	0.03318	-1.40109	0.07246	0.03318
GAG	GAT	GT	0.49746	0.03084	0.03915	-0.49746	0.05072	0.03915
GAG	GAC	GC	-0.45582	0.01785	0.01409	0.45582	0.01131	0.01409
GAG	GAA	GA	-0.42701	0.13657	0.10948	0.42701	0.08911	0.10948
GGT	TGT	GT	0.21897	0.03761	0.04188	-0.21897	0.04682	0.04188
GGT	CGT	GC	-0.26037	0.02177	0.01906	0.26037	0.01678	0.01906
GGT	AGT	GA	-1.56992	0.16655	0.06869	1.56992	0.03465	0.06869
GGT	GTT	GT	-1.10279	0.03761	0.02061	1.10279	0.01249	0.02061
GGT	GCT	GC	-1.07713	0.02177	0.01211	1.07713	0.00741	0.01211
GGT	GAT	GA	-0.44005	0.16655	0.13258	0.44005	0.10726	0.13258
GGC	TGC	GT	-0.50622	0.02783	0.02138	0.50622	0.01678	0.02138
GGC	CGC	GC	-0.54241	0.01611	0.01213	0.54241	0.00936	0.01213
GGC	AGC	GA	-2.23389	0.12325	0.03303	2.23389	0.01320	0.03303
GGC	GTC	GT	-2.07019	0.02783	0.00832	2.07019	0.00351	0.00832
GGC	GCC	GC	-0.10955	0.01611	0.01524	0.10955	0.01444	0.01524
GGC	GAC	GA	-1.63919	0.12325	0.04867	1.63919	0.02393	0.04867
GGC	GGT	CT	-0.24585	0.05886	0.05192	0.24585	0.04603	0.05192
GGA	CGA	GC	0.17814	0.00522	0.00570	-0.17814	0.00624	0.00570
GGA	AGA	GA	-1.24141	0.03997	0.02017	1.24141	0.01155	0.02017
GGA	GTA	GT	-0.30819	0.00903	0.00771	0.30819	0.00663	0.00771
GGA	GCA	GC	0.70138	0.00522	0.00727	-0.70138	0.01053	0.00727
GGA	GAA	GA	0.80166	0.03997	0.05811	-0.80166	0.08911	0.05811
GGA	GGT	AT	2.16618	0.00903	0.02209	-2.16618	0.07876	0.02209
GGA	GGC	AC	2.41203	0.00522	0.01384	-2.41203	0.05828	0.01384
GGG	TGG	GT	1.48357	0.00602	0.01155	-1.48357	0.02653	0.01155
GGG	CGG	GC	-1.49584	0.00348	0.00150	1.49584	0.00078	0.00150
GGG	AGG	GA	-2.08871	0.02665	0.00787	2.08871	0.00330	0.00787
GGG	GTG	GT	1.30711	0.00602	0.01078	-1.30711	0.02224	0.01078
GGG	GCG	GC	1.63965	0.00348	0.00709	-1.63965	0.01795	0.00709
GGG	GAG	GA	0.23857	0.02665	0.02995	-0.23857	0.03383	0.02995
GGG	GGT	GT	1.17608	0.00602	0.01024	-1.17608	0.01951	0.01024
GGG	GGC	GC	1.42193	0.00348	0.00653	-1.42193	0.01444	0.00653
GGG	GGA	GA	-0.99010	0.02665	0.01560	0.99010	0.00990	0.01560


Histograms
2Ns	FMut	FSub(CodonUsage)	FSubw(after w)

-3.40217	0.00850	0.00114
-3.06195	0.01433	0.00277
-2.72174	0.03023	0.00748
-2.38152	0.02570	0.00821
-2.04130	0.04566	0.01778
-1.70108	0.13138	0.06503
-1.36087	0.11357	0.06619
-1.02065	0.10395	0.07600
-0.68043	0.11537	0.10214
-0.34022	0.10573	0.10985
0.00000	0.06907	0.08679
0.34022	0.07319	0.10985
0.68043	0.05941	0.10214
1.02065	0.03826	0.07600
1.36087	0.02858	0.06619
1.70108	0.02543	0.06503
2.04130	0.00608	0.01778
2.38152	0.00255	0.00821
2.72174	0.00207	0.00748
3.06195	0.00069	0.00277
3.40217	0.00025	0.00114

Proportion of advantageous (S > 0) mutations:
 0.26983

Proportions of good & bad mutations (|S| > 2.0000) among mutations:
0.00863  0.10327

mean |Ns| = 1.11689	mean Ns+ = 0.79218	mean Ns- = -1.23688


MLEs of dN/dS (w) for site classes (K=2)

p:   0.84640  0.15360
w:   0.08284  1.00000

Naive Empirical Bayes (NEB) probabilities for 2 classes & postmean_w
(amino acids refer to 1st sequence: Musdom_lys1b)

   1 V   0.99998 0.00002 ( 1)  0.083
   2 F   0.98729 0.01271 ( 1)  0.094
   3 T   0.74372 0.25628 ( 1)  0.318
   4 Q   0.99797 0.00203 ( 1)  0.085
   5 I   0.99986 0.00014 ( 1)  0.083
   6 S   0.95997 0.04003 ( 1)  0.120
   7 I   0.99687 0.00313 ( 1)  0.086
   8 I   0.40516 0.59484 ( 2)  0.628
   9 V   0.98033 0.01967 ( 1)  0.101
  10 T   0.99646 0.00354 ( 1)  0.086
  11 L   0.99886 0.00114 ( 1)  0.084
  12 L   0.00561 0.99439 ( 2)  0.995
  13 L   0.79396 0.20604 ( 1)  0.272
  14 L   0.98060 0.01940 ( 1)  0.101
  15 I   0.99948 0.00052 ( 1)  0.083
  16 K   0.99685 0.00315 ( 1)  0.086
  17 E   0.01072 0.98928 ( 2)  0.990
  18 A   0.99991 0.00009 ( 1)  0.083
  19 Q   0.98937 0.01063 ( 1)  0.093
  20 T   0.99438 0.00562 ( 1)  0.088
  21 R   0.98680 0.01320 ( 1)  0.095
  22 R   0.99998 0.00002 ( 1)  0.083
  23 L   0.99992 0.00008 ( 1)  0.083
  24 Q   0.99893 0.00107 ( 1)  0.084
  25 P   0.99903 0.00097 ( 1)  0.084
  26 C   0.99972 0.00028 ( 1)  0.083
  27 E   0.99989 0.00011 ( 1)  0.083
  28 F   0.99774 0.00226 ( 1)  0.085
  29 A   0.99995 0.00005 ( 1)  0.083
  30 G   0.99998 0.00002 ( 1)  0.083
  31 Q   0.99918 0.00082 ( 1)  0.084
  32 L   0.99853 0.00147 ( 1)  0.084
  33 Y   0.99996 0.00004 ( 1)  0.083
  34 I   0.99980 0.00020 ( 1)  0.083
  35 L   0.99932 0.00068 ( 1)  0.083
  36 D   0.99999 0.00001 ( 1)  0.083
  37 V   0.99846 0.00154 ( 1)  0.084
  38 P   0.99568 0.00432 ( 1)  0.087
  39 K   0.99997 0.00003 ( 1)  0.083
  40 E   0.00326 0.99674 ( 2)  0.997
  41 E   0.98411 0.01589 ( 1)  0.097
  42 L   0.99325 0.00675 ( 1)  0.089
  43 P   1.00000 0.00000 ( 1)  0.083
  44 L   0.99024 0.00976 ( 1)  0.092
  45 W   0.99691 0.00309 ( 1)  0.086
  46 L   0.99402 0.00598 ( 1)  0.088
  47 C   0.99970 0.00030 ( 1)  0.083
  48 I   0.99976 0.00024 ( 1)  0.083
  49 V   0.99876 0.00124 ( 1)  0.084
  50 Q   0.97185 0.02815 ( 1)  0.109
  51 Y   0.99922 0.00078 ( 1)  0.084
  52 E   0.99991 0.00009 ( 1)  0.083
  53 S   1.00000 0.00000 ( 1)  0.083
  54 R   0.99985 0.00015 ( 1)  0.083
  55 F   0.19257 0.80743 ( 2)  0.823
  56 N   0.99996 0.00004 ( 1)  0.083
  57 T   0.99998 0.00002 ( 1)  0.083
  58 H   0.99883 0.00117 ( 1)  0.084
  59 V   0.30636 0.69364 ( 2)  0.719
  60 I   0.99986 0.00014 ( 1)  0.083
  61 G   0.99990 0.00010 ( 1)  0.083
  62 S   0.78600 0.21400 ( 1)  0.279
  63 R   0.99990 0.00010 ( 1)  0.083
  64 N   1.00000 0.00000 ( 1)  0.083
  65 T   0.82973 0.17027 ( 1)  0.239
  66 D   0.99992 0.00008 ( 1)  0.083
  67 G   0.99996 0.00004 ( 1)  0.083
  68 S   0.99998 0.00002 ( 1)  0.083
  69 L   0.00166 0.99834 ( 2)  0.998
  70 D   0.99995 0.00005 ( 1)  0.083
  71 Y   0.99996 0.00004 ( 1)  0.083
  72 G   0.99981 0.00019 ( 1)  0.083
  73 I   0.99984 0.00016 ( 1)  0.083
  74 F   0.99985 0.00015 ( 1)  0.083
  75 Q   0.99908 0.00092 ( 1)  0.084
  76 I   0.99976 0.00024 ( 1)  0.083
  77 S   1.00000 0.00000 ( 1)  0.083
  78 D   0.99993 0.00007 ( 1)  0.083
  79 K   0.99967 0.00033 ( 1)  0.083
  80 Y   0.97874 0.02126 ( 1)  0.102
  81 W   0.99691 0.00309 ( 1)  0.086
  82 C   0.99971 0.00029 ( 1)  0.083
  83 K   0.92193 0.07807 ( 1)  0.154
  84 P   0.99761 0.00239 ( 1)  0.085
  85 P   0.35559 0.64441 ( 2)  0.674
  86 K   0.99989 0.00011 ( 1)  0.083
  87 E   0.99961 0.00039 ( 1)  0.083
  88 P   0.99996 0.00004 ( 1)  0.083
  89 Q   0.00000 1.00000 ( 2)  1.000
  90 -   0.29209 0.70791 ( 2)  0.732
  91 -   0.01774 0.98226 ( 2)  0.984
  92 F   0.99561 0.00439 ( 1)  0.087
  93 H   0.86102 0.13898 ( 1)  0.210
  94 Y   0.97619 0.02381 ( 1)  0.105
  95 H   0.81500 0.18500 ( 1)  0.253
  96 N   0.99999 0.00001 ( 1)  0.083
  97 E   0.99993 0.00007 ( 1)  0.083
  98 C   0.99974 0.00026 ( 1)  0.083
  99 N   0.99999 0.00001 ( 1)  0.083
 100 V   0.19152 0.80848 ( 2)  0.824
 101 D   0.99814 0.00186 ( 1)  0.085
 102 C   0.99971 0.00029 ( 1)  0.083
 103 M   0.00604 0.99396 ( 2)  0.994
 104 D   0.24989 0.75011 ( 2)  0.771
 105 L   0.99965 0.00035 ( 1)  0.083
 106 M   0.99915 0.00085 ( 1)  0.084
 107 Q   0.98674 0.01326 ( 1)  0.095
 108 D   0.99994 0.00006 ( 1)  0.083
 109 D   0.99992 0.00008 ( 1)  0.083
 110 I   0.99980 0.00020 ( 1)  0.083
 111 T   1.00000 0.00000 ( 1)  0.083
 112 A   0.43635 0.56365 ( 2)  0.600
 113 A   0.99994 0.00006 ( 1)  0.083
 114 V   0.99999 0.00001 ( 1)  0.083
 115 K   1.00000 0.00000 ( 1)  0.083
 116 C   0.99971 0.00029 ( 1)  0.083
 117 A   0.99990 0.00010 ( 1)  0.083
 118 K   0.53887 0.46113 ( 1)  0.506
 119 M   0.11899 0.88101 ( 2)  0.891
 120 I   0.99985 0.00015 ( 1)  0.083
 121 R   0.00026 0.99974 ( 2)  1.000
 122 K   0.99997 0.00003 ( 1)  0.083
 123 Q   0.98638 0.01362 ( 1)  0.095
 124 Q   0.99781 0.00219 ( 1)  0.085
 125 G   0.99993 0.00007 ( 1)  0.083
 126 W   0.99691 0.00309 ( 1)  0.086
 127 S   0.98754 0.01246 ( 1)  0.094
 128 A   0.99992 0.00008 ( 1)  0.083
 129 W   0.99691 0.00309 ( 1)  0.086
 130 S   0.99632 0.00368 ( 1)  0.086
 131 V   0.99998 0.00002 ( 1)  0.083
 132 Y   0.99996 0.00004 ( 1)  0.083
 133 G   0.99944 0.00056 ( 1)  0.083
 134 E   0.86866 0.13134 ( 1)  0.203
 135 F   0.99862 0.00138 ( 1)  0.084
 136 C   0.99976 0.00024 ( 1)  0.083
 137 N   0.99999 0.00001 ( 1)  0.083
 138 S   0.32998 0.67002 ( 2)  0.697
 139 T   0.99991 0.00009 ( 1)  0.083
 140 N   0.13130 0.86870 ( 2)  0.880
 141 T   0.01907 0.98093 ( 2)  0.983
 142 V   0.93671 0.06329 ( 1)  0.141
 143 Y   0.00326 0.99674 ( 2)  0.997
 144 Q   0.00000 1.00000 ( 2)  1.000
 145 D   0.99993 0.00007 ( 1)  0.083
 146 I   0.99984 0.00016 ( 1)  0.083
 147 E   0.97175 0.02825 ( 1)  0.109
 148 E   0.00001 0.99999 ( 2)  1.000
 149 C   0.99970 0.00030 ( 1)  0.083
 150 F   0.99985 0.00015 ( 1)  0.083
 151 G   0.00136 0.99864 ( 2)  0.999


lnL = -2870.788335


NSsites Model 2: PositiveSelection
I	J	ij	2Ns_IJ	pMut_IJ	pSub_IJ	2Ns_JI	pMut_JI	pSub_JI

TTC	TTT	CT	1.20035	0.03659	0.06284	-1.20035	0.12152	0.06284
TTA	TTT	AT	1.44748	0.04890	0.09254	-1.44748	0.20793	0.09254
TTA	TTC	AC	0.24713	0.02830	0.03194	-0.24713	0.03623	0.03194
TTG	TTT	GT	0.05191	0.04890	0.05018	-0.05191	0.05150	0.05018
TTG	TTC	GC	-1.14844	0.02830	0.01509	1.14844	0.00897	0.01509
TTG	TTA	GA	-1.39557	0.21651	0.09948	1.39557	0.05363	0.09948
TCT	TTT	CT	1.50263	0.02704	0.05227	-1.50263	0.12152	0.05227
TCC	TTC	CT	-0.35590	0.03022	0.02516	0.35590	0.02117	0.02516
TCC	TCT	CT	-0.65818	0.03022	0.02136	0.65818	0.01565	0.02136
TCA	TTA	CT	0.04391	0.05727	0.05853	-0.04391	0.05984	0.05853
TCA	TCT	AT	-0.01124	0.02708	0.02693	0.01124	0.02678	0.02693
TCA	TCC	AC	0.64694	0.01567	0.02128	-0.64694	0.02993	0.02128
TCG	TTG	CT	-0.20121	0.07317	0.06606	0.20121	0.05984	0.06606
TCG	TCT	GT	-1.65193	0.03460	0.01356	1.65193	0.00663	0.01356
TCG	TCC	GC	-0.99375	0.02003	0.01170	0.99375	0.00741	0.01170
TCG	TCA	GA	-1.64069	0.15322	0.06045	1.64069	0.02970	0.06045
TAT	TTT	AT	0.98714	0.07748	0.12192	-0.98714	0.20793	0.12192
TAT	TCT	AC	-0.51550	0.04484	0.03427	0.51550	0.02678	0.03427
TAC	TTC	AT	0.40882	0.02407	0.02933	-0.40882	0.03623	0.02933
TAC	TCC	AC	0.76472	0.01393	0.01993	-0.76472	0.02993	0.01993
TAC	TAT	CT	0.62204	0.05090	0.06837	-0.62204	0.09482	0.06837
TGT	TTT	GT	-0.56119	0.09027	0.06730	0.56119	0.05150	0.06730
TGT	TCT	GC	-2.06383	0.05224	0.01568	2.06383	0.00663	0.01568
TGT	TAT	GA	-1.54833	0.39971	0.16710	1.54833	0.08498	0.16710
TGC	TTC	GT	-1.28221	0.03235	0.01592	1.28221	0.00897	0.01592
TGC	TCC	GC	-0.92631	0.01872	0.01137	0.92631	0.00741	0.01137
TGC	TAC	GA	-1.69103	0.14323	0.05474	1.69103	0.02640	0.05474
TGC	TGT	CT	0.47934	0.06840	0.08610	-0.47934	0.11047	0.08610
TGG	TTG	GT	-0.70162	0.05115	0.03529	0.70162	0.02536	0.03529
TGG	TCG	GC	-0.50041	0.02960	0.02281	0.50041	0.01795	0.02281
TGG	TGT	GT	-0.08852	0.05115	0.04892	0.08852	0.04682	0.04892
TGG	TGC	GC	-0.56785	0.02960	0.02199	0.56785	0.01678	0.02199
CTT	TTT	CT	1.15779	0.03818	0.06445	-1.15779	0.12152	0.06445
CTC	TTC	CT	0.79678	0.00954	0.01385	-0.79678	0.02117	0.01385
CTC	CTT	CT	0.83934	0.00954	0.01410	-0.83934	0.02209	0.01410
CTA	TTA	CT	0.63170	0.03181	0.04291	-0.63170	0.05984	0.04291
CTA	CTT	AT	0.92139	0.01505	0.02303	-0.92139	0.03780	0.02303
CTA	CTC	AC	0.08205	0.00871	0.00907	-0.08205	0.00945	0.00907
CTG	TTG	CT	-0.34286	0.08431	0.07068	0.34286	0.05984	0.07068
CTG	CTT	GT	-1.44874	0.03987	0.01773	1.44874	0.00936	0.01773
CTG	CTC	GC	-2.28808	0.02307	0.00596	2.28808	0.00234	0.00596
CTG	CTA	GA	-2.37012	0.17654	0.04314	2.37012	0.01650	0.04314
CCT	TCT	CT	1.18765	0.00477	0.00815	-1.18765	0.01565	0.00815
CCT	CTT	CT	1.53249	0.00477	0.00933	-1.53249	0.02209	0.00933
CCC	TCC	CT	-0.43573	0.02704	0.02158	0.43573	0.01749	0.02158
CCC	CTC	CT	-1.58841	0.02704	0.01103	1.58841	0.00552	0.01103
CCC	CCT	CT	-2.28156	0.02704	0.00702	2.28156	0.00276	0.00702
CCA	TCA	CT	-0.36463	0.04772	0.03955	0.36463	0.03314	0.03955
CCA	CTA	CT	-0.95242	0.04772	0.02855	0.95242	0.01841	0.02855
CCA	CCT	AT	-1.56352	0.02257	0.00935	1.56352	0.00473	0.00935
CCA	CCC	AC	0.71803	0.01306	0.01831	-0.71803	0.02678	0.01831
CCG	TCG	CT	0.50910	0.02545	0.03248	-0.50910	0.04235	0.03248
CCG	CTG	CT	0.65075	0.02545	0.03462	-0.65075	0.04879	0.03462
CCG	CCT	GT	-2.33048	0.01204	0.00302	2.33048	0.00117	0.00302
CCG	CCC	GC	-0.04892	0.00697	0.00680	0.04892	0.00663	0.00680
CCG	CCA	GA	-0.76696	0.05330	0.03544	0.76696	0.02475	0.03544
CAT	TAT	CT	0.68658	0.04772	0.06596	-0.68658	0.09482	0.06596
CAT	CTT	AT	0.51592	0.02257	0.02889	-0.51592	0.03780	0.02889
CAT	CCT	AC	-1.01657	0.01306	0.00753	1.01657	0.00473	0.00753
CAC	TAC	CT	1.82017	0.00477	0.01037	-1.82017	0.02946	0.01037
CAC	CTC	AT	1.43221	0.00226	0.00425	-1.43221	0.00945	0.00425
CAC	CCC	AC	3.02062	0.00131	0.00415	-3.02062	0.02678	0.00415
CAC	CAT	CT	1.75563	0.00477	0.01013	-1.75563	0.02762	0.01013
CAA	CTA	AT	-0.87037	0.07523	0.04718	0.87037	0.03150	0.04718
CAA	CCA	AC	0.08205	0.04353	0.04534	-0.08205	0.04726	0.04534
CAA	CAT	AT	-0.46491	0.07523	0.05909	0.46491	0.04726	0.05909
CAA	CAC	AC	-2.22054	0.04353	0.01177	2.22054	0.00473	0.01177
CAG	CTG	AT	0.61501	0.04514	0.06043	-0.61501	0.08349	0.06043
CAG	CCG	AC	-0.03574	0.02612	0.02566	0.03574	0.02520	0.02566
CAG	CAT	GT	-1.34965	0.04514	0.02133	1.34965	0.01171	0.02133
CAG	CAC	GC	-3.10528	0.02612	0.00381	3.10528	0.00117	0.00381
CAG	CAA	GA	-0.88474	0.19986	0.12432	0.88474	0.08251	0.12432
CGT	TGT	CT	0.47934	0.06840	0.08610	-0.47934	0.11047	0.08610
CGT	CTT	GT	-1.23965	0.03235	0.01634	1.23965	0.00936	0.01634
CGT	CCT	GC	-2.77213	0.01872	0.00346	2.77213	0.00117	0.00346
CGT	CAT	GA	-1.75557	0.14323	0.05253	1.75557	0.02475	0.05253
CGC	TGC	CT	0.03619	0.03818	0.03887	-0.03619	0.03958	0.03887
CGC	CTC	GT	-2.04280	0.01805	0.00549	2.04280	0.00234	0.00549
CGC	CCC	GC	-0.45439	0.01045	0.00825	0.45439	0.00663	0.00825
CGC	CAC	GA	-3.47501	0.07994	0.00888	3.47501	0.00248	0.00888
CGC	CGT	CT	0.03619	0.03818	0.03887	-0.03619	0.03958	0.03887
CGA	CTA	GT	-0.43336	0.01204	0.00962	0.43336	0.00780	0.00962
CGA	CCA	GC	0.51906	0.00697	0.00893	-0.51906	0.01171	0.00893
CGA	CAA	GA	0.43702	0.05330	0.06579	-0.43702	0.08251	0.06579
CGA	CGT	AT	1.72768	0.01204	0.02529	-1.72768	0.06773	0.02529
CGA	CGC	AC	1.69148	0.00697	0.01444	-1.69148	0.03780	0.01444
CGG	TGG	CT	2.97941	0.00318	0.00999	-2.97941	0.06260	0.00999
CGG	CTG	GT	2.62064	0.00150	0.00425	-2.62064	0.02068	0.00425
CGG	CCG	GC	1.96989	0.00087	0.00199	-1.96989	0.00624	0.00199
CGG	CAG	GA	2.00563	0.00666	0.01544	-2.00563	0.04950	0.01544
CGG	CGT	GT	2.41155	0.00150	0.00399	-2.41155	0.01678	0.00399
CGG	CGC	GC	2.37536	0.00087	0.00228	-2.37536	0.00936	0.00228
CGG	CGA	GA	0.68388	0.00666	0.00920	-0.68388	0.01320	0.00920
ATT	TTT	AT	1.02675	0.07447	0.11914	-1.02675	0.20793	0.11914
ATT	CTT	AC	-0.13105	0.04310	0.04034	0.13105	0.03780	0.04034
ATC	TTC	AT	1.30961	0.00978	0.01754	-1.30961	0.03623	0.01754
ATC	CTC	AC	0.51283	0.00566	0.00723	-0.51283	0.00945	0.00723
ATC	ATT	CT	1.48322	0.02068	0.03967	-1.48322	0.09114	0.03967
ATA	TTA	AT	0.22210	0.08200	0.09144	-0.22210	0.10239	0.09144
ATA	CTA	AC	-0.40960	0.04745	0.03840	0.40960	0.03150	0.03840
ATA	ATT	AT	0.64284	0.08200	0.11116	-0.64284	0.15595	0.11116
ATA	ATC	AC	-0.84038	0.04745	0.03027	0.84038	0.02048	0.03027
ATG	TTG	AT	1.51225	0.02257	0.04378	-1.51225	0.10239	0.04378
ATG	CTG	AC	1.85511	0.01306	0.02872	-1.85511	0.08349	0.02872
ATG	ATT	GT	0.53742	0.02257	0.02917	-0.53742	0.03863	0.02917
ATG	ATC	GC	-0.94579	0.01306	0.00784	0.94579	0.00507	0.00784
ATG	ATA	GA	-0.10541	0.09993	0.09475	0.10541	0.08993	0.09475
ACT	TCT	AT	1.49284	0.00602	0.01159	-1.49284	0.02678	0.01159
ACT	CCT	AC	0.30519	0.00348	0.00404	-0.30519	0.00473	0.00404
ACT	ATT	CT	1.96872	0.01273	0.02912	-1.96872	0.09114	0.02912
ACC	TCC	AT	0.63898	0.01580	0.02138	-0.63898	0.02993	0.02138
ACC	CCC	AC	1.07471	0.00914	0.01492	-1.07471	0.02678	0.01492
ACC	ATC	CT	-1.02653	0.03341	0.01914	1.02653	0.01197	0.01914
ACC	ACT	CT	-1.51203	0.03341	0.01428	1.51203	0.00736	0.01428
ACA	TCA	AT	1.43221	0.01354	0.02548	-1.43221	0.05671	0.02548
ACA	CCA	AC	1.79684	0.00784	0.01688	-1.79684	0.04726	0.01688
ACA	ATA	CT	1.25402	0.02863	0.05024	-1.25402	0.10034	0.05024
ACA	ACT	AT	-0.07187	0.01354	0.01306	0.07187	0.01260	0.01306
ACA	ACC	AC	1.44017	0.00784	0.01479	-1.44017	0.03308	0.01479
ACG	TCG	AT	0.36301	0.05040	0.06010	-0.36301	0.07246	0.06010
ACG	CCG	AC	-0.14609	0.02917	0.02709	0.14609	0.02520	0.02709
ACG	ATG	CT	-1.35045	0.10658	0.05034	1.35045	0.02762	0.05034
ACG	ACT	GT	-2.78175	0.05040	0.00926	2.78175	0.00312	0.00926
ACG	ACC	GC	-1.26972	0.02917	0.01447	1.26972	0.00819	0.01447
ACG	ACA	GA	-2.70989	0.22317	0.04311	2.70989	0.01485	0.04311
AAT	TAT	AT	0.65529	0.08425	0.11485	-0.65529	0.16225	0.11485
AAT	CAT	AC	-0.03128	0.04876	0.04800	0.03128	0.04726	0.04800
AAT	ATT	AT	0.61569	0.08425	0.11283	-0.61569	0.15595	0.11283
AAT	ACT	AC	-1.35304	0.04876	0.02299	1.35304	0.01260	0.02299
AAC	TAC	AT	1.56574	0.01053	0.02084	-1.56574	0.05041	0.02084
AAC	CAC	AC	-0.25443	0.00609	0.00535	0.25443	0.00473	0.00535
AAC	ATC	AT	0.66496	0.01053	0.01442	-0.66496	0.02048	0.01442
AAC	ACC	AC	1.69148	0.00609	0.01264	-1.69148	0.03308	0.01264
AAC	AAT	CT	1.53249	0.02227	0.04353	-1.53249	0.10310	0.04353
AAA	CAA	AC	1.19071	0.04789	0.08193	-1.19071	0.15752	0.08193
AAA	ATA	AT	0.72993	0.08275	0.11659	-0.72993	0.17170	0.11659
AAA	ACA	AC	-0.52409	0.04789	0.03643	0.52409	0.02835	0.03643
AAA	AAT	AT	0.75708	0.08275	0.11799	-0.75708	0.17642	0.11799
AAA	AAC	AC	-0.77540	0.04789	0.03170	0.77540	0.02205	0.03170
AAG	CAG	AC	2.98247	0.00479	0.01504	-2.98247	0.09451	0.01504
AAG	ATG	AT	1.74237	0.00827	0.01748	-1.74237	0.04726	0.01748
AAG	ACG	AC	3.09282	0.00479	0.01551	-3.09282	0.10554	0.01551
AAG	AAT	GT	1.66410	0.00827	0.01699	-1.66410	0.04370	0.01699
AAG	AAC	GC	0.13162	0.00479	0.00511	-0.13162	0.00546	0.00511
AAG	AAA	GA	0.90702	0.03664	0.05574	-0.90702	0.09076	0.05574
AGT	TGT	AT	1.78889	0.03159	0.06786	-1.78889	0.18902	0.06786
AGT	CGT	AC	1.30955	0.01828	0.03280	-1.30955	0.06773	0.03280
AGT	ATT	GT	0.20095	0.03159	0.03488	-0.20095	0.03863	0.03488
AGT	ACT	GC	-1.76778	0.01828	0.00665	1.76778	0.00312	0.00665
AGT	AAT	GA	-0.41474	0.13990	0.11289	0.41474	0.09241	0.11289
AGC	TGC	AT	1.72768	0.01204	0.02529	-1.72768	0.06773	0.02529
AGC	CGC	AC	1.69148	0.00697	0.01444	-1.69148	0.03780	0.01444
AGC	ATC	GT	-0.86414	0.01204	0.00758	0.86414	0.00507	0.00758
AGC	ACC	GC	0.16239	0.00697	0.00755	-0.16239	0.00819	0.00755
AGC	AAC	GA	-1.52910	0.05330	0.02255	1.52910	0.01155	0.02255
AGC	AGT	CT	0.41813	0.02545	0.03114	-0.41813	0.03866	0.03114
AGA	CGA	AC	1.41955	0.00609	0.01141	-1.41955	0.02520	0.01141
AGA	ATA	GT	1.39579	0.01053	0.01954	-1.39579	0.04253	0.01954
AGA	ACA	GC	0.14177	0.00609	0.00654	-0.14177	0.00702	0.00654
AGA	AAA	GA	0.66586	0.04663	0.06387	-0.66586	0.09076	0.06387
AGA	AGT	AT	1.83768	0.01053	0.02302	-1.83768	0.06616	0.02302
AGA	AGC	AC	1.41955	0.00609	0.01141	-1.41955	0.02520	0.01141
AGG	TGG	AT	3.57228	0.00301	0.01106	-3.57228	0.10711	0.01106
AGG	CGG	AC	0.59287	0.00174	0.00231	-0.59287	0.00315	0.00231
AGG	ATG	GT	1.35840	0.00301	0.00550	-1.35840	0.01171	0.00550
AGG	ACG	GC	2.70885	0.00174	0.00505	-2.70885	0.02614	0.00505
AGG	AAG	GA	-0.38396	0.01332	0.01093	0.38396	0.00908	0.01093
AGG	AGT	GT	1.69487	0.00301	0.00625	-1.69487	0.01639	0.00625
AGG	AGC	GC	1.27675	0.00174	0.00308	-1.27675	0.00624	0.00308
AGG	AGA	GA	-0.14280	0.01332	0.01240	0.14280	0.01155	0.01240
GTT	TTT	GT	0.76057	0.02407	0.03438	-0.76057	0.05150	0.03438
GTT	CTT	GC	-0.39723	0.01393	0.01135	0.39723	0.00936	0.01135
GTT	ATT	GA	-0.26618	0.10659	0.09303	0.26618	0.08168	0.09303
GTC	TTC	GT	0.28177	0.00677	0.00777	-0.28177	0.00897	0.00777
GTC	CTC	GC	-0.51501	0.00392	0.00300	0.51501	0.00234	0.00300
GTC	ATC	GA	-1.02784	0.02998	0.01717	1.02784	0.01073	0.01717
GTC	GTT	CT	0.72156	0.01432	0.02010	-0.72156	0.02946	0.02010
GTA	TTA	GT	0.68467	0.01279	0.01766	-0.68467	0.02536	0.01766
GTA	CTA	GC	0.05297	0.00740	0.00760	-0.05297	0.00780	0.00760
GTA	ATA	GA	0.46257	0.05663	0.07073	-0.46257	0.08993	0.07073
GTA	GTT	AT	1.37159	0.01279	0.02350	-1.37159	0.05041	0.02350
GTA	GTC	AC	0.65003	0.00740	0.01006	-0.65003	0.01418	0.01006
GTG	TTG	GT	-0.52516	0.04288	0.03260	0.52516	0.02536	0.03260
GTG	CTG	GC	-0.18231	0.02481	0.02262	0.18231	0.02068	0.02262
GTG	ATG	GA	-2.03742	0.18986	0.05799	2.03742	0.02475	0.05799
GTG	GTT	GT	-1.23382	0.04288	0.02173	1.23382	0.01249	0.02173
GTG	GTC	GC	-1.95537	0.02481	0.00800	1.95537	0.00351	0.00800
GTG	GTA	GA	-2.60540	0.18986	0.03946	2.60540	0.01403	0.03946
GCT	TCT	GT	-0.76773	0.01429	0.00950	0.76773	0.00663	0.00950
GCT	CCT	GC	-1.95537	0.00827	0.00267	1.95537	0.00117	0.00267
GCT	ACT	GA	-2.26056	0.06329	0.01666	2.26056	0.00660	0.01666
GCT	GTT	CT	-0.02566	0.03022	0.02984	0.02566	0.02946	0.02984
GCC	TCC	GT	-1.32298	0.02783	0.01337	1.32298	0.00741	0.01337
GCC	CCC	GC	-0.88725	0.01611	0.01000	0.88725	0.00663	0.01000
GCC	ACC	GA	-1.96196	0.12325	0.03955	1.96196	0.01733	0.03955
GCC	GTC	CT	-1.96065	0.05886	0.01891	1.96065	0.00829	0.01891
GCC	GCT	CT	-1.21343	0.05886	0.03020	1.21343	0.01749	0.03020
GCA	TCA	GT	-0.36882	0.02031	0.01680	0.36882	0.01405	0.01680
GCA	CCA	GC	-0.00419	0.01175	0.01173	0.00419	0.01171	0.01173
GCA	ACA	GA	-1.80103	0.08994	0.03204	1.80103	0.01485	0.03204
GCA	GTA	CT	-1.00958	0.04295	0.02486	1.00958	0.01565	0.02486
GCA	GCT	AT	0.38767	0.02031	0.02450	-0.38767	0.02993	0.02450
GCA	GCC	AC	1.60110	0.01175	0.02357	-1.60110	0.05828	0.02357
GCG	TCG	GT	-0.65650	0.03460	0.02448	0.65650	0.01795	0.02448
GCG	CCG	GC	-1.16560	0.02003	0.01057	1.16560	0.00624	0.01057
GCG	ACG	GA	-1.01951	0.15322	0.08816	1.01951	0.05528	0.08816
GCG	GTG	CT	-0.33254	0.07317	0.06168	0.33254	0.05247	0.06168
GCG	GCT	GT	-1.54070	0.03460	0.01454	1.54070	0.00741	0.01454
GCG	GCC	GC	-0.32727	0.02003	0.01693	0.32727	0.01444	0.01693
GCG	GCA	GA	-1.92837	0.15322	0.05026	1.92837	0.02228	0.05026
GAT	TAT	GT	-0.88931	0.09779	0.06067	0.88931	0.04019	0.06067
GAT	CAT	GC	-1.57588	0.05659	0.02326	1.57588	0.01171	0.02326
GAT	AAT	GA	-1.54460	0.43302	0.18145	1.54460	0.09241	0.18145
GAT	GTT	AT	-0.66273	0.09779	0.06894	0.66273	0.05041	0.06894
GAT	GCT	AC	-0.63708	0.05659	0.04047	0.63708	0.02993	0.04047
GAC	TAC	GT	-0.55806	0.02182	0.01629	0.55806	0.01249	0.01629
GAC	CAC	GC	-2.37823	0.01262	0.00307	2.37823	0.00117	0.00307
GAC	AAC	GA	-2.12380	0.09660	0.02786	2.12380	0.01155	0.02786
GAC	GTC	AT	-0.43101	0.02182	0.01745	0.43101	0.01418	0.01745
GAC	GCC	AC	1.52964	0.01262	0.02465	-1.52964	0.05828	0.02465
GAC	GAT	CT	0.95328	0.04613	0.07156	-0.95328	0.11967	0.07156
GAA	CAA	GC	-0.18651	0.04702	0.04277	0.18651	0.03902	0.04277
GAA	AAA	GA	-1.37722	0.35974	0.16716	1.37722	0.09076	0.16716
GAA	GTA	AT	-1.10985	0.08124	0.04433	1.10985	0.02678	0.04433
GAA	GCA	AC	-0.10028	0.04702	0.04470	0.10028	0.04253	0.04470
GAA	GAT	AT	0.92447	0.08124	0.12450	-0.92447	0.20478	0.12450
GAA	GAC	AC	-0.02882	0.04702	0.04634	0.02882	0.04568	0.04634
GAG	CAG	GC	0.27123	0.01785	0.02038	-0.27123	0.02341	0.02038
GAG	AAG	GA	-2.71124	0.13657	0.02636	2.71124	0.00908	0.02636
GAG	GTG	AT	1.06854	0.03084	0.05020	-1.06854	0.08979	0.05020
GAG	GCG	AC	1.40109	0.01785	0.03318	-1.40109	0.07246	0.03318
GAG	GAT	GT	0.49746	0.03084	0.03915	-0.49746	0.05072	0.03915
GAG	GAC	GC	-0.45582	0.01785	0.01409	0.45582	0.01131	0.01409
GAG	GAA	GA	-0.42701	0.13657	0.10948	0.42701	0.08911	0.10948
GGT	TGT	GT	0.21897	0.03761	0.04188	-0.21897	0.04682	0.04188
GGT	CGT	GC	-0.26037	0.02177	0.01906	0.26037	0.01678	0.01906
GGT	AGT	GA	-1.56992	0.16655	0.06869	1.56992	0.03465	0.06869
GGT	GTT	GT	-1.10279	0.03761	0.02061	1.10279	0.01249	0.02061
GGT	GCT	GC	-1.07713	0.02177	0.01211	1.07713	0.00741	0.01211
GGT	GAT	GA	-0.44005	0.16655	0.13258	0.44005	0.10726	0.13258
GGC	TGC	GT	-0.50622	0.02783	0.02138	0.50622	0.01678	0.02138
GGC	CGC	GC	-0.54241	0.01611	0.01213	0.54241	0.00936	0.01213
GGC	AGC	GA	-2.23389	0.12325	0.03303	2.23389	0.01320	0.03303
GGC	GTC	GT	-2.07019	0.02783	0.00832	2.07019	0.00351	0.00832
GGC	GCC	GC	-0.10955	0.01611	0.01524	0.10955	0.01444	0.01524
GGC	GAC	GA	-1.63919	0.12325	0.04867	1.63919	0.02393	0.04867
GGC	GGT	CT	-0.24585	0.05886	0.05192	0.24585	0.04603	0.05192
GGA	CGA	GC	0.17814	0.00522	0.00570	-0.17814	0.00624	0.00570
GGA	AGA	GA	-1.24141	0.03997	0.02017	1.24141	0.01155	0.02017
GGA	GTA	GT	-0.30819	0.00903	0.00771	0.30819	0.00663	0.00771
GGA	GCA	GC	0.70138	0.00522	0.00727	-0.70138	0.01053	0.00727
GGA	GAA	GA	0.80166	0.03997	0.05811	-0.80166	0.08911	0.05811
GGA	GGT	AT	2.16618	0.00903	0.02209	-2.16618	0.07876	0.02209
GGA	GGC	AC	2.41203	0.00522	0.01384	-2.41203	0.05828	0.01384
GGG	TGG	GT	1.48357	0.00602	0.01155	-1.48357	0.02653	0.01155
GGG	CGG	GC	-1.49584	0.00348	0.00150	1.49584	0.00078	0.00150
GGG	AGG	GA	-2.08871	0.02665	0.00787	2.08871	0.00330	0.00787
GGG	GTG	GT	1.30711	0.00602	0.01078	-1.30711	0.02224	0.01078
GGG	GCG	GC	1.63965	0.00348	0.00709	-1.63965	0.01795	0.00709
GGG	GAG	GA	0.23857	0.02665	0.02995	-0.23857	0.03383	0.02995
GGG	GGT	GT	1.17608	0.00602	0.01024	-1.17608	0.01951	0.01024
GGG	GGC	GC	1.42193	0.00348	0.00653	-1.42193	0.01444	0.00653
GGG	GGA	GA	-0.99010	0.02665	0.01560	0.99010	0.00990	0.01560


Histograms
2Ns	FMut	FSub(CodonUsage)	FSubw(after w)

-3.40217	0.00850	0.00114
-3.06195	0.01433	0.00277
-2.72174	0.03023	0.00748
-2.38152	0.02570	0.00821
-2.04130	0.04566	0.01778
-1.70108	0.13138	0.06503
-1.36087	0.11357	0.06619
-1.02065	0.10395	0.07600
-0.68043	0.11537	0.10214
-0.34022	0.10573	0.10985
0.00000	0.06907	0.08679
0.34022	0.07319	0.10985
0.68043	0.05941	0.10214
1.02065	0.03826	0.07600
1.36087	0.02858	0.06619
1.70108	0.02543	0.06503
2.04130	0.00608	0.01778
2.38152	0.00255	0.00821
2.72174	0.00207	0.00748
3.06195	0.00069	0.00277
3.40217	0.00025	0.00114

Proportion of advantageous (S > 0) mutations:
 0.26983

Proportions of good & bad mutations (|S| > 2.0000) among mutations:
0.00863  0.10327

mean |Ns| = 1.11689	mean Ns+ = 0.79218	mean Ns- = -1.23688


MLEs of dN/dS (w) for site classes (K=3)

p:   0.84640  0.11862  0.03499
w:   0.08284  1.00000  1.00000

Naive Empirical Bayes (NEB) probabilities for 3 classes & postmean_w
(amino acids refer to 1st sequence: Musdom_lys1b)

   1 V   0.99998 0.00001 0.00000 ( 1)  0.083
   2 F   0.98729 0.00981 0.00289 ( 1)  0.094
   3 T   0.74372 0.19790 0.05837 ( 1)  0.318
   4 Q   0.99797 0.00157 0.00046 ( 1)  0.085
   5 I   0.99986 0.00011 0.00003 ( 1)  0.083
   6 S   0.95997 0.03091 0.00912 ( 1)  0.120
   7 I   0.99687 0.00242 0.00071 ( 1)  0.086
   8 I   0.40516 0.45935 0.13549 ( 2)  0.628
   9 V   0.98033 0.01519 0.00448 ( 1)  0.101
  10 T   0.99646 0.00273 0.00081 ( 1)  0.086
  11 L   0.99886 0.00088 0.00026 ( 1)  0.084
  12 L   0.00561 0.76789 0.22650 ( 2)  0.995
  13 L   0.79396 0.15911 0.04693 ( 1)  0.272
  14 L   0.98060 0.01498 0.00442 ( 1)  0.101
  15 I   0.99948 0.00040 0.00012 ( 1)  0.083
  16 K   0.99685 0.00243 0.00072 ( 1)  0.086
  17 E   0.01072 0.76394 0.22534 ( 2)  0.990
  18 A   0.99991 0.00007 0.00002 ( 1)  0.083
  19 Q   0.98937 0.00821 0.00242 ( 1)  0.093
  20 T   0.99438 0.00434 0.00128 ( 1)  0.088
  21 R   0.98680 0.01020 0.00301 ( 1)  0.095
  22 R   0.99998 0.00002 0.00001 ( 1)  0.083
  23 L   0.99992 0.00006 0.00002 ( 1)  0.083
  24 Q   0.99893 0.00083 0.00024 ( 1)  0.084
  25 P   0.99903 0.00075 0.00022 ( 1)  0.084
  26 C   0.99972 0.00021 0.00006 ( 1)  0.083
  27 E   0.99989 0.00008 0.00002 ( 1)  0.083
  28 F   0.99774 0.00174 0.00051 ( 1)  0.085
  29 A   0.99995 0.00004 0.00001 ( 1)  0.083
  30 G   0.99998 0.00001 0.00000 ( 1)  0.083
  31 Q   0.99918 0.00064 0.00019 ( 1)  0.084
  32 L   0.99853 0.00114 0.00033 ( 1)  0.084
  33 Y   0.99996 0.00003 0.00001 ( 1)  0.083
  34 I   0.99980 0.00016 0.00005 ( 1)  0.083
  35 L   0.99932 0.00052 0.00015 ( 1)  0.083
  36 D   0.99999 0.00000 0.00000 ( 1)  0.083
  37 V   0.99846 0.00119 0.00035 ( 1)  0.084
  38 P   0.99568 0.00334 0.00098 ( 1)  0.087
  39 K   0.99997 0.00003 0.00001 ( 1)  0.083
  40 E   0.00326 0.76970 0.22703 ( 2)  0.997
  41 E   0.98411 0.01227 0.00362 ( 1)  0.097
  42 L   0.99325 0.00521 0.00154 ( 1)  0.089
  43 P   1.00000 0.00000 0.00000 ( 1)  0.083
  44 L   0.99024 0.00753 0.00222 ( 1)  0.092
  45 W   0.99691 0.00238 0.00070 ( 1)  0.086
  46 L   0.99402 0.00462 0.00136 ( 1)  0.088
  47 C   0.99970 0.00023 0.00007 ( 1)  0.083
  48 I   0.99976 0.00019 0.00006 ( 1)  0.083
  49 V   0.99876 0.00096 0.00028 ( 1)  0.084
  50 Q   0.97185 0.02173 0.00641 ( 1)  0.109
  51 Y   0.99922 0.00060 0.00018 ( 1)  0.084
  52 E   0.99991 0.00007 0.00002 ( 1)  0.083
  53 S   1.00000 0.00000 0.00000 ( 1)  0.083
  54 R   0.99985 0.00011 0.00003 ( 1)  0.083
  55 F   0.19257 0.62351 0.18391 ( 2)  0.823
  56 N   0.99996 0.00003 0.00001 ( 1)  0.083
  57 T   0.99998 0.00002 0.00001 ( 1)  0.083
  58 H   0.99883 0.00091 0.00027 ( 1)  0.084
  59 V   0.30636 0.53565 0.15800 ( 2)  0.719
  60 I   0.99986 0.00011 0.00003 ( 1)  0.083
  61 G   0.99990 0.00008 0.00002 ( 1)  0.083
  62 S   0.78600 0.16526 0.04875 ( 1)  0.279
  63 R   0.99990 0.00008 0.00002 ( 1)  0.083
  64 N   1.00000 0.00000 0.00000 ( 1)  0.083
  65 T   0.82973 0.13149 0.03878 ( 1)  0.239
  66 D   0.99992 0.00006 0.00002 ( 1)  0.083
  67 G   0.99996 0.00003 0.00001 ( 1)  0.083
  68 S   0.99998 0.00001 0.00000 ( 1)  0.083
  69 L   0.00166 0.77094 0.22740 ( 2)  0.998
  70 D   0.99995 0.00004 0.00001 ( 1)  0.083
  71 Y   0.99996 0.00003 0.00001 ( 1)  0.083
  72 G   0.99981 0.00015 0.00004 ( 1)  0.083
  73 I   0.99984 0.00012 0.00004 ( 1)  0.083
  74 F   0.99985 0.00011 0.00003 ( 1)  0.083
  75 Q   0.99908 0.00071 0.00021 ( 1)  0.084
  76 I   0.99976 0.00019 0.00006 ( 1)  0.083
  77 S   1.00000 0.00000 0.00000 ( 1)  0.083
  78 D   0.99993 0.00005 0.00002 ( 1)  0.083
  79 K   0.99967 0.00025 0.00007 ( 1)  0.083
  80 Y   0.97874 0.01642 0.00484 ( 1)  0.102
  81 W   0.99691 0.00238 0.00070 ( 1)  0.086
  82 C   0.99971 0.00023 0.00007 ( 1)  0.083
  83 K   0.92193 0.06029 0.01778 ( 1)  0.154
  84 P   0.99761 0.00184 0.00054 ( 1)  0.085
  85 P   0.35559 0.49763 0.14678 ( 2)  0.674
  86 K   0.99989 0.00009 0.00003 ( 1)  0.083
  87 E   0.99961 0.00030 0.00009 ( 1)  0.083
  88 P   0.99996 0.00003 0.00001 ( 1)  0.083
  89 Q   0.00000 0.77222 0.22778 ( 2)  1.000
  90 -   0.29209 0.54666 0.16125 ( 2)  0.732
  91 -   0.01774 0.75852 0.22374 ( 2)  0.984
  92 F   0.99561 0.00339 0.00100 ( 1)  0.087
  93 H   0.86102 0.10732 0.03166 ( 1)  0.210
  94 Y   0.97619 0.01838 0.00542 ( 1)  0.105
  95 H   0.81500 0.14286 0.04214 ( 1)  0.253
  96 N   0.99999 0.00001 0.00000 ( 1)  0.083
  97 E   0.99993 0.00005 0.00002 ( 1)  0.083
  98 C   0.99974 0.00020 0.00006 ( 1)  0.083
  99 N   0.99999 0.00001 0.00000 ( 1)  0.083
 100 V   0.19152 0.62433 0.18415 ( 2)  0.824
 101 D   0.99814 0.00143 0.00042 ( 1)  0.085
 102 C   0.99971 0.00023 0.00007 ( 1)  0.083
 103 M   0.00604 0.76756 0.22640 ( 2)  0.994
 104 D   0.24989 0.57925 0.17086 ( 2)  0.771
 105 L   0.99965 0.00027 0.00008 ( 1)  0.083
 106 M   0.99915 0.00066 0.00019 ( 1)  0.084
 107 Q   0.98674 0.01024 0.00302 ( 1)  0.095
 108 D   0.99994 0.00005 0.00001 ( 1)  0.083
 109 D   0.99992 0.00006 0.00002 ( 1)  0.083
 110 I   0.99980 0.00016 0.00005 ( 1)  0.083
 111 T   1.00000 0.00000 0.00000 ( 1)  0.083
 112 A   0.43635 0.43526 0.12839 ( 1)  0.600
 113 A   0.99994 0.00005 0.00001 ( 1)  0.083
 114 V   0.99999 0.00001 0.00000 ( 1)  0.083
 115 K   1.00000 0.00000 0.00000 ( 1)  0.083
 116 C   0.99971 0.00023 0.00007 ( 1)  0.083
 117 A   0.99990 0.00007 0.00002 ( 1)  0.083
 118 K   0.53887 0.35609 0.10504 ( 1)  0.506
 119 M   0.11899 0.68034 0.20068 ( 2)  0.891
 120 I   0.99985 0.00012 0.00003 ( 1)  0.083
 121 R   0.00026 0.77202 0.22772 ( 2)  1.000
 122 K   0.99997 0.00003 0.00001 ( 1)  0.083
 123 Q   0.98638 0.01052 0.00310 ( 1)  0.095
 124 Q   0.99781 0.00169 0.00050 ( 1)  0.085
 125 G   0.99993 0.00005 0.00002 ( 1)  0.083
 126 W   0.99691 0.00238 0.00070 ( 1)  0.086
 127 S   0.98754 0.00962 0.00284 ( 1)  0.094
 128 A   0.99992 0.00006 0.00002 ( 1)  0.083
 129 W   0.99691 0.00238 0.00070 ( 1)  0.086
 130 S   0.99632 0.00284 0.00084 ( 1)  0.086
 131 V   0.99998 0.00001 0.00000 ( 1)  0.083
 132 Y   0.99996 0.00003 0.00001 ( 1)  0.083
 133 G   0.99944 0.00044 0.00013 ( 1)  0.083
 134 E   0.86866 0.10143 0.02992 ( 1)  0.203
 135 F   0.99862 0.00107 0.00031 ( 1)  0.084
 136 C   0.99976 0.00018 0.00005 ( 1)  0.083
 137 N   0.99999 0.00001 0.00000 ( 1)  0.083
 138 S   0.32998 0.51741 0.15262 ( 2)  0.697
 139 T   0.99991 0.00007 0.00002 ( 1)  0.083
 140 N   0.13130 0.67083 0.19787 ( 2)  0.880
 141 T   0.01907 0.75750 0.22344 ( 2)  0.983
 142 V   0.93671 0.04888 0.01442 ( 1)  0.141
 143 Y   0.00326 0.76970 0.22703 ( 2)  0.997
 144 Q   0.00000 0.77222 0.22778 ( 2)  1.000
 145 D   0.99993 0.00005 0.00002 ( 1)  0.083
 146 I   0.99984 0.00012 0.00004 ( 1)  0.083
 147 E   0.97175 0.02181 0.00643 ( 1)  0.109
 148 E   0.00001 0.77221 0.22777 ( 2)  1.000
 149 C   0.99970 0.00023 0.00007 ( 1)  0.083
 150 F   0.99985 0.00011 0.00003 ( 1)  0.083
 151 G   0.00136 0.77117 0.22747 ( 2)  0.999

Positively selected sites

	Prob(w>1)  mean w



lnL = -2870.788335

Bayes Empirical Bayes (BEB) probabilities for 3 classes (class) & postmean_w
(amino acids refer to 1st sequence: Musdom_lys1b)

   1 V   0.99998 0.00002 0.00000 ( 1)  0.050 +-  0.005
   2 F   0.95033 0.04953 0.00014 ( 1)  0.097 +-  0.207
   3 T   0.40395 0.58509 0.01097 ( 2)  0.622 +-  0.474
   4 Q   0.99268 0.00730 0.00002 ( 1)  0.057 +-  0.081
   5 I   0.99986 0.00014 0.00000 ( 1)  0.050 +-  0.012
   6 S   0.89520 0.10364 0.00117 ( 1)  0.150 +-  0.293
   7 I   0.99472 0.00524 0.00004 ( 1)  0.055 +-  0.069
   8 I   0.09286 0.88728 0.01986 ( 2)  0.922 +-  0.288
   9 V   0.94768 0.05190 0.00042 ( 1)  0.100 +-  0.213
  10 T   0.99403 0.00592 0.00005 ( 1)  0.056 +-  0.074
  11 L   0.99815 0.00184 0.00001 ( 1)  0.052 +-  0.041
  12 L   0.00047 0.94931 0.05023 ( 2)  1.026 +-  0.124
  13 L   0.46772 0.52595 0.00633 ( 2)  0.559 +-  0.479
  14 L   0.94875 0.05074 0.00051 ( 1)  0.099 +-  0.211
  15 I   0.99918 0.00082 0.00000 ( 1)  0.051 +-  0.027
  16 K   0.98682 0.01317 0.00002 ( 1)  0.063 +-  0.108
  17 E   0.00090 0.96456 0.03454 ( 2)  1.017 +-  0.100
  18 A   0.99991 0.00009 0.00000 ( 1)  0.050 +-  0.009
  19 Q   0.98080 0.01896 0.00024 ( 1)  0.068 +-  0.131
  20 T   0.99030 0.00962 0.00008 ( 1)  0.059 +-  0.094
  21 R   0.96489 0.03489 0.00023 ( 1)  0.083 +-  0.176
  22 R   0.99998 0.00002 0.00000 ( 1)  0.050 +-  0.005
  23 L   0.99992 0.00008 0.00000 ( 1)  0.050 +-  0.009
  24 Q   0.99883 0.00116 0.00001 ( 1)  0.051 +-  0.033
  25 P   0.99842 0.00157 0.00001 ( 1)  0.052 +-  0.038
  26 C   0.99972 0.00028 0.00000 ( 1)  0.050 +-  0.016
  27 E   0.99989 0.00011 0.00000 ( 1)  0.050 +-  0.010
  28 F   0.99620 0.00378 0.00002 ( 1)  0.054 +-  0.059
  29 A   0.99996 0.00004 0.00000 ( 1)  0.050 +-  0.007
  30 G   0.99998 0.00002 0.00000 ( 1)  0.050 +-  0.004
  31 Q   0.99911 0.00088 0.00001 ( 1)  0.051 +-  0.028
  32 L   0.99837 0.00161 0.00002 ( 1)  0.052 +-  0.039
  33 Y   0.99996 0.00004 0.00000 ( 1)  0.050 +-  0.006
  34 I   0.99980 0.00020 0.00000 ( 1)  0.050 +-  0.014
  35 L   0.99927 0.00072 0.00001 ( 1)  0.051 +-  0.026
  36 D   0.99999 0.00001 0.00000 ( 1)  0.050 +-  0.003
  37 V   0.99757 0.00242 0.00002 ( 1)  0.052 +-  0.047
  38 P   0.99252 0.00742 0.00005 ( 1)  0.057 +-  0.082
  39 K   0.99997 0.00003 0.00000 ( 1)  0.050 +-  0.006
  40 E   0.00014 0.98428 0.01558 ( 2)  1.008 +-  0.064
  41 E   0.95814 0.04150 0.00036 ( 1)  0.090 +-  0.191
  42 L   0.98819 0.01169 0.00013 ( 1)  0.061 +-  0.103
  43 P   1.00000 0.00000 0.00000 ( 1)  0.050 +-  0.002
  44 L   0.98286 0.01688 0.00026 ( 1)  0.066 +-  0.125
  45 W   0.99642 0.00354 0.00004 ( 1)  0.053 +-  0.057
  46 L   0.98966 0.01023 0.00012 ( 1)  0.060 +-  0.097
  47 C   0.99970 0.00030 0.00000 ( 1)  0.050 +-  0.017
  48 I   0.99975 0.00025 0.00000 ( 1)  0.050 +-  0.015
  49 V   0.99797 0.00202 0.00001 ( 1)  0.052 +-  0.043
  50 Q   0.92631 0.07291 0.00078 ( 1)  0.120 +-  0.250
  51 Y   0.99875 0.00125 0.00000 ( 1)  0.051 +-  0.034
  52 E   0.99991 0.00009 0.00000 ( 1)  0.050 +-  0.009
  53 S   1.00000 0.00000 0.00000 ( 1)  0.050 +-  0.002
  54 R   0.99985 0.00015 0.00000 ( 1)  0.050 +-  0.012
  55 F   0.02272 0.95618 0.02110 ( 2)  0.989 +-  0.162
  56 N   0.99995 0.00005 0.00000 ( 1)  0.050 +-  0.007
  57 T   0.99998 0.00002 0.00000 ( 1)  0.050 +-  0.005
  58 H   0.99811 0.00188 0.00001 ( 1)  0.052 +-  0.041
  59 V   0.06022 0.92476 0.01502 ( 2)  0.950 +-  0.236
  60 I   0.99986 0.00014 0.00000 ( 1)  0.050 +-  0.012
  61 G   0.99990 0.00010 0.00000 ( 1)  0.050 +-  0.009
  62 S   0.36391 0.63158 0.00451 ( 2)  0.657 +-  0.460
  63 R   0.99989 0.00010 0.00000 ( 1)  0.050 +-  0.010
  64 N   1.00000 0.00000 0.00000 ( 1)  0.050 +-  0.002
  65 T   0.53451 0.45830 0.00719 ( 1)  0.496 +-  0.480
  66 D   0.99993 0.00007 0.00000 ( 1)  0.050 +-  0.008
  67 G   0.99997 0.00003 0.00000 ( 1)  0.050 +-  0.006
  68 S   0.99999 0.00001 0.00000 ( 1)  0.050 +-  0.004
  69 L   0.00009 0.95778 0.04212 ( 2)  1.022 +-  0.107
  70 D   0.99996 0.00004 0.00000 ( 1)  0.050 +-  0.006
  71 Y   0.99996 0.00004 0.00000 ( 1)  0.050 +-  0.006
  72 G   0.99980 0.00020 0.00000 ( 1)  0.050 +-  0.013
  73 I   0.99985 0.00015 0.00000 ( 1)  0.050 +-  0.012
  74 F   0.99985 0.00015 0.00000 ( 1)  0.050 +-  0.012
  75 Q   0.99900 0.00099 0.00001 ( 1)  0.051 +-  0.030
  76 I   0.99975 0.00025 0.00000 ( 1)  0.050 +-  0.015
  77 S   1.00000 0.00000 0.00000 ( 1)  0.050 +-  0.002
  78 D   0.99993 0.00007 0.00000 ( 1)  0.050 +-  0.008
  79 K   0.99950 0.00050 0.00000 ( 1)  0.050 +-  0.021
  80 Y   0.94426 0.05519 0.00055 ( 1)  0.103 +-  0.219
  81 W   0.99642 0.00354 0.00004 ( 1)  0.053 +-  0.057
  82 C   0.99970 0.00030 0.00000 ( 1)  0.050 +-  0.017
  83 K   0.80309 0.19357 0.00333 ( 1)  0.239 +-  0.382
  84 P   0.99399 0.00599 0.00002 ( 1)  0.056 +-  0.074
  85 P   0.10539 0.87155 0.02306 ( 2)  0.912 +-  0.306
  86 K   0.99983 0.00017 0.00000 ( 1)  0.050 +-  0.012
  87 E   0.99940 0.00060 0.00000 ( 1)  0.051 +-  0.023
  88 P   0.99994 0.00006 0.00000 ( 1)  0.050 +-  0.007
  89 Q   0.00000 0.85677 0.14323 ( 2)  1.086 +-  0.252
  90 -   0.08072 0.89281 0.02646 ( 2)  0.937 +-  0.276
  91 -   0.00224 0.94423 0.05353 ( 2)  1.026 +-  0.132
  92 F   0.98887 0.01107 0.00006 ( 1)  0.061 +-  0.100
  93 H   0.49906 0.49396 0.00698 ( 1)  0.529 +-  0.480
  94 Y   0.93665 0.06279 0.00056 ( 1)  0.110 +-  0.233
  95 H   0.51204 0.48052 0.00744 ( 1)  0.517 +-  0.481
  96 N   0.99999 0.00001 0.00000 ( 1)  0.050 +-  0.003
  97 E   0.99993 0.00007 0.00000 ( 1)  0.050 +-  0.008
  98 C   0.99973 0.00026 0.00000 ( 1)  0.050 +-  0.016
  99 N   0.99999 0.00001 0.00000 ( 1)  0.050 +-  0.003
 100 V   0.02267 0.96029 0.01704 ( 2)  0.987 +-  0.158
 101 D   0.99543 0.00455 0.00002 ( 1)  0.054 +-  0.064
 102 C   0.99970 0.00030 0.00000 ( 1)  0.050 +-  0.017
 103 M   0.00037 0.96082 0.03882 ( 2)  1.020 +-  0.105
 104 D   0.04615 0.93271 0.02114 ( 2)  0.967 +-  0.215
 105 L   0.99964 0.00036 0.00000 ( 1)  0.050 +-  0.018
 106 M   0.99869 0.00130 0.00001 ( 1)  0.051 +-  0.035
 107 Q   0.97606 0.02362 0.00033 ( 1)  0.073 +-  0.147
 108 D   0.99994 0.00006 0.00000 ( 1)  0.050 +-  0.007
 109 D   0.99993 0.00007 0.00000 ( 1)  0.050 +-  0.008
 110 I   0.99980 0.00020 0.00000 ( 1)  0.050 +-  0.014
 111 T   1.00000 0.00000 0.00000 ( 1)  0.050 +-  0.002
 112 A   0.14649 0.82836 0.02515 ( 2)  0.874 +-  0.351
 113 A   0.99994 0.00006 0.00000 ( 1)  0.050 +-  0.008
 114 V   0.99998 0.00002 0.00000 ( 1)  0.050 +-  0.004
 115 K   1.00000 0.00000 0.00000 ( 1)  0.050 +-  0.002
 116 C   0.99970 0.00030 0.00000 ( 1)  0.050 +-  0.017
 117 A   0.99990 0.00010 0.00000 ( 1)  0.050 +-  0.009
 118 K   0.20565 0.77948 0.01487 ( 2)  0.812 +-  0.393
 119 M   0.01834 0.94932 0.03234 ( 2)  0.999 +-  0.161
 120 I   0.99985 0.00015 0.00000 ( 1)  0.050 +-  0.012
 121 R   0.00001 0.91793 0.08205 ( 2)  1.045 +-  0.167
 122 K   0.99997 0.00003 0.00000 ( 1)  0.050 +-  0.006
 123 Q   0.97545 0.02422 0.00033 ( 1)  0.074 +-  0.148
 124 Q   0.99753 0.00244 0.00003 ( 1)  0.052 +-  0.048
 125 G   0.99993 0.00007 0.00000 ( 1)  0.050 +-  0.008
 126 W   0.99642 0.00354 0.00004 ( 1)  0.053 +-  0.057
 127 S   0.96710 0.03262 0.00028 ( 1)  0.081 +-  0.170
 128 A   0.99992 0.00008 0.00000 ( 1)  0.050 +-  0.008
 129 W   0.99642 0.00354 0.00004 ( 1)  0.053 +-  0.057
 130 S   0.99368 0.00628 0.00004 ( 1)  0.056 +-  0.076
 131 V   0.99999 0.00001 0.00000 ( 1)  0.050 +-  0.004
 132 Y   0.99996 0.00004 0.00000 ( 1)  0.050 +-  0.006
 133 G   0.99866 0.00134 0.00000 ( 1)  0.051 +-  0.035
 134 E   0.60727 0.38796 0.00478 ( 1)  0.426 +-  0.468
 135 F   0.99776 0.00223 0.00002 ( 1)  0.052 +-  0.045
 136 C   0.99976 0.00024 0.00000 ( 1)  0.050 +-  0.015
 137 N   0.99999 0.00001 0.00000 ( 1)  0.050 +-  0.003
 138 S   0.06673 0.91851 0.01475 ( 2)  0.944 +-  0.247
 139 T   0.99987 0.00013 0.00000 ( 1)  0.050 +-  0.011
 140 N   0.02114 0.94824 0.03062 ( 2)  0.996 +-  0.165
 141 T   0.00170 0.94303 0.05527 ( 2)  1.029 +-  0.153
 142 V   0.70447 0.29439 0.00114 ( 1)  0.331 +-  0.435
 143 Y   0.00019 0.96146 0.03835 ( 2)  1.020 +-  0.103
 144 Q   0.00000 0.93540 0.06460 ( 2)  1.033 +-  0.131
 145 D   0.99994 0.00006 0.00000 ( 1)  0.050 +-  0.008
 146 I   0.99984 0.00016 0.00000 ( 1)  0.050 +-  0.012
 147 E   0.92548 0.07375 0.00077 ( 1)  0.121 +-  0.251
 148 E   0.00000 0.91950 0.08050 ( 2)  1.043 +-  0.159
 149 C   0.99970 0.00030 0.00000 ( 1)  0.050 +-  0.017
 150 F   0.99985 0.00015 0.00000 ( 1)  0.050 +-  0.012
 151 G   0.00008 0.95199 0.04793 ( 2)  1.025 +-  0.123

Positively selected sites

	Prob(w>1)  mean w



NSsites Model 7: beta
I	J	ij	2Ns_IJ	pMut_IJ	pSub_IJ	2Ns_JI	pMut_JI	pSub_JI

TTC	TTT	CT	1.02231	0.03413	0.05449	-1.02231	0.09486	0.05449
TTA	TTT	AT	1.55317	0.04966	0.09783	-1.55317	0.23473	0.09783
TTA	TTC	AC	0.53086	0.02405	0.03100	-0.53086	0.04090	0.03100
TTG	TTT	GT	0.03636	0.04966	0.05057	-0.03636	0.05150	0.05057
TTG	TTC	GC	-0.98595	0.02405	0.01411	0.98595	0.00897	0.01411
TTG	TTA	GA	-1.51680	0.22447	0.09570	1.51680	0.04925	0.09570
TCT	TTT	CT	1.32459	0.02522	0.04552	-1.32459	0.09486	0.04552
TCC	TTC	CT	-0.53394	0.02819	0.02133	0.53394	0.01653	0.02133
TCC	TCT	CT	-0.83622	0.02819	0.01803	0.83622	0.01222	0.01803
TCA	TTA	CT	-0.13413	0.05342	0.04991	0.13413	0.04671	0.04991
TCA	TCT	AT	0.09445	0.02751	0.02882	-0.09445	0.03023	0.02882
TCA	TCC	AC	0.93067	0.01332	0.02047	-0.93067	0.03379	0.02047
TCG	TTG	CT	-0.37925	0.06825	0.05613	0.37925	0.04671	0.05613
TCG	TCT	GT	-1.66748	0.03515	0.01363	1.66748	0.00663	0.01363
TCG	TCC	GC	-0.83126	0.01702	0.01092	0.83126	0.00741	0.01092
TCG	TCA	GA	-1.76193	0.15886	0.05803	1.76193	0.02728	0.05803
TAT	TTT	AT	1.09283	0.07870	0.12938	-1.09283	0.23473	0.12938
TAT	TCT	AC	-0.23177	0.03811	0.03387	0.23177	0.03023	0.03387
TAC	TTC	AT	0.51451	0.02445	0.03128	-0.51451	0.04090	0.03128
TAC	TCC	AC	1.04845	0.01184	0.01911	-1.04845	0.03379	0.01911
TAC	TAT	CT	0.44400	0.04748	0.05880	-0.44400	0.07402	0.05880
TGT	TTT	GT	-0.57674	0.09169	0.06777	0.57674	0.05150	0.06777
TGT	TCT	GC	-1.90133	0.04441	0.01483	1.90133	0.00663	0.01483
TGT	TAT	GA	-1.66957	0.41441	0.16053	1.66957	0.07804	0.16053
TGC	TTC	GT	-1.29776	0.03285	0.01602	1.29776	0.00897	0.01602
TGC	TCC	GC	-0.76382	0.01591	0.01060	0.76382	0.00741	0.01060
TGC	TAC	GA	-1.81227	0.14850	0.05252	1.81227	0.02425	0.05252
TGC	TGT	CT	0.30130	0.06380	0.07390	-0.30130	0.08624	0.07390
TGG	TTG	GT	-0.71717	0.05196	0.03553	0.71717	0.02536	0.03553
TGG	TCG	GC	-0.33792	0.02516	0.02115	0.33792	0.01795	0.02115
TGG	TGT	GT	-0.10407	0.05196	0.04930	0.10407	0.04682	0.04930
TGG	TGC	GC	-0.40536	0.02516	0.02041	0.40536	0.01678	0.02041
CTT	TTT	CT	0.97975	0.03561	0.05586	-0.97975	0.09486	0.05586
CTC	TTC	CT	0.61874	0.00890	0.01194	-0.61874	0.01653	0.01194
CTC	CTT	CT	0.66130	0.00890	0.01217	-0.66130	0.01725	0.01217
CTA	TTA	CT	0.45366	0.02968	0.03691	-0.45366	0.04671	0.03691
CTA	CTT	AT	1.02707	0.01528	0.02445	-1.02707	0.04268	0.02445
CTA	CTC	AC	0.36578	0.00740	0.00884	-0.36578	0.01067	0.00884
CTG	TTG	CT	-0.52090	0.07864	0.05993	0.52090	0.04671	0.05993
CTG	CTT	GT	-1.46429	0.04049	0.01784	1.46429	0.00936	0.01784
CTG	CTC	GC	-2.12559	0.01961	0.00565	2.12559	0.00234	0.00565
CTG	CTA	GA	-2.49136	0.18303	0.04116	2.49136	0.01515	0.04116
CCT	TCT	CT	1.00961	0.00445	0.00707	-1.00961	0.01222	0.00707
CCT	CTT	CT	1.35445	0.00445	0.00813	-1.35445	0.01725	0.00813
CCC	TCC	CT	-0.61377	0.02522	0.01827	0.61377	0.01365	0.01827
CCC	CTC	CT	-1.76645	0.02522	0.00919	1.76645	0.00431	0.00919
CCC	CCT	CT	-2.45960	0.02522	0.00580	2.45960	0.00216	0.00580
CCA	TCA	CT	-0.54267	0.04451	0.03352	0.54267	0.02587	0.03352
CCA	CTA	CT	-1.13046	0.04451	0.02400	1.13046	0.01437	0.02400
CCA	CCT	AT	-1.45783	0.02292	0.01014	1.45783	0.00533	0.01014
CCA	CCC	AC	1.00176	0.01110	0.01758	-1.00176	0.03023	0.01758
CCG	TCG	CT	0.33106	0.02374	0.02789	-0.33106	0.03306	0.02789
CCG	CTG	CT	0.47271	0.02374	0.02979	-0.47271	0.03809	0.02979
CCG	CCT	GT	-2.34603	0.01222	0.00304	2.34603	0.00117	0.00304
CCG	CCC	GC	0.11357	0.00592	0.00626	-0.11357	0.00663	0.00626
CCG	CCA	GA	-0.88819	0.05525	0.03430	0.88819	0.02273	0.03430
CAT	TAT	CT	0.50854	0.04451	0.05679	-0.50854	0.07402	0.05679
CAT	CTT	AT	0.62161	0.02292	0.03078	-0.62161	0.04268	0.03078
CAT	CCT	AC	-0.73284	0.01110	0.00753	0.73284	0.00533	0.00753
CAC	TAC	CT	1.64213	0.00445	0.00906	-1.64213	0.02300	0.00906
CAC	CTC	AT	1.53790	0.00229	0.00449	-1.53790	0.01067	0.00449
CAC	CCC	AC	3.30435	0.00111	0.00381	-3.30435	0.03023	0.00381
CAC	CAT	CT	1.57759	0.00445	0.00885	-1.57759	0.02156	0.00885
CAA	CTA	AT	-0.76469	0.07640	0.05088	0.76469	0.03556	0.05088
CAA	CCA	AC	0.36578	0.03700	0.04418	-0.36578	0.05335	0.04418
CAA	CAT	AT	-0.35922	0.07640	0.06350	0.35922	0.05335	0.06350
CAA	CAC	AC	-1.93681	0.03700	0.01207	1.93681	0.00533	0.01207
CAG	CTG	AT	0.72070	0.04584	0.06433	-0.72070	0.09425	0.06433
CAG	CCG	AC	0.24799	0.02220	0.02507	-0.24799	0.02845	0.02507
CAG	CAT	GT	-1.36520	0.04584	0.02146	1.36520	0.01171	0.02146
CAG	CAC	GC	-2.94279	0.02220	0.00364	2.94279	0.00117	0.00364
CAG	CAA	GA	-1.00598	0.20720	0.12017	1.00598	0.07577	0.12017
CGT	TGT	CT	0.30130	0.06380	0.07390	-0.30130	0.08624	0.07390
CGT	CTT	GT	-1.25520	0.03285	0.01644	1.25520	0.00936	0.01644
CGT	CCT	GC	-2.60964	0.01591	0.00330	2.60964	0.00117	0.00330
CGT	CAT	GA	-1.87681	0.14850	0.05037	1.87681	0.02273	0.05037
CGC	TGC	CT	-0.14185	0.03561	0.03315	0.14185	0.03090	0.03315
CGC	CTC	GT	-2.05834	0.01834	0.00552	2.05834	0.00234	0.00552
CGC	CCC	GC	-0.29190	0.00888	0.00765	0.29190	0.00663	0.00765
CGC	CAC	GA	-3.59624	0.08288	0.00841	3.59624	0.00227	0.00841
CGC	CGT	CT	-0.14185	0.03561	0.03315	0.14185	0.03090	0.03315
CGA	CTA	GT	-0.44891	0.01222	0.00969	0.44891	0.00780	0.00969
CGA	CCA	GC	0.68155	0.00592	0.00817	-0.68155	0.01171	0.00817
CGA	CAA	GA	0.31578	0.05525	0.06444	-0.31578	0.07577	0.06444
CGA	CGT	AT	1.83336	0.01222	0.02668	-1.83336	0.07646	0.02668
CGA	CGC	AC	1.97521	0.00592	0.01358	-1.97521	0.04268	0.01358
CGG	TGG	CT	2.80137	0.00297	0.00885	-2.80137	0.04887	0.00885
CGG	CTG	GT	2.60509	0.00153	0.00430	-2.60509	0.02068	0.00430
CGG	CCG	GC	2.13239	0.00074	0.00179	-2.13239	0.00624	0.00179
CGG	CAG	GA	1.88439	0.00691	0.01535	-1.88439	0.04546	0.01535
CGG	CGT	GT	2.39600	0.00153	0.00403	-2.39600	0.01678	0.00403
CGG	CGC	GC	2.53785	0.00074	0.00204	-2.53785	0.00936	0.00204
CGG	CGA	GA	0.56264	0.00691	0.00903	-0.56264	0.01212	0.00903
ATT	TTT	AT	1.13243	0.07564	0.12639	-1.13243	0.23473	0.12639
ATT	CTT	AC	0.15268	0.03663	0.03950	-0.15268	0.04268	0.03950
ATC	TTC	AT	1.41530	0.00993	0.01857	-1.41530	0.04090	0.01857
ATC	CTC	AC	0.79656	0.00481	0.00698	-0.79656	0.01067	0.00698
ATC	ATT	CT	1.30518	0.01929	0.03454	-1.30518	0.07115	0.03454
ATA	TTA	AT	0.32779	0.08328	0.09767	-0.32779	0.11559	0.09767
ATA	CTA	AC	-0.12587	0.04034	0.03785	0.12587	0.03556	0.03785
ATA	ATT	AT	0.74852	0.08328	0.11830	-0.74852	0.17605	0.11830
ATA	ATC	AC	-0.55665	0.04034	0.03015	0.55665	0.02312	0.03015
ATG	TTG	AT	1.61794	0.02292	0.04626	-1.61794	0.11559	0.04626
ATG	CTG	AC	2.13884	0.01110	0.02691	-2.13884	0.09425	0.02691
ATG	ATT	GT	0.52187	0.02292	0.02942	-0.52187	0.03863	0.02942
ATG	ATC	GC	-0.78330	0.01110	0.00732	0.78330	0.00507	0.00732
ATG	ATA	GA	-0.22665	0.10360	0.09230	0.22665	0.08259	0.09230
ACT	TCT	AT	1.59852	0.00611	0.01225	-1.59852	0.03023	0.01225
ACT	CCT	AC	0.58892	0.00296	0.00392	-0.58892	0.00533	0.00392
ACT	ATT	CT	1.79068	0.01187	0.02551	-1.79068	0.07115	0.02551
ACC	TCC	AT	0.74467	0.01604	0.02275	-0.74467	0.03379	0.02275
ACC	CCC	AC	1.35844	0.00777	0.01421	-1.35844	0.03023	0.01421
ACC	ATC	CT	-1.20457	0.03116	0.01607	1.20457	0.00934	0.01607
ACC	ACT	CT	-1.69008	0.03116	0.01191	1.69008	0.00575	0.01191
ACA	TCA	AT	1.53790	0.01375	0.02694	-1.53790	0.06402	0.02694
ACA	CCA	AC	2.08057	0.00666	0.01584	-2.08057	0.05335	0.01584
ACA	ATA	CT	1.07598	0.02671	0.04361	-1.07598	0.07833	0.04361
ACA	ACT	AT	0.03382	0.01375	0.01399	-0.03382	0.01423	0.01399
ACA	ACC	AC	1.72390	0.00666	0.01398	-1.72390	0.03734	0.01398
ACG	TCG	AT	0.46870	0.05119	0.06412	-0.46870	0.08180	0.06412
ACG	CCG	AC	0.13764	0.02479	0.02654	-0.13764	0.02845	0.02654
ACG	ATG	CT	-1.52849	0.09941	0.04208	1.52849	0.02156	0.04208
ACG	ACT	GT	-2.79730	0.05119	0.00930	2.79730	0.00312	0.00930
ACG	ACC	GC	-1.10722	0.02479	0.01355	1.10722	0.00819	0.01355
ACG	ACA	GA	-2.83112	0.23138	0.04103	2.83112	0.01364	0.04103
AAT	TAT	AT	0.76098	0.08557	0.12222	-0.76098	0.18316	0.12222
AAT	CAT	AC	0.25245	0.04145	0.04690	-0.25245	0.05335	0.04690
AAT	ATT	AT	0.72137	0.08557	0.12012	-0.72137	0.17605	0.12012
AAT	ACT	AC	-1.06931	0.04145	0.02316	1.06931	0.01423	0.02316
AAC	TAC	AT	1.67143	0.01070	0.02202	-1.67143	0.05690	0.02202
AAC	CAC	AC	0.02930	0.00518	0.00526	-0.02930	0.00533	0.00526
AAC	ATC	AT	0.77064	0.01070	0.01534	-0.77064	0.02312	0.01534
AAC	ACC	AC	1.97521	0.00518	0.01188	-1.97521	0.03734	0.01188
AAC	AAT	CT	1.35445	0.02077	0.03792	-1.35445	0.08049	0.03792
AAA	CAA	AC	1.47444	0.04071	0.07783	-1.47444	0.17782	0.07783
AAA	ATA	AT	0.83562	0.08404	0.12399	-0.83562	0.19383	0.12399
AAA	ACA	AC	-0.24036	0.04071	0.03601	0.24036	0.03201	0.03601
AAA	AAT	AT	0.86277	0.08404	0.12545	-0.86277	0.19916	0.12545
AAA	AAC	AC	-0.49167	0.04071	0.03152	0.49167	0.02490	0.03152
AAG	CAG	AC	3.26620	0.00407	0.01382	-3.26620	0.10669	0.01382
AAG	ATG	AT	1.84805	0.00840	0.01844	-1.84805	0.05335	0.01844
AAG	ACG	AC	3.37655	0.00407	0.01423	-3.37655	0.11914	0.01423
AAG	AAT	GT	1.64855	0.00840	0.01715	-1.64855	0.04370	0.01715
AAG	AAC	GC	0.29411	0.00407	0.00470	-0.29411	0.00546	0.00470
AAG	AAA	GA	0.78578	0.03799	0.05485	-0.78578	0.08335	0.05485
AGT	TGT	AT	1.89457	0.03209	0.07156	-1.89457	0.21339	0.07156
AGT	CGT	AC	1.59328	0.01554	0.03108	-1.59328	0.07646	0.03108
AGT	ATT	GT	0.18540	0.03209	0.03516	-0.18540	0.03863	0.03516
AGT	ACT	GC	-1.60528	0.01554	0.00627	1.60528	0.00312	0.00627
AGT	AAT	GA	-0.53597	0.14504	0.10963	0.53597	0.08486	0.10963
AGC	TGC	AT	1.83336	0.01222	0.02668	-1.83336	0.07646	0.02668
AGC	CGC	AC	1.97521	0.00592	0.01358	-1.97521	0.04268	0.01358
AGC	ATC	GT	-0.87969	0.01222	0.00763	0.87969	0.00507	0.00763
AGC	ACC	GC	0.32488	0.00592	0.00693	-0.32488	0.00819	0.00693
AGC	AAC	GA	-1.65033	0.05525	0.02167	1.65033	0.01061	0.02167
AGC	AGT	CT	0.24009	0.02374	0.02670	-0.24009	0.03018	0.02670
AGA	CGA	AC	1.70328	0.00518	0.01079	-1.70328	0.02845	0.01079
AGA	ATA	GT	1.38024	0.01070	0.01973	-1.38024	0.04253	0.01973
AGA	ACA	GC	0.30426	0.00518	0.00601	-0.30426	0.00702	0.00601
AGA	AAA	GA	0.54462	0.04835	0.06270	-0.54462	0.08335	0.06270
AGA	AGT	AT	1.94336	0.01070	0.02426	-1.94336	0.07469	0.02426
AGA	AGC	AC	1.70328	0.00518	0.01079	-1.70328	0.02845	0.01079
AGG	TGG	AT	3.67797	0.00306	0.01153	-3.67797	0.12092	0.01153
AGG	CGG	AC	0.87660	0.00148	0.00222	-0.87660	0.00356	0.00222
AGG	ATG	GT	1.34285	0.00306	0.00555	-1.34285	0.01171	0.00555
AGG	ACG	GC	2.87134	0.00148	0.00451	-2.87134	0.02614	0.00451
AGG	AAG	GA	-0.50520	0.01381	0.01062	0.50520	0.00833	0.01062
AGG	AGT	GT	1.67933	0.00306	0.00631	-1.67933	0.01639	0.00631
AGG	AGC	GC	1.43924	0.00148	0.00279	-1.43924	0.00624	0.00279
AGG	AGA	GA	-0.26404	0.01381	0.01207	0.26404	0.01061	0.01207
GTT	TTT	GT	0.74502	0.02445	0.03468	-0.74502	0.05150	0.03468
GTT	CTT	GC	-0.23474	0.01184	0.01051	0.23474	0.00936	0.01051
GTT	ATT	GA	-0.38742	0.11051	0.09048	0.38742	0.07501	0.09048
GTC	TTC	GT	0.26622	0.00688	0.00783	-0.26622	0.00897	0.00783
GTC	CTC	GC	-0.35252	0.00333	0.00278	0.35252	0.00234	0.00278
GTC	ATC	GA	-1.14908	0.03108	0.01657	1.14908	0.00985	0.01657
GTC	GTT	CT	0.54352	0.01335	0.01731	-0.54352	0.02300	0.01731
GTA	TTA	GT	0.66912	0.01299	0.01782	-0.66912	0.02536	0.01782
GTA	CTA	GC	0.21546	0.00629	0.00699	-0.21546	0.00780	0.00699
GTA	ATA	GA	0.34133	0.05871	0.06930	-0.34133	0.08259	0.06930
GTA	GTT	AT	1.47728	0.01299	0.02486	-1.47728	0.05690	0.02486
GTA	GTC	AC	0.93376	0.00629	0.00968	-0.93376	0.01600	0.00968
GTG	TTG	GT	-0.54071	0.04355	0.03283	0.54071	0.02536	0.03283
GTG	CTG	GC	-0.01981	0.02109	0.02088	0.01981	0.02068	0.02088
GTG	ATG	GA	-2.15866	0.19684	0.05548	2.15866	0.02273	0.05548
GTG	GTT	GT	-1.24937	0.04355	0.02187	1.24937	0.01249	0.02187
GTG	GTC	GC	-1.79288	0.02109	0.00755	1.79288	0.00351	0.00755
GTG	GTA	GA	-2.72664	0.19684	0.03758	2.72664	0.01288	0.03758
GCT	TCT	GT	-0.78328	0.01452	0.00957	0.78328	0.00663	0.00957
GCT	CCT	GC	-1.79288	0.00703	0.00252	1.79288	0.00117	0.00252
GCT	ACT	GA	-2.38180	0.06561	0.01591	2.38180	0.00606	0.01591
GCT	GTT	CT	-0.20370	0.02819	0.02542	0.20370	0.02300	0.02542
GCC	TCC	GT	-1.33853	0.02827	0.01345	1.33853	0.00741	0.01345
GCC	CCC	GC	-0.72476	0.01369	0.00932	0.72476	0.00663	0.00932
GCC	ACC	GA	-2.08320	0.12778	0.03786	2.08320	0.01591	0.03786
GCC	GTC	CT	-2.13869	0.05490	0.01568	2.13869	0.00647	0.01568
GCC	GCT	CT	-1.39147	0.05490	0.02529	1.39147	0.01365	0.02529
GCA	TCA	GT	-0.38437	0.02063	0.01692	0.38437	0.01405	0.01692
GCA	CCA	GC	0.15831	0.00999	0.01080	-0.15831	0.01171	0.01080
GCA	ACA	GA	-1.92227	0.09324	0.03071	1.92227	0.01364	0.03071
GCA	GTA	CT	-1.18762	0.04006	0.02087	1.18762	0.01222	0.02087
GCA	GCT	AT	0.49335	0.02063	0.02613	-0.49335	0.03379	0.02613
GCA	GCC	AC	1.88483	0.00999	0.02220	-1.88483	0.06579	0.02220
GCG	TCG	GT	-0.67205	0.03515	0.02465	0.67205	0.01795	0.02465
GCG	CCG	GC	-1.00311	0.01702	0.00989	1.00311	0.00624	0.00989
GCG	ACG	GA	-1.14075	0.15886	0.08511	1.14075	0.05077	0.08511
GCG	GTG	CT	-0.51059	0.06825	0.05231	0.51059	0.04096	0.05231
GCG	GCT	GT	-1.55625	0.03515	0.01462	1.55625	0.00741	0.01462
GCG	GCC	GC	-0.16478	0.01702	0.01566	0.16478	0.01444	0.01566
GCG	GCA	GA	-2.04961	0.15886	0.04813	2.04961	0.02046	0.04813
GAT	TAT	GT	-0.90486	0.09933	0.06107	0.90486	0.04019	0.06107
GAT	CAT	GC	-1.41339	0.04811	0.02186	1.41339	0.01171	0.02186
GAT	AAT	GA	-1.66584	0.44894	0.17432	1.66584	0.08486	0.17432
GAT	GTT	AT	-0.55705	0.09933	0.07422	0.55705	0.05690	0.07422
GAT	GCT	AC	-0.35335	0.04811	0.04011	0.35335	0.03379	0.04011
GAC	TAC	GT	-0.57361	0.02216	0.01641	0.57361	0.01249	0.01641
GAC	CAC	GC	-2.21574	0.01073	0.00291	2.21574	0.00117	0.00291
GAC	AAC	GA	-2.24504	0.10015	0.02664	2.24504	0.01061	0.02664
GAC	GTC	AT	-0.32532	0.02216	0.01875	0.32532	0.01600	0.01875
GAC	GCC	AC	1.81337	0.01073	0.02325	-1.81337	0.06579	0.02325
GAC	GAT	CT	0.77524	0.04303	0.06184	-0.77524	0.09342	0.06184
GAA	CAA	GC	-0.02402	0.03997	0.03949	0.02402	0.03902	0.03949
GAA	AAA	GA	-1.49845	0.37297	0.16084	1.49845	0.08335	0.16084
GAA	GTA	AT	-1.00417	0.08252	0.04791	1.00417	0.03023	0.04791
GAA	GCA	AC	0.18345	0.03997	0.04374	-0.18345	0.04801	0.04374
GAA	GAT	AT	1.03016	0.08252	0.13219	-1.03016	0.23117	0.13219
GAA	GAC	AC	0.25491	0.03997	0.04528	-0.25491	0.05157	0.04528
GAG	CAG	GC	0.43372	0.01517	0.01870	-0.43372	0.02341	0.01870
GAG	AAG	GA	-2.83248	0.14159	0.02509	2.83248	0.00833	0.02509
GAG	GTG	AT	1.17423	0.03133	0.05324	-1.17423	0.10136	0.05324
GAG	GCG	AC	1.68482	0.01517	0.03138	-1.68482	0.08180	0.03138
GAG	GAT	GT	0.48191	0.03133	0.03948	-0.48191	0.05072	0.03948
GAG	GAC	GC	-0.29333	0.01517	0.01306	0.29333	0.01131	0.01306
GAG	GAA	GA	-0.54824	0.14159	0.10631	0.54824	0.08183	0.10631
GGT	TGT	GT	0.20342	0.03820	0.04222	-0.20342	0.04682	0.04222
GGT	CGT	GC	-0.09788	0.01850	0.01761	0.09788	0.01678	0.01761
GGT	AGT	GA	-1.69116	0.17267	0.06598	1.69116	0.03182	0.06598
GGT	GTT	GT	-1.11834	0.03820	0.02074	1.11834	0.01249	0.02074
GGT	GCT	GC	-0.91464	0.01850	0.01131	0.91464	0.00741	0.01131
GGT	GAT	GA	-0.56129	0.17267	0.12872	0.56129	0.09850	0.12872
GGC	TGC	GT	-0.52177	0.02827	0.02153	0.52177	0.01678	0.02153
GGC	CGC	GC	-0.37992	0.01369	0.01126	0.37992	0.00936	0.01126
GGC	AGC	GA	-2.35513	0.12778	0.03155	2.35513	0.01212	0.03155
GGC	GTC	GT	-2.08574	0.02827	0.00836	2.08574	0.00351	0.00836
GGC	GCC	GC	0.05295	0.01369	0.01406	-0.05295	0.01444	0.01406
GGC	GAC	GA	-1.76042	0.12778	0.04672	1.76042	0.02197	0.04672
GGC	GGT	CT	-0.42389	0.05490	0.04408	0.42389	0.03593	0.04408
GGA	CGA	GC	0.34063	0.00444	0.00524	-0.34063	0.00624	0.00524
GGA	AGA	GA	-1.36265	0.04144	0.01943	1.36265	0.01061	0.01943
GGA	GTA	GT	-0.32374	0.00917	0.00776	0.32374	0.00663	0.00776
GGA	GCA	GC	0.86388	0.00444	0.00663	-0.86388	0.01053	0.00663
GGA	GAA	GA	0.68042	0.04144	0.05713	-0.68042	0.08183	0.05713
GGA	GGT	AT	2.27187	0.00917	0.02322	-2.27187	0.08891	0.02322
GGA	GGC	AC	2.69576	0.00444	0.01284	-2.69576	0.06579	0.01284
GGG	TGG	GT	1.46802	0.00611	0.01166	-1.46802	0.02653	0.01166
GGG	CGG	GC	-1.33335	0.00296	0.00141	1.33335	0.00078	0.00141
GGG	AGG	GA	-2.20995	0.02763	0.00752	2.20995	0.00303	0.00752
GGG	GTG	GT	1.29156	0.00611	0.01089	-1.29156	0.02224	0.01089
GGG	GCG	GC	1.80215	0.00296	0.00639	-1.80215	0.01795	0.00639
GGG	GAG	GA	0.11733	0.02763	0.02928	-0.11733	0.03107	0.02928
GGG	GGT	GT	1.16053	0.00611	0.01033	-1.16053	0.01951	0.01033
GGG	GGC	GC	1.58442	0.00296	0.00590	-1.58442	0.01444	0.00590
GGG	GGA	GA	-1.11134	0.02763	0.01506	1.11134	0.00909	0.01506


Histograms
2Ns	FMut	FSub(CodonUsage)	FSubw(after w)

-3.50282	0.01476	0.00201
-3.15254	0.00626	0.00104
-2.80226	0.03584	0.00841
-2.45198	0.02179	0.00655
-2.10169	0.05578	0.02102
-1.75141	0.14663	0.07002
-1.40113	0.09665	0.05537
-1.05085	0.10128	0.07349
-0.70056	0.12882	0.11563
-0.35028	0.10815	0.11570
0.00000	0.04783	0.06151
0.35028	0.07559	0.11570
0.70056	0.06522	0.11563
1.05085	0.03527	0.07349
1.40113	0.02273	0.05537
1.75141	0.02581	0.07002
2.10169	0.00682	0.02102
2.45198	0.00190	0.00655
2.80226	0.00220	0.00841
3.15254	0.00024	0.00104
3.50282	0.00043	0.00201

Proportion of advantageous (S > 0) mutations:
 0.25890

Proportions of good & bad mutations (|S| > 2.0000) among mutations:
0.01008  0.12371

mean |Ns| = 1.19178	mean Ns+ = 0.83016	mean Ns- = -1.31811


MLEs of dN/dS (w) for site classes (K=10)

p:   0.10000  0.10000  0.10000  0.10000  0.10000  0.10000  0.10000  0.10000  0.10000  0.10000
w:   0.00023  0.00345  0.01214  0.02809  0.05324  0.09020  0.14304  0.21910  0.33485  0.55002

Naive Empirical Bayes (NEB) probabilities for 10 classes & postmean_w
(amino acids refer to 1st sequence: Musdom_lys1b)

   1 V   0.00292 0.04052 0.12079 0.20636 0.24315 0.20603 0.12287 0.04736 0.00953 0.00047 ( 5)  0.070
   2 F   0.00000 0.00003 0.00102 0.00999 0.04686 0.13248 0.24536 0.29774 0.21239 0.05413 ( 8)  0.216
   3 T   0.00000 0.00001 0.00047 0.00477 0.02406 0.07600 0.16653 0.26227 0.28850 0.17739 ( 9)  0.284
   4 Q   0.00000 0.00006 0.00235 0.02115 0.08735 0.20540 0.29501 0.25457 0.11673 0.01738 ( 7)  0.170
   5 I   0.21156 0.20357 0.18352 0.15186 0.11293 0.07348 0.04019 0.01727 0.00503 0.00060 ( 1)  0.031
   6 S   0.00000 0.00050 0.00566 0.02576 0.07195 0.14339 0.21610 0.24737 0.20206 0.08722 ( 8)  0.218
   7 I   0.00143 0.02034 0.06496 0.12598 0.18133 0.20627 0.18736 0.13191 0.06513 0.01528 ( 6)  0.119
   8 I   0.00000 0.00000 0.00003 0.00064 0.00603 0.03154 0.10535 0.23688 0.34970 0.26984 ( 9)  0.336
   9 V   0.00000 0.00061 0.00691 0.03100 0.08448 0.16231 0.23189 0.24529 0.17703 0.06047 ( 8)  0.200
  10 T   0.00135 0.01918 0.06152 0.12027 0.17529 0.20310 0.18936 0.13840 0.07242 0.01910 ( 6)  0.124
  11 L   0.00162 0.02298 0.07275 0.13881 0.19457 0.21254 0.18164 0.11656 0.04966 0.00888 ( 6)  0.107
  12 L   0.00000 0.00000 0.00000 0.00001 0.00028 0.00283 0.01818 0.08173 0.26988 0.62709 (10)  0.456
  13 L   0.00000 0.00001 0.00044 0.00459 0.02371 0.07690 0.17281 0.27534 0.29369 0.15251 ( 9)  0.276
  14 L   0.00000 0.00068 0.00763 0.03392 0.09107 0.17122 0.23733 0.24090 0.16460 0.05264 ( 8)  0.192
  15 I   0.00189 0.02666 0.08321 0.15469 0.20832 0.21496 0.17005 0.09845 0.03649 0.00528 ( 6)  0.097
  16 K   0.00000 0.00003 0.00132 0.01319 0.06232 0.17052 0.28722 0.29064 0.15267 0.02208 ( 8)  0.187
  17 E   0.00000 0.00000 0.00000 0.00002 0.00044 0.00437 0.02680 0.11114 0.31680 0.54042 (10)  0.432
  18 A   0.20743 0.20006 0.18147 0.15181 0.11475 0.07629 0.04286 0.01897 0.00568 0.00068 ( 1)  0.033
  19 Q   0.00099 0.01426 0.04700 0.09633 0.15027 0.19019 0.19782 0.16537 0.10277 0.03500 ( 7)  0.147
  20 T   0.00119 0.01696 0.05485 0.10892 0.16277 0.19575 0.19257 0.15181 0.08828 0.02691 ( 6)  0.135
  21 R   0.00000 0.00063 0.00703 0.03154 0.08589 0.16475 0.23444 0.24579 0.17384 0.05610 ( 8)  0.197
  22 R   0.22248 0.21293 0.18917 0.15237 0.10854 0.06621 0.03295 0.01229 0.00285 0.00022 ( 1)  0.028
  23 L   0.21454 0.20614 0.18512 0.15209 0.11181 0.07150 0.03814 0.01581 0.00437 0.00048 ( 1)  0.030
  24 Q   0.18637 0.18140 0.16865 0.14766 0.11997 0.08879 0.05824 0.03227 0.01361 0.00302 ( 1)  0.043
  25 P   0.00149 0.02115 0.06746 0.13043 0.18660 0.20990 0.18678 0.12659 0.05808 0.01151 ( 6)  0.114
  26 C   0.20071 0.19416 0.17757 0.15082 0.11679 0.08050 0.04768 0.02283 0.00775 0.00119 ( 1)  0.036
  27 E   0.21406 0.20572 0.18482 0.15199 0.11194 0.07181 0.03852 0.01611 0.00452 0.00051 ( 1)  0.031
  28 F   0.00144 0.02048 0.06546 0.12710 0.18313 0.20822 0.18825 0.13064 0.06216 0.01313 ( 6)  0.117
  29 A   0.21298 0.20487 0.18449 0.15231 0.11273 0.07265 0.03902 0.01617 0.00436 0.00043 ( 1)  0.031
  30 G   0.22759 0.21721 0.19154 0.15217 0.10608 0.06270 0.02985 0.01047 0.00223 0.00015 ( 1)  0.026
  31 Q   0.18953 0.18423 0.17068 0.14847 0.11940 0.08706 0.05591 0.03007 0.01215 0.00250 ( 1)  0.041
  32 L   0.18147 0.17700 0.16549 0.14638 0.12081 0.09143 0.06182 0.03570 0.01597 0.00393 ( 1)  0.046
  33 Y   0.22206 0.21256 0.18893 0.15231 0.10867 0.06647 0.03325 0.01253 0.00299 0.00025 ( 1)  0.028
  34 I   0.20973 0.20195 0.18240 0.15150 0.11340 0.07460 0.04157 0.01843 0.00568 0.00076 ( 1)  0.032
  35 L   0.18968 0.18439 0.17087 0.14867 0.11957 0.08711 0.05578 0.02978 0.01182 0.00233 ( 1)  0.041
  36 D   0.23959 0.22708 0.19652 0.15088 0.09971 0.05455 0.02333 0.00706 0.00123 0.00006 ( 1)  0.023
  37 V   0.00172 0.02427 0.07617 0.14311 0.19640 0.20937 0.17528 0.11228 0.05038 0.01102 ( 6)  0.107
  38 P   0.00110 0.01578 0.05140 0.10331 0.15714 0.19336 0.19540 0.15853 0.09468 0.02931 ( 7)  0.140
  39 K   0.22684 0.21654 0.19104 0.15198 0.10626 0.06321 0.03049 0.01098 0.00248 0.00019 ( 1)  0.026
  40 E   0.00000 0.00000 0.00000 0.00000 0.00004 0.00106 0.01287 0.08775 0.33636 0.56191 (10)  0.443
  41 E   0.00000 0.00073 0.00811 0.03578 0.09511 0.17632 0.23992 0.23788 0.15778 0.04838 ( 7)  0.188
  42 L   0.00122 0.01739 0.05625 0.11165 0.16651 0.19912 0.19338 0.14861 0.08253 0.02334 ( 6)  0.131
  43 P   0.24738 0.23335 0.19936 0.14951 0.09524 0.04941 0.01960 0.00533 0.00079 0.00003 ( 1)  0.021
  44 L   0.00113 0.01623 0.05268 0.10522 0.15861 0.19297 0.19270 0.15512 0.09358 0.03177 ( 6)  0.140
  45 W   0.16687 0.16374 0.15557 0.14166 0.12226 0.09857 0.07260 0.04694 0.02439 0.00740 ( 1)  0.055
  46 L   0.00122 0.01737 0.05615 0.11130 0.16573 0.19795 0.19239 0.14872 0.08408 0.02510 ( 6)  0.133
  47 C   0.19992 0.19348 0.17711 0.15071 0.11703 0.08100 0.04825 0.02328 0.00799 0.00124 ( 1)  0.036
  48 I   0.20764 0.20014 0.18128 0.15134 0.11419 0.07596 0.04298 0.01945 0.00616 0.00086 ( 1)  0.033
  49 V   0.00146 0.02082 0.06651 0.12896 0.18529 0.20960 0.18776 0.12823 0.05938 0.01199 ( 6)  0.115
  50 Q   0.00000 0.00064 0.00720 0.03205 0.08638 0.16366 0.23037 0.24101 0.17483 0.06386 ( 8)  0.200
  51 Y   0.00170 0.02399 0.07571 0.14355 0.19921 0.21433 0.17906 0.11096 0.04454 0.00696 ( 6)  0.104
  52 E   0.21560 0.20704 0.18562 0.15207 0.11133 0.07079 0.03750 0.01540 0.00421 0.00045 ( 1)  0.030
  53 S   0.26160 0.24452 0.20379 0.14603 0.08657 0.04039 0.01376 0.00301 0.00032 0.00001 ( 1)  0.018
  54 R   0.19951 0.19315 0.17698 0.15084 0.11738 0.08141 0.04852 0.02329 0.00781 0.00111 ( 1)  0.036
  55 F   0.00000 0.00000 0.00000 0.00013 0.00211 0.01698 0.07857 0.22330 0.37953 0.29939 ( 9)  0.354
  56 N   0.00295 0.04086 0.12150 0.20675 0.24242 0.20459 0.12214 0.04788 0.01025 0.00065 ( 5)  0.071
  57 T   0.22359 0.21387 0.18969 0.15234 0.10800 0.06542 0.03225 0.01189 0.00273 0.00021 ( 1)  0.027
  58 H   0.00171 0.02416 0.07608 0.14373 0.19855 0.21272 0.17755 0.11101 0.04622 0.00826 ( 6)  0.105
  59 V   0.00000 0.00000 0.00002 0.00045 0.00439 0.02431 0.08757 0.21648 0.35789 0.30890 ( 9)  0.352
  60 I   0.21156 0.20357 0.18352 0.15186 0.11293 0.07348 0.04019 0.01727 0.00503 0.00060 ( 1)  0.031
  61 G   0.21133 0.20340 0.18347 0.15196 0.11314 0.07368 0.04029 0.01723 0.00495 0.00056 ( 1)  0.031
  62 S   0.00000 0.00000 0.00005 0.00124 0.01106 0.05329 0.15793 0.29767 0.33225 0.14650 ( 9)  0.285
  63 R   0.20272 0.19597 0.17886 0.15133 0.11642 0.07940 0.04620 0.02143 0.00682 0.00088 ( 1)  0.035
  64 N   0.25346 0.23811 0.20122 0.14797 0.09149 0.04555 0.01715 0.00440 0.00062 0.00002 ( 1)  0.020
  65 T   0.00000 0.00002 0.00060 0.00604 0.02985 0.09118 0.18981 0.27646 0.26972 0.13632 ( 8)  0.263
  66 D   0.21893 0.20987 0.18727 0.15211 0.10988 0.06854 0.03536 0.01402 0.00365 0.00037 ( 1)  0.029
  67 G   0.21901 0.21000 0.18748 0.15238 0.11009 0.06856 0.03514 0.01367 0.00339 0.00029 ( 1)  0.029
  68 S   0.22347 0.21378 0.18968 0.15240 0.10811 0.06552 0.03229 0.01186 0.00270 0.00020 ( 1)  0.027
  69 L   0.00000 0.00000 0.00000 0.00000 0.00008 0.00125 0.01140 0.06712 0.26607 0.65409 (10)  0.465
  70 D   0.22510 0.21507 0.19021 0.15201 0.10705 0.06436 0.03154 0.01165 0.00276 0.00024 ( 1)  0.027
  71 Y   0.22339 0.21368 0.18956 0.15228 0.10804 0.06555 0.03242 0.01203 0.00281 0.00023 ( 1)  0.027
  72 G   0.20471 0.19765 0.17982 0.15130 0.11546 0.07796 0.04488 0.02067 0.00663 0.00092 ( 1)  0.034
  73 I   0.21290 0.20469 0.18412 0.15178 0.11226 0.07254 0.03939 0.01682 0.00490 0.00060 ( 1)  0.031
  74 F   0.21035 0.20256 0.18296 0.15191 0.11352 0.07431 0.04092 0.01768 0.00517 0.00061 ( 1)  0.032
  75 Q   0.18793 0.18280 0.16967 0.14809 0.11973 0.08796 0.05709 0.03116 0.01284 0.00273 ( 1)  0.042
  76 I   0.20722 0.19978 0.18103 0.15128 0.11431 0.07623 0.04329 0.01969 0.00629 0.00089 ( 1)  0.033
  77 S   0.25584 0.24005 0.20216 0.14765 0.09018 0.04394 0.01592 0.00380 0.00046 0.00001 ( 1)  0.020
  78 D   0.22134 0.21190 0.18841 0.15205 0.10875 0.06689 0.03388 0.01312 0.00333 0.00033 ( 1)  0.028
  79 K   0.00207 0.02903 0.08987 0.16457 0.21642 0.21566 0.16232 0.08749 0.02911 0.00347 ( 5)  0.091
  80 Y   0.00000 0.00069 0.00775 0.03429 0.09158 0.17111 0.23585 0.23899 0.16485 0.05489 ( 8)  0.193
  81 W   0.16687 0.16374 0.15557 0.14166 0.12226 0.09857 0.07260 0.04694 0.02439 0.00740 ( 1)  0.055
  82 C   0.19956 0.19316 0.17691 0.15067 0.11715 0.08124 0.04851 0.02348 0.00808 0.00126 ( 1)  0.036
  83 K   0.00000 0.00044 0.00499 0.02299 0.06534 0.13342 0.20755 0.24761 0.21431 0.10335 ( 8)  0.229
  84 P   0.00000 0.00093 0.01025 0.04432 0.11399 0.20108 0.25410 0.22513 0.12416 0.02603 ( 7)  0.167
  85 P   0.00000 0.00000 0.00016 0.00177 0.01005 0.03737 0.10162 0.21047 0.32562 0.31295 ( 9)  0.346
  86 K   0.00241 0.03367 0.10256 0.18238 0.22906 0.21352 0.14634 0.06924 0.01912 0.00169 ( 5)  0.081
  87 E   0.00195 0.02740 0.08536 0.15809 0.21152 0.21596 0.16791 0.09440 0.03316 0.00424 ( 6)  0.094
  88 P   0.00224 0.03138 0.09652 0.17456 0.22480 0.21661 0.15446 0.07611 0.02154 0.00177 ( 5)  0.085
  89 Q   0.00000 0.00000 0.00000 0.00000 0.00000 0.00002 0.00039 0.00642 0.08016 0.91301 (10)  0.530
  90 -   0.00000 0.00000 0.00015 0.00161 0.00919 0.03439 0.09455 0.19999 0.32228 0.33784 (10)  0.355
  91 -   0.00000 0.00000 0.00000 0.00009 0.00098 0.00644 0.02953 0.10279 0.28102 0.57916 (10)  0.440
  92 F   0.00000 0.00103 0.01130 0.04819 0.12147 0.20838 0.25420 0.21623 0.11487 0.02434 ( 7)  0.162
  93 H   0.00000 0.00000 0.00009 0.00199 0.01676 0.07418 0.19576 0.31613 0.28958 0.10551 ( 8)  0.260
  94 Y   0.00000 0.00056 0.00629 0.02846 0.07866 0.15415 0.22614 0.24777 0.18789 0.07009 ( 8)  0.207
  95 H   0.00000 0.00001 0.00049 0.00496 0.02491 0.07819 0.17005 0.26511 0.28665 0.16963 ( 9)  0.280
  96 N   0.24027 0.22759 0.19666 0.15062 0.09923 0.05413 0.02313 0.00704 0.00125 0.00007 ( 1)  0.023
  97 E   0.21691 0.20817 0.18632 0.15217 0.11083 0.06993 0.03661 0.01476 0.00391 0.00039 ( 1)  0.030
  98 C   0.20117 0.19457 0.17785 0.15091 0.11666 0.08022 0.04734 0.02254 0.00759 0.00115 ( 1)  0.035
  99 N   0.24006 0.22742 0.19658 0.15065 0.09935 0.05428 0.02324 0.00709 0.00127 0.00007 ( 1)  0.023
 100 V   0.00000 0.00000 0.00000 0.00013 0.00221 0.01762 0.08071 0.22722 0.38234 0.28977 ( 9)  0.350
 101 D   0.00001 0.00130 0.01406 0.05847 0.14163 0.22933 0.25789 0.19563 0.08784 0.01384 ( 7)  0.147
 102 C   0.20006 0.19360 0.17719 0.15072 0.11698 0.08091 0.04815 0.02321 0.00795 0.00124 ( 1)  0.036
 103 M   0.00000 0.00000 0.00000 0.00000 0.00016 0.00226 0.01826 0.09188 0.30023 0.58720 (10)  0.446
 104 D   0.00000 0.00000 0.00002 0.00048 0.00468 0.02540 0.08938 0.21595 0.35197 0.31212 ( 9)  0.352
 105 L   0.19994 0.19346 0.17703 0.15056 0.11686 0.08091 0.04830 0.02345 0.00816 0.00131 ( 1)  0.036
 106 M   0.00198 0.02788 0.08661 0.15958 0.21196 0.21447 0.16531 0.09285 0.03382 0.00552 ( 6)  0.095
 107 Q   0.00099 0.01416 0.04649 0.09472 0.14710 0.18636 0.19588 0.16757 0.10803 0.03869 ( 7)  0.150
 108 D   0.22139 0.21195 0.18846 0.15210 0.10877 0.06688 0.03382 0.01305 0.00327 0.00031 ( 1)  0.028
 109 D   0.21893 0.20987 0.18727 0.15211 0.10988 0.06854 0.03536 0.01402 0.00365 0.00037 ( 1)  0.029
 110 I   0.21011 0.20227 0.18260 0.15152 0.11326 0.07435 0.04131 0.01824 0.00559 0.00074 ( 1)  0.032
 111 T   0.25114 0.23633 0.20058 0.14865 0.09297 0.04698 0.01799 0.00468 0.00066 0.00002 ( 1)  0.021
 112 A   0.00000 0.00001 0.00023 0.00246 0.01332 0.04661 0.11743 0.22267 0.31446 0.28283 ( 9)  0.331
 113 A   0.21069 0.20289 0.18325 0.15212 0.11358 0.07416 0.04059 0.01730 0.00489 0.00053 ( 1)  0.032
 114 V   0.00301 0.04169 0.12372 0.20975 0.24433 0.20388 0.11931 0.04502 0.00886 0.00043 ( 5)  0.069
 115 K   0.00351 0.04815 0.14013 0.22910 0.25182 0.19262 0.09917 0.03090 0.00449 0.00012 ( 5)  0.062
 116 C   0.19956 0.19316 0.17691 0.15067 0.11715 0.08124 0.04851 0.02348 0.00808 0.00126 ( 1)  0.036
 117 A   0.20567 0.19853 0.18049 0.15164 0.11538 0.07746 0.04411 0.01988 0.00609 0.00074 ( 1)  0.033
 118 K   0.00000 0.00001 0.00022 0.00238 0.01307 0.04649 0.11926 0.22938 0.32226 0.26693 ( 9)  0.327
 119 M   0.00000 0.00000 0.00001 0.00031 0.00314 0.01809 0.06866 0.18299 0.34204 0.38477 (10)  0.378
 120 I   0.21302 0.20479 0.18417 0.15177 0.11220 0.07246 0.03932 0.01679 0.00489 0.00060 ( 1)  0.031
 121 R   0.00000 0.00000 0.00000 0.00000 0.00002 0.00041 0.00467 0.03518 0.18947 0.77025 (10)  0.496
 122 K   0.22684 0.21654 0.19104 0.15198 0.10626 0.06321 0.03049 0.01098 0.00248 0.00019 ( 1)  0.026
 123 Q   0.00099 0.01417 0.04648 0.09456 0.14659 0.18543 0.19491 0.16737 0.10918 0.04033 ( 7)  0.151
 124 Q   0.17648 0.17247 0.16213 0.14482 0.12137 0.09392 0.06550 0.03948 0.01876 0.00507 ( 1)  0.049
 125 G   0.21639 0.20774 0.18610 0.15222 0.11111 0.07028 0.03689 0.01491 0.00396 0.00040 ( 1)  0.030
 126 W   0.16687 0.16374 0.15557 0.14166 0.12226 0.09857 0.07260 0.04694 0.02439 0.00740 ( 1)  0.055
 127 S   0.00000 0.00066 0.00735 0.03281 0.08876 0.16852 0.23644 0.24330 0.16831 0.05385 ( 8)  0.194
 128 A   0.20868 0.20114 0.18215 0.15193 0.11431 0.07549 0.04201 0.01833 0.00536 0.00060 ( 1)  0.032
 129 W   0.16687 0.16374 0.15557 0.14166 0.12226 0.09857 0.07260 0.04694 0.02439 0.00740 ( 1)  0.055
 130 S   0.00119 0.01699 0.05508 0.10973 0.16457 0.19832 0.19453 0.15125 0.08480 0.02353 ( 6)  0.133
 131 V   0.23017 0.21932 0.19257 0.15185 0.10468 0.06096 0.02850 0.00978 0.00204 0.00013 ( 1)  0.025
 132 Y   0.22127 0.21190 0.18855 0.15232 0.10902 0.06700 0.03374 0.01284 0.00310 0.00026 ( 1)  0.028
 133 G   0.00001 0.00149 0.01585 0.06477 0.15289 0.23927 0.25757 0.18407 0.07487 0.00921 ( 7)  0.139
 134 E   0.00000 0.00001 0.00058 0.00584 0.02914 0.09015 0.19050 0.28114 0.27368 0.12894 ( 8)  0.261
 135 F   0.00167 0.02365 0.07465 0.14163 0.19685 0.21259 0.17918 0.11328 0.04777 0.00872 ( 6)  0.106
 136 C   0.20183 0.19516 0.17824 0.15101 0.11647 0.07981 0.04686 0.02215 0.00738 0.00109 ( 1)  0.035
 137 N   0.24187 0.22889 0.19726 0.15035 0.09832 0.05307 0.02235 0.00667 0.00116 0.00006 ( 1)  0.023
 138 S   0.00000 0.00000 0.00002 0.00051 0.00494 0.02702 0.09542 0.22865 0.35961 0.28383 ( 9)  0.343
 139 T   0.00231 0.03228 0.09884 0.17737 0.22592 0.21483 0.15120 0.07401 0.02129 0.00196 ( 5)  0.084
 140 N   0.00000 0.00000 0.00001 0.00033 0.00322 0.01805 0.06700 0.17654 0.33398 0.40087 (10)  0.382
 141 T   0.00000 0.00000 0.00000 0.00004 0.00065 0.00597 0.03324 0.12366 0.31674 0.51971 (10)  0.424
 142 V   0.00000 0.00000 0.00010 0.00227 0.01884 0.08191 0.21059 0.32691 0.27866 0.08072 ( 8)  0.248
 143 Y   0.00000 0.00000 0.00000 0.00000 0.00011 0.00168 0.01461 0.08021 0.28918 0.61420 (10)  0.454
 144 Q   0.00000 0.00000 0.00000 0.00000 0.00000 0.00001 0.00032 0.00747 0.10346 0.88874 (10)  0.525
 145 D   0.22207 0.21251 0.18875 0.15202 0.10840 0.06640 0.03344 0.01286 0.00324 0.00032 ( 1)  0.028
 146 I   0.21103 0.20311 0.18322 0.15180 0.11311 0.07381 0.04056 0.01755 0.00517 0.00063 ( 1)  0.032
 147 E   0.00000 0.00062 0.00696 0.03116 0.08465 0.16200 0.23059 0.24363 0.17719 0.06318 ( 8)  0.201
 148 E   0.00000 0.00000 0.00000 0.00000 0.00000 0.00005 0.00109 0.01456 0.13128 0.85302 (10)  0.516
 149 C   0.19994 0.19349 0.17713 0.15071 0.11702 0.08098 0.04823 0.02327 0.00798 0.00124 ( 1)  0.036
 150 F   0.21035 0.20256 0.18296 0.15191 0.11352 0.07431 0.04092 0.01768 0.00517 0.00061 ( 1)  0.032
 151 G   0.00000 0.00000 0.00000 0.00000 0.00006 0.00093 0.00892 0.05616 0.24414 0.68979 (10)  0.475


lnL = -2850.617684


NSsites Model 8: beta&w>1
I	J	ij	2Ns_IJ	pMut_IJ	pSub_IJ	2Ns_JI	pMut_JI	pSub_JI

TTC	TTT	CT	1.02231	0.03413	0.05449	-1.02231	0.09486	0.05449
TTA	TTT	AT	1.55315	0.04966	0.09783	-1.55315	0.23472	0.09783
TTA	TTC	AC	0.53084	0.02405	0.03100	-0.53084	0.04090	0.03100
TTG	TTT	GT	0.03636	0.04966	0.05057	-0.03636	0.05150	0.05057
TTG	TTC	GC	-0.98595	0.02405	0.01411	0.98595	0.00897	0.01411
TTG	TTA	GA	-1.51679	0.22447	0.09570	1.51679	0.04925	0.09570
TCT	TTT	CT	1.32459	0.02522	0.04552	-1.32459	0.09486	0.04552
TCC	TTC	CT	-0.53394	0.02819	0.02133	0.53394	0.01653	0.02133
TCC	TCT	CT	-0.83623	0.02819	0.01803	0.83623	0.01222	0.01803
TCA	TTA	CT	-0.13413	0.05342	0.04991	0.13413	0.04671	0.04991
TCA	TCT	AT	0.09443	0.02751	0.02882	-0.09443	0.03023	0.02882
TCA	TCC	AC	0.93065	0.01332	0.02047	-0.93065	0.03379	0.02047
TCG	TTG	CT	-0.37925	0.06826	0.05613	0.37925	0.04671	0.05613
TCG	TCT	GT	-1.66748	0.03515	0.01363	1.66748	0.00663	0.01363
TCG	TCC	GC	-0.83126	0.01702	0.01092	0.83126	0.00741	0.01092
TCG	TCA	GA	-1.76191	0.15885	0.05803	1.76191	0.02728	0.05803
TAT	TTT	AT	1.09281	0.07870	0.12938	-1.09281	0.23472	0.12938
TAT	TCT	AC	-0.23178	0.03811	0.03387	0.23178	0.03023	0.03387
TAC	TTC	AT	0.51449	0.02445	0.03128	-0.51449	0.04090	0.03128
TAC	TCC	AC	1.04844	0.01184	0.01911	-1.04844	0.03379	0.01911
TAC	TAT	CT	0.44399	0.04748	0.05880	-0.44399	0.07402	0.05880
TGT	TTT	GT	-0.57674	0.09169	0.06777	0.57674	0.05150	0.06777
TGT	TCT	GC	-1.90133	0.04441	0.01483	1.90133	0.00663	0.01483
TGT	TAT	GA	-1.66955	0.41440	0.16053	1.66955	0.07805	0.16053
TGC	TTC	GT	-1.29776	0.03285	0.01602	1.29776	0.00897	0.01602
TGC	TCC	GC	-0.76381	0.01591	0.01060	0.76381	0.00741	0.01060
TGC	TAC	GA	-1.81225	0.14849	0.05252	1.81225	0.02425	0.05252
TGC	TGT	CT	0.30129	0.06380	0.07390	-0.30129	0.08624	0.07390
TGG	TTG	GT	-0.71717	0.05196	0.03553	0.71717	0.02536	0.03553
TGG	TCG	GC	-0.33792	0.02516	0.02115	0.33792	0.01795	0.02115
TGG	TGT	GT	-0.10407	0.05196	0.04930	0.10407	0.04682	0.04930
TGG	TGC	GC	-0.40536	0.02516	0.02041	0.40536	0.01678	0.02041
CTT	TTT	CT	0.97975	0.03561	0.05586	-0.97975	0.09486	0.05586
CTC	TTC	CT	0.61874	0.00890	0.01194	-0.61874	0.01653	0.01194
CTC	CTT	CT	0.66129	0.00890	0.01217	-0.66129	0.01725	0.01217
CTA	TTA	CT	0.45366	0.02968	0.03691	-0.45366	0.04671	0.03691
CTA	CTT	AT	1.02706	0.01528	0.02445	-1.02706	0.04268	0.02445
CTA	CTC	AC	0.36576	0.00740	0.00884	-0.36576	0.01067	0.00884
CTG	TTG	CT	-0.52090	0.07864	0.05993	0.52090	0.04671	0.05993
CTG	CTT	GT	-1.46429	0.04049	0.01784	1.46429	0.00936	0.01784
CTG	CTC	GC	-2.12559	0.01961	0.00565	2.12559	0.00234	0.00565
CTG	CTA	GA	-2.49135	0.18303	0.04116	2.49135	0.01515	0.04116
CCT	TCT	CT	1.00960	0.00445	0.00707	-1.00960	0.01222	0.00707
CCT	CTT	CT	1.35444	0.00445	0.00813	-1.35444	0.01725	0.00813
CCC	TCC	CT	-0.61377	0.02522	0.01827	0.61377	0.01365	0.01827
CCC	CTC	CT	-1.76645	0.02522	0.00919	1.76645	0.00431	0.00919
CCC	CCT	CT	-2.45960	0.02522	0.00580	2.45960	0.00216	0.00580
CCA	TCA	CT	-0.54268	0.04451	0.03352	0.54268	0.02587	0.03352
CCA	CTA	CT	-1.13046	0.04451	0.02400	1.13046	0.01437	0.02400
CCA	CCT	AT	-1.45785	0.02292	0.01014	1.45785	0.00533	0.01014
CCA	CCC	AC	1.00175	0.01110	0.01758	-1.00175	0.03023	0.01758
CCG	TCG	CT	0.33105	0.02374	0.02789	-0.33105	0.03306	0.02789
CCG	CTG	CT	0.47270	0.02374	0.02979	-0.47270	0.03809	0.02979
CCG	CCT	GT	-2.34603	0.01222	0.00304	2.34603	0.00117	0.00304
CCG	CCC	GC	0.11357	0.00592	0.00626	-0.11357	0.00663	0.00626
CCG	CCA	GA	-0.88818	0.05525	0.03430	0.88818	0.02273	0.03430
CAT	TAT	CT	0.50853	0.04451	0.05679	-0.50853	0.07402	0.05679
CAT	CTT	AT	0.62159	0.02292	0.03078	-0.62159	0.04268	0.03078
CAT	CCT	AC	-0.73285	0.01110	0.00753	0.73285	0.00533	0.00753
CAC	TAC	CT	1.64212	0.00445	0.00906	-1.64212	0.02300	0.00906
CAC	CTC	AT	1.53788	0.00229	0.00449	-1.53788	0.01067	0.00449
CAC	CCC	AC	3.30434	0.00111	0.00381	-3.30434	0.03023	0.00381
CAC	CAT	CT	1.57759	0.00445	0.00885	-1.57759	0.02156	0.00885
CAA	CTA	AT	-0.76470	0.07640	0.05088	0.76470	0.03556	0.05088
CAA	CCA	AC	0.36576	0.03700	0.04418	-0.36576	0.05335	0.04418
CAA	CAT	AT	-0.35924	0.07640	0.06350	0.35924	0.05335	0.06350
CAA	CAC	AC	-1.93682	0.03700	0.01207	1.93682	0.00533	0.01207
CAG	CTG	AT	0.72068	0.04584	0.06433	-0.72068	0.09425	0.06433
CAG	CCG	AC	0.24798	0.02220	0.02507	-0.24798	0.02845	0.02507
CAG	CAT	GT	-1.36520	0.04584	0.02146	1.36520	0.01171	0.02146
CAG	CAC	GC	-2.94279	0.02220	0.00364	2.94279	0.00117	0.00364
CAG	CAA	GA	-1.00596	0.20720	0.12017	1.00596	0.07577	0.12017
CGT	TGT	CT	0.30129	0.06380	0.07390	-0.30129	0.08624	0.07390
CGT	CTT	GT	-1.25520	0.03285	0.01644	1.25520	0.00936	0.01644
CGT	CCT	GC	-2.60964	0.01591	0.00330	2.60964	0.00117	0.00330
CGT	CAT	GA	-1.87679	0.14849	0.05037	1.87679	0.02273	0.05037
CGC	TGC	CT	-0.14185	0.03561	0.03315	0.14185	0.03090	0.03315
CGC	CTC	GT	-2.05835	0.01834	0.00552	2.05835	0.00234	0.00552
CGC	CCC	GC	-0.29189	0.00888	0.00765	0.29189	0.00663	0.00765
CGC	CAC	GA	-3.59623	0.08288	0.00841	3.59623	0.00227	0.00841
CGC	CGT	CT	-0.14185	0.03561	0.03315	0.14185	0.03090	0.03315
CGA	CTA	GT	-0.44891	0.01222	0.00969	0.44891	0.00780	0.00969
CGA	CCA	GC	0.68156	0.00592	0.00817	-0.68156	0.01171	0.00817
CGA	CAA	GA	0.31579	0.05525	0.06444	-0.31579	0.07577	0.06444
CGA	CGT	AT	1.83335	0.01222	0.02668	-1.83335	0.07646	0.02668
CGA	CGC	AC	1.97520	0.00592	0.01358	-1.97520	0.04268	0.01358
CGG	TGG	CT	2.80136	0.00297	0.00885	-2.80136	0.04887	0.00885
CGG	CTG	GT	2.60509	0.00153	0.00430	-2.60509	0.02068	0.00430
CGG	CCG	GC	2.13239	0.00074	0.00179	-2.13239	0.00624	0.00179
CGG	CAG	GA	1.88441	0.00691	0.01535	-1.88441	0.04546	0.01535
CGG	CGT	GT	2.39600	0.00153	0.00403	-2.39600	0.01678	0.00403
CGG	CGC	GC	2.53785	0.00074	0.00204	-2.53785	0.00936	0.00204
CGG	CGA	GA	0.56265	0.00691	0.00903	-0.56265	0.01212	0.00903
ATT	TTT	AT	1.13242	0.07564	0.12638	-1.13242	0.23472	0.12638
ATT	CTT	AC	0.15267	0.03663	0.03950	-0.15267	0.04268	0.03950
ATC	TTC	AT	1.41528	0.00993	0.01857	-1.41528	0.04090	0.01857
ATC	CTC	AC	0.79654	0.00481	0.00698	-0.79654	0.01067	0.00698
ATC	ATT	CT	1.30517	0.01929	0.03454	-1.30517	0.07115	0.03454
ATA	TTA	AT	0.32777	0.08328	0.09767	-0.32777	0.11558	0.09767
ATA	CTA	AC	-0.12588	0.04034	0.03785	0.12588	0.03556	0.03785
ATA	ATT	AT	0.74851	0.08328	0.11830	-0.74851	0.17604	0.11830
ATA	ATC	AC	-0.55666	0.04034	0.03014	0.55666	0.02312	0.03014
ATG	TTG	AT	1.61792	0.02292	0.04626	-1.61792	0.11558	0.04626
ATG	CTG	AC	2.13883	0.01110	0.02691	-2.13883	0.09425	0.02691
ATG	ATT	GT	0.52187	0.02292	0.02942	-0.52187	0.03863	0.02942
ATG	ATC	GC	-0.78330	0.01110	0.00732	0.78330	0.00507	0.00732
ATG	ATA	GA	-0.22664	0.10360	0.09230	0.22664	0.08259	0.09230
ACT	TCT	AT	1.59851	0.00611	0.01225	-1.59851	0.03023	0.01225
ACT	CCT	AC	0.58891	0.00296	0.00392	-0.58891	0.00533	0.00392
ACT	ATT	CT	1.79068	0.01187	0.02551	-1.79068	0.07115	0.02551
ACC	TCC	AT	0.74465	0.01604	0.02275	-0.74465	0.03379	0.02275
ACC	CCC	AC	1.35843	0.00777	0.01421	-1.35843	0.03023	0.01421
ACC	ATC	CT	-1.20457	0.03116	0.01607	1.20457	0.00934	0.01607
ACC	ACT	CT	-1.69008	0.03116	0.01191	1.69008	0.00575	0.01191
ACA	TCA	AT	1.53788	0.01375	0.02694	-1.53788	0.06402	0.02694
ACA	CCA	AC	2.08056	0.00666	0.01584	-2.08056	0.05335	0.01584
ACA	ATA	CT	1.07598	0.02671	0.04361	-1.07598	0.07833	0.04361
ACA	ACT	AT	0.03380	0.01375	0.01399	-0.03380	0.01423	0.01399
ACA	ACC	AC	1.72389	0.00666	0.01398	-1.72389	0.03734	0.01398
ACG	TCG	AT	0.46868	0.05119	0.06412	-0.46868	0.08180	0.06412
ACG	CCG	AC	0.13763	0.02479	0.02654	-0.13763	0.02845	0.02654
ACG	ATG	CT	-1.52849	0.09941	0.04208	1.52849	0.02156	0.04208
ACG	ACT	GT	-2.79730	0.05119	0.00930	2.79730	0.00312	0.00930
ACG	ACC	GC	-1.10722	0.02479	0.01355	1.10722	0.00819	0.01355
ACG	ACA	GA	-2.83111	0.23137	0.04103	2.83111	0.01364	0.04103
AAT	TAT	AT	0.76096	0.08557	0.12222	-0.76096	0.18316	0.12222
AAT	CAT	AC	0.25243	0.04145	0.04690	-0.25243	0.05335	0.04690
AAT	ATT	AT	0.72136	0.08557	0.12012	-0.72136	0.17604	0.12012
AAT	ACT	AC	-1.06932	0.04145	0.02316	1.06932	0.01423	0.02316
AAC	TAC	AT	1.67141	0.01070	0.02202	-1.67141	0.05690	0.02202
AAC	CAC	AC	0.02929	0.00518	0.00526	-0.02929	0.00533	0.00526
AAC	ATC	AT	0.77063	0.01070	0.01534	-0.77063	0.02312	0.01534
AAC	ACC	AC	1.97520	0.00518	0.01188	-1.97520	0.03734	0.01188
AAC	AAT	CT	1.35444	0.02077	0.03792	-1.35444	0.08049	0.03792
AAA	CAA	AC	1.47442	0.04071	0.07783	-1.47442	0.17782	0.07783
AAA	ATA	AT	0.83560	0.08405	0.12399	-0.83560	0.19383	0.12399
AAA	ACA	AC	-0.24037	0.04071	0.03601	0.24037	0.03201	0.03601
AAA	AAT	AT	0.86275	0.08405	0.12545	-0.86275	0.19916	0.12545
AAA	AAC	AC	-0.49169	0.04071	0.03151	0.49169	0.02489	0.03151
AAG	CAG	AC	3.26618	0.00407	0.01382	-3.26618	0.10669	0.01382
AAG	ATG	AT	1.84804	0.00840	0.01844	-1.84804	0.05335	0.01844
AAG	ACG	AC	3.37653	0.00407	0.01423	-3.37653	0.11914	0.01423
AAG	AAT	GT	1.64855	0.00840	0.01715	-1.64855	0.04370	0.01715
AAG	AAC	GC	0.29411	0.00407	0.00470	-0.29411	0.00546	0.00470
AAG	AAA	GA	0.78580	0.03799	0.05485	-0.78580	0.08335	0.05485
AGT	TGT	AT	1.89456	0.03209	0.07156	-1.89456	0.21339	0.07156
AGT	CGT	AC	1.59326	0.01554	0.03108	-1.59326	0.07646	0.03108
AGT	ATT	GT	0.18540	0.03209	0.03516	-0.18540	0.03863	0.03516
AGT	ACT	GC	-1.60528	0.01554	0.00627	1.60528	0.00312	0.00627
AGT	AAT	GA	-0.53596	0.14504	0.10963	0.53596	0.08486	0.10963
AGC	TGC	AT	1.83335	0.01222	0.02668	-1.83335	0.07646	0.02668
AGC	CGC	AC	1.97520	0.00592	0.01358	-1.97520	0.04268	0.01358
AGC	ATC	GT	-0.87969	0.01222	0.00763	0.87969	0.00507	0.00763
AGC	ACC	GC	0.32488	0.00592	0.00693	-0.32488	0.00819	0.00693
AGC	AAC	GA	-1.65032	0.05525	0.02167	1.65032	0.01061	0.02167
AGC	AGT	CT	0.24008	0.02374	0.02670	-0.24008	0.03018	0.02670
AGA	CGA	AC	1.70327	0.00518	0.01079	-1.70327	0.02845	0.01079
AGA	ATA	GT	1.38024	0.01070	0.01973	-1.38024	0.04253	0.01973
AGA	ACA	GC	0.30426	0.00518	0.00601	-0.30426	0.00702	0.00601
AGA	AAA	GA	0.54464	0.04835	0.06270	-0.54464	0.08335	0.06270
AGA	AGT	AT	1.94335	0.01070	0.02426	-1.94335	0.07468	0.02426
AGA	AGC	AC	1.70327	0.00518	0.01079	-1.70327	0.02845	0.01079
AGG	TGG	AT	3.67795	0.00306	0.01153	-3.67795	0.12092	0.01153
AGG	CGG	AC	0.87659	0.00148	0.00222	-0.87659	0.00356	0.00222
AGG	ATG	GT	1.34285	0.00306	0.00555	-1.34285	0.01171	0.00555
AGG	ACG	GC	2.87134	0.00148	0.00451	-2.87134	0.02614	0.00451
AGG	AAG	GA	-0.50519	0.01381	0.01062	0.50519	0.00833	0.01062
AGG	AGT	GT	1.67932	0.00306	0.00631	-1.67932	0.01639	0.00631
AGG	AGC	GC	1.43924	0.00148	0.00279	-1.43924	0.00624	0.00279
AGG	AGA	GA	-0.26402	0.01381	0.01207	0.26402	0.01061	0.01207
GTT	TTT	GT	0.74501	0.02445	0.03468	-0.74501	0.05150	0.03468
GTT	CTT	GC	-0.23474	0.01184	0.01051	0.23474	0.00936	0.01051
GTT	ATT	GA	-0.38740	0.11051	0.09048	0.38740	0.07501	0.09048
GTC	TTC	GT	0.26622	0.00688	0.00783	-0.26622	0.00897	0.00783
GTC	CTC	GC	-0.35252	0.00333	0.00278	0.35252	0.00234	0.00278
GTC	ATC	GA	-1.14906	0.03108	0.01657	1.14906	0.00985	0.01657
GTC	GTT	CT	0.54351	0.01335	0.01731	-0.54351	0.02300	0.01731
GTA	TTA	GT	0.66912	0.01299	0.01782	-0.66912	0.02536	0.01782
GTA	CTA	GC	0.21547	0.00629	0.00699	-0.21547	0.00780	0.00699
GTA	ATA	GA	0.34135	0.05871	0.06930	-0.34135	0.08259	0.06930
GTA	GTT	AT	1.47726	0.01299	0.02486	-1.47726	0.05690	0.02486
GTA	GTC	AC	0.93375	0.00629	0.00968	-0.93375	0.01600	0.00968
GTG	TTG	GT	-0.54072	0.04355	0.03283	0.54072	0.02536	0.03283
GTG	CTG	GC	-0.01981	0.02109	0.02088	0.01981	0.02068	0.02088
GTG	ATG	GA	-2.15864	0.19684	0.05548	2.15864	0.02273	0.05548
GTG	GTT	GT	-1.24937	0.04355	0.02187	1.24937	0.01249	0.02187
GTG	GTC	GC	-1.79288	0.02109	0.00755	1.79288	0.00351	0.00755
GTG	GTA	GA	-2.72663	0.19684	0.03758	2.72663	0.01288	0.03758
GCT	TCT	GT	-0.78328	0.01452	0.00957	0.78328	0.00663	0.00957
GCT	CCT	GC	-1.79288	0.00703	0.00252	1.79288	0.00117	0.00252
GCT	ACT	GA	-2.38179	0.06561	0.01591	2.38179	0.00606	0.01591
GCT	GTT	CT	-0.20370	0.02819	0.02542	0.20370	0.02300	0.02542
GCC	TCC	GT	-1.33853	0.02827	0.01345	1.33853	0.00741	0.01345
GCC	CCC	GC	-0.72476	0.01369	0.00932	0.72476	0.00663	0.00932
GCC	ACC	GA	-2.08318	0.12777	0.03786	2.08318	0.01591	0.03786
GCC	GTC	CT	-2.13869	0.05490	0.01568	2.13869	0.00647	0.01568
GCC	GCT	CT	-1.39148	0.05490	0.02529	1.39148	0.01365	0.02529
GCA	TCA	GT	-0.38437	0.02063	0.01692	0.38437	0.01405	0.01692
GCA	CCA	GC	0.15831	0.00999	0.01080	-0.15831	0.01171	0.01080
GCA	ACA	GA	-1.92225	0.09324	0.03071	1.92225	0.01364	0.03071
GCA	GTA	CT	-1.18762	0.04006	0.02087	1.18762	0.01222	0.02087
GCA	GCT	AT	0.49334	0.02063	0.02613	-0.49334	0.03379	0.02613
GCA	GCC	AC	1.88482	0.00999	0.02220	-1.88482	0.06579	0.02220
GCG	TCG	GT	-0.67205	0.03515	0.02465	0.67205	0.01795	0.02465
GCG	CCG	GC	-1.00311	0.01702	0.00989	1.00311	0.00624	0.00989
GCG	ACG	GA	-1.14074	0.15885	0.08511	1.14074	0.05077	0.08511
GCG	GTG	CT	-0.51059	0.06826	0.05231	0.51059	0.04096	0.05231
GCG	GCT	GT	-1.55626	0.03515	0.01462	1.55626	0.00741	0.01462
GCG	GCC	GC	-0.16478	0.01702	0.01566	0.16478	0.01444	0.01566
GCG	GCA	GA	-2.04959	0.15885	0.04813	2.04959	0.02046	0.04813
GAT	TAT	GT	-0.90486	0.09933	0.06107	0.90486	0.04019	0.06107
GAT	CAT	GC	-1.41339	0.04811	0.02186	1.41339	0.01171	0.02186
GAT	AAT	GA	-1.66582	0.44894	0.17432	1.66582	0.08486	0.17432
GAT	GTT	AT	-0.55706	0.09933	0.07422	0.55706	0.05690	0.07422
GAT	GCT	AC	-0.35336	0.04811	0.04011	0.35336	0.03379	0.04011
GAC	TAC	GT	-0.57361	0.02216	0.01641	0.57361	0.01249	0.01641
GAC	CAC	GC	-2.21574	0.01073	0.00291	2.21574	0.00117	0.00291
GAC	AAC	GA	-2.24503	0.10015	0.02664	2.24503	0.01061	0.02664
GAC	GTC	AT	-0.32534	0.02216	0.01875	0.32534	0.01600	0.01875
GAC	GCC	AC	1.81336	0.01073	0.02325	-1.81336	0.06579	0.02325
GAC	GAT	CT	0.77524	0.04303	0.06184	-0.77524	0.09342	0.06184
GAA	CAA	GC	-0.02401	0.03997	0.03949	0.02401	0.03902	0.03949
GAA	AAA	GA	-1.49844	0.37296	0.16084	1.49844	0.08335	0.16084
GAA	GTA	AT	-1.00418	0.08252	0.04791	1.00418	0.03023	0.04791
GAA	GCA	AC	0.18344	0.03997	0.04374	-0.18344	0.04801	0.04374
GAA	GAT	AT	1.03014	0.08252	0.13219	-1.03014	0.23117	0.13219
GAA	GAC	AC	0.25490	0.03997	0.04527	-0.25490	0.05157	0.04527
GAG	CAG	GC	0.43372	0.01517	0.01870	-0.43372	0.02341	0.01870
GAG	AAG	GA	-2.83246	0.14159	0.02509	2.83246	0.00833	0.02509
GAG	GTG	AT	1.17421	0.03133	0.05324	-1.17421	0.10136	0.05324
GAG	GCG	AC	1.68480	0.01517	0.03138	-1.68480	0.08180	0.03138
GAG	GAT	GT	0.48191	0.03133	0.03948	-0.48191	0.05072	0.03948
GAG	GAC	GC	-0.29333	0.01517	0.01306	0.29333	0.01131	0.01306
GAG	GAA	GA	-0.54823	0.14159	0.10630	0.54823	0.08183	0.10630
GGT	TGT	GT	0.20342	0.03820	0.04222	-0.20342	0.04682	0.04222
GGT	CGT	GC	-0.09788	0.01850	0.01761	0.09788	0.01678	0.01761
GGT	AGT	GA	-1.69114	0.17267	0.06598	1.69114	0.03182	0.06598
GGT	GTT	GT	-1.11834	0.03820	0.02074	1.11834	0.01249	0.02074
GGT	GCT	GC	-0.91464	0.01850	0.01131	0.91464	0.00741	0.01131
GGT	GAT	GA	-0.56128	0.17267	0.12872	0.56128	0.09850	0.12872
GGC	TGC	GT	-0.52177	0.02827	0.02153	0.52177	0.01678	0.02153
GGC	CGC	GC	-0.37992	0.01369	0.01126	0.37992	0.00936	0.01126
GGC	AGC	GA	-2.35512	0.12777	0.03155	2.35512	0.01212	0.03155
GGC	GTC	GT	-2.08575	0.02827	0.00836	2.08575	0.00351	0.00836
GGC	GCC	GC	0.05295	0.01369	0.01406	-0.05295	0.01444	0.01406
GGC	GAC	GA	-1.76041	0.12777	0.04672	1.76041	0.02197	0.04672
GGC	GGT	CT	-0.42389	0.05490	0.04408	0.42389	0.03593	0.04408
GGA	CGA	GC	0.34063	0.00444	0.00524	-0.34063	0.00624	0.00524
GGA	AGA	GA	-1.36264	0.04144	0.01943	1.36264	0.01061	0.01943
GGA	GTA	GT	-0.32375	0.00917	0.00776	0.32375	0.00663	0.00776
GGA	GCA	GC	0.86388	0.00444	0.00663	-0.86388	0.01053	0.00663
GGA	GAA	GA	0.68044	0.04144	0.05713	-0.68044	0.08183	0.05713
GGA	GGT	AT	2.27185	0.00917	0.02322	-2.27185	0.08891	0.02322
GGA	GGC	AC	2.69575	0.00444	0.01284	-2.69575	0.06579	0.01284
GGG	TGG	GT	1.46801	0.00611	0.01166	-1.46801	0.02653	0.01166
GGG	CGG	GC	-1.33335	0.00296	0.00141	1.33335	0.00078	0.00141
GGG	AGG	GA	-2.20993	0.02763	0.00752	2.20993	0.00303	0.00752
GGG	GTG	GT	1.29156	0.00611	0.01089	-1.29156	0.02224	0.01089
GGG	GCG	GC	1.80215	0.00296	0.00639	-1.80215	0.01795	0.00639
GGG	GAG	GA	0.11734	0.02763	0.02928	-0.11734	0.03107	0.02928
GGG	GGT	GT	1.16053	0.00611	0.01033	-1.16053	0.01951	0.01033
GGG	GGC	GC	1.58442	0.00296	0.00590	-1.58442	0.01444	0.00590
GGG	GGA	GA	-1.11132	0.02763	0.01506	1.11132	0.00909	0.01506


Histograms
2Ns	FMut	FSub(CodonUsage)	FSubw(after w)

-3.50281	0.01476	0.00201
-3.15253	0.00626	0.00104
-2.80225	0.03584	0.00841
-2.45197	0.02179	0.00655
-2.10168	0.05578	0.02102
-1.75140	0.14663	0.07002
-1.40112	0.09665	0.05537
-1.05084	0.10128	0.07349
-0.70056	0.12882	0.11563
-0.35028	0.10815	0.11570
0.00000	0.04783	0.06151
0.35028	0.07559	0.11570
0.70056	0.06522	0.11563
1.05084	0.03527	0.07349
1.40112	0.02273	0.05537
1.75140	0.02581	0.07002
2.10168	0.00682	0.02102
2.45197	0.00190	0.00655
2.80225	0.00220	0.00841
3.15253	0.00024	0.00104
3.50281	0.00043	0.00201

Proportion of advantageous (S > 0) mutations:
 0.25891

Proportions of good & bad mutations (|S| > 2.0000) among mutations:
0.01008  0.12371

mean |Ns| = 1.19177	mean Ns+ = 0.83016	mean Ns- = -1.31810


MLEs of dN/dS (w) for site classes (K=11)

p:   0.10000  0.10000  0.10000  0.10000  0.10000  0.10000  0.10000  0.10000  0.10000  0.10000  0.00001
w:   0.00023  0.00345  0.01214  0.02809  0.05324  0.09020  0.14303  0.21909  0.33483  0.54999  1.00000

Naive Empirical Bayes (NEB) probabilities for 11 classes & postmean_w
(amino acids refer to 1st sequence: Musdom_lys1b)

   1 V   0.00292 0.04052 0.12079 0.20635 0.24314 0.20603 0.12287 0.04737 0.00953 0.00047 0.00000 ( 5)  0.070
   2 F   0.00000 0.00003 0.00102 0.00999 0.04686 0.13247 0.24535 0.29773 0.21241 0.05415 0.00000 ( 8)  0.216
   3 T   0.00000 0.00001 0.00047 0.00477 0.02406 0.07599 0.16652 0.26226 0.28851 0.17741 0.00000 ( 9)  0.284
   4 Q   0.00000 0.00006 0.00235 0.02115 0.08735 0.20539 0.29500 0.25458 0.11675 0.01739 0.00000 ( 7)  0.170
   5 I   0.21156 0.20357 0.18351 0.15186 0.11293 0.07348 0.04020 0.01727 0.00503 0.00060 0.00000 ( 1)  0.031
   6 S   0.00000 0.00050 0.00566 0.02576 0.07195 0.14338 0.21609 0.24737 0.20207 0.08723 0.00000 ( 8)  0.218
   7 I   0.00143 0.02034 0.06496 0.12598 0.18133 0.20626 0.18736 0.13191 0.06514 0.01529 0.00000 ( 6)  0.119
   8 I   0.00000 0.00000 0.00003 0.00064 0.00603 0.03154 0.10534 0.23687 0.34970 0.26986 0.00001 ( 9)  0.336
   9 V   0.00000 0.00062 0.00691 0.03100 0.08448 0.16230 0.23188 0.24529 0.17704 0.06048 0.00000 ( 8)  0.200
  10 T   0.00135 0.01918 0.06152 0.12027 0.17529 0.20310 0.18936 0.13841 0.07243 0.01910 0.00000 ( 6)  0.124
  11 L   0.00162 0.02298 0.07275 0.13880 0.19456 0.21253 0.18164 0.11657 0.04966 0.00888 0.00000 ( 6)  0.107
  12 L   0.00000 0.00000 0.00000 0.00001 0.00028 0.00283 0.01817 0.08172 0.26985 0.62707 0.00005 (10)  0.456
  13 L   0.00000 0.00001 0.00044 0.00459 0.02370 0.07689 0.17280 0.27532 0.29370 0.15253 0.00000 ( 9)  0.276
  14 L   0.00000 0.00068 0.00763 0.03392 0.09107 0.17121 0.23732 0.24090 0.16461 0.05265 0.00000 ( 8)  0.192
  15 I   0.00189 0.02666 0.08321 0.15469 0.20831 0.21495 0.17005 0.09845 0.03650 0.00528 0.00000 ( 6)  0.097
  16 K   0.00000 0.00003 0.00132 0.01319 0.06232 0.17051 0.28721 0.29064 0.15269 0.02209 0.00000 ( 8)  0.187
  17 E   0.00000 0.00000 0.00000 0.00002 0.00044 0.00437 0.02679 0.11113 0.31678 0.54044 0.00002 (10)  0.432
  18 A   0.20743 0.20006 0.18146 0.15181 0.11475 0.07629 0.04286 0.01897 0.00568 0.00068 0.00000 ( 1)  0.033
  19 Q   0.00099 0.01426 0.04700 0.09633 0.15026 0.19019 0.19782 0.16537 0.10277 0.03500 0.00000 ( 7)  0.147
  20 T   0.00119 0.01696 0.05485 0.10891 0.16276 0.19574 0.19256 0.15182 0.08829 0.02691 0.00000 ( 6)  0.135
  21 R   0.00000 0.00063 0.00703 0.03154 0.08589 0.16474 0.23443 0.24579 0.17385 0.05610 0.00000 ( 8)  0.197
  22 R   0.22248 0.21293 0.18917 0.15237 0.10854 0.06621 0.03295 0.01229 0.00286 0.00022 0.00000 ( 1)  0.028
  23 L   0.21454 0.20614 0.18511 0.15209 0.11181 0.07150 0.03815 0.01581 0.00437 0.00048 0.00000 ( 1)  0.030
  24 Q   0.18637 0.18140 0.16865 0.14766 0.11997 0.08879 0.05824 0.03227 0.01361 0.00303 0.00000 ( 1)  0.043
  25 P   0.00149 0.02115 0.06746 0.13042 0.18659 0.20990 0.18678 0.12659 0.05809 0.01152 0.00000 ( 6)  0.114
  26 C   0.20070 0.19416 0.17757 0.15082 0.11679 0.08050 0.04768 0.02283 0.00775 0.00119 0.00000 ( 1)  0.036
  27 E   0.21406 0.20572 0.18482 0.15199 0.11194 0.07181 0.03852 0.01611 0.00452 0.00051 0.00000 ( 1)  0.031
  28 F   0.00144 0.02048 0.06546 0.12710 0.18312 0.20821 0.18825 0.13065 0.06216 0.01313 0.00000 ( 6)  0.117
  29 A   0.21298 0.20487 0.18449 0.15230 0.11273 0.07266 0.03903 0.01617 0.00436 0.00043 0.00000 ( 1)  0.031
  30 G   0.22759 0.21721 0.19153 0.15217 0.10608 0.06270 0.02985 0.01047 0.00224 0.00015 0.00000 ( 1)  0.026
  31 Q   0.18953 0.18423 0.17067 0.14847 0.11940 0.08706 0.05591 0.03008 0.01215 0.00251 0.00000 ( 1)  0.041
  32 L   0.18147 0.17700 0.16549 0.14638 0.12081 0.09143 0.06182 0.03570 0.01597 0.00393 0.00000 ( 1)  0.046
  33 Y   0.22205 0.21256 0.18892 0.15231 0.10867 0.06647 0.03325 0.01253 0.00299 0.00025 0.00000 ( 1)  0.028
  34 I   0.20973 0.20194 0.18239 0.15149 0.11340 0.07460 0.04157 0.01843 0.00568 0.00076 0.00000 ( 1)  0.032
  35 L   0.18968 0.18439 0.17087 0.14867 0.11957 0.08711 0.05578 0.02978 0.01183 0.00233 0.00000 ( 1)  0.041
  36 D   0.23959 0.22708 0.19651 0.15088 0.09971 0.05455 0.02333 0.00706 0.00123 0.00006 0.00000 ( 1)  0.023
  37 V   0.00172 0.02427 0.07617 0.14311 0.19639 0.20937 0.17528 0.11229 0.05038 0.01103 0.00000 ( 6)  0.107
  38 P   0.00110 0.01578 0.05140 0.10331 0.15714 0.19336 0.19540 0.15853 0.09468 0.02931 0.00000 ( 7)  0.140
  39 K   0.22684 0.21654 0.19104 0.15198 0.10626 0.06321 0.03049 0.01098 0.00248 0.00019 0.00000 ( 1)  0.026
  40 E   0.00000 0.00000 0.00000 0.00000 0.00004 0.00106 0.01287 0.08774 0.33633 0.56195 0.00001 (10)  0.443
  41 E   0.00000 0.00073 0.00811 0.03578 0.09511 0.17631 0.23991 0.23788 0.15779 0.04839 0.00000 ( 7)  0.188
  42 L   0.00122 0.01739 0.05625 0.11165 0.16651 0.19911 0.19337 0.14861 0.08254 0.02335 0.00000 ( 6)  0.131
  43 P   0.24738 0.23335 0.19936 0.14951 0.09524 0.04941 0.01960 0.00533 0.00079 0.00003 0.00000 ( 1)  0.021
  44 L   0.00113 0.01623 0.05268 0.10521 0.15860 0.19297 0.19270 0.15512 0.09359 0.03177 0.00000 ( 6)  0.140
  45 W   0.16687 0.16374 0.15557 0.14165 0.12226 0.09857 0.07260 0.04695 0.02439 0.00740 0.00000 ( 1)  0.055
  46 L   0.00122 0.01737 0.05615 0.11130 0.16572 0.19794 0.19239 0.14872 0.08409 0.02510 0.00000 ( 6)  0.133
  47 C   0.19992 0.19347 0.17711 0.15070 0.11703 0.08100 0.04825 0.02328 0.00799 0.00124 0.00000 ( 1)  0.036
  48 I   0.20763 0.20014 0.18128 0.15134 0.11419 0.07597 0.04299 0.01945 0.00616 0.00086 0.00000 ( 1)  0.033
  49 V   0.00146 0.02082 0.06651 0.12895 0.18529 0.20959 0.18776 0.12824 0.05939 0.01199 0.00000 ( 6)  0.115
  50 Q   0.00000 0.00064 0.00720 0.03205 0.08637 0.16365 0.23036 0.24101 0.17484 0.06387 0.00000 ( 8)  0.200
  51 Y   0.00170 0.02399 0.07571 0.14354 0.19920 0.21432 0.17906 0.11096 0.04455 0.00696 0.00000 ( 6)  0.104
  52 E   0.21559 0.20703 0.18562 0.15207 0.11133 0.07079 0.03750 0.01540 0.00421 0.00045 0.00000 ( 1)  0.030
  53 S   0.26160 0.24452 0.20379 0.14603 0.08657 0.04039 0.01376 0.00301 0.00032 0.00001 0.00000 ( 1)  0.018
  54 R   0.19951 0.19315 0.17698 0.15084 0.11738 0.08141 0.04852 0.02330 0.00781 0.00111 0.00000 ( 1)  0.036
  55 F   0.00000 0.00000 0.00000 0.00013 0.00211 0.01698 0.07856 0.22328 0.37952 0.29942 0.00001 ( 9)  0.354
  56 N   0.00295 0.04086 0.12150 0.20675 0.24241 0.20459 0.12215 0.04789 0.01026 0.00065 0.00000 ( 5)  0.071
  57 T   0.22359 0.21387 0.18969 0.15234 0.10800 0.06543 0.03225 0.01189 0.00273 0.00021 0.00000 ( 1)  0.027
  58 H   0.00171 0.02416 0.07608 0.14373 0.19855 0.21272 0.17755 0.11102 0.04622 0.00826 0.00000 ( 6)  0.105
  59 V   0.00000 0.00000 0.00002 0.00045 0.00439 0.02431 0.08756 0.21646 0.35788 0.30893 0.00001 ( 9)  0.352
  60 I   0.21156 0.20357 0.18351 0.15186 0.11293 0.07348 0.04020 0.01727 0.00503 0.00060 0.00000 ( 1)  0.031
  61 G   0.21133 0.20339 0.18346 0.15196 0.11314 0.07368 0.04029 0.01724 0.00495 0.00056 0.00000 ( 1)  0.031
  62 S   0.00000 0.00000 0.00005 0.00124 0.01106 0.05328 0.15792 0.29765 0.33226 0.14653 0.00000 ( 9)  0.285
  63 R   0.20272 0.19596 0.17885 0.15133 0.11642 0.07940 0.04620 0.02143 0.00682 0.00088 0.00000 ( 1)  0.035
  64 N   0.25346 0.23811 0.20121 0.14797 0.09149 0.04556 0.01715 0.00440 0.00062 0.00002 0.00000 ( 1)  0.020
  65 T   0.00000 0.00002 0.00060 0.00604 0.02984 0.09117 0.18980 0.27646 0.26973 0.13634 0.00000 ( 8)  0.263
  66 D   0.21893 0.20987 0.18727 0.15211 0.10988 0.06854 0.03536 0.01402 0.00365 0.00037 0.00000 ( 1)  0.029
  67 G   0.21901 0.20999 0.18748 0.15238 0.11009 0.06856 0.03514 0.01367 0.00339 0.00029 0.00000 ( 1)  0.029
  68 S   0.22347 0.21378 0.18967 0.15240 0.10811 0.06552 0.03229 0.01187 0.00270 0.00020 0.00000 ( 1)  0.027
  69 L   0.00000 0.00000 0.00000 0.00000 0.00008 0.00125 0.01140 0.06711 0.26604 0.65409 0.00005 (10)  0.465
  70 D   0.22510 0.21507 0.19021 0.15201 0.10705 0.06436 0.03155 0.01166 0.00276 0.00024 0.00000 ( 1)  0.027
  71 Y   0.22339 0.21368 0.18956 0.15228 0.10804 0.06556 0.03243 0.01204 0.00281 0.00023 0.00000 ( 1)  0.027
  72 G   0.20471 0.19765 0.17982 0.15129 0.11546 0.07796 0.04489 0.02067 0.00663 0.00092 0.00000 ( 1)  0.034
  73 I   0.21290 0.20469 0.18412 0.15178 0.11226 0.07254 0.03939 0.01682 0.00490 0.00060 0.00000 ( 1)  0.031
  74 F   0.21035 0.20256 0.18296 0.15191 0.11352 0.07431 0.04092 0.01769 0.00517 0.00061 0.00000 ( 1)  0.032
  75 Q   0.18793 0.18280 0.16967 0.14809 0.11973 0.08797 0.05709 0.03116 0.01284 0.00273 0.00000 ( 1)  0.042
  76 I   0.20722 0.19977 0.18103 0.15127 0.11431 0.07623 0.04329 0.01970 0.00629 0.00089 0.00000 ( 1)  0.033
  77 S   0.25584 0.24005 0.20216 0.14765 0.09018 0.04394 0.01592 0.00380 0.00046 0.00001 0.00000 ( 1)  0.020
  78 D   0.22134 0.21190 0.18841 0.15205 0.10875 0.06690 0.03388 0.01313 0.00333 0.00033 0.00000 ( 1)  0.028
  79 K   0.00207 0.02903 0.08987 0.16457 0.21641 0.21566 0.16232 0.08749 0.02911 0.00347 0.00000 ( 5)  0.091
  80 Y   0.00000 0.00069 0.00775 0.03429 0.09158 0.17110 0.23584 0.23899 0.16486 0.05490 0.00000 ( 8)  0.193
  81 W   0.16687 0.16374 0.15557 0.14165 0.12226 0.09857 0.07260 0.04695 0.02439 0.00740 0.00000 ( 1)  0.055
  82 C   0.19956 0.19316 0.17691 0.15066 0.11715 0.08124 0.04851 0.02348 0.00808 0.00126 0.00000 ( 1)  0.036
  83 K   0.00000 0.00044 0.00499 0.02299 0.06534 0.13341 0.20754 0.24761 0.21432 0.10336 0.00000 ( 8)  0.229
  84 P   0.00000 0.00093 0.01025 0.04432 0.11399 0.20107 0.25409 0.22514 0.12417 0.02604 0.00000 ( 7)  0.167
  85 P   0.00000 0.00000 0.00016 0.00177 0.01005 0.03737 0.10161 0.21045 0.32561 0.31297 0.00001 ( 9)  0.346
  86 K   0.00241 0.03367 0.10256 0.18238 0.22905 0.21351 0.14635 0.06925 0.01913 0.00169 0.00000 ( 5)  0.081
  87 E   0.00195 0.02741 0.08536 0.15809 0.21151 0.21596 0.16791 0.09441 0.03317 0.00424 0.00000 ( 6)  0.094
  88 P   0.00224 0.03139 0.09652 0.17456 0.22479 0.21660 0.15446 0.07612 0.02154 0.00177 0.00000 ( 5)  0.085
  89 Q   0.00000 0.00000 0.00000 0.00000 0.00000 0.00002 0.00039 0.00642 0.08012 0.91258 0.00048 (10)  0.531
  90 -   0.00000 0.00000 0.00015 0.00161 0.00919 0.03439 0.09455 0.19998 0.32227 0.33786 0.00001 (10)  0.355
  91 -   0.00000 0.00000 0.00000 0.00009 0.00098 0.00644 0.02953 0.10277 0.28099 0.57915 0.00005 (10)  0.440
  92 F   0.00000 0.00103 0.01130 0.04819 0.12146 0.20837 0.25419 0.21623 0.11488 0.02434 0.00000 ( 7)  0.162
  93 H   0.00000 0.00000 0.00009 0.00199 0.01675 0.07417 0.19574 0.31612 0.28959 0.10553 0.00000 ( 8)  0.260
  94 Y   0.00000 0.00056 0.00629 0.02846 0.07866 0.15414 0.22613 0.24777 0.18790 0.07010 0.00000 ( 8)  0.207
  95 H   0.00000 0.00001 0.00049 0.00496 0.02490 0.07818 0.17004 0.26510 0.28666 0.16965 0.00000 ( 9)  0.280
  96 N   0.24027 0.22759 0.19666 0.15062 0.09923 0.05414 0.02313 0.00704 0.00125 0.00007 0.00000 ( 1)  0.023
  97 E   0.21691 0.20817 0.18632 0.15216 0.11083 0.06993 0.03661 0.01477 0.00391 0.00039 0.00000 ( 1)  0.030
  98 C   0.20117 0.19457 0.17785 0.15091 0.11666 0.08022 0.04734 0.02254 0.00759 0.00115 0.00000 ( 1)  0.035
  99 N   0.24005 0.22742 0.19658 0.15065 0.09935 0.05428 0.02324 0.00709 0.00127 0.00007 0.00000 ( 1)  0.023
 100 V   0.00000 0.00000 0.00000 0.00013 0.00221 0.01761 0.08070 0.22720 0.38233 0.28981 0.00000 ( 9)  0.350
 101 D   0.00001 0.00130 0.01406 0.05847 0.14163 0.22932 0.25788 0.19564 0.08785 0.01384 0.00000 ( 7)  0.147
 102 C   0.20006 0.19359 0.17719 0.15072 0.11698 0.08091 0.04815 0.02321 0.00796 0.00124 0.00000 ( 1)  0.036
 103 M   0.00000 0.00000 0.00000 0.00000 0.00016 0.00226 0.01826 0.09187 0.30020 0.58721 0.00004 (10)  0.446
 104 D   0.00000 0.00000 0.00002 0.00048 0.00468 0.02539 0.08937 0.21593 0.35196 0.31215 0.00001 ( 9)  0.352
 105 L   0.19994 0.19346 0.17703 0.15056 0.11686 0.08091 0.04831 0.02345 0.00816 0.00131 0.00000 ( 1)  0.036
 106 M   0.00198 0.02788 0.08661 0.15958 0.21196 0.21447 0.16531 0.09286 0.03382 0.00553 0.00000 ( 6)  0.095
 107 Q   0.00099 0.01417 0.04649 0.09472 0.14710 0.18636 0.19588 0.16757 0.10804 0.03869 0.00000 ( 7)  0.150
 108 D   0.22139 0.21195 0.18846 0.15209 0.10877 0.06688 0.03383 0.01305 0.00327 0.00031 0.00000 ( 1)  0.028
 109 D   0.21893 0.20987 0.18727 0.15211 0.10988 0.06854 0.03536 0.01402 0.00365 0.00037 0.00000 ( 1)  0.029
 110 I   0.21011 0.20227 0.18260 0.15152 0.11326 0.07435 0.04131 0.01825 0.00559 0.00074 0.00000 ( 1)  0.032
 111 T   0.25114 0.23632 0.20058 0.14865 0.09297 0.04698 0.01799 0.00468 0.00066 0.00002 0.00000 ( 1)  0.021
 112 A   0.00000 0.00001 0.00023 0.00246 0.01331 0.04660 0.11742 0.22265 0.31446 0.28285 0.00001 ( 9)  0.331
 113 A   0.21069 0.20289 0.18325 0.15212 0.11358 0.07416 0.04060 0.01730 0.00489 0.00053 0.00000 ( 1)  0.032
 114 V   0.00301 0.04169 0.12372 0.20975 0.24432 0.20388 0.11932 0.04503 0.00886 0.00043 0.00000 ( 5)  0.069
 115 K   0.00351 0.04815 0.14013 0.22909 0.25181 0.19262 0.09917 0.03090 0.00449 0.00012 0.00000 ( 5)  0.062
 116 C   0.19956 0.19316 0.17691 0.15066 0.11715 0.08124 0.04851 0.02348 0.00808 0.00126 0.00000 ( 1)  0.036
 117 A   0.20566 0.19853 0.18049 0.15164 0.11538 0.07746 0.04411 0.01988 0.00609 0.00074 0.00000 ( 1)  0.033
 118 K   0.00000 0.00001 0.00022 0.00238 0.01307 0.04649 0.11925 0.22937 0.32226 0.26695 0.00001 ( 9)  0.327
 119 M   0.00000 0.00000 0.00001 0.00031 0.00314 0.01809 0.06865 0.18297 0.34203 0.38479 0.00001 (10)  0.378
 120 I   0.21302 0.20479 0.18417 0.15177 0.11220 0.07246 0.03933 0.01679 0.00489 0.00060 0.00000 ( 1)  0.031
 121 R   0.00000 0.00000 0.00000 0.00000 0.00002 0.00041 0.00466 0.03518 0.18943 0.77017 0.00013 (10)  0.496
 122 K   0.22684 0.21654 0.19104 0.15198 0.10626 0.06321 0.03049 0.01098 0.00248 0.00019 0.00000 ( 1)  0.026
 123 Q   0.00099 0.01417 0.04648 0.09456 0.14658 0.18543 0.19490 0.16737 0.10919 0.04034 0.00000 ( 7)  0.151
 124 Q   0.17648 0.17247 0.16213 0.14481 0.12137 0.09392 0.06551 0.03949 0.01876 0.00507 0.00000 ( 1)  0.049
 125 G   0.21639 0.20774 0.18610 0.15222 0.11111 0.07029 0.03690 0.01491 0.00396 0.00040 0.00000 ( 1)  0.030
 126 W   0.16687 0.16374 0.15557 0.14165 0.12226 0.09857 0.07260 0.04695 0.02439 0.00740 0.00000 ( 1)  0.055
 127 S   0.00000 0.00066 0.00735 0.03281 0.08875 0.16851 0.23643 0.24330 0.16832 0.05386 0.00000 ( 8)  0.194
 128 A   0.20868 0.20114 0.18215 0.15193 0.11431 0.07549 0.04201 0.01833 0.00536 0.00060 0.00000 ( 1)  0.032
 129 W   0.16687 0.16374 0.15557 0.14165 0.12226 0.09857 0.07260 0.04695 0.02439 0.00740 0.00000 ( 1)  0.055
 130 S   0.00119 0.01699 0.05508 0.10973 0.16457 0.19832 0.19453 0.15125 0.08480 0.02354 0.00000 ( 6)  0.133
 131 V   0.23017 0.21932 0.19257 0.15185 0.10468 0.06096 0.02850 0.00979 0.00204 0.00013 0.00000 ( 1)  0.025
 132 Y   0.22127 0.21189 0.18855 0.15232 0.10902 0.06700 0.03374 0.01284 0.00310 0.00026 0.00000 ( 1)  0.028
 133 G   0.00001 0.00149 0.01585 0.06477 0.15288 0.23926 0.25757 0.18408 0.07488 0.00922 0.00000 ( 7)  0.139
 134 E   0.00000 0.00001 0.00058 0.00584 0.02914 0.09014 0.19049 0.28114 0.27369 0.12896 0.00000 ( 8)  0.261
 135 F   0.00167 0.02365 0.07465 0.14162 0.19684 0.21258 0.17918 0.11329 0.04778 0.00873 0.00000 ( 6)  0.106
 136 C   0.20183 0.19516 0.17823 0.15101 0.11647 0.07981 0.04687 0.02216 0.00738 0.00109 0.00000 ( 1)  0.035
 137 N   0.24187 0.22888 0.19726 0.15035 0.09832 0.05307 0.02235 0.00667 0.00116 0.00006 0.00000 ( 1)  0.023
 138 S   0.00000 0.00000 0.00002 0.00051 0.00494 0.02702 0.09541 0.22863 0.35961 0.28386 0.00000 ( 9)  0.343
 139 T   0.00231 0.03228 0.09884 0.17736 0.22591 0.21482 0.15121 0.07401 0.02129 0.00196 0.00000 ( 5)  0.084
 140 N   0.00000 0.00000 0.00001 0.00033 0.00322 0.01805 0.06700 0.17652 0.33397 0.40088 0.00002 (10)  0.382
 141 T   0.00000 0.00000 0.00000 0.00004 0.00065 0.00597 0.03323 0.12365 0.31671 0.51972 0.00004 (10)  0.424
 142 V   0.00000 0.00000 0.00010 0.00227 0.01884 0.08190 0.21057 0.32690 0.27868 0.08074 0.00000 ( 8)  0.248
 143 Y   0.00000 0.00000 0.00000 0.00000 0.00011 0.00168 0.01460 0.08020 0.28915 0.61421 0.00003 (10)  0.454
 144 Q   0.00000 0.00000 0.00000 0.00000 0.00000 0.00001 0.00032 0.00747 0.10343 0.88860 0.00017 (10)  0.525
 145 D   0.22207 0.21251 0.18874 0.15202 0.10840 0.06640 0.03344 0.01286 0.00324 0.00032 0.00000 ( 1)  0.028
 146 I   0.21103 0.20311 0.18322 0.15180 0.11311 0.07381 0.04057 0.01755 0.00517 0.00063 0.00000 ( 1)  0.032
 147 E   0.00000 0.00062 0.00696 0.03116 0.08465 0.16199 0.23059 0.24363 0.17720 0.06319 0.00000 ( 8)  0.201
 148 E   0.00000 0.00000 0.00000 0.00000 0.00000 0.00005 0.00109 0.01455 0.13125 0.85288 0.00019 (10)  0.517
 149 C   0.19994 0.19349 0.17712 0.15071 0.11702 0.08098 0.04824 0.02327 0.00798 0.00124 0.00000 ( 1)  0.036
 150 F   0.21035 0.20256 0.18296 0.15191 0.11352 0.07431 0.04092 0.01769 0.00517 0.00061 0.00000 ( 1)  0.032
 151 G   0.00000 0.00000 0.00000 0.00000 0.00006 0.00093 0.00892 0.05615 0.24411 0.68977 0.00006 (10)  0.475

Positively selected sites

	Prob(w>1)  mean w



lnL = -2850.617743

Bayes Empirical Bayes (BEB) probabilities for 11 classes (class) & postmean_w
(amino acids refer to 1st sequence: Musdom_lys1b)

   1 V   0.90162 0.08144 0.01397 0.00243 0.00044 0.00008 0.00002 0.00000 0.00000 0.00000 0.00000 ( 1)  0.062 +-  0.039
   2 F   0.27710 0.32058 0.22371 0.10883 0.04470 0.01666 0.00580 0.00189 0.00057 0.00015 0.00001 ( 2)  0.191 +-  0.130
   3 T   0.15031 0.23507 0.23257 0.16556 0.10180 0.05762 0.03068 0.01535 0.00703 0.00282 0.00120 ( 2)  0.278 +-  0.182
   4 Q   0.45263 0.32755 0.14778 0.04994 0.01546 0.00468 0.00140 0.00041 0.00011 0.00003 0.00000 ( 1)  0.137 +-  0.103
   5 I   0.92735 0.05687 0.01179 0.00289 0.00078 0.00022 0.00007 0.00002 0.00001 0.00000 0.00000 ( 1)  0.059 +-  0.038
   6 S   0.39374 0.24938 0.16942 0.09537 0.04912 0.02396 0.01117 0.00494 0.00201 0.00069 0.00020 ( 1)  0.182 +-  0.152
   7 I   0.75807 0.15066 0.05691 0.02140 0.00809 0.00307 0.00116 0.00043 0.00015 0.00004 0.00001 ( 1)  0.089 +-  0.084
   8 I   0.03750 0.16244 0.24303 0.21568 0.15047 0.09185 0.05137 0.02669 0.01267 0.00532 0.00299 ( 3)  0.354 +-  0.188
   9 V   0.44494 0.25595 0.15664 0.07918 0.03656 0.01599 0.00670 0.00267 0.00098 0.00031 0.00006 ( 1)  0.160 +-  0.135
  10 T   0.74302 0.15503 0.06152 0.02434 0.00970 0.00390 0.00156 0.00062 0.00023 0.00007 0.00002 ( 1)  0.093 +-  0.090
  11 L   0.78952 0.14037 0.04687 0.01551 0.00516 0.00173 0.00058 0.00019 0.00006 0.00002 0.00000 ( 1)  0.082 +-  0.073
  12 L   0.00128 0.02465 0.08683 0.14867 0.17846 0.17238 0.14241 0.10280 0.06371 0.03115 0.04767 ( 5)  0.578 +-  0.283
  13 L   0.14965 0.24715 0.24612 0.16911 0.09713 0.05013 0.02393 0.01063 0.00429 0.00152 0.00033 ( 2)  0.266 +-  0.166
  14 L   0.46976 0.25560 0.14835 0.07166 0.03194 0.01363 0.00564 0.00225 0.00083 0.00027 0.00007 ( 1)  0.152 +-  0.130
  15 I   0.82153 0.12605 0.03688 0.01085 0.00325 0.00100 0.00031 0.00009 0.00003 0.00001 0.00000 ( 1)  0.075 +-  0.063
  16 K   0.35015 0.35368 0.19285 0.07188 0.02264 0.00649 0.00174 0.00044 0.00010 0.00002 0.00000 ( 2)  0.159 +-  0.109
  17 E   0.00230 0.04058 0.12799 0.19244 0.20073 0.16779 0.12000 0.07528 0.04091 0.01814 0.01384 ( 5)  0.495 +-  0.221
  18 A   0.92303 0.05970 0.01283 0.00322 0.00087 0.00025 0.00007 0.00002 0.00001 0.00000 0.00000 ( 1)  0.060 +-  0.039
  19 Q   0.67532 0.17475 0.08219 0.03753 0.01696 0.00761 0.00337 0.00144 0.00057 0.00019 0.00007 ( 1)  0.110 +-  0.110
  20 T   0.71075 0.16378 0.07170 0.03099 0.01331 0.00566 0.00237 0.00095 0.00035 0.00011 0.00003 ( 1)  0.101 +-  0.100
  21 R   0.45055 0.25762 0.15565 0.07721 0.03480 0.01478 0.00599 0.00230 0.00081 0.00024 0.00004 ( 1)  0.158 +-  0.132
  22 R   0.94117 0.04837 0.00831 0.00168 0.00037 0.00009 0.00002 0.00000 0.00000 0.00000 0.00000 ( 1)  0.057 +-  0.032
  23 L   0.93129 0.05449 0.01078 0.00253 0.00066 0.00018 0.00005 0.00002 0.00000 0.00000 0.00000 ( 1)  0.059 +-  0.036
  24 Q   0.88908 0.07687 0.02221 0.00748 0.00272 0.00103 0.00039 0.00015 0.00005 0.00002 0.00000 ( 1)  0.066 +-  0.055
  25 P   0.77052 0.14787 0.05297 0.01865 0.00654 0.00229 0.00079 0.00027 0.00008 0.00002 0.00000 ( 1)  0.085 +-  0.078
  26 C   0.91298 0.06517 0.01555 0.00435 0.00132 0.00042 0.00014 0.00005 0.00001 0.00000 0.00000 ( 1)  0.062 +-  0.044
  27 E   0.93045 0.05497 0.01101 0.00262 0.00069 0.00019 0.00006 0.00002 0.00000 0.00000 0.00000 ( 1)  0.059 +-  0.037
  28 F   0.76218 0.15061 0.05567 0.02022 0.00730 0.00263 0.00094 0.00032 0.00010 0.00003 0.00000 ( 1)  0.087 +-  0.081
  29 A   0.93047 0.05531 0.01089 0.00249 0.00062 0.00016 0.00004 0.00001 0.00000 0.00000 0.00000 ( 1)  0.059 +-  0.036
  30 G   0.94650 0.04472 0.00710 0.00133 0.00027 0.00006 0.00001 0.00000 0.00000 0.00000 0.00000 ( 1)  0.056 +-  0.030
  31 Q   0.89461 0.07433 0.02066 0.00671 0.00235 0.00086 0.00032 0.00012 0.00004 0.00001 0.00000 ( 1)  0.065 +-  0.052
  32 L   0.88052 0.08069 0.02459 0.00871 0.00332 0.00132 0.00053 0.00021 0.00008 0.00002 0.00001 ( 1)  0.068 +-  0.059
  33 Y   0.94044 0.04876 0.00851 0.00176 0.00040 0.00010 0.00002 0.00001 0.00000 0.00000 0.00000 ( 1)  0.057 +-  0.032
  34 I   0.92415 0.05857 0.01268 0.00327 0.00093 0.00028 0.00009 0.00003 0.00001 0.00000 0.00000 ( 1)  0.060 +-  0.040
  35 L   0.89556 0.07408 0.02037 0.00651 0.00224 0.00080 0.00029 0.00010 0.00004 0.00001 0.00000 ( 1)  0.065 +-  0.052
  36 D   0.95738 0.03685 0.00483 0.00076 0.00014 0.00003 0.00001 0.00000 0.00000 0.00000 0.00000 ( 1)  0.055 +-  0.025
  37 V   0.79510 0.13464 0.04531 0.01583 0.00574 0.00214 0.00080 0.00030 0.00010 0.00003 0.00001 ( 1)  0.081 +-  0.075
  38 P   0.69534 0.16912 0.07663 0.03380 0.01466 0.00626 0.00261 0.00104 0.00038 0.00012 0.00002 ( 1)  0.104 +-  0.103
  39 K   0.94494 0.04563 0.00752 0.00148 0.00033 0.00008 0.00002 0.00000 0.00000 0.00000 0.00000 ( 1)  0.057 +-  0.030
  40 E   0.00022 0.02181 0.11936 0.21826 0.23424 0.18366 0.11663 0.06289 0.02889 0.01088 0.00317 ( 5)  0.479 +-  0.177
  41 E   0.48450 0.25458 0.14343 0.06760 0.02951 0.01237 0.00503 0.00197 0.00072 0.00022 0.00005 ( 1)  0.148 +-  0.127
  42 L   0.72027 0.16262 0.06872 0.02853 0.01180 0.00487 0.00199 0.00079 0.00029 0.00009 0.00003 ( 1)  0.098 +-  0.096
  43 P   0.96357 0.03217 0.00367 0.00050 0.00008 0.00001 0.00000 0.00000 0.00000 0.00000 0.00000 ( 1)  0.054 +-  0.023
  44 L   0.69921 0.16584 0.07465 0.03337 0.01498 0.00675 0.00304 0.00133 0.00055 0.00019 0.00010 ( 1)  0.104 +-  0.106
  45 W   0.85289 0.09208 0.03244 0.01302 0.00551 0.00238 0.00103 0.00043 0.00017 0.00005 0.00002 ( 1)  0.074 +-  0.071
  46 L   0.71829 0.16212 0.06915 0.02920 0.01236 0.00524 0.00222 0.00092 0.00035 0.00011 0.00004 ( 1)  0.099 +-  0.098
  47 C   0.91184 0.06580 0.01586 0.00448 0.00137 0.00044 0.00015 0.00005 0.00002 0.00000 0.00000 ( 1)  0.062 +-  0.044
  48 I   0.92148 0.06014 0.01336 0.00353 0.00103 0.00032 0.00010 0.00003 0.00001 0.00000 0.00000 ( 1)  0.060 +-  0.041
  49 V   0.76725 0.14923 0.05397 0.01915 0.00676 0.00239 0.00084 0.00029 0.00009 0.00002 0.00000 ( 1)  0.086 +-  0.079
  50 Q   0.45179 0.25200 0.15258 0.07780 0.03685 0.01676 0.00738 0.00311 0.00121 0.00040 0.00011 ( 1)  0.160 +-  0.138
  51 Y   0.80020 0.13647 0.04348 0.01364 0.00428 0.00134 0.00042 0.00013 0.00004 0.00001 0.00000 ( 1)  0.079 +-  0.069
  52 E   0.93238 0.05379 0.01052 0.00245 0.00063 0.00017 0.00005 0.00001 0.00000 0.00000 0.00000 ( 1)  0.059 +-  0.036
  53 S   0.97327 0.02439 0.00209 0.00022 0.00003 0.00000 0.00000 0.00000 0.00000 0.00000 0.00000 ( 1)  0.053 +-  0.019
  54 R   0.91205 0.06599 0.01576 0.00435 0.00128 0.00039 0.00012 0.00004 0.00001 0.00000 0.00000 ( 1)  0.062 +-  0.044
  55 F   0.01254 0.12582 0.24400 0.23792 0.16984 0.10273 0.05629 0.02865 0.01339 0.00559 0.00323 ( 3)  0.376 +-  0.182
  56 N   0.90117 0.08118 0.01432 0.00265 0.00053 0.00011 0.00003 0.00001 0.00000 0.00000 0.00000 ( 1)  0.062 +-  0.040
  57 T   0.94232 0.04756 0.00805 0.00161 0.00035 0.00008 0.00002 0.00001 0.00000 0.00000 0.00000 ( 1)  0.057 +-  0.031
  58 H   0.79918 0.13555 0.04387 0.01427 0.00473 0.00159 0.00054 0.00018 0.00006 0.00002 0.00000 ( 1)  0.080 +-  0.071
  59 V   0.02718 0.13646 0.23001 0.22363 0.16624 0.10521 0.05943 0.03044 0.01393 0.00553 0.00193 ( 3)  0.372 +-  0.184
  60 I   0.92735 0.05687 0.01179 0.00289 0.00078 0.00022 0.00007 0.00002 0.00001 0.00000 0.00000 ( 1)  0.059 +-  0.038
  61 G   0.92751 0.05690 0.01171 0.00284 0.00075 0.00021 0.00006 0.00002 0.00000 0.00000 0.00000 ( 1)  0.059 +-  0.038
  62 S   0.07099 0.24422 0.28934 0.20132 0.10892 0.05099 0.02165 0.00847 0.00302 0.00096 0.00011 ( 3)  0.284 +-  0.150
  63 R   0.91679 0.06340 0.01447 0.00382 0.00108 0.00031 0.00009 0.00003 0.00001 0.00000 0.00000 ( 1)  0.061 +-  0.042
  64 N   0.96729 0.02913 0.00309 0.00041 0.00006 0.00001 0.00000 0.00000 0.00000 0.00000 0.00000 ( 1)  0.054 +-  0.021
  65 T   0.18457 0.26322 0.23485 0.15083 0.08430 0.04382 0.02165 0.01015 0.00438 0.00167 0.00058 ( 2)  0.250 +-  0.168
  66 D   0.93618 0.05135 0.00960 0.00215 0.00053 0.00014 0.00004 0.00001 0.00000 0.00000 0.00000 ( 1)  0.058 +-  0.034
  67 G   0.93725 0.05093 0.00925 0.00197 0.00046 0.00011 0.00003 0.00001 0.00000 0.00000 0.00000 ( 1)  0.058 +-  0.033
  68 S   0.94240 0.04756 0.00801 0.00159 0.00034 0.00008 0.00002 0.00000 0.00000 0.00000 0.00000 ( 1)  0.057 +-  0.031
  69 L   0.00035 0.01656 0.07905 0.15382 0.19312 0.18636 0.14969 0.10331 0.06063 0.02799 0.02913 ( 5)  0.562 +-  0.245
  70 D   0.94292 0.04691 0.00800 0.00165 0.00038 0.00010 0.00003 0.00001 0.00000 0.00000 0.00000 ( 1)  0.057 +-  0.031
  71 Y   0.94187 0.04780 0.00818 0.00166 0.00037 0.00009 0.00002 0.00001 0.00000 0.00000 0.00000 ( 1)  0.057 +-  0.032
  72 G   0.91849 0.06210 0.01409 0.00375 0.00109 0.00033 0.00010 0.00003 0.00001 0.00000 0.00000 ( 1)  0.061 +-  0.042
  73 I   0.92846 0.05605 0.01155 0.00284 0.00077 0.00022 0.00007 0.00002 0.00001 0.00000 0.00000 ( 1)  0.059 +-  0.038
  74 F   0.92630 0.05760 0.01202 0.00296 0.00080 0.00023 0.00007 0.00002 0.00001 0.00000 0.00000 ( 1)  0.060 +-  0.038
  75 Q   0.89193 0.07561 0.02141 0.00707 0.00251 0.00093 0.00035 0.00013 0.00005 0.00001 0.00000 ( 1)  0.066 +-  0.054
  76 I   0.92083 0.06050 0.01354 0.00360 0.00105 0.00033 0.00010 0.00003 0.00001 0.00000 0.00000 ( 1)  0.061 +-  0.041
  77 S   0.96974 0.02730 0.00262 0.00030 0.00004 0.00001 0.00000 0.00000 0.00000 0.00000 0.00000 ( 1)  0.053 +-  0.020
  78 D   0.93867 0.04967 0.00902 0.00198 0.00048 0.00013 0.00004 0.00001 0.00000 0.00000 0.00000 ( 1)  0.058 +-  0.033
  79 K   0.83979 0.11737 0.03126 0.00838 0.00229 0.00064 0.00018 0.00005 0.00001 0.00000 0.00000 ( 1)  0.072 +-  0.058
  80 Y   0.47149 0.25331 0.14702 0.07176 0.03254 0.01418 0.00599 0.00243 0.00092 0.00029 0.00007 ( 1)  0.153 +-  0.132
  81 W   0.85289 0.09208 0.03244 0.01302 0.00551 0.00238 0.00103 0.00043 0.00017 0.00005 0.00002 ( 1)  0.074 +-  0.071
  82 C   0.91137 0.06608 0.01598 0.00452 0.00139 0.00045 0.00015 0.00005 0.00001 0.00000 0.00000 ( 1)  0.062 +-  0.045
  83 K   0.36452 0.24512 0.17561 0.10387 0.05624 0.02894 0.01432 0.00676 0.00295 0.00111 0.00055 ( 1)  0.195 +-  0.162
  84 P   0.54874 0.25245 0.12239 0.04905 0.01801 0.00629 0.00212 0.00068 0.00020 0.00005 0.00000 ( 1)  0.127 +-  0.108
  85 P   0.06266 0.14902 0.20840 0.19624 0.15114 0.10257 0.06329 0.03574 0.01809 0.00786 0.00500 ( 3)  0.369 +-  0.211
  86 K   0.86854 0.10171 0.02287 0.00524 0.00124 0.00030 0.00008 0.00002 0.00000 0.00000 0.00000 ( 1)  0.067 +-  0.049
  87 E   0.82851 0.12326 0.03464 0.00972 0.00276 0.00079 0.00023 0.00007 0.00002 0.00000 0.00000 ( 1)  0.074 +-  0.061
  88 P   0.85781 0.10880 0.02564 0.00595 0.00138 0.00032 0.00007 0.00002 0.00000 0.00000 0.00000 ( 1)  0.069 +-  0.051
  89 Q   0.00000 0.00025 0.00413 0.02042 0.05470 0.10005 0.13924 0.15462 0.13610 0.08278 0.30771 (11)  0.967 +-  0.438
  90 -   0.05665 0.13767 0.19824 0.19359 0.15517 0.10966 0.07035 0.04118 0.02150 0.00954 0.00645 ( 3)  0.385 +-  0.218
  91 -   0.00482 0.03951 0.10401 0.15524 0.17378 0.16222 0.13215 0.09518 0.05929 0.02936 0.04444 ( 5)  0.557 +-  0.285
  92 F   0.57178 0.24573 0.11339 0.04423 0.01617 0.00575 0.00201 0.00068 0.00022 0.00006 0.00001 ( 1)  0.122 +-  0.105
  93 H   0.10643 0.29415 0.28607 0.16933 0.08174 0.03621 0.01553 0.00654 0.00265 0.00100 0.00036 ( 2)  0.256 +-  0.147
  94 Y   0.42182 0.25497 0.16328 0.08609 0.04142 0.01888 0.00825 0.00343 0.00132 0.00043 0.00011 ( 1)  0.169 +-  0.142
  95 H   0.15553 0.23965 0.23392 0.16398 0.09910 0.05506 0.02878 0.01414 0.00636 0.00251 0.00097 ( 2)  0.273 +-  0.178
  96 N   0.95745 0.03672 0.00486 0.00078 0.00014 0.00003 0.00001 0.00000 0.00000 0.00000 0.00000 ( 1)  0.055 +-  0.025
  97 E   0.93415 0.05273 0.01006 0.00228 0.00057 0.00015 0.00004 0.00001 0.00000 0.00000 0.00000 ( 1)  0.058 +-  0.035
  98 C   0.91371 0.06479 0.01534 0.00426 0.00129 0.00041 0.00013 0.00004 0.00001 0.00000 0.00000 ( 1)  0.062 +-  0.044
  99 N   0.95728 0.03685 0.00490 0.00079 0.00015 0.00003 0.00001 0.00000 0.00000 0.00000 0.00000 ( 1)  0.055 +-  0.025
 100 V   0.01328 0.13018 0.24964 0.24136 0.17001 0.10033 0.05282 0.02542 0.01108 0.00429 0.00159 ( 3)  0.368 +-  0.172
 101 D   0.62937 0.23264 0.09245 0.03122 0.00993 0.00308 0.00094 0.00028 0.00008 0.00002 0.00000 ( 1)  0.107 +-  0.092
 102 C   0.91202 0.06570 0.01581 0.00446 0.00137 0.00044 0.00015 0.00005 0.00002 0.00000 0.00000 ( 1)  0.062 +-  0.044
 103 M   0.00073 0.02706 0.10593 0.17611 0.19619 0.17368 0.13162 0.08773 0.05071 0.02365 0.02660 ( 5)  0.533 +-  0.246
 104 D   0.02876 0.13790 0.22637 0.21824 0.16336 0.10547 0.06145 0.03276 0.01573 0.00657 0.00337 ( 3)  0.376 +-  0.193
 105 L   0.91130 0.06596 0.01604 0.00459 0.00143 0.00047 0.00016 0.00005 0.00002 0.00000 0.00000 ( 1)  0.062 +-  0.045
 106 M   0.82999 0.12113 0.03419 0.00999 0.00310 0.00103 0.00037 0.00014 0.00005 0.00001 0.00001 ( 1)  0.074 +-  0.063
 107 Q   0.66703 0.17477 0.08482 0.03995 0.01852 0.00848 0.00381 0.00165 0.00066 0.00022 0.00009 ( 1)  0.112 +-  0.114
 108 D   0.93891 0.04958 0.00894 0.00194 0.00047 0.00012 0.00003 0.00001 0.00000 0.00000 0.00000 ( 1)  0.058 +-  0.033
 109 D   0.93618 0.05135 0.00960 0.00215 0.00053 0.00014 0.00004 0.00001 0.00000 0.00000 0.00000 ( 1)  0.058 +-  0.034
 110 I   0.92463 0.05828 0.01255 0.00323 0.00091 0.00028 0.00009 0.00003 0.00001 0.00000 0.00000 ( 1)  0.060 +-  0.039
 111 T   0.96613 0.03012 0.00324 0.00043 0.00006 0.00001 0.00000 0.00000 0.00000 0.00000 0.00000 ( 1)  0.054 +-  0.022
 112 A   0.08264 0.16914 0.21230 0.18626 0.13774 0.09190 0.05679 0.03257 0.01692 0.00760 0.00614 ( 3)  0.352 +-  0.217
 113 A   0.92743 0.05712 0.01168 0.00279 0.00072 0.00020 0.00005 0.00002 0.00000 0.00000 0.00000 ( 1)  0.059 +-  0.037
 114 V   0.90534 0.07875 0.01316 0.00225 0.00040 0.00008 0.00001 0.00000 0.00000 0.00000 0.00000 ( 1)  0.061 +-  0.038
 115 K   0.92701 0.06351 0.00823 0.00108 0.00015 0.00002 0.00000 0.00000 0.00000 0.00000 0.00000 ( 1)  0.058 +-  0.032
 116 C   0.91137 0.06608 0.01598 0.00452 0.00139 0.00045 0.00015 0.00005 0.00001 0.00000 0.00000 ( 1)  0.062 +-  0.045
 117 A   0.92071 0.06110 0.01344 0.00343 0.00094 0.00027 0.00008 0.00002 0.00001 0.00000 0.00000 ( 1)  0.060 +-  0.040
 118 K   0.08253 0.17483 0.22255 0.19339 0.13869 0.08820 0.05125 0.02737 0.01315 0.00546 0.00259 ( 3)  0.339 +-  0.198
 119 M   0.01852 0.10376 0.19323 0.20923 0.17502 0.12582 0.08130 0.04783 0.02514 0.01127 0.00887 ( 4)  0.420 +-  0.216
 120 I   0.92854 0.05599 0.01153 0.00284 0.00077 0.00022 0.00007 0.00002 0.00001 0.00000 0.00000 ( 1)  0.059 +-  0.038
 121 R   0.00007 0.00523 0.03397 0.08535 0.13568 0.16405 0.16351 0.13838 0.09786 0.05166 0.12425 ( 6)  0.722 +-  0.352
 122 K   0.94494 0.04563 0.00752 0.00148 0.00033 0.00008 0.00002 0.00000 0.00000 0.00000 0.00000 ( 1)  0.057 +-  0.030
 123 Q   0.66559 0.17412 0.08502 0.04050 0.01904 0.00885 0.00404 0.00178 0.00072 0.00024 0.00010 ( 1)  0.113 +-  0.115
 124 Q   0.87104 0.08465 0.02727 0.01017 0.00406 0.00167 0.00070 0.00029 0.00011 0.00003 0.00001 ( 1)  0.070 +-  0.063
 125 G   0.93375 0.05302 0.01014 0.00230 0.00057 0.00015 0.00004 0.00001 0.00000 0.00000 0.00000 ( 1)  0.058 +-  0.035
 126 W   0.85289 0.09208 0.03244 0.01302 0.00551 0.00238 0.00103 0.00043 0.00017 0.00005 0.00002 ( 1)  0.074 +-  0.071
 127 S   0.46121 0.25695 0.15161 0.07390 0.03302 0.01405 0.00578 0.00229 0.00084 0.00027 0.00007 ( 1)  0.155 +-  0.131
 128 A   0.92472 0.05874 0.01239 0.00304 0.00080 0.00022 0.00006 0.00002 0.00000 0.00000 0.00000 ( 1)  0.060 +-  0.038
 129 W   0.85289 0.09208 0.03244 0.01302 0.00551 0.00238 0.00103 0.00043 0.00017 0.00005 0.00002 ( 1)  0.074 +-  0.071
 130 S   0.71521 0.16462 0.07055 0.02947 0.01214 0.00493 0.00196 0.00075 0.00027 0.00008 0.00001 ( 1)  0.099 +-  0.096
 131 V   0.94857 0.04321 0.00668 0.00123 0.00025 0.00005 0.00001 0.00000 0.00000 0.00000 0.00000 ( 1)  0.056 +-  0.029
 132 Y   0.93957 0.04934 0.00872 0.00182 0.00042 0.00010 0.00003 0.00001 0.00000 0.00000 0.00000 ( 1)  0.057 +-  0.033
 133 G   0.65870 0.22379 0.08217 0.02540 0.00727 0.00199 0.00052 0.00013 0.00003 0.00001 0.00000 ( 1)  0.101 +-  0.085
 134 E   0.18114 0.26601 0.24060 0.15352 0.08359 0.04168 0.01956 0.00867 0.00355 0.00128 0.00038 ( 2)  0.247 +-  0.162
 135 F   0.79504 0.13749 0.04512 0.01484 0.00496 0.00169 0.00058 0.00020 0.00006 0.00002 0.00000 ( 1)  0.081 +-  0.072
 136 C   0.91471 0.06425 0.01507 0.00415 0.00124 0.00039 0.00013 0.00004 0.00001 0.00000 0.00000 ( 1)  0.061 +-  0.043
 137 N   0.95873 0.03576 0.00462 0.00073 0.00013 0.00003 0.00001 0.00000 0.00000 0.00000 0.00000 ( 1)  0.055 +-  0.025
 138 S   0.03084 0.14914 0.24115 0.22457 0.16002 0.09730 0.05299 0.02627 0.01170 0.00456 0.00147 ( 3)  0.359 +-  0.179
 139 T   0.86115 0.10614 0.02491 0.00589 0.00143 0.00036 0.00009 0.00002 0.00001 0.00000 0.00000 ( 1)  0.068 +-  0.051
 140 N   0.01872 0.09975 0.18406 0.20226 0.17390 0.12926 0.08652 0.05267 0.02856 0.01308 0.01121 ( 4)  0.431 +-  0.226
 141 T   0.00322 0.04704 0.12996 0.18016 0.18132 0.15238 0.11371 0.07693 0.04635 0.02314 0.04579 ( 5)  0.531 +-  0.296
 142 V   0.11977 0.31516 0.29060 0.16107 0.07105 0.02770 0.00997 0.00335 0.00103 0.00029 0.00001 ( 2)  0.240 +-  0.133
 143 Y   0.00052 0.02193 0.09571 0.17200 0.20119 0.18237 0.13864 0.09126 0.05151 0.02327 0.02159 ( 5)  0.535 +-  0.233
 144 Q   0.00000 0.00038 0.00913 0.04678 0.11295 0.17413 0.19766 0.17647 0.12458 0.06220 0.09572 ( 7)  0.735 +-  0.296
 145 D   0.93942 0.04917 0.00884 0.00192 0.00047 0.00012 0.00003 0.00001 0.00000 0.00000 0.00000 ( 1)  0.058 +-  0.033
 146 I   0.92659 0.05730 0.01199 0.00298 0.00081 0.00023 0.00007 0.00002 0.00001 0.00000 0.00000 ( 1)  0.060 +-  0.038
 147 E   0.44536 0.25411 0.15552 0.07929 0.03724 0.01669 0.00721 0.00298 0.00114 0.00037 0.00010 ( 1)  0.161 +-  0.138
 148 E   0.00000 0.00114 0.01464 0.05465 0.11192 0.15961 0.17691 0.15984 0.11709 0.06184 0.14236 ( 7)  0.770 +-  0.349
 149 C   0.91187 0.06578 0.01585 0.00447 0.00137 0.00044 0.00015 0.00005 0.00002 0.00000 0.00000 ( 1)  0.062 +-  0.044
 150 F   0.92630 0.05760 0.01202 0.00296 0.00080 0.00023 0.00007 0.00002 0.00001 0.00000 0.00000 ( 1)  0.060 +-  0.038
 151 G   0.00024 0.01233 0.06413 0.13483 0.18110 0.18544 0.15705 0.11379 0.06984 0.03334 0.04791 ( 6)  0.600 +-  0.276

Positively selected sites

	Prob(w>1)  mean w

