

NSsites Model 0: one-ratio

TREE # 1

  0  0.0000   3136.317810  x:  0.43962   0.44150   0.40410   0.00585   0.15687   0.18923   0.00000   0.00360   0.12924   0.10605   0.04863   0.09790   0.06343   0.02687   0.06495   0.04257   0.03823   0.04553   0.01963   0.19537   0.12874   0.04020   0.08703   0.09593   0.03307   0.15025   0.08602   0.03817   0.05168   0.09385   0.04017   1.04516   1.31979   0.65029   1.26816   0.52991  
  1 99.0000   3085.469816  x:  0.44327   0.44413   0.41745   0.04427   0.16341   0.21303   0.25448   0.09277   0.14069   0.10411   0.05946   0.10674   0.06667   0.00000   0.04653   0.03694   0.04081   0.04404   0.06962   0.22591   0.12360   0.05927   0.09391   0.10711   0.04777   0.17283   0.09130   0.03802   0.04543   0.09462   0.02756   1.06417   1.31854   0.65442   1.26954   0.46735  
  2 1474.2665   3003.178359  x:  0.45188   0.45154   0.44973   0.07245   0.14607   0.24073   0.25089   0.07759   0.15655   0.09914   0.07250   0.11300   0.06549   0.00000   0.00170   0.04070   0.04382   0.04210   0.06953   0.28377   0.10173   0.08012   0.11126   0.12533   0.06162   0.22465   0.09736   0.03946   0.03424   0.09846   0.00314   1.11611   1.31546   0.66657   1.27311   0.26967  
  3 431.9929   2988.762112  x:  0.45363   0.45305   0.45627   0.07799   0.14255   0.24629   0.25033   0.07464   0.15973   0.09816   0.07504   0.11425   0.06528   0.00301   0.00245   0.04141   0.04439   0.04174   0.06957   0.29533   0.09731   0.08422   0.11468   0.12892   0.06427   0.23497   0.09851   0.03984   0.03218   0.09931   0.00000   1.12655   1.31483   0.66899   1.27385   0.22940  
  4 8114.2287   2962.720427  x:  0.45807   0.45691   0.47289   0.09202   0.13362   0.26041   0.24903   0.06723   0.16780   0.09567   0.08147   0.11742   0.06476   0.00935   0.00290   0.04319   0.04584   0.04084   0.06970   0.32464   0.08611   0.09460   0.12334   0.13801   0.07098   0.26113   0.10141   0.04083   0.02708   0.10150   0.00234   1.15300   1.31325   0.67514   1.27573   0.12727  
  5 49812.4321   2960.431294  x:  0.45919   0.45808   0.47624   0.09324   0.13213   0.26259   0.24855   0.06690   0.16898   0.09559   0.08188   0.11793   0.06511   0.00000   0.00669   0.04322   0.04582   0.04111   0.07015   0.32864   0.08463   0.09557   0.12421   0.13889   0.07127   0.26451   0.10125   0.04166   0.02836   0.10214   0.00199   1.15617   1.31301   0.67565   1.27629   0.12441  
  6 301.4055   2948.703639  x:  0.49143   0.49324   0.56946   0.11101   0.09162   0.31711   0.23704   0.05713   0.20606   0.09659   0.08462   0.12936   0.07231   0.00859   0.00944   0.04030   0.04216   0.05031   0.08523   0.42448   0.04050   0.11115   0.13928   0.15348   0.06744   0.34058   0.08934   0.06410   0.06463   0.12253   0.00362   1.23057   1.30612   0.68604   1.29343   0.15369  
  7 181.8258   2944.125353  x:  0.51027   0.51721   0.62780   0.09039   0.06883   0.33700   0.23157   0.06673   0.21380   0.09926   0.07030   0.12705   0.07310   0.00785   0.01076   0.03246   0.03903   0.04283   0.10091   0.45258   0.03675   0.10105   0.12771   0.13952   0.05422   0.35153   0.06814   0.03697   0.03386   0.12096   0.00421   1.26903   1.30156   0.68811   1.30903   0.15939  
  8 118.3563   2941.750009  x:  0.52601   0.54033   0.68341   0.06198   0.06173   0.34768   0.22934   0.07591   0.21139   0.10261   0.06328   0.11813   0.07253   0.00785   0.00957   0.04279   0.04720   0.04586   0.11541   0.45775   0.05040   0.08860   0.11040   0.12175   0.05413   0.33969   0.05954   0.05471   0.04013   0.11235   0.00383   1.30209   1.29683   0.68680   1.32868   0.15317  
  9 98.2783   2939.519465  x:  0.54469   0.57248   0.76396   0.05653   0.08727   0.35862   0.22624   0.07535   0.20105   0.10427   0.08230   0.10230   0.06494   0.00857   0.00943   0.03564   0.03383   0.04379   0.12196   0.44440   0.06220   0.08891   0.10615   0.12252   0.07017   0.30921   0.07570   0.04823   0.04453   0.10701   0.00388   1.34835   1.28951   0.68086   1.36484   0.15255  
 10 75.3512   2938.494862  x:  0.55201   0.58883   0.80843   0.06098   0.10028   0.35976   0.22748   0.07190   0.19543   0.09985   0.08228   0.10065   0.06968   0.00857   0.00951   0.04310   0.05025   0.05076   0.11801   0.42830   0.05958   0.09101   0.11414   0.13078   0.06691   0.28998   0.07968   0.04276   0.04089   0.11038   0.00394   1.37341   1.28519   0.67533   1.39011   0.15279  
 11 89.7006   2937.720199  x:  0.55358   0.59935   0.84220   0.06314   0.10281   0.35379   0.23131   0.06938   0.19240   0.09516   0.07231   0.10816   0.07383   0.00796   0.00906   0.04112   0.04307   0.04352   0.10851   0.40809   0.05182   0.09207   0.12279   0.13707   0.05535   0.27647   0.07805   0.05012   0.04209   0.11525   0.00369   1.39186   1.28161   0.66838   1.41647   0.14993  
 12 68.1248   2937.190319  x:  0.54590   0.60274   0.86717   0.06323   0.08987   0.33794   0.23587   0.06657   0.19501   0.10204   0.07266   0.12359   0.06936   0.00768   0.00902   0.03634   0.04172   0.05355   0.09583   0.38800   0.05156   0.09615   0.12333   0.13433   0.05981   0.28138   0.08146   0.04977   0.04117   0.11479   0.00366   1.40544   1.27865   0.65830   1.45241   0.14932  
 13 32.1675   2936.904094  x:  0.53761   0.60227   0.87950   0.06910   0.08455   0.32845   0.23765   0.06401   0.19656   0.10406   0.07438   0.12733   0.07012   0.00792   0.00916   0.04525   0.04154   0.04575   0.09159   0.37994   0.05604   0.09674   0.12197   0.13116   0.06300   0.28924   0.08215   0.04693   0.04184   0.11316   0.00373   1.41236   1.27719   0.65136   1.47987   0.15027  
 14 40.3503   2936.509685  x:  0.51979   0.59769   0.89197   0.08089   0.08497   0.31796   0.23694   0.06335   0.19624   0.10028   0.07355   0.11971   0.06964   0.00822   0.00909   0.03630   0.04776   0.04198   0.09234   0.37609   0.06404   0.09240   0.11982   0.12833   0.06138   0.30197   0.07737   0.04846   0.04368   0.11165   0.00373   1.41945   1.27591   0.64049   1.53061   0.15021  
 15 35.3036   2936.096573  x:  0.49781   0.59080   0.90048   0.08339   0.08783   0.31193   0.23533   0.06587   0.19592   0.09656   0.07394   0.10860   0.07346   0.00825   0.00905   0.04095   0.03885   0.05226   0.09614   0.37824   0.06640   0.08954   0.11972   0.13197   0.05928   0.31092   0.07244   0.05041   0.03972   0.11307   0.00374   1.42405   1.27575   0.62962   1.59437   0.14981  
 16 50.8503   2935.376394  x:  0.46170   0.57908   0.90549   0.06316   0.09117   0.31531   0.23072   0.07644   0.19728   0.09898   0.07759   0.10449   0.07186   0.00807   0.00890   0.04101   0.04375   0.04563   0.10257   0.39107   0.05562   0.09630   0.12182   0.14483   0.06158   0.31138   0.07287   0.04766   0.04271   0.11680   0.00363   1.42591   1.27886   0.61686   1.71818   0.14805  
 17 51.4247   2934.705385  x:  0.44422   0.57569   0.90114   0.06930   0.10246   0.33551   0.22742   0.07552   0.20080   0.09920   0.07289   0.12349   0.06578   0.00754   0.00921   0.04322   0.04423   0.04581   0.10310   0.41008   0.04772   0.09886   0.11607   0.13407   0.06416   0.30028   0.07455   0.05235   0.03618   0.10834   0.00374   1.42245   1.28768   0.62127   1.84735   0.14759  
 18 47.4428   2934.205039  x:  0.44613   0.57982   0.89254   0.07140   0.09923   0.34790   0.22922   0.06974   0.19906   0.09993   0.07343   0.13017   0.07122   0.00734   0.00876   0.04231   0.04202   0.04962   0.10038   0.42125   0.05082   0.09540   0.11822   0.12459   0.05955   0.29240   0.07439   0.04203   0.04793   0.11078   0.00348   1.41694   1.29874   0.63680   1.94784   0.14396  
 19 63.0510   2932.999951  x:  0.47261   0.59866   0.86654   0.07250   0.07597   0.36840   0.23645   0.05034   0.19162   0.10083   0.08059   0.12642   0.07944   0.00663   0.00903   0.03772   0.04324   0.04624   0.09145   0.44134   0.06505   0.09148   0.13094   0.12254   0.06246   0.28390   0.08234   0.05043   0.03659   0.12122   0.00352   1.40330   1.33197   0.69149   2.18800   0.14258  
 20 107.8982   2931.774272  x:  0.51822   0.62313   0.83639   0.07863   0.06393   0.37449   0.23570   0.05125   0.19399   0.09788   0.06798   0.11383   0.06238   0.00587   0.00913   0.04270   0.04248   0.04750   0.09031   0.44300   0.05956   0.09220   0.12407   0.14245   0.06305   0.29326   0.08513   0.04648   0.04097   0.10605   0.00346   1.39332   1.37578   0.76582   2.43327   0.13941  
 21 103.9467   2930.765106  x:  0.56330   0.64261   0.80934   0.08300   0.07328   0.36894   0.22379   0.07305   0.20449   0.10251   0.08123   0.11859   0.07481   0.00565   0.00884   0.04132   0.04370   0.04661   0.09949   0.43428   0.05040   0.09829   0.11153   0.14869   0.06056   0.31025   0.07607   0.05039   0.03890   0.10747   0.00335   1.39152   1.42214   0.84070   2.64332   0.13518  
 22 123.9351   2930.399690  x:  0.57649   0.64280   0.80054   0.07621   0.08605   0.36040   0.22176   0.07547   0.20815   0.09539   0.07682   0.12166   0.06698   0.00538   0.00894   0.04352   0.04343   0.04664   0.10555   0.43316   0.05124   0.10498   0.11994   0.13909   0.06572   0.31969   0.07161   0.04971   0.03867   0.11910   0.00331   1.40012   1.44724   0.87351   2.71364   0.13517  
 23 47.5242   2930.054037  x:  0.58062   0.63102   0.79429   0.06614   0.09832   0.34818   0.22625   0.06678   0.20663   0.09818   0.07891   0.11927   0.06914   0.00470   0.00935   0.04308   0.04418   0.04603   0.10407   0.43680   0.04123   0.10209   0.12905   0.12975   0.06462   0.32555   0.07058   0.05001   0.03778   0.10865   0.00340   1.42210   1.48397   0.91106   2.77183   0.13753  
 24 29.6540   2929.473528  x:  0.57414   0.59557   0.78772   0.06489   0.10194   0.33298   0.22716   0.06143   0.20283   0.10392   0.06699   0.12542   0.07793   0.00444   0.00975   0.04032   0.04360   0.04628   0.10712   0.44650   0.04752   0.10032   0.11901   0.13837   0.06605   0.31835   0.08027   0.04840   0.03797   0.11103   0.00352   1.47536   1.56648   0.98209   2.86171   0.14258  
 25 34.9937   2929.057174  x:  0.56519   0.56885   0.78489   0.06906   0.09514   0.32978   0.22690   0.06297   0.20172   0.10275   0.07779   0.12670   0.06607   0.00386   0.01008   0.04316   0.04371   0.04627   0.10560   0.44844   0.04963   0.09820   0.11386   0.14182   0.05752   0.30746   0.07535   0.04915   0.03796   0.11576   0.00355   1.51353   1.63172   1.03232   2.92275   0.14606  
 26 67.9649   2928.760100  x:  0.55392   0.55342   0.78627   0.07369   0.08335   0.34085   0.22219   0.07590   0.20304   0.09382   0.07869   0.12098   0.06949   0.00414   0.01016   0.04264   0.04313   0.04647   0.10055   0.44079   0.04912   0.10245   0.12091   0.13654   0.06454   0.30237   0.07344   0.04874   0.03881   0.11028   0.00364   1.53630   1.68676   1.06453   2.96243   0.14818  
 27 33.6390   2928.562138  x:  0.54338   0.55133   0.79078   0.07633   0.08238   0.35547   0.22102   0.07915   0.20442   0.10466   0.07469   0.11337   0.06795   0.00387   0.01011   0.04352   0.04333   0.04615   0.09767   0.43100   0.04692   0.10124   0.12274   0.13159   0.06332   0.30736   0.07714   0.04941   0.03825   0.11578   0.00358   1.54392   1.73096   1.07948   2.98499   0.14777  
 28 21.6320   2928.144470  x:  0.51944   0.56637   0.80710   0.06784   0.08529   0.37951   0.22314   0.06677   0.20721   0.09885   0.07771   0.12101   0.06955   0.00357   0.01007   0.04224   0.04317   0.04651   0.10313   0.41715   0.05663   0.10197   0.12187   0.14010   0.05668   0.32549   0.07709   0.04928   0.03717   0.11120   0.00355   1.54530   1.83698   1.09553   3.02465   0.14598  
 29 21.7487   2927.762681  x:  0.50313   0.58914   0.82439   0.07006   0.08278   0.37734   0.22531   0.05670   0.20613   0.09467   0.07854   0.12081   0.07171   0.00276   0.01001   0.04124   0.04352   0.04592   0.10617   0.42133   0.04533   0.09792   0.11405   0.14197   0.06987   0.32629   0.06684   0.04853   0.03796   0.11695   0.00341   1.53964   1.93672   1.09792   3.05667   0.14265  
 30 30.0933   2927.142569  x:  0.48563   0.63042   0.85375   0.08211   0.07616   0.35372   0.21902   0.06295   0.20648   0.10331   0.07811   0.12173   0.06930   0.00252   0.00969   0.04204   0.04301   0.04626   0.11589   0.44814   0.04441   0.10713   0.12702   0.14031   0.06588   0.32047   0.06881   0.04990   0.03755   0.11145   0.00329   1.52910   2.10227   1.08902   3.10701   0.13677  
 31 49.3885   2926.957965  x:  0.48791   0.63848   0.85961   0.08153   0.07666   0.34801   0.21820   0.06946   0.20762   0.09515   0.07979   0.12058   0.06893   0.00235   0.00960   0.04283   0.04363   0.04618   0.10647   0.45794   0.04222   0.10520   0.12304   0.13673   0.06061   0.32311   0.08089   0.05002   0.03653   0.11379   0.00324   1.53022   2.14780   1.07890   3.12112   0.13540  
 32 25.6038   2926.678551  x:  0.50895   0.63771   0.85963   0.07961   0.08451   0.34970   0.21836   0.07715   0.20726   0.09779   0.07866   0.12078   0.06839   0.00258   0.00948   0.04332   0.04362   0.04586   0.08234   0.47093   0.05097   0.10634   0.12232   0.14189   0.06276   0.32793   0.07163   0.04994   0.03644   0.11334   0.00323   1.54449   2.20616   1.04673   3.14077   0.13404  
 33 15.1038   2926.014443  x:  0.58331   0.61443   0.84187   0.08397   0.07658   0.36232   0.21368   0.07285   0.19717   0.09725   0.08005   0.12662   0.06738   0.00204   0.00935   0.04372   0.04323   0.04615   0.10101   0.47211   0.04397   0.10060   0.12786   0.14169   0.06553   0.33651   0.07343   0.04980   0.03598   0.11290   0.00314   1.60098   2.32947   0.94132   3.18810   0.13064  
 34 18.9961   2925.923510  x:  0.59019   0.61379   0.83797   0.08381   0.07508   0.36333   0.21499   0.06685   0.20426   0.09680   0.07982   0.12137   0.06923   0.00155   0.00947   0.04287   0.04323   0.04634   0.10269   0.47159   0.04333   0.11140   0.12343   0.13871   0.06277   0.33455   0.07276   0.04985   0.03588   0.11273   0.00312   1.61051   2.34005   0.92968   3.19345   0.13038  
 35 11.0894   2925.781841  x:  0.58898   0.62303   0.82947   0.08366   0.07462   0.36326   0.21512   0.06367   0.22794   0.09695   0.07984   0.11884   0.06988   0.00057   0.00976   0.04199   0.04336   0.04597   0.10439   0.47102   0.04534   0.10399   0.12684   0.14046   0.06443   0.33004   0.07364   0.04947   0.03574   0.11261   0.00310   1.62989   2.33667   0.92370   3.19806   0.13022  
 36  4.6522   2925.354249  x:  0.57851   0.64362   0.81763   0.08459   0.07311   0.36463   0.21379   0.06420   0.22441   0.09700   0.07990   0.11906   0.06953   0.00000   0.01001   0.04217   0.04318   0.04600   0.10402   0.47231   0.04499   0.10492   0.12689   0.14018   0.06444   0.33279   0.07311   0.04932   0.03561   0.11278   0.00313   1.66189   2.31503   0.92579   3.20245   0.13126  
 37  7.6344   2922.734986  x:  0.55502   0.57029   0.96844   0.09178   0.06285   0.37436   0.20052   0.04674   0.23732   0.09622   0.08223   0.11934   0.07090   0.00000   0.01250   0.04069   0.04296   0.04451   0.10898   0.50152   0.04015   0.11150   0.13223   0.14595   0.06848   0.37000   0.06946   0.04781   0.03171   0.11337   0.00289   1.75865   1.94048   1.07294   3.23855   0.12114  
 38  6.7322   2919.379886  x:  0.55125   0.69700   1.03868   0.10261   0.06330   0.37891   0.14607   0.07948   0.19960   0.09654   0.08199   0.12104   0.06716   0.00000   0.01844   0.04391   0.04278   0.04559   0.10013   0.53123   0.04383   0.11646   0.13013   0.14470   0.07025   0.39310   0.06402   0.04426   0.03727   0.11270   0.00432   1.99167   1.89601   1.09705   3.78233   0.13457  
 39  0.3591   2916.166080  x:  0.59773   0.75403   1.14185   0.10168   0.07305   0.37768   0.07303   0.06219   0.21867   0.09852   0.08129   0.11799   0.07166   0.00000   0.02545   0.04238   0.04161   0.04884   0.10441   0.54158   0.04851   0.11268   0.12468   0.14205   0.06609   0.38406   0.06532   0.05213   0.03689   0.11418   0.00567   2.08600   2.60847   1.09879   5.05249   0.11937  
 40  0.4808   2914.563103  x:  0.56903   0.68368   1.12717   0.09089   0.08284   0.36072   0.04749   0.03938   0.21566   0.09775   0.08066   0.12626   0.07343   0.00000   0.02906   0.04092   0.04208   0.04604   0.09057   0.50123   0.05195   0.10676   0.12635   0.14549   0.06357   0.36220   0.06640   0.04807   0.03480   0.11308   0.00692   1.99443   2.33878   1.12899   5.33738   0.12694  
 41  0.2069   2914.209609  x:  0.55062   0.65223   1.08133   0.08862   0.08682   0.35570   0.05163   0.05334   0.21010   0.09718   0.08027   0.12769   0.07118   0.00000   0.02769   0.04206   0.04256   0.04580   0.08278   0.48758   0.05279   0.10738   0.12680   0.14630   0.06375   0.35918   0.06608   0.04668   0.03572   0.11283   0.00699   1.91260   2.15681   1.12423   5.16086   0.12755  
 42  0.3546   2914.096904  x:  0.54598   0.65880   1.03501   0.08884   0.08836   0.35798   0.05113   0.05061   0.21025   0.09715   0.08078   0.12464   0.07126   0.00000   0.02698   0.04178   0.04285   0.04682   0.09130   0.49040   0.05259   0.11048   0.12620   0.14473   0.06413   0.36338   0.06647   0.04736   0.03677   0.11234   0.00713   1.88129   2.16477   1.10694   5.13159   0.12629  
 43  0.0514   2914.070186  x:  0.54839   0.66250   1.02481   0.08926   0.08782   0.35869   0.04671   0.05257   0.21103   0.09718   0.08086   0.12478   0.07134   0.00000   0.02689   0.04185   0.04252   0.04666   0.08879   0.49579   0.05216   0.11026   0.12598   0.14452   0.06431   0.36611   0.06596   0.04746   0.03599   0.11234   0.00737   1.88686   2.19158   1.10601   5.15893   0.12651  
 44  0.0342   2914.041236  x:  0.54950   0.66020   1.00852   0.08860   0.08761   0.35872   0.04988   0.04950   0.21228   0.09736   0.08068   0.12569   0.07174   0.00000   0.02606   0.04161   0.04220   0.04627   0.08560   0.49944   0.05207   0.10909   0.12597   0.14422   0.06433   0.36765   0.06590   0.04724   0.03530   0.11221   0.00764   1.88613   2.17957   1.10640   5.08496   0.12772  
 45  0.0601   2913.951955  x:  0.55172   0.65073   1.01308   0.08746   0.08956   0.35629   0.04672   0.04835   0.21156   0.09751   0.07966   0.12700   0.07105   0.00000   0.02298   0.04148   0.04268   0.04587   0.08885   0.49854   0.05303   0.10770   0.12621   0.14509   0.06445   0.36631   0.06569   0.04612   0.03677   0.11178   0.00885   1.89200   2.10932   1.12421   4.85700   0.12830  
 46  0.0595   2913.917587  x:  0.55254   0.65660   1.01944   0.08737   0.08848   0.35809   0.04790   0.05005   0.21097   0.09729   0.08018   0.12521   0.07123   0.00000   0.02141   0.04159   0.04261   0.04652   0.08824   0.49444   0.05251   0.10919   0.12611   0.14444   0.06418   0.36342   0.06653   0.04689   0.03584   0.11159   0.00938   1.88086   2.13953   1.10371   4.74568   0.12738  
 47  0.0824   2913.908001  x:  0.54754   0.65748   1.02361   0.08779   0.08877   0.35794   0.04682   0.04921   0.21182   0.09734   0.08059   0.12483   0.07151   0.00000   0.02158   0.04157   0.04248   0.04649   0.08781   0.49213   0.05202   0.10954   0.12634   0.14420   0.06441   0.36289   0.06644   0.04703   0.03592   0.11155   0.00963   1.86998   2.12085   1.08748   4.73645   0.12744  
 48  0.0176   2913.895734  x:  0.54634   0.66034   1.03292   0.08902   0.08828   0.35809   0.04780   0.04928   0.21211   0.09745   0.08049   0.12604   0.07123   0.00000   0.02154   0.04160   0.04248   0.04612   0.08919   0.49647   0.05191   0.10878   0.12636   0.14424   0.06503   0.36588   0.06539   0.04642   0.03613   0.11136   0.01029   1.87501   2.12417   1.07557   4.71369   0.12761  
 49  0.0077   2913.864418  x:  0.54596   0.65342   1.02868   0.08756   0.08762   0.35883   0.04803   0.04974   0.21148   0.09718   0.07991   0.12584   0.07133   0.00000   0.02226   0.04139   0.04271   0.04675   0.08847   0.49634   0.05292   0.10854   0.12538   0.14414   0.06491   0.36582   0.06608   0.04633   0.03564   0.11061   0.01224   1.87386   2.13116   1.09702   4.82632   0.12682  
 50  0.0231   2913.857860  x:  0.54858   0.65816   1.02639   0.08821   0.08847   0.35764   0.04845   0.04996   0.21190   0.09749   0.08026   0.12509   0.07138   0.00000   0.02253   0.04167   0.04252   0.04641   0.08852   0.49463   0.05223   0.10910   0.12632   0.14404   0.06508   0.36405   0.06604   0.04653   0.03593   0.11051   0.01278   1.88021   2.14438   1.09757   4.85953   0.12717  
 51  0.0271   2913.857595  x:  0.54881   0.65837   1.02582   0.08828   0.08815   0.35816   0.04843   0.04986   0.21160   0.09745   0.08034   0.12534   0.07137   0.00000   0.02251   0.04163   0.04254   0.04641   0.08853   0.49421   0.05234   0.10901   0.12643   0.14413   0.06514   0.36384   0.06604   0.04643   0.03584   0.11052   0.01289   1.88079   2.14114   1.09723   4.85769   0.12720  
 52  0.0038   2913.857588  x:  0.54888   0.65833   1.02579   0.08834   0.08818   0.35812   0.04841   0.04986   0.21163   0.09744   0.08034   0.12537   0.07136   0.00000   0.02250   0.04162   0.04255   0.04643   0.08848   0.49425   0.05236   0.10899   0.12643   0.14413   0.06514   0.36382   0.06606   0.04641   0.03585   0.11051   0.01290   1.88078   2.14115   1.09724   4.85770   0.12719  
 53  0.0001   2913.857587  x:  0.54889   0.65831   1.02580   0.08836   0.08816   0.35812   0.04841   0.04986   0.21165   0.09744   0.08034   0.12537   0.07136   0.00000   0.02250   0.04162   0.04255   0.04642   0.08849   0.49425   0.05236   0.10900   0.12642   0.14413   0.06514   0.36381   0.06606   0.04641   0.03585   0.11051   0.01290   1.88074   2.14112   1.09723   4.85750   0.12719  
 54  0.0001   2913.857587  x:  0.54889   0.65831   1.02581   0.08838   0.08815   0.35813   0.04841   0.04986   0.21162   0.09744   0.08034   0.12537   0.07136   0.00000   0.02251   0.04162   0.04255   0.04642   0.08848   0.49426   0.05236   0.10900   0.12642   0.14413   0.06514   0.36380   0.06606   0.04642   0.03585   0.11051   0.01290   1.88068   2.14102   1.09720   4.85674   0.12719  
 55  0.0002   2913.857586  x:  0.54889   0.65831   1.02578   0.08836   0.08816   0.35812   0.04841   0.04986   0.21164   0.09744   0.08034   0.12537   0.07136   0.00000   0.02251   0.04162   0.04255   0.04642   0.08849   0.49425   0.05236   0.10899   0.12643   0.14413   0.06514   0.36380   0.06606   0.04642   0.03585   0.11051   0.01290   1.88062   2.14083   1.09715   4.85557   0.12719  
 56  0.0005   2913.857586  x:  0.54889   0.65830   1.02577   0.08835   0.08816   0.35813   0.04841   0.04986   0.21164   0.09744   0.08034   0.12537   0.07136   0.00000   0.02251   0.04162   0.04255   0.04642   0.08849   0.49425   0.05236   0.10900   0.12642   0.14413   0.06514   0.36381   0.06606   0.04641   0.03585   0.11051   0.01290   1.88063   2.14086   1.09711   4.85545   0.12719  
 57  0.0001   2913.857586  x:  0.54889   0.65830   1.02577   0.08835   0.08816   0.35813   0.04841   0.04986   0.21163   0.09744   0.08034   0.12537   0.07136   0.00000   0.02251   0.04162   0.04255   0.04642   0.08849   0.49425   0.05236   0.10900   0.12642   0.14413   0.06514   0.36381   0.06606   0.04642   0.03585   0.11051   0.01290   1.88063   2.14086   1.09710   4.85542   0.12719  
 58  0.0000   2913.857586  x:  0.54889   0.65830   1.02577   0.08835   0.08816   0.35813   0.04841   0.04986   0.21164   0.09744   0.08034   0.12537   0.07136   0.00000   0.02251   0.04162   0.04255   0.04642   0.08849   0.49425   0.05236   0.10900   0.12642   0.14413   0.06514   0.36381   0.06606   0.04642   0.03585   0.11051   0.01290   1.88064   2.14086   1.09711   4.85542   0.12719  
 59  0.0000   2913.857586  x:  0.54889   0.65830   1.02577   0.08835   0.08816   0.35813   0.04841   0.04986   0.21164   0.09744   0.08034   0.12537   0.07136   0.00000   0.02251   0.04162   0.04255   0.04642   0.08849   0.49425   0.05236   0.10900   0.12642   0.14413   0.06514   0.36381   0.06606   0.04642   0.03585   0.11051   0.01290   1.88064   2.14086   1.09711   4.85542   0.12719  
 60  0.0000   2913.857586  x:  0.54889   0.65830   1.02577   0.08835   0.08816   0.35813   0.04841   0.04986   0.21164   0.09744   0.08034   0.12537   0.07136   0.00000   0.02251   0.04162   0.04255   0.04642   0.08849   0.49425   0.05236   0.10900   0.12642   0.14413   0.06514   0.36381   0.06606   0.04642   0.03585   0.11051   0.01290   1.88064   2.14086   1.09711   4.85542   0.12719  

NSsites Model 1: NearlyNeutral

TREE # 1

  0  0.0000   3053.561329  x:  0.36937   0.32282   0.32137   0.00000   0.11548   0.14599   0.05209   0.03930   0.09758   0.05188   0.06303   0.06942   0.05994   0.06620   0.07535   0.05957   0.04487   0.05443   0.01790   0.15748   0.10190   0.06209   0.06054   0.08136   0.05756   0.14840   0.08592   0.07065   0.05842   0.10458   0.05158   2.10693   2.07824   0.98817   4.65943   0.66891   0.22477  
  1 99.0000   2930.166998  x:  0.40290   0.36521   0.39015   0.27251   0.15162   0.23026   0.07818   0.06889   0.15217   0.11331   0.07970   0.11501   0.06714   0.00000   0.02368   0.04393   0.04015   0.04509   0.12519   0.27620   0.10191   0.08371   0.12582   0.12886   0.06247   0.21722   0.09567   0.04196   0.03291   0.10083   0.00934   2.11149   2.07901   0.99608   4.65793   0.78447   0.05659  
  2 806.6511   2918.405290  x:  0.42117   0.38947   0.42243   0.29164   0.14528   0.25458   0.07468   0.06502   0.16722   0.11594   0.07908   0.12130   0.06636   0.00000   0.01157   0.04017   0.03920   0.04418   0.12683   0.31079   0.09257   0.08570   0.13182   0.13527   0.05859   0.24346   0.09452   0.03598   0.03276   0.10098   0.01410   2.11299   2.07922   0.99982   4.65722   0.82893   0.11369  
  3 299.5645   2903.302038  x:  0.46270   0.44599   0.49503   0.26537   0.11495   0.29764   0.05494   0.04597   0.19221   0.10527   0.07381   0.12538   0.06533   0.00000   0.06389   0.03899   0.04182   0.04733   0.09957   0.37271   0.06704   0.08702   0.12886   0.13917   0.04942   0.29529   0.08875   0.03836   0.04291   0.10361   0.02328   2.11582   2.07966   1.00911   4.65555   0.92492   0.11871  
  4 346.3721   2891.587081  x:  0.49561   0.49355   0.55811   0.22445   0.08218   0.32783   0.03121   0.03120   0.20662   0.09303   0.06924   0.12470   0.06417   0.00000   0.02590   0.03472   0.03693   0.04214   0.07216   0.41919   0.04770   0.08841   0.12118   0.13729   0.04353   0.33139   0.07969   0.03485   0.03287   0.09987   0.00254   2.11712   2.07990   1.01772   4.65418   0.94603   0.09944  
  5 270.5852   2889.400257  x:  0.50647   0.50948   0.57977   0.21293   0.07197   0.33792   0.02425   0.02824   0.21122   0.09000   0.06835   0.12478   0.06402   0.00000   0.01353   0.03327   0.03576   0.04053   0.06563   0.43509   0.04297   0.08941   0.11915   0.13679   0.04191   0.34298   0.07667   0.03536   0.03048   0.09895   0.01387   2.11748   2.07997   1.02070   4.65372   0.94538   0.09193  
  6 640.1385   2881.556001  x:  0.55180   0.57797   0.67760   0.18176   0.03795   0.38035   0.00970   0.03549   0.22848   0.08717   0.07049   0.12782   0.06578   0.00000   0.02396   0.02847   0.03663   0.03665   0.06462   0.50525   0.04394   0.09786   0.11529   0.13537   0.04295   0.38734   0.06614   0.04141   0.02556   0.09247   0.01222   2.11835   2.08002   1.03414   4.65180   0.87646   0.08750  
  7 266.3368   2877.797280  x:  0.58216   0.62415   0.74661   0.14521   0.03734   0.40173   0.05120   0.04301   0.23425   0.08826   0.07625   0.12611   0.07155   0.00000   0.01517   0.04099   0.04614   0.04831   0.07063   0.54347   0.05968   0.10399   0.11126   0.13355   0.05108   0.40868   0.06698   0.04787   0.04442   0.09800   0.00898   2.11960   2.07992   1.04437   4.65032   0.84858   0.08152  
  8 224.3735   2875.844736  x:  0.59751   0.64820   0.78719   0.12111   0.06452   0.40386   0.05964   0.04202   0.22962   0.09676   0.08235   0.12195   0.07242   0.00000   0.01719   0.04015   0.03837   0.04403   0.07714   0.55360   0.07149   0.10586   0.11463   0.13720   0.05653   0.40827   0.07447   0.03688   0.02590   0.10988   0.01070   2.12127   2.07974   1.05175   4.64918   0.84225   0.07963  
  9 94.4213   2874.565495  x:  0.61046   0.66952   0.82830   0.10566   0.09864   0.39929   0.04399   0.03798   0.22076   0.10749   0.08514   0.11984   0.07161   0.00000   0.01344   0.03362   0.03833   0.04159   0.08511   0.55606   0.07632   0.10428   0.12393   0.14530   0.05566   0.39803   0.08178   0.04592   0.03940   0.11523   0.00871   2.12375   2.07939   1.06038   4.64779   0.83779   0.07817  
 10 82.0237   2874.098838  x:  0.61530   0.67850   0.84958   0.10337   0.11100   0.39446   0.03704   0.03770   0.21648   0.10829   0.08258   0.12271   0.07433   0.00000   0.01262   0.04225   0.04739   0.04983   0.08792   0.55347   0.07211   0.10208   0.12717   0.14882   0.05087   0.38804   0.08138   0.04422   0.03752   0.11139   0.00868   2.12534   2.07907   1.06551   4.64693   0.83589   0.07802  
 11 55.8406   2873.652741  x:  0.61900   0.68778   0.87935   0.10612   0.11618   0.38516   0.04204   0.04246   0.21235   0.10235   0.07710   0.13070   0.07543   0.00000   0.01375   0.04236   0.04087   0.04684   0.08955   0.54432   0.06036   0.09997   0.12651   0.15019   0.04600   0.36921   0.07828   0.04338   0.03872   0.10152   0.00915   2.12801   2.07838   1.07361   4.64552   0.83581   0.07808  
 12 36.1168   2873.277398  x:  0.61974   0.69488   0.91363   0.11280   0.10623   0.37266   0.04337   0.04306   0.20967   0.09893   0.07972   0.13609   0.07052   0.00000   0.01382   0.03586   0.04647   0.04757   0.09292   0.52980   0.05548   0.10258   0.12323   0.14753   0.05536   0.34754   0.08018   0.04581   0.03551   0.10279   0.00941   2.13167   2.07743   1.08402   4.64362   0.83902   0.07874  
 13 34.1265   2873.065291  x:  0.61812   0.69764   0.93663   0.11875   0.09561   0.36471   0.04127   0.03960   0.20891   0.10079   0.08250   0.13540   0.07076   0.00000   0.01400   0.04235   0.04285   0.04525   0.09496   0.51883   0.05702   0.10381   0.12273   0.14467   0.05799   0.33585   0.08047   0.04268   0.03848   0.10715   0.00954   2.13444   2.07669   1.09169   4.64217   0.84051   0.07922  
 14 40.6890   2872.932332  x:  0.61326   0.69647   0.95470   0.12277   0.08828   0.36061   0.04238   0.03868   0.20944   0.10462   0.08055   0.12855   0.07303   0.00000   0.01422   0.03802   0.04144   0.04908   0.09393   0.50830   0.06271   0.10174   0.12466   0.14300   0.05147   0.33331   0.07905   0.04166   0.03812   0.10809   0.00959   2.13726   2.07589   1.09895   4.64072   0.84173   0.07932  
 15 19.7200   2872.852342  x:  0.60724   0.69328   0.96785   0.12537   0.08614   0.35957   0.04303   0.04012   0.21058   0.10509   0.07859   0.12342   0.07379   0.00000   0.01424   0.03967   0.04344   0.04506   0.09148   0.50005   0.06651   0.09991   0.12520   0.14358   0.04993   0.33611   0.08073   0.04538   0.03589   0.10618   0.00959   2.13981   2.07514   1.10519   4.63941   0.84274   0.07959  
 16 18.7457   2872.760591  x:  0.59612   0.68602   0.98494   0.12791   0.08721   0.36056   0.04205   0.04289   0.21213   0.10256   0.07910   0.12065   0.07109   0.00000   0.01441   0.03967   0.04374   0.04571   0.08677   0.48958   0.06780   0.09858   0.12409   0.14572   0.05213   0.34413   0.08351   0.04128   0.03815   0.10442   0.00985   2.14380   2.07391   1.11473   4.63732   0.84217   0.07950  
 17 17.7195   2872.700866  x:  0.58592   0.67852   0.99675   0.12808   0.08888   0.36258   0.04163   0.04260   0.21229   0.10160   0.08146   0.12365   0.07184   0.00000   0.01441   0.04047   0.04108   0.04854   0.08550   0.48428   0.06691   0.09974   0.12307   0.14625   0.05263   0.34984   0.08123   0.04466   0.03701   0.10656   0.00959   2.14718   2.07275   1.12271   4.63548   0.84191   0.07976  
 18 15.6773   2872.650626  x:  0.57566   0.67040   1.00651   0.12586   0.08970   0.36474   0.04201   0.04087   0.21156   0.10222   0.08159   0.12781   0.07301   0.00000   0.01459   0.03939   0.04373   0.04588   0.08733   0.48242   0.06585   0.10177   0.12303   0.14535   0.05134   0.35346   0.07739   0.04348   0.03761   0.10847   0.00955   2.15052   2.07146   1.13072   4.63356   0.84197   0.07979  
 19 16.2809   2872.605549  x:  0.56532   0.66149   1.01444   0.12178   0.08877   0.36661   0.04165   0.03903   0.21076   0.10396   0.07797   0.12890   0.07172   0.00000   0.01476   0.03963   0.04270   0.04675   0.09244   0.48599   0.06519   0.10262   0.12412   0.14387   0.05305   0.35381   0.07850   0.04347   0.03743   0.10550   0.00974   2.15406   2.06979   1.13966   4.63126   0.84293   0.07985  
 20 10.2240   2872.566886  x:  0.55681   0.65341   1.02017   0.11942   0.08841   0.36783   0.04192   0.04012   0.21104   0.10365   0.08124   0.12541   0.07204   0.00000   0.01502   0.03966   0.04297   0.04659   0.09406   0.49371   0.06169   0.09926   0.12419   0.14343   0.05193   0.35051   0.08052   0.04359   0.03741   0.10605   0.00974   2.15758   2.06763   1.14933   4.62857   0.84315   0.07997  
 21  8.2805   2872.541771  x:  0.55360   0.64948   1.02232   0.11971   0.08954   0.36751   0.04141   0.04066   0.21161   0.10020   0.07927   0.12371   0.07268   0.00000   0.01515   0.03964   0.04294   0.04673   0.09147   0.50000   0.06402   0.10094   0.12366   0.14464   0.05207   0.34714   0.07989   0.04360   0.03771   0.10806   0.00971   2.15999   2.06553   1.15718   4.62610   0.84317   0.08009  
 22  5.4853   2872.513541  x:  0.55313   0.64715   1.02271   0.11956   0.09049   0.36597   0.04153   0.04093   0.21231   0.10281   0.08112   0.12510   0.07152   0.00000   0.01542   0.03984   0.04312   0.04668   0.08597   0.50523   0.06748   0.10269   0.12235   0.14539   0.05188   0.34474   0.07867   0.04358   0.03779   0.10542   0.00985   2.16264   2.06242   1.16731   4.62261   0.84341   0.08020  
 23  5.6250   2872.451564  x:  0.55918   0.64745   1.01949   0.11883   0.09031   0.36215   0.04192   0.04228   0.21174   0.10626   0.07792   0.13092   0.07312   0.00000   0.01582   0.03966   0.04331   0.04677   0.08135   0.50908   0.06838   0.09837   0.12230   0.14433   0.05235   0.34716   0.08261   0.04364   0.03800   0.10859   0.00987   2.16792   2.05404   1.19115   4.61358   0.84239   0.08030  
 24  5.3845   2872.309566  x:  0.57693   0.65216   1.00986   0.11656   0.09101   0.35712   0.04452   0.03579   0.20906   0.10158   0.08020   0.13082   0.06911   0.00000   0.01720   0.04003   0.04372   0.04680   0.08369   0.51085   0.06773   0.09832   0.12660   0.14429   0.04996   0.35540   0.08389   0.04458   0.03761   0.10859   0.01011   2.17884   2.03414   1.24445   4.59239   0.84030   0.08056  
 25 16.4902   2872.192663  x:  0.59198   0.65729   1.00113   0.11090   0.09105   0.35702   0.04208   0.04247   0.20928   0.10045   0.08279   0.12749   0.07323   0.00000   0.01760   0.03988   0.04341   0.04718   0.09011   0.50886   0.06723   0.10282   0.12658   0.14478   0.05147   0.36029   0.08114   0.04427   0.03809   0.10724   0.01034   2.18710   2.01710   1.28752   4.57434   0.84192   0.08081  
 26 32.4995   2872.136478  x:  0.59775   0.66100   0.99766   0.10972   0.09333   0.36309   0.04242   0.04185   0.21258   0.10429   0.07999   0.12314   0.07174   0.00000   0.01813   0.04033   0.04368   0.04738   0.09146   0.50622   0.06360   0.10363   0.12207   0.14503   0.05338   0.35936   0.07785   0.04463   0.03838   0.10887   0.01037   2.18924   2.00897   1.30427   4.56590   0.84107   0.08095  
 27 13.2537   2872.074063  x:  0.59963   0.66741   0.99562   0.10665   0.09442   0.37846   0.04207   0.03884   0.21876   0.10259   0.08100   0.12586   0.07404   0.00000   0.01860   0.03962   0.04391   0.04749   0.09137   0.50111   0.06662   0.10167   0.12347   0.14506   0.05321   0.35290   0.08090   0.04445   0.03860   0.10789   0.01058   2.18702   1.99967   1.31325   4.55655   0.84047   0.08102  
 28  5.6211   2872.030412  x:  0.59700   0.67321   0.99694   0.10440   0.09376   0.38314   0.04188   0.04259   0.21665   0.10293   0.08069   0.12705   0.06895   0.00000   0.01879   0.04100   0.04385   0.04757   0.09067   0.50045   0.06749   0.10238   0.12617   0.14566   0.05068   0.35157   0.08120   0.04488   0.03845   0.11028   0.01053   2.18134   1.99317   1.31008   4.55030   0.84104   0.08103  
 29  3.8800   2871.788624  x:  0.57718   0.70665   1.01006   0.10000   0.09558   0.39084   0.04271   0.04205   0.19705   0.10499   0.08114   0.12399   0.07365   0.00000   0.02135   0.04063   0.04453   0.04804   0.08449   0.50473   0.06620   0.10627   0.12717   0.14623   0.05343   0.35468   0.08379   0.04498   0.03906   0.10991   0.01127   2.14354   1.95756   1.27688   4.51601   0.84217   0.08185  
 30 11.7439   2871.514542  x:  0.55638   0.74095   1.02786   0.09119   0.10345   0.38207   0.03937   0.04142   0.20422   0.10077   0.08244   0.12592   0.07168   0.00000   0.02327   0.04070   0.04497   0.04837   0.09051   0.51199   0.07389   0.09784   0.11711   0.14157   0.05311   0.36211   0.07917   0.04566   0.03966   0.10941   0.01197   2.09984   1.91801   1.23225   4.47689   0.84509   0.08205  
 31 25.3380   2871.397629  x:  0.55052   0.75080   1.03676   0.08429   0.10527   0.37372   0.04060   0.04001   0.21810   0.10261   0.08207   0.12629   0.07341   0.00000   0.02435   0.04037   0.04542   0.04866   0.09026   0.51418   0.06988   0.10247   0.12226   0.14746   0.05328   0.36506   0.08104   0.04592   0.03984   0.11083   0.01212   2.08198   1.90181   1.20975   4.45961   0.84400   0.08218  
 32 19.8304   2871.315700  x:  0.56955   0.73415   1.05116   0.08190   0.10964   0.37486   0.03987   0.04084   0.22026   0.10213   0.08212   0.12525   0.07343   0.00000   0.02492   0.04066   0.04573   0.04897   0.08776   0.51545   0.06858   0.10714   0.12347   0.13663   0.05164   0.36651   0.08407   0.04629   0.04010   0.11103   0.01219   2.07941   1.89591   1.18250   4.44505   0.84352   0.08221  
 33  3.9785   2871.190901  x:  0.60266   0.70398   1.07371   0.07571   0.10944   0.37824   0.03991   0.03987   0.21688   0.10197   0.08220   0.12595   0.07333   0.00000   0.02580   0.04059   0.04572   0.04893   0.08768   0.51711   0.07131   0.10187   0.12293   0.14419   0.05422   0.36767   0.08039   0.04614   0.04014   0.11121   0.01249   2.07960   1.88936   1.13906   4.42230   0.84342   0.08221  
 34 17.0475   2871.183855  x:  0.60352   0.70363   1.07458   0.07540   0.10915   0.37832   0.03983   0.03957   0.21652   0.10201   0.08222   0.12638   0.07333   0.00000   0.02579   0.04053   0.04571   0.04895   0.08839   0.51714   0.07151   0.10314   0.12019   0.14565   0.05222   0.36782   0.08252   0.04616   0.04011   0.11138   0.01245   2.08219   1.89068   1.13653   4.42013   0.84332   0.08220  
 35  2.2415   2871.070328  x:  0.59664   0.72685   1.08141   0.07050   0.11060   0.37746   0.04049   0.03951   0.21696   0.10155   0.08190   0.12579   0.07307   0.00000   0.02591   0.04055   0.04528   0.04868   0.08578   0.51838   0.07159   0.10265   0.12132   0.14381   0.05322   0.36834   0.08128   0.04591   0.03968   0.11127   0.01238   2.17084   1.94547   1.09598   4.36735   0.84163   0.08218  
 36  2.2378   2870.936232  x:  0.60007   0.73223   1.09698   0.06419   0.11161   0.37762   0.04115   0.03922   0.21614   0.10022   0.08157   0.12522   0.07277   0.00000   0.02504   0.03992   0.04426   0.04776   0.08293   0.51858   0.07108   0.10250   0.11972   0.14334   0.05243   0.36861   0.08101   0.04519   0.03868   0.11093   0.01206   2.13639   2.07047   1.12307   4.27400   0.84184   0.08257  
 37  1.0307   2870.828642  x:  0.60003   0.73666   1.11479   0.06014   0.11131   0.37637   0.04157   0.03811   0.21536   0.09860   0.08085   0.12442   0.07236   0.00000   0.02279   0.03922   0.04259   0.04637   0.07839   0.51587   0.07030   0.10209   0.11807   0.14261   0.05212   0.36744   0.08017   0.04382   0.03701   0.10975   0.01139   2.13311   1.95099   1.14839   4.20378   0.84212   0.08263  
 38  0.4272   2870.802598  x:  0.59993   0.73482   1.11849   0.06465   0.11168   0.37125   0.04027   0.03820   0.21385   0.09766   0.08028   0.12368   0.07197   0.00000   0.02221   0.03916   0.04250   0.04632   0.07640   0.50661   0.07002   0.10118   0.11743   0.14266   0.05161   0.36413   0.08018   0.04372   0.03665   0.10933   0.01121   2.12359   1.94717   1.12796   4.13388   0.84374   0.08253  
 39  0.0817   2870.794185  x:  0.59921   0.73200   1.11445   0.06161   0.11371   0.37042   0.03914   0.03788   0.21300   0.09799   0.08011   0.12369   0.07189   0.00000   0.02205   0.03910   0.04269   0.04642   0.07843   0.50380   0.06910   0.10089   0.11782   0.14221   0.05147   0.36281   0.08028   0.04382   0.03663   0.10932   0.01113   2.11589   1.92959   1.11470   4.05790   0.84539   0.08239  
 40  0.0544   2870.789451  x:  0.59695   0.72687   1.10130   0.06113   0.11350   0.36985   0.04017   0.03781   0.21273   0.09781   0.08016   0.12321   0.07180   0.00000   0.02192   0.03900   0.04257   0.04626   0.07708   0.50337   0.06950   0.10081   0.11740   0.14195   0.05166   0.36201   0.08020   0.04372   0.03677   0.10937   0.01111   2.11464   1.92304   1.11258   4.01015   0.84654   0.08284  
 41  0.0237   2870.788499  x:  0.59601   0.72580   1.09861   0.06101   0.11317   0.36883   0.04037   0.03777   0.21247   0.09743   0.07995   0.12303   0.07175   0.00000   0.02201   0.03907   0.04250   0.04630   0.07723   0.50193   0.06958   0.10057   0.11709   0.14183   0.05149   0.36156   0.08011   0.04366   0.03677   0.10914   0.01112   2.11355   1.92553   1.11490   4.02809   0.84646   0.08276  
 42  0.0103   2870.788343  x:  0.59608   0.72569   1.09828   0.06075   0.11346   0.36882   0.04018   0.03786   0.21235   0.09755   0.07999   0.12310   0.07174   0.00000   0.02202   0.03907   0.04254   0.04629   0.07703   0.50160   0.06957   0.10063   0.11716   0.14177   0.05152   0.36136   0.08012   0.04368   0.03675   0.10915   0.01112   2.11446   1.92784   1.11569   4.03592   0.84638   0.08284  
 43  0.0061   2870.788336  x:  0.59609   0.72564   1.09810   0.06076   0.11346   0.36883   0.04014   0.03783   0.21236   0.09754   0.08001   0.12307   0.07174   0.00000   0.02201   0.03905   0.04253   0.04627   0.07706   0.50165   0.06957   0.10063   0.11715   0.14178   0.05153   0.36134   0.08011   0.04368   0.03673   0.10917   0.01112   2.11465   1.92804   1.11578   4.03728   0.84639   0.08284  
 44  0.0011   2870.788335  x:  0.59608   0.72564   1.09805   0.06077   0.11346   0.36882   0.04013   0.03784   0.21236   0.09754   0.08000   0.12308   0.07174   0.00000   0.02202   0.03905   0.04252   0.04627   0.07705   0.50165   0.06957   0.10063   0.11715   0.14178   0.05153   0.36136   0.08011   0.04368   0.03672   0.10916   0.01113   2.11460   1.92805   1.11576   4.03733   0.84640   0.08284  
 45  0.0001   2870.788335  x:  0.59608   0.72564   1.09806   0.06077   0.11346   0.36882   0.04013   0.03784   0.21236   0.09754   0.08000   0.12308   0.07174   0.00000   0.02202   0.03905   0.04253   0.04627   0.07705   0.50165   0.06957   0.10063   0.11715   0.14178   0.05153   0.36135   0.08011   0.04368   0.03672   0.10916   0.01113   2.11461   1.92804   1.11578   4.03729   0.84640   0.08284  
 46  0.0000   2870.788335  x:  0.59608   0.72564   1.09806   0.06077   0.11346   0.36882   0.04013   0.03784   0.21236   0.09754   0.08000   0.12308   0.07174   0.00000   0.02202   0.03905   0.04253   0.04627   0.07705   0.50165   0.06957   0.10063   0.11715   0.14178   0.05153   0.36135   0.08011   0.04368   0.03672   0.10916   0.01113   2.11461   1.92803   1.11577   4.03726   0.84640   0.08284  
 47  0.0000   2870.788335  x:  0.59608   0.72564   1.09806   0.06077   0.11346   0.36882   0.04013   0.03784   0.21236   0.09754   0.08000   0.12308   0.07174   0.00000   0.02202   0.03905   0.04253   0.04627   0.07705   0.50165   0.06957   0.10063   0.11715   0.14178   0.05153   0.36135   0.08011   0.04368   0.03672   0.10916   0.01113   2.11461   1.92803   1.11577   4.03726   0.84640   0.08284  
 48  0.0000   2870.788335  x:  0.59608   0.72564   1.09806   0.06077   0.11346   0.36882   0.04013   0.03784   0.21236   0.09754   0.08000   0.12308   0.07174   0.00000   0.02202   0.03905   0.04253   0.04627   0.07705   0.50165   0.06957   0.10063   0.11715   0.14178   0.05153   0.36135   0.08011   0.04368   0.03672   0.10916   0.01113   2.11461   1.92803   1.11577   4.03726   0.84640   0.08284  

NSsites Model 2: PositiveSelection

TREE # 1

  0  0.0000   3129.791744  x:  0.24302   0.24123   0.23343   0.00000   0.13738   0.11203   0.01170   0.02046   0.06165   0.10493   0.07832   0.05851   0.04697   0.05674   0.03040   0.07570   0.08987   0.03060   0.07177   0.15668   0.10533   0.02226   0.09792   0.11474   0.06170   0.14980   0.10846   0.03219   0.08554   0.09657   0.08192   2.29602   1.87923   1.01285   3.78033   1.31060   0.32095   0.14845   2.20066  
  1 99.0000   3012.564966  x:  0.31195   0.30925   0.33228   0.18547   0.15853   0.22708   0.14073   0.09169   0.16235   0.10426   0.07952   0.11313   0.06596   0.00000   0.00632   0.05463   0.06256   0.04822   0.08843   0.25097   0.10779   0.10355   0.11005   0.12887   0.06621   0.20415   0.11205   0.02694   0.05577   0.09481   0.03942   2.29850   1.88025   1.01867   3.77895   1.34452   0.31302   0.07083   2.18454  
  2 813.9554   2989.449976  x:  0.38114   0.38190   0.41768   0.21445   0.15337   0.28341   0.15751   0.09648   0.20224   0.10919   0.08386   0.13625   0.07569   0.00308   0.19024   0.04629   0.04252   0.05519   0.08437   0.32506   0.10339   0.12025   0.12558   0.14210   0.06745   0.25828   0.11684   0.04805   0.03861   0.10608   0.00293   2.30150   1.88126   1.02532   3.77737   1.38532   0.30614   0.05881   2.16227  
  3 555.7096   2985.990452  x:  0.38606   0.38712   0.42365   0.21421   0.15257   0.28653   0.15697   0.09576   0.20409   0.10973   0.08431   0.13729   0.07628   0.00000   0.19486   0.04639   0.04230   0.05560   0.08378   0.32985   0.10292   0.12056   0.12671   0.14301   0.06732   0.26202   0.11707   0.04934   0.03879   0.10754   0.00969   2.30172   1.88134   1.02584   3.77725   1.38851   0.30570   0.06303   2.16049  
  4 495.6493   2970.033064  x:  0.42940   0.43360   0.47553   0.19633   0.14284   0.30822   0.14039   0.08263   0.21390   0.11605   0.08939   0.14272   0.08117   0.00000   0.19334   0.05169   0.04813   0.05876   0.07705   0.36898   0.09846   0.11735   0.13691   0.15094   0.06691   0.29389   0.11889   0.05574   0.04481   0.12060   0.00000   2.30363   1.88215   1.03085   3.77607   1.41912   0.30185   0.11363   2.14341  
  5 536.3611   2970.033064  x:  0.42940   0.43360   0.47553   0.19633   0.14284   0.30822   0.14039   0.08263   0.21390   0.11605   0.08939   0.14272   0.08117   0.00000   0.19334   0.05169   0.04813   0.05876   0.07705   0.36898   0.09846   0.11735   0.13691   0.15094   0.06691   0.29389   0.11889   0.05574   0.04481   0.12060   0.00000   2.30363   1.88215   1.03085   3.77607   1.41912   0.30185   0.11363   2.14341  
  6 512.4715   2966.663285  x:  0.43208   0.43647   0.47889   0.19488   0.14228   0.30964   0.13913   0.08194   0.21449   0.11649   0.08970   0.14305   0.08145   0.00000   0.18904   0.05189   0.04858   0.05885   0.07693   0.37134   0.09831   0.11734   0.13745   0.15144   0.06675   0.29580   0.11899   0.05602   0.04618   0.12196   0.04096   2.30375   1.88224   1.03130   3.77597   1.42163   0.30135   0.10853   2.14214  
  7 853.3912   2952.325027  x:  0.46768   0.47464   0.52356   0.17616   0.13534   0.32870   0.12280   0.07335   0.22262   0.12266   0.09373   0.14799   0.08545   0.00000   0.13208   0.05460   0.05442   0.06038   0.07608   0.40263   0.09781   0.11689   0.14502   0.15799   0.06953   0.32016   0.12057   0.05129   0.04634   0.12702   0.03954   2.30523   1.88340   1.03707   3.77468   1.45438   0.29518   0.05112   2.12570  
  8 199.9114   2924.380423  x:  0.53941   0.55153   0.61450   0.13611   0.12076   0.36686   0.08820   0.05530   0.23814   0.13256   0.09978   0.15636   0.09120   0.00000   0.01178   0.05680   0.06152   0.06088   0.07382   0.46482   0.09572   0.11512   0.15796   0.16943   0.07323   0.36780   0.12200   0.04264   0.04572   0.13522   0.03930   2.30827   1.88561   1.04839   3.77209   1.52006   0.28478   0.06697   2.09167  
  9 598.4466   2904.026016  x:  0.68346   0.70634   0.80339   0.05497   0.10306   0.44520   0.02473   0.03022   0.26921   0.14242   0.10486   0.16960   0.09697   0.00000   0.08249   0.04883   0.05859   0.05649   0.07899   0.58774   0.09385   0.11441   0.17325   0.18695   0.07554   0.45701   0.12070   0.05205   0.05025   0.14390   0.03858   2.31440   1.89072   1.07338   3.76629   1.67117   0.26033   0.09548   2.01385  
 10 258.5031   2897.830508  x:  0.73661   0.76521   0.88519   0.07971   0.15527   0.47510   0.09242   0.06061   0.28014   0.13017   0.09824   0.16983   0.09417   0.00000   0.09265   0.03985   0.04635   0.05754   0.10173   0.62956   0.09837   0.12145   0.16102   0.18456   0.06630   0.47830   0.11139   0.06089   0.04554   0.13655   0.03877   2.31546   1.89339   1.08503   3.76354   1.75303   0.24794   0.10460   1.97253  
 11 149.3197   2896.662916  x:  0.73820   0.77098   0.90830   0.08849   0.16569   0.47057   0.08719   0.05516   0.27332   0.11685   0.09577   0.15590   0.08789   0.00000   0.09326   0.06777   0.06153   0.06438   0.10065   0.62238   0.09481   0.12725   0.14248   0.17432   0.06113   0.46271   0.10379   0.05950   0.04702   0.12982   0.03878   2.31208   1.89497   1.08894   3.76258   1.79220   0.24489   0.10576   1.95423  
 12 43.4011   2894.420172  x:  0.72756   0.77166   0.95432   0.09526   0.17535   0.44900   0.05917   0.05337   0.25189   0.09854   0.09585   0.12638   0.07012   0.00000   0.08646   0.05595   0.04138   0.05098   0.09471   0.59058   0.08770   0.13826   0.10992   0.15459   0.05763   0.41409   0.09206   0.05520   0.04508   0.12010   0.03882   2.30138   1.89890   1.09704   3.76061   1.88853   0.23956   0.10275   1.90904  
 13 64.9021   2892.304860  x:  0.70469   0.76269   0.99983   0.09167   0.17818   0.41886   0.04142   0.06931   0.23001   0.10005   0.09502   0.11482   0.08049   0.00000   0.08155   0.03280   0.05790   0.06216   0.09172   0.54643   0.08476   0.13999   0.10963   0.14761   0.05842   0.35791   0.08809   0.05349   0.04207   0.11587   0.03890   2.28766   1.90375   1.10556   3.75847   2.00911   0.23357   0.10312   1.84938  
 14 100.6869   2890.137253  x:  0.67017   0.74479   1.04458   0.07906   0.17340   0.38381   0.03916   0.07971   0.21259   0.10850   0.09121   0.11833   0.09260   0.00000   0.07624   0.05126   0.04126   0.05095   0.08796   0.49448   0.08170   0.13137   0.12703   0.15005   0.06050   0.30478   0.09031   0.05207   0.04222   0.11554   0.03877   2.27029   1.90950   1.11430   3.75626   2.15186   0.22797   0.10377   1.77531  
 15 153.1943   2887.638988  x:  0.61303   0.70812   1.07782   0.05650   0.15188   0.35027   0.06377   0.05283   0.20813   0.10054   0.07918   0.13063   0.05627   0.00000   0.07064   0.04458   0.04506   0.04918   0.07728   0.44256   0.07261   0.10346   0.13049   0.15105   0.05637   0.29139   0.09675   0.04367   0.04079   0.11223   0.03859   2.24625   1.91625   1.12202   3.75439   2.32060   0.22647   0.10339   1.67819  
 16 94.8507   2885.671032  x:  0.55023   0.66307   1.08794   0.05173   0.12917   0.33220   0.07162   0.02601   0.20822   0.09021   0.07797   0.13324   0.07960   0.00000   0.06404   0.03743   0.03897   0.04780   0.07804   0.41448   0.07733   0.08756   0.10860   0.13762   0.05509   0.31409   0.09513   0.05011   0.03561   0.10059   0.03855   2.22205   1.92213   1.12703   3.75318   2.47021   0.22987   0.10324   1.58014  
 17 102.9466   2883.661079  x:  0.47450   0.60514   1.07823   0.06115   0.10544   0.32916   0.05548   0.04320   0.21278   0.09544   0.07980   0.12420   0.06939   0.00000   0.05804   0.03893   0.03978   0.03890   0.08785   0.40705   0.08555   0.09477   0.10039   0.12903   0.04891   0.35077   0.08242   0.03378   0.04107   0.10020   0.03819   2.19187   1.92818   1.13062   3.75236   2.63390   0.23912   0.10425   1.45682  
 18 108.6818   2882.765236  x:  0.44116   0.57837   1.06431   0.06951   0.10194   0.33304   0.04398   0.04418   0.21176   0.09440   0.07714   0.11436   0.05987   0.00000   0.05366   0.03974   0.03316   0.04746   0.08488   0.41238   0.08009   0.10076   0.10756   0.13420   0.04895   0.36131   0.07738   0.04953   0.03587   0.10110   0.03789   2.17591   1.93062   1.13161   3.75225   2.70948   0.24637   0.10439   1.39071  
 19 121.8822   2882.026839  x:  0.42232   0.56134   1.04097   0.07307   0.10688   0.34038   0.03928   0.03832   0.20657   0.08826   0.07428   0.10791   0.06325   0.00000   0.05200   0.03699   0.03660   0.03713   0.07478   0.42556   0.06494   0.10135   0.11396   0.13979   0.04828   0.35861   0.07337   0.04398   0.02885   0.10155   0.03799   2.16097   1.93185   1.13153   3.75259   2.76565   0.25636   0.10434   1.32739  
 20 76.2994   2881.312939  x:  0.40967   0.54740   1.00623   0.06791   0.11144   0.34768   0.03695   0.03439   0.19927   0.08317   0.07436   0.10716   0.06474   0.00000   0.04898   0.03422   0.03305   0.03941   0.06721   0.44271   0.05390   0.09847   0.11177   0.13845   0.05118   0.34725   0.07357   0.03855   0.04582   0.09979   0.03740   2.14291   1.93254   1.13077   3.75331   2.82345   0.27058   0.10413   1.24938  
 21 106.9842   2879.638391  x:  0.39669   0.52650   0.92167   0.04366   0.11460   0.35740   0.03212   0.03243   0.18504   0.08061   0.07757   0.11424   0.05541   0.00000   0.04238   0.03553   0.02933   0.04188   0.06781   0.47634   0.05697   0.09172   0.09483   0.12504   0.06085   0.31441   0.07954   0.03298   0.03431   0.09271   0.03781   2.10247   1.93302   1.12820   3.75529   2.93817   0.30517   0.10314   1.07297  
 22 155.1392   2879.054094  x:  0.40002   0.52384   0.88744   0.04052   0.11225   0.35433   0.03026   0.02797   0.18343   0.08200   0.07518   0.11345   0.05201   0.00000   0.03902   0.03358   0.03424   0.03156   0.07022   0.48021   0.06307   0.09058   0.09206   0.12125   0.05357   0.30454   0.07761   0.04222   0.03820   0.09326   0.03734   2.08590   1.93273   1.12672   3.75625   2.97779   0.32045   0.10254   1.00000  
 23 116.7214   2878.951390  x:  0.40707   0.52599   0.86802   0.04190   0.10934   0.35053   0.02928   0.02528   0.18485   0.08234   0.07317   0.11164   0.05213   0.00000   0.03816   0.03282   0.03227   0.03331   0.07021   0.47922   0.06525   0.09041   0.09217   0.12100   0.04684   0.30220   0.07508   0.04024   0.03755   0.09461   0.03724   2.07584   1.93234   1.12570   3.75690   2.99856   0.33029   0.10233   1.00000  
 24 21.9255   2878.699782  x:  0.42877   0.53559   0.82836   0.04689   0.10173   0.34060   0.02813   0.02942   0.19040   0.07793   0.07358   0.10709   0.05177   0.00000   0.03688   0.03290   0.03227   0.03229   0.06461   0.47123   0.06292   0.09169   0.08931   0.12437   0.05142   0.30574   0.07798   0.04012   0.03720   0.09346   0.03721   2.05325   1.93108   1.12318   3.75846   3.04015   0.35391   0.10229   1.00000  
 25 31.1586   2878.541514  x:  0.43951   0.54182   0.81609   0.04749   0.10602   0.34068   0.02884   0.02545   0.18630   0.08359   0.08027   0.10664   0.05056   0.00000   0.03716   0.03303   0.03264   0.03242   0.06692   0.46615   0.06033   0.09452   0.09267   0.12181   0.05602   0.31176   0.07490   0.03949   0.03735   0.09222   0.03726   2.04258   1.92995   1.12171   3.75936   3.05441   0.36849   0.10250   1.00000  
 26 14.6918   2878.194467  x:  0.45735   0.55406   0.80340   0.03836   0.11560   0.34850   0.02677   0.03081   0.17643   0.08051   0.07545   0.11233   0.05167   0.00000   0.03697   0.03415   0.03262   0.03348   0.07379   0.45863   0.05327   0.09484   0.09709   0.11681   0.05611   0.32546   0.06686   0.04190   0.03674   0.09392   0.03719   2.02381   1.92700   1.11863   3.76127   3.07143   0.40014   0.10204   1.00000  
 27 25.0654   2877.576494  x:  0.47910   0.57392   0.80686   0.04208   0.12933   0.37174   0.02391   0.02923   0.17774   0.08654   0.06784   0.11543   0.05548   0.00000   0.03930   0.03493   0.03427   0.03546   0.08147   0.46550   0.06448   0.09195   0.09495   0.13106   0.05441   0.33205   0.08363   0.04011   0.03863   0.09940   0.03718   1.99689   1.92052   1.11344   3.76464   3.08599   0.46113   0.10238   1.00000  
 28 20.3593   2877.010191  x:  0.49522   0.59113   0.81774   0.03961   0.12699   0.39006   0.03154   0.03586   0.19088   0.08977   0.08147   0.11581   0.05932   0.00000   0.04150   0.03671   0.03597   0.03776   0.07580   0.48191   0.06855   0.09071   0.09616   0.13712   0.04313   0.33020   0.08472   0.04431   0.03798   0.09566   0.03726   1.97550   1.91385   1.10886   3.76776   3.09344   0.51964   0.10228   1.00000  
 29 46.3891   2876.659713  x:  0.50364   0.60193   0.82856   0.04527   0.11820   0.39085   0.03816   0.03432   0.20161   0.08748   0.07587   0.11881   0.06168   0.00000   0.04323   0.03662   0.03712   0.03885   0.07504   0.50196   0.07520   0.09569   0.10630   0.12870   0.05308   0.32527   0.07720   0.04415   0.03880   0.09620   0.03741   1.96546   1.90873   1.10636   3.76978   3.09649   0.56121   0.10218   1.00000  
 30 30.6694   2876.495694  x:  0.50636   0.60705   0.83510   0.05118   0.11573   0.37729   0.03843   0.03627   0.20117   0.09480   0.07369   0.12269   0.06188   0.00000   0.04395   0.03733   0.03759   0.03936   0.07775   0.51718   0.06737   0.09010   0.10339   0.12676   0.05372   0.32622   0.07584   0.04603   0.03780   0.09953   0.03734   1.96556   1.90473   1.10576   3.77086   3.09819   0.58971   0.10194   1.00000  
 31 15.2685   2876.310564  x:  0.50780   0.61199   0.84221   0.04996   0.11628   0.35557   0.03953   0.03659   0.19530   0.09067   0.07638   0.12389   0.06239   0.00000   0.04426   0.03766   0.03798   0.03984   0.08548   0.53356   0.06572   0.09513   0.10603   0.13255   0.05046   0.33019   0.07989   0.04554   0.03830   0.09617   0.03736   1.97034   1.89869   1.10561   3.77221   3.10111   0.63100   0.10140   1.00000  
 32 20.6967   2876.046382  x:  0.50879   0.61757   0.85001   0.04118   0.12732   0.34188   0.04222   0.03842   0.19638   0.09240   0.07705   0.11665   0.06395   0.00000   0.04410   0.03864   0.03838   0.04079   0.07372   0.53784   0.07424   0.09739   0.10547   0.13187   0.05152   0.33671   0.07958   0.04560   0.03823   0.10799   0.03701   1.98782   1.88650   1.10681   3.77440   3.11056   0.71345   0.10009   1.00000  
 33 13.9380   2875.467509  x:  0.51376   0.62973   0.86478   0.04268   0.14195   0.33404   0.03510   0.04161   0.20248   0.09730   0.07291   0.12137   0.06320   0.00000   0.04257   0.03888   0.03855   0.04120   0.05783   0.53401   0.08621   0.09115   0.11091   0.13111   0.05077   0.34377   0.07606   0.04455   0.03886   0.09243   0.03719   2.02941   1.85901   1.11002   3.77924   3.13435   0.90191   0.09637   1.00000  
 34 54.3284   2874.219840  x:  0.52837   0.65378   0.89697   0.05587   0.13162   0.35066   0.03399   0.03940   0.21006   0.08988   0.08453   0.13394   0.06522   0.00000   0.03918   0.03889   0.04026   0.04334   0.07030   0.51048   0.08062   0.09635   0.11195   0.13624   0.05256   0.33977   0.07462   0.04545   0.03810   0.10755   0.03642   2.12239   1.79886   1.11657   3.79010   3.18985   1.32088   0.08887   1.00000  
 35 96.1670   2874.015295  x:  0.53202   0.65628   0.90276   0.05238   0.12440   0.35573   0.03946   0.03955   0.20909   0.09706   0.07738   0.12427   0.06681   0.00000   0.03840   0.03925   0.04026   0.04371   0.07411   0.50650   0.07491   0.10138   0.11119   0.13573   0.05240   0.33938   0.07806   0.04523   0.03792   0.10318   0.03643   2.13735   1.78965   1.11723   3.79193   3.19832   1.38956   0.08736   1.00000  
 36 58.3244   2873.990608  x:  0.53500   0.65367   0.90444   0.05311   0.12317   0.35646   0.03964   0.04026   0.20725   0.09576   0.07831   0.12006   0.06671   0.00000   0.03827   0.03946   0.04022   0.04368   0.07540   0.50672   0.07562   0.09680   0.11382   0.13353   0.05239   0.33985   0.07986   0.04501   0.03791   0.10319   0.03641   2.13832   1.79039   1.11668   3.79204   3.19883   1.39431   0.08720   1.00000  
 37  4.0125   2873.787603  x:  0.57616   0.60768   0.92650   0.05532   0.11745   0.35831   0.04157   0.04072   0.19597   0.09668   0.07803   0.12327   0.06649   0.00000   0.03633   0.03953   0.04049   0.04380   0.06863   0.50844   0.07997   0.09782   0.11207   0.13723   0.05234   0.34191   0.07729   0.04495   0.03775   0.10377   0.03613   2.13944   1.81361   1.10653   3.79177   3.19889   1.39887   0.08660   1.00000  
 38  3.0585   2873.647518  x:  0.59647   0.58321   0.93990   0.05143   0.12463   0.35631   0.03791   0.03910   0.21067   0.09660   0.07830   0.12379   0.06723   0.00000   0.03435   0.03896   0.04066   0.04393   0.07424   0.50750   0.07380   0.10020   0.11390   0.13305   0.05148   0.34141   0.08152   0.04474   0.03746   0.10389   0.03593   2.13932   1.83210   1.09933   3.79136   3.19793   1.39561   0.08623   1.00000  
 39 10.2071   2873.494292  x:  0.59726   0.58571   0.94962   0.04756   0.12585   0.35602   0.03734   0.03816   0.21613   0.09656   0.07840   0.11868   0.06765   0.00000   0.03220   0.03873   0.04094   0.04414   0.08122   0.50600   0.07395   0.09451   0.11172   0.14296   0.05709   0.34064   0.07145   0.04389   0.03814   0.10255   0.03574   2.13735   1.85473   1.09229   3.79057   3.19478   1.38185   0.08591   1.00000  
 40  4.5052   2872.271186  x:  0.57020   0.65780   1.01691   0.05246   0.11371   0.36363   0.03615   0.03733   0.21006   0.09766   0.07941   0.12100   0.06932   0.00000   0.01793   0.03770   0.04230   0.04503   0.07653   0.49411   0.07082   0.09774   0.11573   0.13965   0.05402   0.34952   0.07939   0.04251   0.03663   0.10480   0.03376   2.11957   2.02590   1.04242   3.78432   3.17244   1.26150   0.08476   1.00000  
 41 17.5252   2872.133747  x:  0.57801   0.66218   1.01848   0.05351   0.11075   0.36777   0.03739   0.03703   0.21078   0.09827   0.07904   0.12088   0.06965   0.00000   0.01761   0.03788   0.04229   0.04523   0.07786   0.49682   0.06967   0.09805   0.11688   0.14023   0.05431   0.35287   0.07961   0.04218   0.03641   0.10488   0.03329   2.17236   1.97055   1.11451   3.79553   3.16807   1.20343   0.08556   1.00000  
 42  1.2833   2871.825132  x:  0.57742   0.67752   1.06616   0.05499   0.11170   0.36996   0.03719   0.03602   0.21191   0.09764   0.07980   0.12166   0.06988   0.00000   0.01910   0.03805   0.04234   0.04502   0.07797   0.49518   0.06913   0.09851   0.11656   0.14152   0.05434   0.35873   0.08034   0.04080   0.03618   0.10559   0.03167   2.06983   1.77556   1.13700   3.88145   3.15733   1.14966   0.08508   1.00000  
 43  1.2863   2871.578452  x:  0.58521   0.71644   1.09585   0.05879   0.11233   0.37415   0.03944   0.03655   0.21214   0.09709   0.07995   0.12268   0.07023   0.00000   0.02413   0.03893   0.04221   0.04525   0.07784   0.50078   0.06913   0.09997   0.11696   0.14107   0.05336   0.36411   0.08117   0.04011   0.03571   0.10608   0.02953   2.13058   1.85121   1.05923   3.93367   3.15695   1.13250   0.08419   1.00000  
 44  0.5430   2871.474635  x:  0.58578   0.72873   1.11178   0.06025   0.11319   0.37360   0.04076   0.03694   0.21240   0.09693   0.08037   0.12374   0.07059   0.00000   0.02574   0.03914   0.04229   0.04538   0.07721   0.50188   0.06961   0.10062   0.11718   0.14144   0.05289   0.36638   0.08199   0.04005   0.03575   0.10691   0.02830   2.09731   1.93203   1.12151   3.94640   3.14773   1.15993   0.08345   1.00000  
 45  1.2937   2871.118109  x:  0.61323   0.76506   1.15493   0.06606   0.11788   0.36929   0.04224   0.03850   0.21429   0.09730   0.08136   0.12495   0.07471   0.00000   0.02074   0.04010   0.04305   0.04764   0.07664   0.51084   0.07266   0.10069   0.11783   0.14341   0.05347   0.36708   0.08003   0.04169   0.03644   0.10730   0.01956   2.11554   1.93807   1.10918   4.13367   3.19032   1.26671   0.07933   1.00000  
 46  0.1643   2870.901793  x:  0.62003   0.76695   1.15753   0.06568   0.11126   0.36982   0.04081   0.03899   0.21547   0.09981   0.08092   0.12400   0.07452   0.00000   0.02149   0.03922   0.04334   0.04834   0.07695   0.50535   0.07072   0.10098   0.11989   0.14437   0.05342   0.36381   0.08059   0.04352   0.03736   0.10959   0.01238   2.13091   1.95603   1.12363   4.20254   3.18530   1.27510   0.08237   1.00000  
 47  0.0524   2870.799961  x:  0.60447   0.72992   1.09904   0.06141   0.10990   0.37111   0.04042   0.03769   0.21291   0.09834   0.07938   0.12295   0.07152   0.00000   0.02255   0.03921   0.04308   0.04659   0.07760   0.50094   0.06911   0.10034   0.11793   0.14241   0.05151   0.35994   0.08085   0.04429   0.03686   0.10973   0.01109   2.12095   1.94090   1.12579   4.11974   3.18968   1.22987   0.08240   1.00000  
 48  0.0869   2870.789835  x:  0.59968   0.72539   1.09427   0.06079   0.11345   0.36925   0.04002   0.03779   0.21247   0.09753   0.07985   0.12290   0.07151   0.00000   0.02206   0.03902   0.04235   0.04604   0.07716   0.50143   0.06985   0.10068   0.11692   0.14177   0.05131   0.36111   0.08015   0.04377   0.03669   0.10922   0.01135   2.11769   1.93473   1.12020   4.07844   3.18774   1.22377   0.08294   1.00000  
 49  0.0465   2870.788700  x:  0.59763   0.72632   1.09615   0.06084   0.11367   0.36868   0.03999   0.03780   0.21233   0.09744   0.08003   0.12305   0.07171   0.00000   0.02198   0.03908   0.04258   0.04624   0.07696   0.50169   0.06970   0.10069   0.11697   0.14173   0.05145   0.36146   0.08009   0.04363   0.03671   0.10914   0.01103   2.11541   1.93233   1.11785   4.06119   3.18781   1.22254   0.08284   1.00000  
 50  0.0192   2870.788390  x:  0.59607   0.72618   1.09732   0.06074   0.11351   0.36862   0.04006   0.03782   0.21231   0.09753   0.08006   0.12315   0.07177   0.00000   0.02201   0.03902   0.04254   0.04628   0.07697   0.50169   0.06953   0.10062   0.11716   0.14178   0.05158   0.36147   0.08011   0.04364   0.03672   0.10913   0.01117   2.11443   1.92939   1.11624   4.04333   3.18646   1.22078   0.08283   1.00000  
 51  0.0179   2870.788339  x:  0.59599   0.72585   1.09794   0.06074   0.11347   0.36881   0.04013   0.03784   0.21236   0.09753   0.08000   0.12307   0.07174   0.00000   0.02202   0.03905   0.04250   0.04627   0.07705   0.50162   0.06954   0.10063   0.11716   0.14179   0.05154   0.36138   0.08009   0.04369   0.03672   0.10916   0.01112   2.11465   1.92819   1.11588   4.03786   3.18600   1.22075   0.08284   1.00000  
 52  0.0051   2870.788336  x:  0.59605   0.72569   1.09801   0.06076   0.11346   0.36883   0.04013   0.03784   0.21236   0.09753   0.08000   0.12307   0.07174   0.00000   0.02202   0.03905   0.04253   0.04628   0.07705   0.50164   0.06956   0.10063   0.11715   0.14178   0.05153   0.36135   0.08010   0.04368   0.03672   0.10916   0.01113   2.11463   1.92802   1.11580   4.03724   3.18600   1.22086   0.08284   1.00000  
 53  0.0007   2870.788335  x:  0.59608   0.72566   1.09805   0.06076   0.11346   0.36883   0.04013   0.03784   0.21236   0.09754   0.08000   0.12308   0.07174   0.00000   0.02202   0.03905   0.04252   0.04628   0.07705   0.50165   0.06957   0.10063   0.11715   0.14178   0.05153   0.36135   0.08011   0.04367   0.03672   0.10916   0.01113   2.11461   1.92801   1.11577   4.03721   3.18600   1.22091   0.08284   1.00000  
 54  0.0001   2870.788335  x:  0.59609   0.72565   1.09806   0.06077   0.11346   0.36882   0.04013   0.03784   0.21236   0.09754   0.08000   0.12308   0.07174   0.00000   0.02202   0.03905   0.04253   0.04627   0.07705   0.50165   0.06957   0.10063   0.11715   0.14178   0.05153   0.36135   0.08011   0.04368   0.03672   0.10916   0.01113   2.11461   1.92803   1.11577   4.03722   3.18599   1.22090   0.08284   1.00000  
 55  0.0000   2870.788335  x:  0.59608   0.72564   1.09806   0.06077   0.11346   0.36882   0.04013   0.03784   0.21236   0.09754   0.08000   0.12308   0.07174   0.00000   0.02202   0.03905   0.04253   0.04627   0.07705   0.50165   0.06957   0.10063   0.11715   0.14178   0.05153   0.36135   0.08011   0.04368   0.03672   0.10916   0.01113   2.11461   1.92803   1.11577   4.03724   3.18599   1.22090   0.08284   1.00000  
 56  0.0000   2870.788335  x:  0.59608   0.72564   1.09806   0.06077   0.11346   0.36882   0.04013   0.03784   0.21236   0.09754   0.08000   0.12308   0.07174   0.00000   0.02202   0.03905   0.04253   0.04627   0.07705   0.50165   0.06957   0.10063   0.11715   0.14178   0.05153   0.36135   0.08011   0.04368   0.03672   0.10916   0.01113   2.11461   1.92803   1.11577   4.03725   3.18599   1.22090   0.08284   1.00000  
 57  0.0000   2870.788335  x:  0.59608   0.72564   1.09806   0.06077   0.11346   0.36882   0.04013   0.03784   0.21236   0.09754   0.08000   0.12308   0.07174   0.00000   0.02202   0.03905   0.04253   0.04627   0.07705   0.50165   0.06957   0.10063   0.11715   0.14178   0.05153   0.36135   0.08011   0.04368   0.03672   0.10916   0.01113   2.11461   1.92803   1.11577   4.03725   3.18599   1.22090   0.08284   1.00000  
 58  0.0000   2870.788335  x:  0.59608   0.72564   1.09806   0.06077   0.11346   0.36882   0.04013   0.03784   0.21236   0.09754   0.08000   0.12308   0.07174   0.00000   0.02202   0.03905   0.04253   0.04627   0.07705   0.50165   0.06957   0.10063   0.11715   0.14178   0.05153   0.36135   0.08011   0.04368   0.03672   0.10916   0.01113   2.11461   1.92803   1.11577   4.03726   3.18599   1.22090   0.08284   1.00000  
 59  0.0000   2870.788335  x:  0.59608   0.72564   1.09806   0.06077   0.11346   0.36882   0.04013   0.03784   0.21236   0.09754   0.08000   0.12308   0.07174   0.00000   0.02202   0.03905   0.04253   0.04627   0.07705   0.50165   0.06957   0.10063   0.11715   0.14178   0.05153   0.36135   0.08011   0.04368   0.03672   0.10916   0.01113   2.11461   1.92803   1.11577   4.03726   3.18599   1.22090   0.08284   1.00000  

NSsites Model 7: beta

TREE # 1

  0  0.0000   3093.778953  x:  0.24861   0.25363   0.18125   0.01474   0.11811   0.14984   0.07142   0.00000   0.04532   0.07328   0.02057   0.10048   0.02890   0.01560   0.08398   0.01981   0.04011   0.08225   0.02944   0.16728   0.06638   0.08973   0.06489   0.10834   0.02840   0.12435   0.06005   0.03195   0.08834   0.06658   0.07887   2.45526   1.67969   0.99980   3.80964   0.90920   1.39863  
  1 99.0000   3033.547691  x:  0.26643   0.27069   0.21617   0.04654   0.12071   0.16781   0.07633   0.19443   0.09356   0.08162   0.05540   0.10895   0.05190   0.00000   0.07127   0.03379   0.03923   0.07533   0.05108   0.19163   0.07270   0.09043   0.07693   0.11273   0.04302   0.14645   0.07011   0.03527   0.07950   0.07241   0.06775   2.45447   1.68051   1.00117   3.80934   0.89648   1.40530  
  2 1727.2122   2944.597241  x:  0.35859   0.36165   0.37482   0.11464   0.12641   0.24546   0.07587   0.14474   0.16161   0.10565   0.09205   0.12389   0.06646   0.00000   0.00384   0.08452   0.04003   0.04340   0.06397   0.30688   0.08292   0.09921   0.12975   0.13584   0.07720   0.25162   0.10004   0.04570   0.03432   0.10354   0.00861   2.44992   1.68494   1.00864   3.80783   0.82380   1.44238  
  3 477.6034   2932.614326  x:  0.38419   0.38727   0.41776   0.12959   0.12704   0.26645   0.07504   0.13305   0.17910   0.11122   0.10002   0.12752   0.06944   0.00000   0.03616   0.09346   0.04123   0.03744   0.06707   0.33759   0.08460   0.10141   0.14222   0.14152   0.08397   0.27876   0.10649   0.04838   0.02551   0.11184   0.00000   2.44844   1.68630   1.01088   3.80738   0.80043   1.45380  
  4 1256.0817   2918.092404  x:  0.44753   0.45072   0.52393   0.16612   0.12847   0.31830   0.07288   0.10454   0.22225   0.12484   0.11948   0.13641   0.07668   0.00000   0.10605   0.11498   0.04436   0.02339   0.07469   0.41342   0.08860   0.10682   0.17278   0.15546   0.10034   0.34570   0.12218   0.05522   0.00581   0.13255   0.02692   2.44473   1.68968   1.01645   3.80627   0.74210   1.48223  
  5 7751.0815   2905.838308  x:  0.50582   0.51118   0.61898   0.18108   0.12373   0.36261   0.06650   0.08772   0.25440   0.13009   0.12470   0.14189   0.07802   0.00000   0.14060   0.11044   0.05527   0.05555   0.07892   0.47700   0.08671   0.10928   0.18881   0.16329   0.10193   0.39772   0.12694   0.06422   0.12061   0.14441   0.03600   2.43954   1.69340   1.02205   3.80524   0.66856   1.51392  
  6 614.3846   2885.351199  x:  0.55613   0.57125   0.69713   0.12848   0.09783   0.38802   0.04560   0.10183   0.25428   0.10851   0.08504   0.13766   0.06528   0.00000   0.13344   0.02301   0.04344   0.07760   0.07419   0.51083   0.06663   0.10783   0.15888   0.15385   0.06128   0.40656   0.08802   0.01500   0.11018   0.12017   0.03458   2.42634   1.69897   1.02785   3.80456   0.53533   1.55622  
  7 176.4231   2876.908410  x:  0.58285   0.60801   0.74082   0.07035   0.08119   0.39295   0.03231   0.11284   0.24090   0.09164   0.05842   0.12780   0.07411   0.00000   0.12864   0.03353   0.04108   0.07835   0.07383   0.51830   0.05893   0.10864   0.12137   0.14400   0.04210   0.39282   0.06553   0.06036   0.09955   0.09627   0.03328   2.41270   1.70378   1.03096   3.80438   0.41694   1.58924  
  8 220.0439   2873.585552  x:  0.59004   0.62413   0.75785   0.05135   0.09869   0.38342   0.04827   0.11327   0.22269   0.09602   0.08122   0.11532   0.07211   0.00000   0.12775   0.04435   0.04398   0.06908   0.08236   0.50768   0.06494   0.11118   0.10203   0.13948   0.05592   0.36968   0.06157   0.04472   0.10192   0.09797   0.03309   2.39915   1.70784   1.03111   3.80477   0.34280   1.60809  
  9 108.9342   2872.850150  x:  0.59242   0.63451   0.77203   0.05924   0.11012   0.37167   0.03880   0.11601   0.21263   0.09242   0.07509   0.10750   0.06650   0.00000   0.12752   0.03964   0.03811   0.05624   0.08114   0.49560   0.06338   0.10751   0.11213   0.14244   0.05892   0.35256   0.06913   0.04801   0.10506   0.10351   0.03296   2.38385   1.71170   1.02911   3.80559   0.32875   1.61637  
 10 37.0781   2872.372571  x:  0.59535   0.64744   0.79139   0.06177   0.11447   0.35889   0.03100   0.11776   0.20575   0.09213   0.07349   0.10485   0.06772   0.00000   0.12732   0.04587   0.05036   0.05812   0.07711   0.48268   0.05906   0.10290   0.11967   0.14278   0.05520   0.33594   0.07137   0.04302   0.10382   0.10383   0.03294   2.36320   1.71681   1.02591   3.80680   0.32893   1.62502  
 11 41.7486   2871.579232  x:  0.60007   0.67521   0.83524   0.05762   0.11496   0.33504   0.04085   0.11798   0.19803   0.09677   0.08038   0.11013   0.06979   0.00000   0.12734   0.04568   0.04022   0.06398   0.07286   0.45736   0.05793   0.10000   0.12099   0.13870   0.05345   0.30811   0.07483   0.04603   0.10270   0.09813   0.03300   2.31250   1.72917   1.01712   3.80997   0.34560   1.64403  
 12 47.1657   2871.289135  x:  0.59591   0.68312   0.84992   0.05557   0.11265   0.32883   0.04243   0.11812   0.19869   0.09395   0.07523   0.11451   0.06740   0.00000   0.12707   0.04208   0.04684   0.06186   0.07668   0.44654   0.06604   0.10563   0.11411   0.13782   0.06051   0.30494   0.07586   0.04742   0.10252   0.10253   0.03292   2.28195   1.73661   1.01091   3.81204   0.35196   1.65482  
 13 31.2734   2870.852365  x:  0.57799   0.68729   0.86315   0.05743   0.11019   0.32774   0.03749   0.11738   0.20375   0.09193   0.07225   0.11681   0.06790   0.00000   0.12747   0.04968   0.04109   0.05414   0.07839   0.43067   0.06878   0.10962   0.10502   0.14101   0.05565   0.31231   0.06915   0.04058   0.10591   0.10684   0.03297   2.21904   1.75190   0.99715   3.81651   0.35533   1.67684  
 14 32.9103   2869.869886  x:  0.52712   0.68774   0.88212   0.06588   0.11142   0.33269   0.03564   0.11434   0.21170   0.09547   0.08237   0.11228   0.06544   0.00000   0.12684   0.04118   0.04544   0.05955   0.07836   0.40178   0.06653   0.10930   0.10196   0.15147   0.04894   0.33441   0.06537   0.04919   0.10226   0.10308   0.03276   2.06224   1.78992   0.96216   3.82781   0.35177   1.73273  
 15 81.0112   2869.349499  x:  0.49973   0.68440   0.88735   0.05968   0.10910   0.33793   0.04044   0.11443   0.21044   0.09133   0.07462   0.10873   0.07326   0.00000   0.12701   0.04346   0.04216   0.06451   0.07911   0.40372   0.06493   0.10339   0.11427   0.14736   0.05976   0.34029   0.07055   0.04427   0.10136   0.09914   0.03286   1.97112   1.81214   0.94211   3.83445   0.35127   1.76694  
 16 66.4396   2868.988374  x:  0.48683   0.67943   0.88674   0.05534   0.10905   0.34208   0.03926   0.11536   0.20557   0.09410   0.07809   0.10997   0.06810   0.00000   0.12651   0.04251   0.04510   0.05687   0.08072   0.42585   0.06249   0.09760   0.11605   0.13410   0.05682   0.33243   0.06951   0.04583   0.10250   0.10391   0.03269   1.90510   1.82862   0.92843   3.83932   0.35704   1.79510  
 17 38.6246   2868.808184  x:  0.48653   0.67465   0.88212   0.06200   0.11472   0.34231   0.03791   0.11548   0.20227   0.09206   0.07656   0.11353   0.06816   0.00000   0.12637   0.04387   0.04368   0.06161   0.08108   0.44295   0.06248   0.10439   0.11043   0.13754   0.05528   0.32233   0.07029   0.04565   0.10114   0.10184   0.03267   1.87073   1.83785   0.92240   3.84189   0.35982   1.81421  
 18 25.7202   2868.735806  x:  0.49237   0.67133   0.87715   0.05890   0.11242   0.34022   0.03526   0.11552   0.20283   0.09346   0.07905   0.11468   0.06986   0.00000   0.12613   0.04285   0.04369   0.06005   0.07784   0.44794   0.06231   0.10659   0.10994   0.14556   0.05663   0.31936   0.07229   0.04512   0.10142   0.10246   0.03261   1.85783   1.84205   0.92110   3.84294   0.36176   1.82591  
 19 13.5437   2868.628400  x:  0.51072   0.66475   0.86580   0.05917   0.11212   0.33579   0.04283   0.11567   0.20646   0.09249   0.07654   0.11330   0.06920   0.00000   0.12558   0.04320   0.04564   0.05746   0.07540   0.44945   0.06462   0.10262   0.11076   0.15192   0.05309   0.31948   0.07190   0.04519   0.10132   0.10401   0.03245   1.84066   1.84912   0.92139   3.84457   0.36511   1.85077  
 20 13.3083   2868.438316  x:  0.54726   0.65238   0.84424   0.06236   0.11153   0.32925   0.03758   0.11494   0.21097   0.09325   0.07823   0.11040   0.06716   0.00000   0.12478   0.04438   0.04340   0.06125   0.07523   0.44530   0.07014   0.09720   0.11007   0.14602   0.05610   0.32418   0.07246   0.04493   0.09928   0.10341   0.03226   1.81428   1.86190   0.92407   3.84736   0.37200   1.90015  
 21 25.9241   2868.333979  x:  0.56506   0.64567   0.83373   0.06413   0.11289   0.33140   0.03796   0.11452   0.20859   0.09297   0.07946   0.11272   0.07278   0.00000   0.12420   0.04244   0.04483   0.05782   0.07709   0.43948   0.06467   0.10432   0.11336   0.14003   0.05624   0.32672   0.07175   0.04556   0.09943   0.10271   0.03211   1.80364   1.86907   0.92676   3.84898   0.37698   1.93170  
 22 19.9191   2868.260469  x:  0.57149   0.64180   0.82970   0.06234   0.11316   0.33744   0.03873   0.11564   0.20501   0.09369   0.07877   0.11451   0.06650   0.00000   0.12363   0.04497   0.04415   0.05969   0.08000   0.43518   0.05818   0.10714   0.11523   0.14109   0.05788   0.32702   0.07205   0.04565   0.09826   0.10555   0.03195   1.80135   1.87399   0.92974   3.85019   0.38211   1.95772  
 23 12.8615   2868.061834  x:  0.57032   0.63334   0.82715   0.06182   0.11645   0.35371   0.03638   0.11568   0.19500   0.09503   0.07937   0.11667   0.06972   0.00000   0.12234   0.04427   0.04452   0.05785   0.08888   0.42944   0.06247   0.09747   0.11360   0.14814   0.05797   0.32382   0.07263   0.04520   0.09701   0.10364   0.03164   1.80850   1.88715   0.94030   3.85381   0.39889   2.03875  
 24 14.0827   2867.462097  x:  0.53756   0.60976   0.82455   0.06497   0.11739   0.36165   0.03858   0.11478   0.20463   0.08805   0.08384   0.10565   0.06873   0.00000   0.11832   0.04504   0.04432   0.05688   0.06702   0.42613   0.07207   0.10294   0.11551   0.14233   0.05640   0.31468   0.07929   0.04365   0.09163   0.10898   0.03060   1.84526   1.92456   0.97148   3.86556   0.43763   2.28803  
 25 30.8156   2867.091480  x:  0.51140   0.59733   0.82057   0.07100   0.11437   0.34164   0.03933   0.11264   0.21382   0.10292   0.07763   0.11079   0.06696   0.00000   0.11603   0.04508   0.04488   0.05409   0.07290   0.43027   0.06718   0.10391   0.12062   0.14168   0.06003   0.31511   0.07584   0.04281   0.08901   0.10471   0.03004   1.87089   1.94676   0.98856   3.87392   0.45630   2.44446  
 26 58.2082   2866.951255  x:  0.50192   0.59630   0.81826   0.07318   0.11176   0.32812   0.03945   0.11157   0.21213   0.09434   0.08213   0.11294   0.06876   0.00000   0.11508   0.04439   0.04429   0.05530   0.07948   0.43424   0.06055   0.10085   0.12054   0.14303   0.06108   0.32034   0.07469   0.04348   0.08724   0.10930   0.02976   1.88059   1.95357   0.99230   3.87778   0.46371   2.49919  
 27 33.8754   2866.889900  x:  0.49985   0.60246   0.81545   0.07308   0.11107   0.32327   0.03993   0.11299   0.20490   0.09337   0.08303   0.10870   0.06600   0.00000   0.11476   0.04547   0.04484   0.05340   0.07972   0.43719   0.06153   0.10347   0.12049   0.14388   0.06023   0.32705   0.07575   0.04270   0.08725   0.10491   0.02971   1.88428   1.95396   0.98880   3.88101   0.46830   2.51693  
 28  7.4261   2866.785877  x:  0.49747   0.61751   0.80670   0.07345   0.11358   0.32016   0.04060   0.11495   0.19577   0.09885   0.08059   0.10872   0.06866   0.00000   0.11378   0.04518   0.04398   0.05583   0.07410   0.43943   0.06335   0.10382   0.11924   0.14377   0.06006   0.33414   0.07441   0.04333   0.08530   0.11134   0.02943   1.88996   1.95162   0.97706   3.88832   0.47213   2.54020  
 29  9.5801   2866.492475  x:  0.49325   0.66070   0.77923   0.07356   0.11998   0.32298   0.03966   0.11467   0.19879   0.09440   0.08269   0.12393   0.06451   0.00000   0.11156   0.04611   0.04490   0.05323   0.06603   0.43983   0.06496   0.10003   0.12269   0.14326   0.06412   0.33549   0.07134   0.04312   0.08276   0.10641   0.02892   1.90468   1.94069   0.93655   3.91167   0.47774   2.59424  
 30 15.4511   2866.135573  x:  0.49175   0.70255   0.75344   0.07265   0.11600   0.32965   0.03858   0.11051   0.21353   0.09568   0.08377   0.11213   0.06792   0.00000   0.10860   0.04502   0.04385   0.05520   0.08130   0.44008   0.06400   0.10400   0.12505   0.14294   0.05887   0.32564   0.07687   0.04232   0.07833   0.10963   0.02819   1.92076   1.92539   0.88670   3.94132   0.48531   2.65048  
 31 25.7628   2865.961791  x:  0.49451   0.70602   0.75339   0.07825   0.11159   0.33278   0.04011   0.10957   0.21565   0.09657   0.08228   0.10467   0.06950   0.00000   0.10755   0.04394   0.04508   0.05242   0.07939   0.44066   0.05501   0.10023   0.11681   0.14263   0.06625   0.32275   0.07522   0.04191   0.07741   0.10762   0.02795   1.92631   1.91738   0.86773   3.95589   0.48843   2.66930  
 32 11.8383   2864.845144  x:  0.51521   0.66583   0.78478   0.09300   0.08333   0.33605   0.04314   0.10726   0.20061   0.09422   0.08625   0.10605   0.06672   0.00000   0.10098   0.04293   0.04321   0.05469   0.07663   0.44115   0.06421   0.10266   0.12655   0.14237   0.07062   0.31404   0.05434   0.04106   0.06671   0.10779   0.02637   1.95306   1.86580   0.77200   4.04811   0.48506   2.76176  
 33 17.3191   2863.851098  x:  0.53370   0.62486   0.81723   0.08650   0.08812   0.33279   0.04325   0.10538   0.19610   0.09576   0.08293   0.12031   0.06545   0.00000   0.09447   0.04199   0.04303   0.05420   0.07481   0.44160   0.06160   0.09912   0.11732   0.13635   0.05861   0.32037   0.08201   0.03531   0.05684   0.10608   0.02482   1.97393   1.81892   0.69996   4.13372   0.48268   2.84129  
 34 59.4926   2862.860611  x:  0.54958   0.60180   0.84658   0.05597   0.13406   0.32791   0.03590   0.10298   0.20700   0.09296   0.08105   0.11022   0.06711   0.00000   0.08758   0.03732   0.04171   0.05579   0.07807   0.45005   0.05767   0.10232   0.11874   0.13902   0.06266   0.32952   0.06333   0.03708   0.04663   0.10429   0.02316   1.98219   1.77812   0.67929   4.21505   0.49554   2.90477  
 35 28.6004   2859.740666  x:  0.56329   0.62465   0.86211   0.05861   0.11899   0.33797   0.03942   0.09484   0.20424   0.09288   0.08148   0.11407   0.06650   0.00000   0.06902   0.03254   0.04043   0.05619   0.07965   0.46306   0.05507   0.10215   0.11550   0.13500   0.06013   0.32915   0.06558   0.03235   0.01949   0.10282   0.01870   1.95814   1.69034   0.81957   4.42657   0.49307   3.03506  
 36 17.6872   2857.119167  x:  0.61264   0.67964   0.91917   0.05641   0.11174   0.35913   0.04371   0.08232   0.20585   0.09322   0.08313   0.11805   0.06853   0.00000   0.05714   0.03233   0.03998   0.04672   0.08318   0.48851   0.05506   0.10444   0.11330   0.13421   0.05679   0.33899   0.06492   0.03908   0.01660   0.10291   0.01597   2.09481   2.59507   0.82388   4.43778   0.43079   2.60326  
 37  1.8791   2853.683172  x:  0.61645   0.71062   1.03216   0.06370   0.10544   0.38137   0.04544   0.06406   0.21676   0.09734   0.08727   0.12415   0.07257   0.00000   0.05073   0.03963   0.04131   0.02863   0.08715   0.50702   0.06109   0.10635   0.11529   0.14248   0.05771   0.36050   0.07090   0.04557   0.03607   0.10797   0.01484   1.97985   2.27416   1.01301   4.60790   0.37460   2.13569  
 38  1.4658   2851.379056  x:  0.58878   0.73866   1.13632   0.07505   0.10439   0.38377   0.04350   0.04531   0.22535   0.09955   0.08741   0.12388   0.07415   0.00000   0.03026   0.04675   0.04168   0.04961   0.08818   0.50893   0.06350   0.10680   0.12274   0.14953   0.06192   0.37793   0.07154   0.05401   0.03036   0.11362   0.01053   1.88070   1.93813   1.07260   4.76381   0.38628   2.12745  
 39  0.4307   2850.907851  x:  0.58612   0.74085   1.16529   0.07339   0.10606   0.37490   0.04158   0.04233   0.22116   0.09853   0.08328   0.12544   0.07354   0.00000   0.02032   0.04377   0.04245   0.04604   0.08719   0.50637   0.06202   0.10553   0.12335   0.14706   0.06109   0.37343   0.07228   0.04856   0.03032   0.11269   0.00848   1.92969   1.98426   1.04754   4.79581   0.40347   2.27161  
 40  0.2156   2850.738464  x:  0.58725   0.73390   1.17230   0.07081   0.10726   0.36912   0.04086   0.04459   0.21737   0.09758   0.08065   0.12659   0.07274   0.00000   0.02370   0.04049   0.04258   0.04773   0.08601   0.50371   0.06090   0.10453   0.12264   0.14454   0.06023   0.36825   0.07255   0.04374   0.03460   0.11042   0.00945   1.96702   2.01767   1.01156   4.73427   0.40766   2.31700  
 41  0.1393   2850.663045  x:  0.59015   0.72900   1.19387   0.07051   0.10688   0.37013   0.04163   0.04146   0.21675   0.09800   0.08133   0.12779   0.07219   0.00000   0.02262   0.03877   0.04251   0.04616   0.08589   0.50299   0.06058   0.10463   0.12247   0.14435   0.05985   0.36833   0.07039   0.04595   0.03625   0.11090   0.00953   1.95128   1.94302   0.96239   4.64006   0.40803   2.35593  
 42  0.0861   2850.642198  x:  0.59519   0.73065   1.20154   0.06977   0.10718   0.37296   0.04183   0.03930   0.21741   0.09808   0.08181   0.12755   0.07241   0.00000   0.02267   0.04077   0.04250   0.04685   0.08663   0.50509   0.06130   0.10457   0.12219   0.14531   0.06062   0.36960   0.07090   0.04526   0.03687   0.11105   0.00979   1.94483   1.96413   0.94248   4.57865   0.40573   2.34483  
 43  0.0580   2850.633750  x:  0.59775   0.73253   1.20276   0.06863   0.10833   0.37315   0.04156   0.03875   0.21675   0.09811   0.08068   0.12810   0.07294   0.00000   0.02326   0.04065   0.04265   0.04688   0.08726   0.50632   0.06127   0.10447   0.12232   0.14511   0.06064   0.37031   0.07199   0.04589   0.03658   0.11078   0.01028   1.93696   1.95253   0.94534   4.52790   0.40976   2.37082  
 44  0.0230   2850.627729  x:  0.59903   0.73380   1.20787   0.06847   0.10796   0.37319   0.04187   0.03777   0.21663   0.09811   0.08081   0.12825   0.07264   0.00000   0.02268   0.04000   0.04257   0.04680   0.08687   0.50671   0.06110   0.10433   0.12245   0.14496   0.06054   0.36997   0.07132   0.04522   0.03614   0.11068   0.01066   1.94071   1.95507   0.94652   4.51057   0.40959   2.38755  
 45  0.0105   2850.622992  x:  0.59685   0.73272   1.20762   0.06935   0.10755   0.37335   0.04208   0.03802   0.21655   0.09817   0.08163   0.12792   0.07212   0.00000   0.02293   0.04066   0.04259   0.04659   0.08673   0.50543   0.06130   0.10446   0.12226   0.14531   0.06098   0.36969   0.07061   0.04543   0.03556   0.11061   0.01129   1.94231   1.95403   0.95021   4.55015   0.41038   2.39004  
 46  0.0133   2850.618572  x:  0.59641   0.73323   1.20819   0.06922   0.10730   0.37322   0.04173   0.03838   0.21686   0.09811   0.08097   0.12794   0.07279   0.00000   0.02254   0.04028   0.04255   0.04697   0.08701   0.50522   0.06143   0.10435   0.12210   0.14509   0.06090   0.36954   0.07137   0.04520   0.03580   0.11022   0.01189   1.94231   1.96356   0.95094   4.59082   0.40844   2.37312  
 47  0.0194   2850.617859  x:  0.59737   0.73319   1.20610   0.06908   0.10788   0.37298   0.04178   0.03864   0.21673   0.09812   0.08107   0.12809   0.07255   0.00000   0.02241   0.04043   0.04260   0.04673   0.08683   0.50585   0.06131   0.10433   0.12245   0.14503   0.06095   0.36973   0.07128   0.04515   0.03600   0.11033   0.01203   1.94347   1.96193   0.94915   4.58091   0.40920   2.37393  
 48  0.0066   2850.617718  x:  0.59729   0.73326   1.20465   0.06916   0.10770   0.37311   0.04178   0.03872   0.21702   0.09814   0.08119   0.12796   0.07261   0.00000   0.02242   0.04039   0.04258   0.04675   0.08684   0.50599   0.06137   0.10432   0.12242   0.14508   0.06096   0.36980   0.07127   0.04517   0.03605   0.11030   0.01206   1.94245   1.95942   0.94926   4.56696   0.40888   2.37194  
 49  0.0087   2850.617691  x:  0.59694   0.73298   1.20458   0.06920   0.10766   0.37305   0.04177   0.03878   0.21690   0.09812   0.08115   0.12796   0.07260   0.00000   0.02239   0.04041   0.04258   0.04676   0.08686   0.50582   0.06135   0.10432   0.12236   0.14506   0.06097   0.36972   0.07127   0.04515   0.03604   0.11028   0.01206   1.94204   1.95864   0.94850   4.55938   0.40894   2.37275  
 50  0.0048   2850.617687  x:  0.59693   0.73279   1.20467   0.06919   0.10769   0.37303   0.04178   0.03876   0.21693   0.09812   0.08115   0.12793   0.07261   0.00000   0.02240   0.04041   0.04258   0.04676   0.08687   0.50580   0.06134   0.10433   0.12239   0.14505   0.06096   0.36972   0.07128   0.04517   0.03602   0.11029   0.01206   1.94209   1.95836   0.94841   4.55806   0.40890   2.37212  
 51  0.0008   2850.617686  x:  0.59694   0.73276   1.20464   0.06917   0.10770   0.37304   0.04178   0.03876   0.21691   0.09812   0.08115   0.12796   0.07260   0.00000   0.02240   0.04040   0.04258   0.04676   0.08687   0.50581   0.06134   0.10432   0.12239   0.14506   0.06096   0.36971   0.07128   0.04515   0.03602   0.11028   0.01206   1.94201   1.95819   0.94842   4.55748   0.40885   2.37162  
 52  0.0004   2850.617685  x:  0.59693   0.73279   1.20447   0.06917   0.10769   0.37302   0.04178   0.03874   0.21691   0.09813   0.08114   0.12796   0.07260   0.00000   0.02240   0.04039   0.04258   0.04676   0.08686   0.50580   0.06135   0.10432   0.12238   0.14505   0.06096   0.36970   0.07128   0.04516   0.03602   0.11028   0.01206   1.94204   1.95832   0.94834   4.55730   0.40886   2.37158  
 53  0.0001   2850.617684  x:  0.59691   0.73277   1.20437   0.06916   0.10769   0.37302   0.04178   0.03873   0.21690   0.09812   0.08114   0.12796   0.07260   0.00000   0.02240   0.04040   0.04258   0.04676   0.08686   0.50578   0.06134   0.10432   0.12238   0.14505   0.06096   0.36969   0.07128   0.04516   0.03602   0.11028   0.01206   1.94204   1.95821   0.94843   4.55761   0.40885   2.37161  
 54  0.0002   2850.617684  x:  0.59690   0.73275   1.20436   0.06916   0.10770   0.37302   0.04178   0.03873   0.21690   0.09812   0.08114   0.12796   0.07260   0.00000   0.02240   0.04040   0.04258   0.04676   0.08686   0.50578   0.06134   0.10432   0.12238   0.14505   0.06096   0.36969   0.07128   0.04516   0.03602   0.11028   0.01206   1.94203   1.95825   0.94843   4.55763   0.40885   2.37164  
 55  0.0000   2850.617684  x:  0.59690   0.73275   1.20436   0.06916   0.10770   0.37302   0.04178   0.03873   0.21690   0.09812   0.08114   0.12796   0.07260   0.00000   0.02240   0.04040   0.04258   0.04676   0.08686   0.50578   0.06134   0.10432   0.12238   0.14505   0.06096   0.36969   0.07128   0.04516   0.03602   0.11028   0.01206   1.94203   1.95825   0.94843   4.55763   0.40885   2.37164  
 56  0.0000   2850.617684  x:  0.59690   0.73275   1.20436   0.06916   0.10770   0.37302   0.04178   0.03873   0.21690   0.09812   0.08114   0.12796   0.07260   0.00000   0.02240   0.04040   0.04258   0.04676   0.08686   0.50578   0.06134   0.10432   0.12238   0.14505   0.06096   0.36969   0.07128   0.04516   0.03602   0.11028   0.01206   1.94203   1.95825   0.94843   4.55763   0.40885   2.37164  
 57  0.0000   2850.617684  x:  0.59690   0.73275   1.20436   0.06916   0.10770   0.37302   0.04178   0.03873   0.21690   0.09812   0.08114   0.12796   0.07260   0.00000   0.02240   0.04040   0.04258   0.04676   0.08686   0.50578   0.06134   0.10432   0.12238   0.14505   0.06096   0.36969   0.07128   0.04516   0.03602   0.11028   0.01206   1.94203   1.95825   0.94843   4.55763   0.40885   2.37164  

NSsites Model 8: beta&w>1

TREE # 1

  0  0.0000   3045.305909  x:  0.46416   0.43321   0.42556   0.03164   0.14442   0.18673   0.01756   0.00000   0.11374   0.09859   0.05802   0.06473   0.04304   0.05207   0.05301   0.04533   0.06853   0.02714   0.04788   0.23417   0.14331   0.07738   0.10837   0.07495   0.04826   0.18907   0.09596   0.05742   0.02051   0.08133   0.04588   2.22476   1.71879   0.86665   4.25027   0.90000   1.12360   1.30337   2.60590  
  1 99.0000   2987.739494  x:  0.47320   0.44472   0.44387   0.04478   0.14810   0.21571   0.06655   0.37062   0.14181   0.10242   0.06807   0.09922   0.06618   0.02145   0.03526   0.04215   0.06047   0.04597   0.06647   0.26278   0.13766   0.08037   0.11399   0.10026   0.05322   0.21079   0.10078   0.05231   0.04188   0.09077   0.03163   2.22678   1.71983   0.87182   4.24941   0.99999   1.10683   1.31553   2.60102  
  2 1580.5611   2974.623873  x:  0.48038   0.45394   0.45945   0.05839   0.14841   0.23204   0.06736   0.36797   0.15145   0.10407   0.07578   0.10471   0.06601   0.00000   0.02276   0.05170   0.05563   0.04830   0.06712   0.28365   0.13121   0.08552   0.11936   0.11350   0.05722   0.22775   0.10171   0.04948   0.04192   0.09769   0.02356   2.22738   1.72095   0.87548   4.24881   0.99999   1.08610   1.32834   2.60086  
  3 259.8306   2923.231232  x:  0.60880   0.62050   0.72963   0.12949   0.11842   0.46072   0.06073   0.34050   0.29810   0.12074   0.12088   0.16965   0.05548   0.00000   0.30864   0.03593   0.01946   0.06733   0.06120   0.59248   0.01437   0.14732   0.17456   0.22683   0.07285   0.46722   0.10137   0.04328   0.06230   0.18046   0.00000   2.23815   1.74036   0.94695   4.23779   0.99999   0.66761   1.57020   2.59734  
  4 459.2647   2921.472667  x:  0.61690   0.63105   0.74678   0.13384   0.11673   0.47450   0.06039   0.33914   0.30661   0.12153   0.12329   0.17319   0.05593   0.00000   0.32196   0.03744   0.02118   0.06839   0.06183   0.61143   0.00969   0.15097   0.17759   0.23326   0.07394   0.48169   0.10113   0.04353   0.06322   0.18491   0.01508   2.23870   1.74162   0.95140   4.23711   0.99999   0.64028   1.58535   2.59711  
  5 1526.7917   2912.630991  x:  0.64419   0.66775   0.80579   0.12630   0.11069   0.50183   0.05796   0.33842   0.31838   0.11754   0.11240   0.17056   0.07467   0.00000   0.34168   0.06242   0.09306   0.06535   0.08182   0.65843   0.04846   0.15530   0.17476   0.22730   0.07546   0.51121   0.09530   0.05533   0.05072   0.17587   0.01193   2.23818   1.74622   0.96595   4.23495   0.99999   0.52809   1.63509   2.59601  
  6 293.2948   2906.496285  x:  0.65831   0.68719   0.83717   0.11795   0.10695   0.51153   0.05527   0.33938   0.32041   0.11425   0.10380   0.16496   0.07988   0.00000   0.34187   0.06717   0.11062   0.05896   0.08954   0.67843   0.06412   0.15365   0.16954   0.21857   0.07316   0.52209   0.08955   0.05915   0.04312   0.16601   0.01114   2.23690   1.74871   0.97306   4.23396   0.95168   0.47013   1.65910   2.59534  
  7 426.2933   2898.193378  x:  0.69306   0.73449   0.90869   0.08410   0.11551   0.50853   0.05583   0.34177   0.30661   0.11954   0.08676   0.13880   0.08093   0.00000   0.30420   0.03945   0.06711   0.04091   0.10161   0.69440   0.09249   0.14004   0.15056   0.17577   0.06495   0.52125   0.08187   0.07283   0.05296   0.13191   0.01195   2.22733   1.75511   0.98632   4.23224   0.95908   0.34163   1.70245   2.59579  
  8 143.2365   2896.517110  x:  0.70946   0.75800   0.94520   0.06577   0.11845   0.49951   0.05164   0.34435   0.29856   0.11948   0.08624   0.12525   0.08186   0.00000   0.29795   0.05252   0.05666   0.07076   0.09530   0.69307   0.08563   0.13212   0.14330   0.15850   0.05997   0.51289   0.07857   0.05888   0.04068   0.12777   0.01225   2.21971   1.75870   0.99179   4.23161   0.96215   0.32160   1.71923   2.59712  
  9 75.1090   2893.079685  x:  0.76677   0.84358   1.08429   0.04641   0.14053   0.46225   0.04433   0.35107   0.27262   0.10812   0.09576   0.09077   0.07046   0.00000   0.27995   0.05041   0.07906   0.05396   0.07513   0.68242   0.05575   0.12088   0.13623   0.13644   0.06604   0.47725   0.08292   0.04497   0.05151   0.13940   0.01076   2.18745   1.77307   1.01004   4.22974   0.96484   0.34874   1.77870   2.60368  
 10 56.3803   2891.009817  x:  0.80339   0.90227   1.18550   0.05370   0.15822   0.42734   0.05051   0.35148   0.25871   0.10405   0.08809   0.09668   0.07527   0.00000   0.27957   0.05259   0.06880   0.05553   0.08104   0.66263   0.05932   0.12819   0.14290   0.14198   0.06723   0.44231   0.08465   0.07106   0.03032   0.13527   0.01149   2.16042   1.78472   1.02156   4.22874   0.96369   0.37672   1.82473   2.60855  
 11 89.6017   2890.119624  x:  0.81768   0.92891   1.23622   0.05447   0.15917   0.40679   0.05140   0.34831   0.25522   0.10935   0.08549   0.11490   0.08061   0.00000   0.27984   0.05571   0.06403   0.06431   0.08798   0.64363   0.07082   0.13410   0.14847   0.15160   0.06257   0.42202   0.08455   0.06741   0.05019   0.13018   0.01129   2.14387   1.79164   1.02564   4.22857   0.95969   0.38890   1.85053   2.61134  
 12 81.5910   2889.710872  x:  0.81995   0.93784   1.25844   0.05312   0.15354   0.39890   0.05039   0.34773   0.25659   0.11605   0.08904   0.12887   0.08005   0.00000   0.27813   0.04964   0.06406   0.06032   0.08967   0.62815   0.07719   0.13588   0.14976   0.15809   0.06111   0.41389   0.08582   0.05364   0.04310   0.13047   0.01183   2.13348   1.79583   1.02567   4.22885   0.96011   0.38996   1.86479   2.61295  
 13 43.7100   2889.346565  x:  0.81079   0.93880   1.28045   0.05401   0.13735   0.39698   0.04784   0.34850   0.26197   0.11818   0.09078   0.14171   0.07468   0.00000   0.27465   0.05454   0.06526   0.05746   0.08111   0.59563   0.07252   0.13023   0.14349   0.16121   0.06241   0.41012   0.08985   0.06159   0.04257   0.13564   0.01134   2.11435   1.80319   1.02069   4.23017   0.96059   0.38428   1.88709   2.61556  
 14 20.9717   2889.010730  x:  0.79386   0.93431   1.30251   0.07090   0.13031   0.40217   0.05682   0.34794   0.26409   0.11067   0.08509   0.14086   0.07095   0.00000   0.27245   0.05011   0.06809   0.06114   0.07903   0.56130   0.06969   0.12623   0.14005   0.15866   0.06134   0.41220   0.08896   0.05761   0.04319   0.13640   0.01117   2.08959   1.81279   1.01255   4.23221   0.96135   0.38077   1.91588   2.61872  
 15 28.8299   2888.640174  x:  0.76654   0.92356   1.32748   0.07390   0.11941   0.41230   0.05793   0.34901   0.26303   0.10778   0.08877   0.12711   0.07988   0.00000   0.27335   0.05677   0.06130   0.05433   0.08277   0.53122   0.07090   0.12972   0.14517   0.15486   0.06210   0.42028   0.08358   0.05363   0.04315   0.13105   0.01138   2.05595   1.82622   1.00018   4.23528   0.96304   0.38609   1.95651   2.62263  
 16 30.2662   2888.338075  x:  0.73971   0.91128   1.34718   0.06911   0.11297   0.41941   0.05203   0.34974   0.26197   0.11131   0.09211   0.11648   0.07823   0.00000   0.26807   0.04765   0.06159   0.06165   0.08787   0.51659   0.07352   0.13316   0.14907   0.15489   0.06427   0.42721   0.08042   0.05804   0.04306   0.12818   0.01142   2.02577   1.83862   0.98826   4.23822   0.96355   0.39415   1.99463   2.62594  
 17 43.0747   2887.729003  x:  0.67507   0.87655   1.37978   0.05624   0.12879   0.41871   0.04247   0.35100   0.26354   0.11680   0.07425   0.11616   0.06865   0.00000   0.26037   0.05112   0.05695   0.05873   0.09802   0.51509   0.07328   0.12618   0.13943   0.15246   0.05742   0.42887   0.07899   0.05576   0.04157   0.13146   0.01148   1.96017   1.86661   0.96030   4.24515   0.96708   0.40878   2.08343   2.63242  
 18 31.6910   2887.212721  x:  0.61596   0.84150   1.40157   0.04938   0.14742   0.40589   0.04670   0.34984   0.26063   0.11205   0.08891   0.12270   0.07462   0.00000   0.25483   0.04855   0.05631   0.05961   0.09630   0.52085   0.06774   0.11897   0.12955   0.14885   0.05663   0.41803   0.08040   0.05698   0.04131   0.12487   0.01130   1.90258   1.89201   0.93467   4.25163   0.96780   0.41386   2.16685   2.63755  
 19 57.8729   2886.932870  x:  0.58888   0.82221   1.40622   0.04711   0.14493   0.39191   0.04567   0.35120   0.25305   0.10097   0.08294   0.12286   0.07578   0.00000   0.24945   0.04707   0.05537   0.05944   0.08373   0.52825   0.06457   0.12480   0.13805   0.15184   0.06257   0.40480   0.08057   0.05432   0.04102   0.12316   0.01119   1.87440   1.90576   0.92190   4.25519   0.96984   0.41140   2.21593   2.63917  
 20 31.9358   2886.730003  x:  0.57728   0.80976   1.40268   0.05646   0.13519   0.38009   0.04739   0.35305   0.24418   0.10743   0.08423   0.11824   0.06941   0.00000   0.24699   0.04913   0.05509   0.05801   0.07658   0.53580   0.06445   0.12708   0.14134   0.14855   0.05568   0.39252   0.07409   0.05470   0.04068   0.12393   0.01099   1.85845   1.91566   0.91492   4.25774   0.97142   0.41162   2.25688   2.63875  
 21 22.1771   2886.447853  x:  0.57552   0.79718   1.38822   0.06588   0.11293   0.36883   0.04996   0.35321   0.23413   0.10848   0.08174   0.11444   0.06886   0.00000   0.24265   0.04890   0.05006   0.05857   0.07972   0.54500   0.06591   0.12220   0.12995   0.14199   0.06237   0.38217   0.08142   0.05176   0.04058   0.12251   0.01123   1.84513   1.92905   0.91001   4.26108   0.97376   0.42108   2.32196   2.63538  
 22 20.4489   2886.046928  x:  0.58437   0.78419   1.35911   0.06578   0.09563   0.36178   0.04761   0.35261   0.22767   0.09755   0.07804   0.11578   0.07341   0.00000   0.22987   0.04413   0.04832   0.05753   0.08296   0.54540   0.05754   0.11218   0.12441   0.14164   0.04891   0.37294   0.07656   0.05156   0.03866   0.11399   0.01107   1.83558   1.94671   0.90776   4.26547   0.97892   0.43465   2.41674   2.62792  
 23 32.3226   2883.760129  x:  0.64869   0.71601   1.16612   0.05354   0.10780   0.32561   0.03760   0.35360   0.20431   0.08163   0.07984   0.10761   0.04582   0.00000   0.17901   0.04708   0.03293   0.05602   0.08947   0.48114   0.04012   0.09836   0.12402   0.12853   0.05805   0.32005   0.05974   0.04511   0.03545   0.09559   0.01050   1.80962   2.04024   0.90697   4.28930   0.99017   0.48432   2.94638   2.57715  
 24 64.5657   2882.859141  x:  0.67334   0.68835   1.08417   0.04667   0.11715   0.30900   0.03974   0.35187   0.19368   0.09150   0.07113   0.10102   0.06090   0.00000   0.15298   0.04030   0.02811   0.05707   0.07817   0.45086   0.03149   0.10264   0.11983   0.11984   0.05282   0.30343   0.06354   0.04455   0.03428   0.10476   0.00975   1.80201   2.07902   0.90812   4.29955   0.99255   0.50581   3.17041   2.55350  
 25 207.6581   2882.630239  x:  0.67478   0.68484   1.06732   0.04294   0.11843   0.30355   0.04472   0.35155   0.19420   0.08962   0.07073   0.09917   0.05667   0.00000   0.14707   0.04058   0.02553   0.05702   0.06465   0.44526   0.03858   0.10742   0.11570   0.11776   0.04589   0.30777   0.07034   0.04410   0.03363   0.09939   0.00986   1.80410   2.08713   0.91068   4.30226   0.99383   0.51496   3.22270   2.54473  
 26 39.3783   2882.419829  x:  0.66294   0.68764   1.05881   0.04451   0.11851   0.29263   0.04372   0.35117   0.19475   0.09249   0.06736   0.09920   0.05867   0.00000   0.14222   0.03902   0.02407   0.05675   0.05445   0.44124   0.04093   0.10131   0.11224   0.11717   0.05134   0.31491   0.06015   0.04327   0.03326   0.09368   0.00993   1.81470   2.09048   0.91746   4.30525   0.99600   0.52163   3.25818   2.53005  
 27 13.3906   2881.794610  x:  0.62015   0.69792   1.04233   0.04083   0.11322   0.26533   0.04836   0.34898   0.18950   0.08601   0.06829   0.09458   0.05496   0.00000   0.12948   0.03810   0.02032   0.05618   0.05989   0.42893   0.03791   0.09679   0.11302   0.11518   0.04942   0.32065   0.05538   0.04278   0.03273   0.10102   0.00972   1.84804   2.09446   0.93686   4.31357   0.99999   0.52857   3.33215   2.48727  
 28 29.0721   2881.721465  x:  0.61192   0.70231   1.03811   0.04151   0.11309   0.26297   0.04843   0.34848   0.18806   0.08839   0.06738   0.09340   0.05467   0.00000   0.12733   0.03824   0.02057   0.05595   0.06001   0.42701   0.03613   0.09063   0.11886   0.11488   0.04848   0.32018   0.06073   0.04253   0.03246   0.09791   0.00972   1.85222   2.09552   0.93991   4.31569   0.99999   0.52947   3.34373   2.47937  
 29 13.2448   2881.421997  x:  0.58896   0.72954   1.01957   0.04153   0.11205   0.27721   0.04693   0.34549   0.18542   0.08580   0.06793   0.09686   0.05511   0.00000   0.11963   0.03642   0.01801   0.05592   0.05421   0.42641   0.04273   0.08379   0.12302   0.10666   0.04845   0.30489   0.06077   0.04262   0.03256   0.10191   0.00980   1.85178   2.10084   0.94542   4.32556   0.99999   0.53433   3.36626   2.45601  
 30  7.5386   2880.914887  x:  0.54104   0.77775   0.98131   0.03733   0.10854   0.27906   0.05306   0.33959   0.17867   0.08807   0.06439   0.09459   0.05129   0.00000   0.10230   0.03574   0.01871   0.05384   0.05471   0.41857   0.03306   0.09043   0.11459   0.10739   0.04948   0.28884   0.05769   0.04132   0.03239   0.09429   0.00963   1.85667   2.11179   0.95819   4.34550   0.99999   0.53936   3.42178   2.40477  
 31 48.9821   2879.705103  x:  0.52410   0.86030   0.91547   0.04803   0.11660   0.26780   0.03112   0.33364   0.17724   0.08216   0.06995   0.08154   0.05449   0.00000   0.08876   0.03311   0.01811   0.05219   0.05442   0.41496   0.03873   0.09082   0.10185   0.12318   0.04376   0.29067   0.06326   0.04036   0.03356   0.09769   0.00961   1.79529   2.13500   0.94627   4.38088   0.99999   0.52972   3.41662   2.36089  
 32 24.9101   2877.640882  x:  0.56222   0.98226   0.82449   0.03849   0.12116   0.26891   0.05241   0.31585   0.19355   0.08768   0.07117   0.08500   0.05553   0.00000   0.07177   0.03113   0.02534   0.04954   0.05377   0.43119   0.04455   0.08534   0.11307   0.12387   0.05082   0.31169   0.05963   0.04402   0.03625   0.10584   0.00955   1.63961   2.17386   0.89655   4.43529   0.99999   0.51385   3.31081   2.33834  
 33 95.9624   2877.160089  x:  0.55849   0.99139   0.81261   0.04245   0.12141   0.25949   0.04434   0.31259   0.19082   0.08542   0.07159   0.09620   0.05446   0.00000   0.06139   0.02984   0.02699   0.04844   0.05702   0.42890   0.03820   0.09435   0.11732   0.10379   0.05051   0.32152   0.06063   0.04433   0.03622   0.10360   0.00943   1.63456   2.18341   0.89571   4.45047   0.99999   0.51423   3.31544   2.31754  
 34 19.7863   2873.910206  x:  0.59481   0.93006   0.82520   0.03558   0.13023   0.26758   0.04657   0.29084   0.13546   0.08501   0.07270   0.10870   0.04991   0.00000   0.02323   0.02736   0.02905   0.04343   0.04988   0.41804   0.04163   0.08692   0.11210   0.11066   0.05094   0.33045   0.05948   0.04483   0.03777   0.10664   0.00941   1.65689   2.23224   0.88621   4.52965   0.99999   0.50437   3.27705   2.24079  
 35 15.0717   2873.415570  x:  0.59759   0.91838   0.82959   0.03595   0.12905   0.26356   0.04634   0.28657   0.15680   0.08483   0.07231   0.09973   0.05131   0.00000   0.01510   0.02566   0.02895   0.04275   0.05052   0.41756   0.04220   0.08678   0.11216   0.10950   0.05076   0.32101   0.05985   0.04462   0.03813   0.10592   0.00945   1.66789   2.24122   0.88697   4.54284   0.99999   0.50332   3.27182   2.22930  
 36 24.5992   2865.118961  x:  0.49085   1.16322   0.98645   0.05193   0.14299   0.34113   0.04553   0.23524   0.17451   0.10434   0.08252   0.11865   0.06405   0.00000   0.01546   0.03278   0.04321   0.03939   0.07386   0.47822   0.05906   0.11575   0.12471   0.12378   0.05858   0.35052   0.07932   0.05473   0.04656   0.11284   0.01107   2.15461   2.53434   0.88599   4.64808   0.99999   0.40915   2.54636   2.76344  
 37  5.3938   2859.150781  x:  0.57853   0.88438   1.18035   0.06611   0.13454   0.38230   0.04349   0.17355   0.19725   0.10580   0.08914   0.11709   0.06482   0.00000   0.01728   0.04263   0.03963   0.04108   0.07955   0.51195   0.04905   0.12096   0.12409   0.13894   0.06217   0.35667   0.08567   0.04966   0.04780   0.11253   0.01261   1.79844   1.96671   1.47057   4.91833   0.99999   0.37564   2.15661   2.15554  
 38  2.5860   2855.165246  x:  0.67429   0.83205   1.32734   0.07741   0.12663   0.39184   0.03997   0.13208   0.22454   0.10267   0.09113   0.10859   0.06514   0.00000   0.02331   0.04862   0.03791   0.04402   0.07768   0.52185   0.04666   0.11723   0.12401   0.14519   0.06510   0.35517   0.08295   0.04317   0.04526   0.11160   0.01372   1.90516   1.65257   0.95515   5.14290   0.99999   0.37471   2.06808   1.62719  
 39  5.8842   2853.378570  x:  0.71262   0.74173   1.35445   0.08580   0.11437   0.39980   0.04000   0.09532   0.23389   0.09757   0.09250   0.10836   0.06529   0.00000   0.02482   0.05169   0.04006   0.04814   0.07442   0.53017   0.04821   0.11221   0.12298   0.15017   0.06403   0.35845   0.08057   0.03919   0.04250   0.11405   0.01391   1.98149   2.23185   0.88991   5.16328   0.99999   0.38448   2.00357   1.17941  
 40  3.1679   2851.858953  x:  0.66105   0.66810   1.30687   0.09013   0.10067   0.40324   0.03811   0.05550   0.22175   0.09556   0.09045   0.12385   0.06828   0.00000   0.02006   0.05364   0.04391   0.05476   0.07831   0.52878   0.05939   0.10580   0.12282   0.15624   0.06207   0.37899   0.07425   0.03942   0.03651   0.11593   0.01383   1.99893   2.10203   1.06165   5.20270   0.99999   0.41256   2.15597   1.02499  
 41  0.6432   2851.103585  x:  0.62488   0.75124   1.29034   0.08904   0.09684   0.39173   0.03815   0.03740   0.21533   0.09962   0.08438   0.13433   0.07448   0.00000   0.01970   0.04826   0.04201   0.05043   0.09064   0.52468   0.06445   0.10568   0.12466   0.15725   0.06186   0.38706   0.06983   0.04737   0.03373   0.10965   0.01355   1.99696   2.05200   0.95599   5.10020   0.99999   0.40609   2.24496   1.01856  
 42  0.2590   2850.829309  x:  0.59822   0.75332   1.25977   0.08410   0.09861   0.37890   0.04073   0.04532   0.22273   0.09870   0.08171   0.12893   0.07520   0.00000   0.02317   0.04173   0.04368   0.04681   0.08957   0.51753   0.06753   0.10416   0.12381   0.15326   0.06096   0.38139   0.06875   0.04797   0.03450   0.11037   0.01294   1.99803   2.02254   0.98077   4.96540   0.99999   0.41445   2.38288   1.10650  
 43  0.3906   2850.690767  x:  0.59426   0.74377   1.23936   0.07924   0.10271   0.37464   0.04261   0.03944   0.22026   0.09805   0.08165   0.12872   0.07369   0.00000   0.02274   0.04082   0.04333   0.04607   0.08644   0.51431   0.06454   0.10481   0.12279   0.14920   0.06160   0.37591   0.07058   0.04540   0.03662   0.11132   0.01253   1.96610   1.98767   0.96690   4.83243   0.99999   0.41709   2.44986   1.00000  
 44  0.2214   2850.645286  x:  0.59883   0.73822   1.21707   0.07210   0.10672   0.37358   0.04051   0.04040   0.21703   0.09862   0.08164   0.12895   0.07229   0.00000   0.02205   0.04074   0.04223   0.04695   0.08696   0.50961   0.06101   0.10514   0.12241   0.14536   0.06165   0.37252   0.07127   0.04467   0.03646   0.11049   0.01221   1.93745   1.97672   0.95312   4.68854   0.99999   0.41896   2.48390   1.00000  
 45  0.1715   2850.634416  x:  0.60051   0.73592   1.21746   0.07027   0.10726   0.37420   0.04140   0.03787   0.21807   0.09777   0.08169   0.12754   0.07254   0.00000   0.02234   0.04017   0.04242   0.04682   0.08656   0.50911   0.06028   0.10478   0.12252   0.14484   0.06122   0.37133   0.07099   0.04525   0.03594   0.11036   0.01212   1.93700   1.97576   0.95438   4.62515   0.99999   0.41733   2.46224   1.00000  
 46  0.0660   2850.624614  x:  0.59945   0.73716   1.21719   0.06891   0.10708   0.37420   0.04263   0.03889   0.21665   0.09753   0.08107   0.12863   0.07236   0.00000   0.02226   0.04057   0.04254   0.04680   0.08653   0.50678   0.06051   0.10399   0.12237   0.14526   0.06085   0.37028   0.07065   0.04508   0.03571   0.11054   0.01204   1.94442   1.96280   0.94503   4.55930   0.99999   0.41300   2.41423   1.00000  
 47  0.0485   2850.620384  x:  0.59862   0.73292   1.21380   0.06859   0.10710   0.37437   0.04189   0.03877   0.21708   0.09846   0.08091   0.12777   0.07255   0.00000   0.02239   0.04042   0.04226   0.04679   0.08781   0.50704   0.06089   0.10427   0.12267   0.14545   0.06115   0.37033   0.07079   0.04514   0.03607   0.11012   0.01202   1.94436   1.95607   0.94701   4.53785   0.99999   0.41002   2.38433   1.00000  
 48  0.0333   2850.618158  x:  0.59633   0.73347   1.20607   0.06907   0.10778   0.37315   0.04188   0.03872   0.21696   0.09817   0.08124   0.12802   0.07257   0.00000   0.02239   0.04054   0.04245   0.04696   0.08695   0.50613   0.06128   0.10442   0.12239   0.14526   0.06117   0.36964   0.07140   0.04523   0.03609   0.11046   0.01198   1.94166   1.95326   0.94861   4.53822   0.99999   0.40901   2.37403   1.00000  
 49  0.0090   2850.617838  x:  0.59667   0.73248   1.20454   0.06923   0.10773   0.37303   0.04179   0.03870   0.21697   0.09809   0.08120   0.12794   0.07262   0.00000   0.02240   0.04043   0.04251   0.04670   0.08690   0.50589   0.06137   0.10432   0.12237   0.14511   0.06099   0.36979   0.07129   0.04512   0.03600   0.11036   0.01199   1.94124   1.95517   0.94711   4.54409   0.99999   0.40904   2.37334   1.00000  
 50  0.0069   2850.617773  x:  0.59702   0.73280   1.20439   0.06927   0.10765   0.37305   0.04177   0.03875   0.21691   0.09811   0.08115   0.12796   0.07260   0.00000   0.02240   0.04038   0.04257   0.04678   0.08683   0.50589   0.06138   0.10432   0.12239   0.14507   0.06091   0.36976   0.07127   0.04518   0.03604   0.11031   0.01201   1.94163   1.95777   0.94784   4.55097   0.99999   0.40894   2.37181   1.00000  
 51  0.0063   2850.617749  x:  0.59688   0.73274   1.20441   0.06918   0.10766   0.37304   0.04177   0.03873   0.21690   0.09814   0.08113   0.12797   0.07259   0.00000   0.02239   0.04041   0.04259   0.04675   0.08684   0.50580   0.06135   0.10432   0.12237   0.14505   0.06095   0.36972   0.07129   0.04516   0.03601   0.11028   0.01203   1.94205   1.95836   0.94862   4.55808   0.99999   0.40887   2.37179   1.00000  
 52  0.0036   2850.617745  x:  0.59690   0.73275   1.20441   0.06915   0.10771   0.37302   0.04178   0.03873   0.21690   0.09812   0.08114   0.12795   0.07261   0.00000   0.02240   0.04040   0.04258   0.04677   0.08686   0.50578   0.06134   0.10433   0.12238   0.14505   0.06096   0.36970   0.07128   0.04516   0.03602   0.11027   0.01204   1.94211   1.95835   0.94848   4.55873   0.99999   0.40886   2.37185   1.00000  
 53  0.0006   2850.617744  x:  0.59692   0.73279   1.20436   0.06915   0.10771   0.37302   0.04178   0.03872   0.21690   0.09813   0.08114   0.12796   0.07260   0.00000   0.02240   0.04040   0.04258   0.04675   0.08687   0.50577   0.06134   0.10432   0.12238   0.14505   0.06096   0.36968   0.07128   0.04516   0.03603   0.11029   0.01205   1.94209   1.95842   0.94848   4.55829   0.99999   0.40886   2.37181   1.00000  
 54  0.0002   2850.617743  x:  0.59689   0.73275   1.20435   0.06915   0.10770   0.37303   0.04178   0.03873   0.21689   0.09812   0.08114   0.12795   0.07260   0.00000   0.02240   0.04040   0.04258   0.04676   0.08687   0.50578   0.06134   0.10432   0.12238   0.14505   0.06096   0.36969   0.07128   0.04516   0.03602   0.11029   0.01206   1.94205   1.95829   0.94846   4.55784   0.99999   0.40888   2.37188   1.00000  
 55  0.0003   2850.617743  x:  0.59690   0.73276   1.20436   0.06916   0.10770   0.37302   0.04178   0.03873   0.21689   0.09812   0.08114   0.12796   0.07260   0.00000   0.02240   0.04040   0.04258   0.04676   0.08686   0.50579   0.06134   0.10432   0.12238   0.14505   0.06096   0.36969   0.07128   0.04516   0.03602   0.11028   0.01206   1.94204   1.95827   0.94844   4.55764   0.99999   0.40887   2.37184   1.00000  
 56  0.0002   2850.617743  x:  0.59690   0.73276   1.20436   0.06916   0.10770   0.37302   0.04178   0.03873   0.21690   0.09812   0.08114   0.12796   0.07260   0.00000   0.02240   0.04040   0.04258   0.04676   0.08686   0.50578   0.06134   0.10432   0.12238   0.14505   0.06096   0.36969   0.07128   0.04516   0.03602   0.11028   0.01206   1.94204   1.95826   0.94843   4.55759   0.99999   0.40887   2.37185   1.00000  
 57  0.0001   2850.617743  x:  0.59690   0.73276   1.20436   0.06916   0.10770   0.37302   0.04178   0.03873   0.21690   0.09812   0.08114   0.12796   0.07260   0.00000   0.02240   0.04040   0.04258   0.04676   0.08686   0.50578   0.06134   0.10432   0.12238   0.14505   0.06096   0.36969   0.07128   0.04516   0.03602   0.11028   0.01206   1.94203   1.95825   0.94843   4.55756   0.99999   0.40887   2.37185   1.00000  
 58  0.0000   2850.617743  x:  0.59690   0.73276   1.20436   0.06916   0.10770   0.37302   0.04178   0.03873   0.21690   0.09812   0.08114   0.12796   0.07260   0.00000   0.02240   0.04040   0.04258   0.04676   0.08686   0.50578   0.06134   0.10432   0.12238   0.14505   0.06096   0.36969   0.07128   0.04516   0.03602   0.11028   0.01206   1.94203   1.95825   0.94843   4.55756   0.99999   0.40887   2.37185   1.00000  
 59  0.0000   2850.617743  x:  0.59690   0.73276   1.20436   0.06916   0.10770   0.37302   0.04178   0.03873   0.21690   0.09812   0.08114   0.12796   0.07260   0.00000   0.02240   0.04040   0.04258   0.04676   0.08686   0.50578   0.06134   0.10432   0.12238   0.14505   0.06096   0.36969   0.07128   0.04516   0.03602   0.11028   0.01206   1.94203   1.95825   0.94843   4.55756   0.99999   0.40887   2.37185   1.00000  
 60  0.0000   2850.617743  x:  0.59690   0.73276   1.20436   0.06916   0.10770   0.37302   0.04178   0.03873   0.21690   0.09812   0.08114   0.12796   0.07260   0.00000   0.02240   0.04040   0.04258   0.04676   0.08686   0.50578   0.06134   0.10432   0.12238   0.14505   0.06096   0.36969   0.07128   0.04516   0.03602   0.11028   0.01206   1.94203   1.95825   0.94843   4.55756   0.99999   0.40887   2.37185   1.00000  