Supplemental results for CODEML (seqf: lysi2_aln.phy  treef: lysi2_tree.nwk)


NSsites Model 0: one-ratio
I	J	ij	2Ns_IJ	pMut_IJ	pSub_IJ	2Ns_JI	pMut_JI	pSub_JI

TTC	TTT	CT	1.29046	0.03084	0.05491	-1.29046	0.11210	0.05491	0.05491	0.05491
TTA	TTT	AT	1.19962	0.04403	0.07559	-1.19962	0.14612	0.07559	0.00999	0.00999
TTA	TTC	AC	-0.09085	0.05715	0.05459	0.09085	0.05219	0.05459	0.00721	0.00721
TTG	TTT	GT	-0.33908	0.04185	0.03515	0.33908	0.02981	0.03515	0.00464	0.00464
TTG	TTC	GC	-1.62954	0.05432	0.02158	1.62954	0.01065	0.02158	0.00285	0.00285
TTG	TTA	GA	-1.53869	0.28936	0.12170	1.53869	0.06211	0.12170	0.12170	0.12170
TCT	TTT	CT	1.85008	0.01762	0.03869	-1.85008	0.11210	0.03869	0.00511	0.00511
TCC	TTC	CT	0.26085	0.03084	0.03504	-0.26085	0.04003	0.03504	0.00463	0.00463
TCC	TCT	CT	-0.29877	0.03084	0.02646	0.29877	0.02288	0.02646	0.02646	0.02646
TCA	TTA	CT	1.09178	0.03877	0.06372	-1.09178	0.11553	0.06372	0.00842	0.00842
TCA	TCT	AT	0.44131	0.01918	0.02372	-0.44131	0.02982	0.02372	0.02372	0.02372
TCA	TCC	AC	0.74008	0.02490	0.03524	-0.74008	0.05219	0.03524	0.03524	0.03524
TCG	TTG	CT	1.16163	0.03437	0.05811	-1.16163	0.10981	0.05811	0.00768	0.00768
TCG	TCT	GT	-1.02752	0.01700	0.00974	1.02752	0.00608	0.00974	0.00974	0.00974
TCG	TCC	GC	-0.72875	0.02207	0.01500	0.72875	0.01065	0.01500	0.01500	0.01500
TCG	TCA	GA	-1.46884	0.11755	0.05163	1.46884	0.02706	0.05163	0.05163	0.05163
TAT	TTT	AT	0.70879	0.07193	0.10041	-0.70879	0.14612	0.10041	0.01326	0.01326
TAT	TCT	AC	-1.14129	0.09336	0.05001	1.14129	0.02982	0.05001	0.00661	0.00661
TAC	TTC	AT	1.74059	0.00915	0.01932	-1.74059	0.05219	0.01932	0.00255	0.00255
TAC	TCC	AC	1.47975	0.01188	0.02277	-1.47975	0.05219	0.02277	0.00301	0.00301
TAC	TAT	CT	2.32227	0.01851	0.04765	-2.32227	0.18874	0.04765	0.04765	0.04765
TGT	TTT	GT	-0.84990	0.06975	0.04426	0.84990	0.02981	0.04426	0.00585	0.00585
TGT	TCT	GC	-2.69998	0.09054	0.01761	2.69998	0.00608	0.01761	0.00233	0.00233
TGT	TAT	GA	-1.55869	0.48227	0.20032	1.55869	0.10147	0.20032	0.02646	0.02646
TGC	TTC	GT	-0.84740	0.02485	0.01579	0.84740	0.01065	0.01579	0.00209	0.00209
TGC	TCC	GC	-1.10824	0.03225	0.01762	1.10824	0.01065	0.01762	0.00233	0.00233
TGC	TAC	GA	-2.58799	0.17181	0.03614	2.58799	0.01291	0.03614	0.00477	0.00477
TGC	TGT	CT	1.29297	0.05023	0.08951	-1.29297	0.18302	0.08951	0.08951	0.08951
TGG	TTG	GT	1.11361	0.00959	0.01590	-1.11361	0.02921	0.01590	0.00210	0.00210
TGG	TCG	GC	-0.04802	0.01245	0.01215	0.04802	0.01186	0.01215	0.00161	0.00161
TGG	TGT	GT	1.62444	0.00959	0.01940	-1.62444	0.04868	0.01940	0.00256	0.00256
TGG	TGC	GC	0.33147	0.01245	0.01463	-0.33147	0.01734	0.01463	0.00193	0.00193
CTT	TTT	CT	0.97461	0.04230	0.06621	-0.97461	0.11210	0.06621	0.00875	0.00875
CTC	TTC	CT	1.73675	0.00705	0.01486	-1.73675	0.04003	0.01486	0.00196	0.00196
CTC	CTT	CT	2.05260	0.00705	0.01660	-2.05260	0.05490	0.01660	0.01660	0.01660
CTA	TTA	CT	1.44198	0.02732	0.05159	-1.44198	0.11553	0.05159	0.05159	0.05159
CTA	CTT	AT	1.66698	0.01351	0.02777	-1.66698	0.07157	0.02777	0.02777	0.02777
CTA	CTC	AC	-0.38562	0.01754	0.01438	0.38562	0.01193	0.01438	0.01438	0.01438
CTG	TTG	CT	1.29883	0.02996	0.05352	-1.29883	0.10981	0.05352	0.05352	0.05352
CTG	CTT	GT	-0.01485	0.01482	0.01471	0.01485	0.01460	0.01471	0.01471	0.01471
CTG	CTC	GC	-2.06746	0.01924	0.00576	2.06746	0.00243	0.00576	0.00576	0.00576
CTG	CTA	GA	-1.68184	0.10248	0.03939	1.68184	0.01906	0.03939	0.03939	0.03939
CCT	TCT	CT	-0.35434	0.03261	0.02717	0.35434	0.02288	0.02717	0.00359	0.00359
CCT	CTT	CT	0.52113	0.03261	0.04184	-0.52113	0.05490	0.04184	0.00553	0.00553
CCC	TCC	CT	1.33129	0.01057	0.01913	-1.33129	0.04003	0.01913	0.00253	0.00253
CCC	CTC	CT	-0.14462	0.01057	0.00983	0.14462	0.00915	0.00983	0.00130	0.00130
CCC	CCT	CT	1.38686	0.01057	0.01955	-1.38686	0.04232	0.01955	0.01955	0.01955
CCA	TCA	CT	0.17383	0.04230	0.04608	-0.17383	0.05033	0.04608	0.00609	0.00609
CCA	CTA	CT	-0.17637	0.04230	0.03868	0.17637	0.03546	0.03868	0.00511	0.00511
CCA	CCT	AT	0.96949	0.02092	0.03268	-0.96949	0.05517	0.03268	0.03268	0.03268
CCA	CCC	AC	-0.41737	0.02716	0.02189	0.41737	0.01789	0.02189	0.02189	0.02189
CCG	TCG	CT	2.53811	0.00352	0.00971	-2.53811	0.04461	0.00971	0.00128	0.00128
CCG	CTG	CT	2.40091	0.00352	0.00931	-2.40091	0.03889	0.00931	0.00123	0.00123
CCG	CCT	GT	1.86493	0.00174	0.00385	-1.86493	0.01126	0.00385	0.00385	0.00385
CCG	CCC	GC	0.47807	0.00226	0.00285	-0.47807	0.00365	0.00285	0.00285	0.00285
CCG	CCA	GA	0.89544	0.01206	0.01825	-0.89544	0.02952	0.01825	0.01825	0.01825
CAT	TAT	CT	1.22366	0.05552	0.09624	-1.22366	0.18874	0.09624	0.01271	0.01271
CAT	CTT	AT	0.95784	0.02746	0.04268	-0.95784	0.07157	0.04268	0.00564	0.00564
CAT	CCT	AC	0.43671	0.03565	0.04400	-0.43671	0.05517	0.04400	0.00581	0.00581
CAC	TAC	CT	0.00953	0.02379	0.02391	-0.00953	0.02402	0.02391	0.00316	0.00316
CAC	CTC	AT	0.01337	0.01177	0.01185	-0.01337	0.01193	0.01185	0.00157	0.00157
CAC	CCC	AC	0.15799	0.01528	0.01652	-0.15799	0.01789	0.01652	0.00218	0.00218
CAC	CAT	CT	1.10814	0.02379	0.03936	-1.10814	0.07206	0.03936	0.03936	0.03936
CAA	CTA	AT	0.28173	0.03487	0.04002	-0.28173	0.04622	0.04002	0.00529	0.00529
CAA	CCA	AC	0.45810	0.04527	0.05642	-0.45810	0.07157	0.05642	0.00745	0.00745
CAA	CAT	AT	0.99088	0.03487	0.05496	-0.99088	0.09394	0.05496	0.00726	0.00726
CAA	CAC	AC	-0.11727	0.04527	0.04267	0.11727	0.04026	0.04267	0.00564	0.00564
CAG	CTG	AT	2.35823	0.00480	0.01249	-2.35823	0.05070	0.01249	0.00165	0.00165
CAG	CCG	AC	-0.04268	0.00622	0.00609	0.04268	0.00596	0.00609	0.00080	0.00080
CAG	CAT	GT	1.38554	0.00480	0.00886	-1.38554	0.01917	0.00886	0.00117	0.00117
CAG	CAC	GC	0.27740	0.00622	0.00713	-0.27740	0.00821	0.00713	0.00094	0.00094
CAG	CAA	GA	0.39467	0.03316	0.04013	-0.39467	0.04920	0.04013	0.04013	0.04013
CGT	TGT	CT	1.01853	0.06609	0.10537	-1.01853	0.18302	0.10537	0.01392	0.01392
CGT	CTT	GT	-0.80598	0.03269	0.02127	0.80598	0.01460	0.02127	0.00281	0.00281
CGT	CCT	GC	-1.32711	0.04244	0.02033	1.32711	0.01126	0.02033	0.00269	0.00269
CGT	CAT	GA	-1.76382	0.22606	0.08247	1.76382	0.03874	0.08247	0.01090	0.01090
CGC	TGC	CT	0.33360	0.04670	0.05493	-0.33360	0.06520	0.05493	0.00726	0.00726
CGC	CTC	GT	-2.25055	0.02310	0.00612	2.25055	0.00243	0.00612	0.00081	0.00081
CGC	CCC	GC	-2.10593	0.02999	0.00875	2.10593	0.00365	0.00875	0.00116	0.00116
CGC	CAC	GA	-2.26392	0.15975	0.04195	2.26392	0.01660	0.04195	0.00554	0.00554
CGC	CGT	CT	0.60804	0.04670	0.06233	-0.60804	0.08579	0.06233	0.06233	0.06233
CGA	CTA	GT	0.07856	0.00872	0.00907	-0.07856	0.00943	0.00907	0.00120	0.00120
CGA	CCA	GC	0.25493	0.01132	0.01282	-0.25493	0.01460	0.01282	0.00169	0.00169
CGA	CAA	GA	-0.20317	0.06028	0.05437	0.20317	0.04920	0.05437	0.00718	0.00718
CGA	CGT	AT	2.55153	0.00872	0.02413	-2.55153	0.11183	0.02413	0.02413	0.02413
CGA	CGC	AC	1.94348	0.01132	0.02567	-1.94348	0.07903	0.02567	0.02567	0.02567
CGG	TGG	CT	2.25328	0.00264	0.00666	-2.25328	0.02516	0.00666	0.00088	0.00088
CGG	CTG	GT	2.06805	0.00131	0.00310	-2.06805	0.01034	0.00310	0.00041	0.00041
CGG	CCG	GC	-0.33286	0.00170	0.00143	0.33286	0.00122	0.00143	0.00019	0.00019
CGG	CAG	GA	-0.29018	0.00904	0.00779	0.29018	0.00676	0.00779	0.00103	0.00103
CGG	CGT	GT	2.85918	0.00131	0.00397	-2.85918	0.02282	0.00397	0.00397	0.00397
CGG	CGC	GC	2.25114	0.00170	0.00427	-2.25114	0.01612	0.00427	0.00427	0.00427
CGG	CGA	GA	0.30766	0.00904	0.01050	-0.30766	0.01230	0.01050	0.01050	0.01050
ATT	TTT	AT	1.11426	0.04795	0.07953	-1.11426	0.14612	0.07953	0.01051	0.01051
ATT	CTT	AC	0.13964	0.06224	0.06669	-0.13964	0.07157	0.06669	0.00881	0.00881
ATC	TTC	AT	1.56624	0.01090	0.02157	-1.56624	0.05219	0.02157	0.00285	0.00285
ATC	CTC	AC	-0.17051	0.01415	0.01297	0.17051	0.01193	0.01297	0.00171	0.00171
ATC	ATT	CT	1.74245	0.02203	0.04654	-1.74245	0.12582	0.04654	0.04654	0.04654
ATA	TTA	AT	1.21992	0.04446	0.07697	-1.21992	0.15060	0.07697	0.01017	0.01017
ATA	CTA	AC	-0.22206	0.05772	0.05154	0.22206	0.04622	0.05154	0.00681	0.00681
ATA	ATT	AT	1.30528	0.04446	0.07962	-1.30528	0.16402	0.07962	0.07962	0.07962
ATA	ATC	AC	-0.43717	0.05772	0.04602	0.43717	0.03728	0.04602	0.04602	0.04602
ATG	TTG	AT	1.41209	0.03487	0.06511	-1.41209	0.14314	0.06511	0.00860	0.00860
ATG	CTG	AC	0.11326	0.04527	0.04788	-0.11326	0.05070	0.04788	0.00633	0.00633
ATG	ATT	GT	-0.04124	0.03487	0.03416	0.04124	0.03347	0.03416	0.00451	0.00451
ATG	ATC	GC	-1.78369	0.04527	0.01631	1.78369	0.00761	0.01631	0.00215	0.00215
ATG	ATA	GA	-1.34652	0.24113	0.11417	1.34652	0.06273	0.11417	0.01508	0.01508
ACT	TCT	AT	0.13116	0.02616	0.02791	-0.13116	0.02982	0.02791	0.00369	0.00369
ACT	CCT	AC	0.48550	0.03395	0.04286	-0.48550	0.05517	0.04286	0.00566	0.00566
ACT	ATT	CT	0.86698	0.05287	0.07906	-0.86698	0.12582	0.07906	0.01044	0.01044
ACC	TCC	AT	0.95648	0.02005	0.03115	-0.95648	0.05219	0.03115	0.00411	0.00411
ACC	CCC	AC	-0.37481	0.02603	0.02145	0.37481	0.01789	0.02145	0.00283	0.00283
ACC	ATC	CT	-0.34892	0.04054	0.03387	0.34892	0.02860	0.03387	0.00448	0.00448
ACC	ACT	CT	0.52655	0.04054	0.05214	-0.52655	0.06863	0.05214	0.05214	0.05214
ACA	TCA	AT	0.95352	0.02528	0.03923	-0.95352	0.06561	0.03923	0.00518	0.00518
ACA	CCA	AC	0.77968	0.03282	0.04726	-0.77968	0.07157	0.04726	0.00624	0.00624
ACA	ATA	CT	0.82537	0.05111	0.07507	-0.82537	0.11667	0.07507	0.00992	0.00992
ACA	ACT	AT	1.26367	0.02528	0.04454	-1.26367	0.08946	0.04454	0.04454	0.04454
ACA	ACC	AC	0.73712	0.03282	0.04639	-0.73712	0.06859	0.04639	0.04639	0.04639
ACG	TCG	AT	1.33798	0.01526	0.02768	-1.33798	0.05815	0.02768	0.00366	0.00366
ACG	CCG	AC	-1.20013	0.01980	0.01024	1.20013	0.00596	0.01024	0.00135	0.00135
ACG	ATG	CT	1.08752	0.03084	0.05060	-1.08752	0.09151	0.05060	0.00668	0.00668
ACG	ACT	GT	0.17930	0.01526	0.01667	-0.17930	0.01825	0.01667	0.01667	0.01667
ACG	ACC	GC	-0.34725	0.01980	0.01656	0.34725	0.01399	0.01656	0.01656	0.01656
ACG	ACA	GA	-1.08437	0.10550	0.05844	1.08437	0.03567	0.05844	0.05844	0.05844
AAT	TAT	AT	1.12078	0.08021	0.13339	-1.12078	0.24603	0.13339	0.01762	0.01762
AAT	CAT	AC	-0.10288	0.10412	0.09885	0.10288	0.09394	0.09885	0.01306	0.01306
AAT	ATT	AT	0.71531	0.08021	0.11229	-0.71531	0.16402	0.11229	0.01483	0.01483
AAT	ACT	AC	-0.15167	0.10412	0.09642	0.15167	0.08946	0.09642	0.01274	0.01274
AAC	TAC	AT	1.01620	0.01133	0.01805	-1.01620	0.03131	0.01805	0.00238	0.00238
AAC	CAC	AC	1.00666	0.01471	0.02334	-1.00666	0.04026	0.02334	0.00308	0.00308
AAC	ATC	AT	1.19055	0.01133	0.01939	-1.19055	0.03728	0.01939	0.00256	0.00256
AAC	ACC	AC	1.53947	0.01471	0.02883	-1.53947	0.06859	0.02883	0.00381	0.00381
AAC	AAT	CT	2.21768	0.02291	0.05702	-2.21768	0.21047	0.05702	0.05702	0.05702
AAA	CAA	AC	0.30753	0.08771	0.10188	-0.30753	0.11929	0.10188	0.01346	0.01346
AAA	ATA	AT	0.81132	0.06757	0.09864	-0.81132	0.15209	0.09864	0.01303	0.01303
AAA	ACA	AC	-0.01406	0.08771	0.08709	0.01406	0.08648	0.08709	0.01151	0.01151
AAA	AAT	AT	1.40128	0.06757	0.12562	-1.40128	0.27436	0.12562	0.01660	0.01660
AAA	AAC	AC	-0.81640	0.08771	0.05672	0.81640	0.03877	0.05672	0.00749	0.00749
AAG	CAG	AC	0.03461	0.01584	0.01612	-0.03461	0.01640	0.01612	0.00213	0.00213
AAG	ATG	AT	2.27959	0.01221	0.03100	-2.27959	0.11929	0.03100	0.00409	0.00409
AAG	ACG	AC	1.19207	0.01584	0.02712	-1.19207	0.05219	0.02712	0.00358	0.00358
AAG	AAT	GT	1.52304	0.01221	0.02377	-1.52304	0.05598	0.02377	0.00314	0.00314
AAG	AAC	GC	-0.69465	0.01584	0.01097	0.69465	0.00791	0.01097	0.00145	0.00145
AAG	AAA	GA	0.12176	0.08440	0.08964	-0.12176	0.09532	0.08964	0.08964	0.08964
AGT	TGT	AT	1.61360	0.04752	0.09574	-1.61360	0.23857	0.09574	0.01265	0.01265
AGT	CGT	AC	0.59506	0.06168	0.08184	-0.59506	0.11183	0.08184	0.01081	0.01081
AGT	ATT	GT	-0.35056	0.04752	0.03967	0.35056	0.03347	0.03967	0.00524	0.00524
AGT	ACT	GC	-1.21754	0.06168	0.03157	1.21754	0.01825	0.03157	0.00417	0.00417
AGT	AAT	GA	-1.06588	0.32854	0.18398	1.06588	0.11316	0.18398	0.02431	0.02431
AGC	TGC	AT	2.43961	0.00741	0.01981	-2.43961	0.08499	0.01981	0.00262	0.00262
AGC	CGC	AC	2.10600	0.00962	0.02307	-2.10600	0.07903	0.02307	0.00305	0.00305
AGC	ATC	GT	0.02597	0.00741	0.00751	-0.02597	0.00761	0.00751	0.00099	0.00099
AGC	ACC	GC	0.37489	0.00962	0.01153	-0.37489	0.01399	0.01153	0.00152	0.00152
AGC	AAC	GA	-1.16458	0.05124	0.02707	1.16458	0.01599	0.02707	0.00358	0.00358
AGC	AGT	CT	2.11898	0.01498	0.03608	-2.11898	0.12468	0.03608	0.03608	0.03608
AGA	CGA	AC	-0.06070	0.03169	0.03074	0.06070	0.02982	0.03074	0.03074	0.03074
AGA	ATA	GT	0.23993	0.02441	0.02746	-0.23993	0.03103	0.02746	0.00363	0.00363
AGA	ACA	GC	-0.58545	0.03169	0.02331	0.58545	0.01765	0.02331	0.00308	0.00308
AGA	AAA	GA	-0.57139	0.16879	0.12514	0.57139	0.09532	0.12514	0.01653	0.01653
AGA	AGT	AT	1.89577	0.02441	0.05446	-1.89577	0.16253	0.05446	0.00719	0.00719
AGA	AGC	AC	-0.22321	0.03169	0.02828	0.22321	0.02535	0.02828	0.00374	0.00374
AGG	TGG	AT	2.12359	0.00392	0.00946	-2.12359	0.03280	0.00946	0.00125	0.00125
AGG	CGG	AC	-0.12969	0.00509	0.00477	0.12969	0.00447	0.00477	0.00477	0.00477
AGG	ATG	GT	1.82511	0.00392	0.00854	-1.82511	0.02434	0.00854	0.00113	0.00113
AGG	ACG	GC	0.73758	0.00509	0.00720	-0.73758	0.01065	0.00720	0.00095	0.00095
AGG	AAG	GA	-0.45448	0.02713	0.02143	0.45448	0.01722	0.02143	0.00283	0.00283
AGG	AGT	GT	2.13443	0.00392	0.00950	-2.13443	0.03316	0.00950	0.00125	0.00125
AGG	AGC	GC	0.01545	0.00509	0.00513	-0.01545	0.00517	0.00513	0.00068	0.00068
AGG	AGA	GA	0.23866	0.02713	0.03049	-0.23866	0.03444	0.03049	0.03049	0.03049
GTT	TTT	GT	0.16483	0.02528	0.02742	-0.16483	0.02981	0.02742	0.00362	0.00362
GTT	CTT	GC	-0.80978	0.03282	0.02131	0.80978	0.01460	0.02131	0.00281	0.00281
GTT	ATT	GA	-0.94943	0.17482	0.10477	0.94943	0.06765	0.10477	0.01384	0.01384
GTC	TTC	GT	0.19992	0.00872	0.00962	-0.19992	0.01065	0.00962	0.00127	0.00127
GTC	CTC	GC	-1.53683	0.01132	0.00477	1.53683	0.00243	0.00477	0.00063	0.00063
GTC	ATC	GA	-1.36632	0.06028	0.02820	1.36632	0.01537	0.02820	0.00373	0.00373
GTC	GTT	CT	1.32556	0.01762	0.03181	-1.32556	0.06634	0.03181	0.03181	0.03181
GTA	TTA	GT	1.03655	0.01090	0.01751	-1.03655	0.03073	0.01751	0.00231	0.00231
GTA	CTA	GC	-0.40543	0.01415	0.01147	0.40543	0.00943	0.01147	0.00152	0.00152
GTA	ATA	GA	-0.18337	0.07535	0.06866	0.18337	0.06273	0.06866	0.00907	0.00907
GTA	GTT	AT	2.07134	0.01090	0.02583	-2.07134	0.08648	0.02583	0.02583	0.02583
GTA	GTC	AC	0.74578	0.01415	0.02007	-0.74578	0.02982	0.02007	0.02007	0.02007
GTG	TTG	GT	1.20892	0.00872	0.01503	-1.20892	0.02921	0.01503	0.00198	0.00198
GTG	CTG	GC	-0.08991	0.01132	0.01082	0.08991	0.01034	0.01082	0.00143	0.00143
GTG	ATG	GA	-0.20317	0.06028	0.05437	0.20317	0.04920	0.05437	0.00718	0.00718
GTG	GTT	GT	0.70502	0.00872	0.01215	-0.70502	0.01765	0.01215	0.01215	0.01215
GTG	GTC	GC	-0.62054	0.01132	0.00817	0.62054	0.00608	0.00817	0.00817	0.00817
GTG	GTA	GA	-1.36632	0.06028	0.02820	1.36632	0.01537	0.02820	0.02820	0.02820
GCT	TCT	GT	-0.62206	0.01133	0.00817	0.62206	0.00608	0.00817	0.00108	0.00108
GCT	CCT	GC	-0.26772	0.01471	0.01283	0.26772	0.01126	0.01283	0.00169	0.00169
GCT	ACT	GA	-0.75322	0.07837	0.05252	0.75322	0.03690	0.05252	0.00694	0.00694
GCT	GTT	CT	1.06319	0.02291	0.03721	-1.06319	0.06634	0.03721	0.00492	0.00492
GCC	TCC	GT	-0.06244	0.01133	0.01098	0.06244	0.01065	0.01098	0.00145	0.00145
GCC	CCC	GC	-1.39373	0.01471	0.00677	1.39373	0.00365	0.00677	0.00089	0.00089
GCC	ACC	GA	-1.01892	0.07837	0.04511	1.01892	0.02829	0.04511	0.00596	0.00596
GCC	GTC	CT	-0.00152	0.02291	0.02289	0.00152	0.02288	0.02289	0.00302	0.00302
GCC	GCT	CT	0.26085	0.02291	0.02603	-0.26085	0.02974	0.02603	0.02603	0.02603
GCA	TCA	GT	-0.00949	0.01351	0.01345	0.00949	0.01339	0.01345	0.00178	0.00178
GCA	CCA	GC	-0.18333	0.01754	0.01598	0.18333	0.01460	0.01598	0.00211	0.00211
GCA	ACA	GA	-0.96301	0.09344	0.05556	0.96301	0.03567	0.05556	0.00734	0.00734
GCA	GTA	CT	0.04573	0.02732	0.02795	-0.04573	0.02860	0.02795	0.00369	0.00369
GCA	GCT	AT	1.05388	0.01351	0.02186	-1.05388	0.03877	0.02186	0.02186	0.02186
GCA	GCC	AC	0.79303	0.01754	0.02541	-0.79303	0.03877	0.02541	0.02541	0.02541
GCG	TCG	GT	0.81896	0.00523	0.00766	-0.81896	0.01186	0.00766	0.00101	0.00101
GCG	CCG	GC	-1.71915	0.00679	0.00255	1.71915	0.00122	0.00255	0.00034	0.00034
GCG	ACG	GA	-0.51902	0.03617	0.02759	0.51902	0.02152	0.02759	0.00365	0.00365
GCG	GTG	CT	0.77167	0.01057	0.01517	-0.77167	0.02288	0.01517	0.00200	0.00200
GCG	GCT	GT	0.41349	0.00523	0.00639	-0.41349	0.00791	0.00639	0.00639	0.00639
GCG	GCC	GC	0.15265	0.00679	0.00732	-0.15265	0.00791	0.00732	0.00732	0.00732
GCG	GCA	GA	-0.64038	0.03617	0.02582	0.64038	0.01906	0.02582	0.02582	0.02582
GAT	TAT	GT	-0.46869	0.08021	0.06288	0.46869	0.05020	0.06288	0.00831	0.00831
GAT	CAT	GC	-1.69234	0.10412	0.03975	1.69234	0.01917	0.03975	0.00525	0.00525
GAT	AAT	GA	-1.58946	0.55461	0.22597	1.58946	0.11316	0.22597	0.02985	0.02985
GAT	GTT	AT	0.07528	0.08021	0.08327	-0.07528	0.08648	0.08327	0.01100	0.01100
GAT	GCT	AC	-0.98792	0.10412	0.06102	0.98792	0.03877	0.06102	0.00806	0.00806
GAC	TAC	GT	-0.64738	0.01221	0.00868	0.64738	0.00639	0.00868	0.00115	0.00115
GAC	CAC	GC	-0.65691	0.01584	0.01121	0.65691	0.00821	0.01121	0.00148	0.00148
GAC	AAC	GA	-1.66357	0.08440	0.03282	1.66357	0.01599	0.03282	0.00434	0.00434
GAC	GTC	AT	0.89330	0.01221	0.01846	-0.89330	0.02982	0.01846	0.00244	0.00244
GAC	GCC	AC	0.89482	0.01584	0.02398	-0.89482	0.03877	0.02398	0.00317	0.00317
GAC	GAT	CT	2.14358	0.02467	0.05992	-2.14358	0.21047	0.05992	0.05992	0.05992
GAA	CAA	GC	-0.50119	0.04017	0.03094	0.50119	0.02434	0.03094	0.00409	0.00409
GAA	AAA	GA	-0.80872	0.21401	0.13901	0.80872	0.09532	0.13901	0.01836	0.01836
GAA	GTA	AT	0.18597	0.03095	0.03392	-0.18597	0.03728	0.03392	0.00448	0.00448
GAA	GCA	AC	0.14023	0.04017	0.04306	-0.14023	0.04622	0.04306	0.00569	0.00569
GAA	GAT	AT	2.18203	0.03095	0.07612	-2.18203	0.27436	0.07612	0.01006	0.01006
GAA	GAC	AC	0.03845	0.04017	0.04095	-0.03845	0.04175	0.04095	0.00541	0.00541
GAG	CAG	GC	-1.48074	0.01471	0.00641	1.48074	0.00335	0.00641	0.00085	0.00085
GAG	AAG	GA	-1.51536	0.07837	0.03344	1.51536	0.01722	0.03344	0.00442	0.00442
GAG	GTG	AT	0.96741	0.01133	0.01769	-0.96741	0.02982	0.01769	0.00234	0.00234
GAG	GCG	AC	0.19573	0.01471	0.01620	-0.19573	0.01789	0.01620	0.00214	0.00214
GAG	GAT	GT	1.59714	0.01133	0.02270	-1.59714	0.05598	0.02270	0.00300	0.00300
GAG	GAC	GC	-0.54643	0.01471	0.01106	0.54643	0.00852	0.01106	0.00146	0.00146
GAG	GAA	GA	-0.58488	0.07837	0.05767	0.58488	0.04366	0.05767	0.05767	0.05767
GGT	TGT	GT	0.13051	0.04272	0.04557	-0.13051	0.04868	0.04557	0.00602	0.00602
GGT	CGT	GC	-0.88802	0.05545	0.03443	0.88802	0.02282	0.03443	0.00455	0.00455
GGT	AGT	GA	-1.48308	0.29539	0.12860	1.48308	0.06703	0.12860	0.01699	0.01699
GGT	GTT	GT	-0.88422	0.04272	0.02658	0.88422	0.01765	0.02658	0.00351	0.00351
GGT	GCT	GC	-1.94741	0.05545	0.01797	1.94741	0.00791	0.01797	0.00237	0.00237
GGT	GAT	GA	-0.95950	0.29539	0.17600	0.95950	0.11316	0.17600	0.02325	0.02325
GGC	TGC	GT	-0.52134	0.02921	0.02225	0.52134	0.01734	0.02225	0.00294	0.00294
GGC	CGC	GC	-0.85494	0.03791	0.02399	0.85494	0.01612	0.02399	0.00317	0.00317
GGC	AGC	GA	-2.96094	0.20195	0.03265	2.96094	0.01045	0.03265	0.00431	0.00431
GGC	GTC	GT	-1.56866	0.02921	0.01206	1.56866	0.00608	0.01206	0.00159	0.00159
GGC	GCC	GC	-1.56714	0.03791	0.01566	1.56714	0.00791	0.01566	0.00207	0.00207
GGC	GAC	GA	-2.46195	0.20195	0.04635	2.46195	0.01722	0.04635	0.00612	0.00612
GGC	GGT	CT	0.64112	0.05904	0.07998	-0.64112	0.11210	0.07998	0.07998	0.07998
GGA	CGA	GC	-1.20833	0.02037	0.01048	1.20833	0.00608	0.01048	0.00138	0.00138
GGA	AGA	GA	-1.14763	0.10851	0.05790	1.14763	0.03444	0.05790	0.00765	0.00765
GGA	GTA	GT	-0.72434	0.01569	0.01069	0.72434	0.00761	0.01069	0.00141	0.00141
GGA	GCA	GC	-0.77007	0.02037	0.01352	0.77007	0.00943	0.01352	0.00179	0.00179
GGA	GAA	GA	-0.91030	0.10851	0.06651	0.91030	0.04366	0.06651	0.00879	0.00879
GGA	GGT	AT	2.23122	0.01569	0.03923	-2.23122	0.14612	0.03923	0.03923	0.03923
GGA	GGC	AC	1.59010	0.02037	0.04069	-1.59010	0.09990	0.04069	0.04069	0.04069
GGG	TGG	GT	0.24644	0.00523	0.00590	-0.24644	0.00669	0.00590	0.00078	0.00078
GGG	CGG	GC	-2.00683	0.00679	0.00212	2.00683	0.00091	0.00212	0.00028	0.00028
GGG	AGG	GA	-1.87715	0.03617	0.01227	1.87715	0.00553	0.01227	0.00162	0.00162
GGG	GTG	GT	0.15113	0.00523	0.00564	-0.15113	0.00608	0.00564	0.00074	0.00074
GGG	GCG	GC	-0.62054	0.00679	0.00490	0.62054	0.00365	0.00490	0.00065	0.00065
GGG	GAG	GA	-0.81627	0.03617	0.02339	0.81627	0.01599	0.02339	0.00309	0.00309
GGG	GGT	GT	1.74037	0.00523	0.01104	-1.74037	0.02981	0.01104	0.01104	0.01104
GGG	GGC	GC	1.09925	0.00679	0.01119	-1.09925	0.02038	0.01119	0.01119	0.01119
GGG	GGA	GA	-0.49085	0.03617	0.02802	0.49085	0.02214	0.02802	0.02802	0.02802


Histograms
2Ns	FMut	FSub(CodonUsage)	FSubw(after w)

-2.81995	0.01253	0.00272	0.00163
-2.53795	0.02599	0.00729	0.00617
-2.25596	0.06417	0.02192	0.04143
-1.97396	0.02954	0.01193	0.01519
-1.69197	0.10198	0.05096	0.04270
-1.40997	0.10849	0.06246	0.10290
-1.12798	0.12037	0.08258	0.05813
-0.84598	0.11746	0.09388	0.06538
-0.56399	0.05398	0.05122	0.07231
-0.28199	0.05920	0.06541	0.05540
0.00000	0.07883	0.09926	0.07750
0.28199	0.04580	0.06541	0.05540
0.56399	0.03137	0.05122	0.07231
0.84598	0.05023	0.09388	0.06538
1.12798	0.03954	0.08258	0.05813
1.40997	0.02664	0.06246	0.10290
1.69197	0.01993	0.05096	0.04270
1.97396	0.00415	0.01193	0.01519
2.25596	0.00699	0.02192	0.04143
2.53795	0.00212	0.00729	0.00617
2.81995	0.00071	0.00272	0.00163

Proportion of advantageous (S > 0) mutations:
 0.26529

Proportions of good & bad mutations (|S| > 2.0000) among mutations:
0.01124  0.11408

mean |Ns| = 1.12273	mean Ns+ = 0.82443	mean Ns- = -1.23045


NSsites Model 1: NearlyNeutral
I	J	ij	2Ns_IJ	pMut_IJ	pSub_IJ	2Ns_JI	pMut_JI	pSub_JI

TTC	TTT	CT	1.32777	0.03485	0.06297	-1.32777	0.13149	0.06297
TTA	TTT	AT	1.02598	0.04630	0.07404	-1.02598	0.12916	0.07404
TTA	TTC	AC	-0.30180	0.06238	0.05344	0.30180	0.04613	0.05344
TTG	TTT	GT	-0.38934	0.04401	0.03599	0.38934	0.02981	0.03599
TTG	TTC	GC	-1.71711	0.05929	0.02229	1.71711	0.01065	0.02229
TTG	TTA	GA	-1.41532	0.27487	0.12478	1.41532	0.06675	0.12478
TCT	TTT	CT	1.88739	0.01992	0.04430	-1.88739	0.13149	0.04430
TCC	TTC	CT	0.29816	0.03485	0.04031	-0.29816	0.04696	0.04031
TCC	TCT	CT	-0.26146	0.03485	0.03050	0.26146	0.02683	0.03050
TCA	TTA	CT	1.12909	0.04382	0.07311	-1.12909	0.13552	0.07311
TCA	TCT	AT	0.26767	0.02017	0.02299	-0.26767	0.02636	0.02299
TCA	TCC	AC	0.52914	0.02718	0.03500	-0.52914	0.04613	0.03500
TCG	TTG	CT	1.19894	0.03884	0.06666	-1.19894	0.12881	0.06666
TCG	TCT	GT	-1.07779	0.01788	0.00994	1.07779	0.00608	0.00994
TCG	TCC	GC	-0.81633	0.02409	0.01558	0.81633	0.01065	0.01558
TCG	TCA	GA	-1.34546	0.11166	0.05290	1.34546	0.02908	0.05290
TAT	TTT	AT	0.53515	0.07564	0.09767	-0.53515	0.12916	0.09767
TAT	TCT	AC	-1.35224	0.10191	0.04808	1.35224	0.02636	0.04808
TAC	TTC	AT	1.56696	0.00963	0.01906	-1.56696	0.04613	0.01906
TAC	TCC	AC	1.26880	0.01297	0.02289	-1.26880	0.04613	0.02289
TAC	TAT	CT	2.35958	0.02091	0.05449	-2.35958	0.22139	0.05449
TGT	TTT	GT	-0.90016	0.07334	0.04522	0.90016	0.02981	0.04522
TGT	TCT	GC	-2.78755	0.09882	0.01807	2.78755	0.00608	0.01807
TGT	TAT	GA	-1.43532	0.45811	0.20542	1.43532	0.10905	0.20542
TGC	TTC	GT	-0.89766	0.02613	0.01613	0.89766	0.01065	0.01613
TGC	TCC	GC	-1.19582	0.03521	0.01825	1.19582	0.01065	0.01825
TGC	TAC	GA	-2.46462	0.16320	0.03739	2.46462	0.01388	0.03739
TGC	TGT	CT	1.33028	0.05676	0.10265	-1.33028	0.21468	0.10265
TGG	TTG	GT	1.06335	0.01008	0.01638	-1.06335	0.02921	0.01638
TGG	TCG	GC	-0.13559	0.01359	0.01269	0.13559	0.01186	0.01269
TGG	TGT	GT	1.57417	0.01008	0.02002	-1.57417	0.04868	0.02002
TGG	TGC	GC	0.24390	0.01359	0.01531	-0.24390	0.01734	0.01531
CTT	TTT	CT	1.01192	0.04780	0.07599	-1.01192	0.13149	0.07599
CTC	TTC	CT	1.77406	0.00797	0.01702	-1.77406	0.04696	0.01702
CTC	CTT	CT	2.08991	0.00797	0.01900	-2.08991	0.06440	0.01900
CTA	TTA	CT	1.47929	0.03087	0.05914	-1.47929	0.13552	0.05914
CTA	CTT	AT	1.49335	0.01421	0.02737	-1.49335	0.06326	0.02737
CTA	CTC	AC	-0.59657	0.01915	0.01400	0.59657	0.01054	0.01400
CTG	TTG	CT	1.33614	0.03386	0.06137	-1.33614	0.12881	0.06137
CTG	CTT	GT	-0.06512	0.01559	0.01508	0.06512	0.01460	0.01508
CTG	CTC	GC	-2.15503	0.02100	0.00593	2.15503	0.00243	0.00593
CTG	CTA	GA	-1.55846	0.09735	0.04044	1.55846	0.02049	0.04044
CCT	TCT	CT	-0.31703	0.03685	0.03131	0.31703	0.02683	0.03131
CCT	CTT	CT	0.55844	0.03685	0.04809	-0.55844	0.06440	0.04809
CCC	TCC	CT	1.36860	0.01195	0.02194	-1.36860	0.04696	0.02194
CCC	CTC	CT	-0.10731	0.01195	0.01132	0.10731	0.01073	0.01132
CCC	CCT	CT	1.42417	0.01195	0.02241	-1.42417	0.04964	0.02241
CCA	TCA	CT	0.21114	0.04780	0.05302	-0.21114	0.05904	0.05302
CCA	CTA	CT	-0.13906	0.04780	0.04455	0.13906	0.04159	0.04455
CCA	CCT	AT	0.79585	0.02200	0.03191	-0.79585	0.04877	0.03191
CCA	CCC	AC	-0.62832	0.02965	0.02130	0.62832	0.01582	0.02130
CCG	TCG	CT	2.57542	0.00398	0.01110	-2.57542	0.05233	0.01110
CCG	CTG	CT	2.43822	0.00398	0.01064	-2.43822	0.04562	0.01064
CCG	CCT	GT	1.81467	0.00183	0.00397	-1.81467	0.01126	0.00397
CCG	CCC	GC	0.39050	0.00247	0.00298	-0.39050	0.00365	0.00298
CCG	CCA	GA	1.01882	0.01145	0.01826	-1.01882	0.03172	0.01826
CAT	TAT	CT	1.26097	0.06274	0.11039	-1.26097	0.22139	0.11039
CAT	CTT	AT	0.78420	0.02888	0.04167	-0.78420	0.06326	0.04167
CAT	CCT	AC	0.22576	0.03891	0.04347	-0.22576	0.04877	0.04347
CAC	TAC	CT	0.04684	0.02689	0.02752	-0.04684	0.02818	0.02752
CAC	CTC	AT	-0.16026	0.01238	0.01141	0.16026	0.01054	0.01141
CAC	CCC	AC	-0.05295	0.01668	0.01624	0.05295	0.01582	0.01624
CAC	CAT	CT	1.14545	0.02689	0.04516	-1.14545	0.08453	0.04516
CAA	CTA	AT	0.10809	0.03667	0.03869	-0.10809	0.04086	0.03869
CAA	CCA	AC	0.24715	0.04941	0.05577	-0.24715	0.06326	0.05577
CAA	CAT	AT	0.81724	0.03667	0.05368	-0.81724	0.08303	0.05368
CAA	CAC	AC	-0.32821	0.04941	0.04174	0.32821	0.03559	0.04174
CAG	CTG	AT	2.18460	0.00504	0.01241	-2.18460	0.04481	0.01241
CAG	CCG	AC	-0.25362	0.00679	0.00597	0.25362	0.00527	0.00597
CAG	CAT	GT	1.33528	0.00504	0.00914	-1.33528	0.01917	0.00914
CAG	CAC	GC	0.18983	0.00679	0.00746	-0.18983	0.00821	0.00746
CAG	CAA	GA	0.51804	0.03150	0.04035	-0.51804	0.05287	0.04035
CGT	TGT	CT	1.05584	0.07469	0.12093	-1.05584	0.21468	0.12093
CGT	CTT	GT	-0.85624	0.03438	0.02174	0.85624	0.01460	0.02174
CGT	CCT	GC	-1.41468	0.04632	0.02104	1.41468	0.01126	0.02104
CGT	CAT	GA	-1.64044	0.21474	0.08473	1.64044	0.04164	0.08473
CGC	TGC	CT	0.37091	0.05278	0.06317	-0.37091	0.07648	0.06317
CGC	CTC	GT	-2.30081	0.02430	0.00622	2.30081	0.00243	0.00622
CGC	CCC	GC	-2.19350	0.03273	0.00901	2.19350	0.00365	0.00901
CGC	CAC	GA	-2.14054	0.15175	0.04329	2.14054	0.01784	0.04329
CGC	CGT	CT	0.64535	0.05278	0.07163	-0.64535	0.10063	0.07163
CGA	CTA	GT	0.02830	0.00917	0.00930	-0.02830	0.00943	0.00930
CGA	CCA	GC	0.16736	0.01235	0.01342	-0.16736	0.01460	0.01342
CGA	CAA	GA	-0.07980	0.05726	0.05501	0.07980	0.05287	0.05501
CGA	CGT	AT	2.37789	0.00917	0.02403	-2.37789	0.09885	0.02403
CGA	CGC	AC	1.73254	0.01235	0.02600	-1.73254	0.06985	0.02600
CGG	TGG	CT	2.29059	0.00299	0.00761	-2.29059	0.02952	0.00761
CGG	CTG	GT	2.01779	0.00138	0.00320	-2.01779	0.01034	0.00320
CGG	CCG	GC	-0.42043	0.00185	0.00149	0.42043	0.00122	0.00149
CGG	CAG	GA	-0.16681	0.00859	0.00789	0.16681	0.00727	0.00789
CGG	CGT	GT	2.80892	0.00138	0.00411	-2.80892	0.02282	0.00411
CGG	CGC	GC	2.16357	0.00185	0.00453	-2.16357	0.01612	0.00453
CGG	CGA	GA	0.43103	0.00859	0.01057	-0.43103	0.01322	0.01057
ATT	TTT	AT	0.94062	0.05042	0.07780	-0.94062	0.12916	0.07780
ATT	CTT	AC	-0.07130	0.06794	0.06555	0.07130	0.06326	0.06555
ATC	TTC	AT	1.39260	0.01146	0.02123	-1.39260	0.04613	0.02123
ATC	CTC	AC	-0.38146	0.01544	0.01268	0.38146	0.01054	0.01268
ATC	ATT	CT	1.77976	0.02490	0.05330	-1.77976	0.14759	0.05330
ATA	TTA	AT	1.04628	0.04676	0.07541	-1.04628	0.13312	0.07541
ATA	CTA	AC	-0.43301	0.06300	0.05034	0.43301	0.04086	0.05034
ATA	ATT	AT	1.13164	0.04676	0.07810	-1.13164	0.14498	0.07810
ATA	ATC	AC	-0.64812	0.06300	0.04477	0.64812	0.03295	0.04477
ATG	TTG	AT	1.23845	0.03667	0.06395	-1.23845	0.12653	0.06395
ATG	CTG	AC	-0.09769	0.04941	0.04704	0.09769	0.04481	0.04704
ATG	ATT	GT	-0.09150	0.03667	0.03502	0.09150	0.03347	0.03502
ATG	ATC	GC	-1.87126	0.04941	0.01682	1.87126	0.00761	0.01682
ATG	ATA	GA	-1.22314	0.22906	0.11684	1.22314	0.06741	0.11684
ACT	TCT	AT	-0.04248	0.02750	0.02692	0.04248	0.02636	0.02692
ACT	CCT	AC	0.27455	0.03706	0.04238	-0.27455	0.04877	0.04238
ACT	ATT	CT	0.90429	0.05975	0.09078	-0.90429	0.14759	0.09078
ACC	TCC	AT	0.78284	0.02109	0.03041	-0.78284	0.04613	0.03041
ACC	CCC	AC	-0.58576	0.02841	0.02090	0.58576	0.01582	0.02090
ACC	ATC	CT	-0.31161	0.04581	0.03904	0.31161	0.03354	0.03904
ACC	ACT	CT	0.56386	0.04581	0.05993	-0.56386	0.08050	0.05993
ACA	TCA	AT	0.77988	0.02659	0.03829	-0.77988	0.05799	0.03829
ACA	CCA	AC	0.56873	0.03582	0.04697	-0.56873	0.06326	0.04697
ACA	ATA	CT	0.86269	0.05776	0.08621	-0.86269	0.13686	0.08621
ACA	ACT	AT	1.09003	0.02659	0.04366	-1.09003	0.07908	0.04366
ACA	ACC	AC	0.52618	0.03582	0.04607	-0.52618	0.06063	0.04607
ACG	TCG	AT	1.16435	0.01604	0.02716	-1.16435	0.05140	0.02716
ACG	CCG	AC	-1.41108	0.02162	0.00984	1.41108	0.00527	0.00984
ACG	ATG	CT	1.12483	0.03485	0.05806	-1.12483	0.10734	0.05806
ACG	ACT	GT	0.12904	0.01604	0.01710	-0.12904	0.01825	0.01710
ACG	ACC	GC	-0.43482	0.02162	0.01726	0.43482	0.01399	0.01726
ACG	ACA	GA	-0.96099	0.10021	0.05966	0.96099	0.03833	0.05966
AAT	TAT	AT	0.94714	0.08435	0.13050	-0.94714	0.21747	0.13050
AAT	CAT	AC	-0.31382	0.11364	0.09674	0.31382	0.08303	0.09674
AAT	ATT	AT	0.54168	0.08435	0.10924	-0.54168	0.14498	0.10924
AAT	ACT	AC	-0.36261	0.11364	0.09428	0.36261	0.07908	0.09428
AAC	TAC	AT	0.84256	0.01192	0.01764	-0.84256	0.02768	0.01764
AAC	CAC	AC	0.79572	0.01606	0.02329	-0.79572	0.03559	0.02329
AAC	ATC	AT	1.01691	0.01192	0.01899	-1.01691	0.03295	0.01899
AAC	ACC	AC	1.32852	0.01606	0.02902	-1.32852	0.06063	0.02902
AAC	AAT	CT	2.25499	0.02589	0.06523	-2.25499	0.24688	0.06523
AAA	CAA	AC	0.09658	0.09573	0.10043	-0.09658	0.10544	0.10043
AAA	ATA	AT	0.63768	0.07105	0.09610	-0.63768	0.13444	0.09610
AAA	ACA	AC	-0.22501	0.09573	0.08537	0.22501	0.07644	0.08537
AAA	AAT	AT	1.22764	0.07105	0.12337	-1.22764	0.24251	0.12337
AAA	AAC	AC	-1.02735	0.09573	0.05483	1.02735	0.03427	0.05483
AAG	CAG	AC	-0.17633	0.01729	0.01581	0.17633	0.01450	0.01581
AAG	ATG	AT	2.10595	0.01284	0.03078	-2.10595	0.10544	0.03078
AAG	ACG	AC	0.98112	0.01729	0.02714	-0.98112	0.04613	0.02714
AAG	AAT	GT	1.47277	0.01284	0.02453	-1.47277	0.05598	0.02453
AAG	AAC	GC	-0.78222	0.01729	0.01140	0.78222	0.00791	0.01140
AAG	AAA	GA	0.24513	0.08017	0.09040	-0.24513	0.10244	0.09040
AGT	TGT	AT	1.43996	0.04997	0.09429	-1.43996	0.21088	0.09429
AGT	CGT	AC	0.38412	0.06732	0.08108	-0.38412	0.09885	0.08108
AGT	ATT	GT	-0.40083	0.04997	0.04062	0.40083	0.03347	0.04062
AGT	ACT	GC	-1.30512	0.06732	0.03269	1.30512	0.01825	0.03269
AGT	AAT	GA	-0.94250	0.31209	0.18778	0.94250	0.12161	0.18778
AGC	TGC	AT	2.26597	0.00779	0.01970	-2.26597	0.07513	0.01970
AGC	CGC	AC	1.89506	0.01050	0.02342	-1.89506	0.06985	0.02342
AGC	ATC	GT	-0.02430	0.00779	0.00770	0.02430	0.00761	0.00770
AGC	ACC	GC	0.28732	0.01050	0.01208	-0.28732	0.01399	0.01208
AGC	AAC	GA	-1.04121	0.04867	0.02765	1.04121	0.01718	0.02765
AGC	AGT	CT	2.15629	0.01693	0.04128	-2.15629	0.14625	0.04128
AGA	CGA	AC	-0.27164	0.03459	0.03010	0.27164	0.02636	0.03010
AGA	ATA	GT	0.18966	0.02567	0.02818	-0.18966	0.03103	0.02818
AGA	ACA	GC	-0.67302	0.03459	0.02424	0.67302	0.01765	0.02424
AGA	AAA	GA	-0.44802	0.16034	0.12709	0.44802	0.10244	0.12709
AGA	AGT	AT	1.72213	0.02567	0.05383	-1.72213	0.14366	0.05383
AGA	AGC	AC	-0.43416	0.03459	0.02762	0.43416	0.02241	0.02762
AGG	TGG	AT	1.94995	0.00413	0.00938	-1.94995	0.02900	0.00938
AGG	CGG	AC	-0.34064	0.00556	0.00467	0.34064	0.00395	0.00467
AGG	ATG	GT	1.77484	0.00413	0.00882	-1.77484	0.02434	0.00882
AGG	ACG	GC	0.65001	0.00556	0.00756	-0.65001	0.01065	0.00756
AGG	AAG	GA	-0.33111	0.02577	0.02174	0.33111	0.01851	0.02174
AGG	AGT	GT	2.08417	0.00413	0.00982	-2.08417	0.03316	0.00982
AGG	AGC	GC	-0.07212	0.00556	0.00536	0.07212	0.00517	0.00536
AGG	AGA	GA	0.36204	0.02577	0.03071	-0.36204	0.03701	0.03071
GTT	TTT	GT	0.11457	0.02659	0.02814	-0.11457	0.02981	0.02814
GTT	CTT	GC	-0.89735	0.03582	0.02212	0.89735	0.01460	0.02212
GTT	ATT	GA	-0.82605	0.16607	0.10681	0.82605	0.07270	0.10681
GTC	TTC	GT	0.14966	0.00917	0.00987	-0.14966	0.01065	0.00987
GTC	CTC	GC	-1.62440	0.01235	0.00492	1.62440	0.00243	0.00492
GTC	ATC	GA	-1.24295	0.05726	0.02887	1.24295	0.01652	0.02887
GTC	GTT	CT	1.36287	0.01992	0.03648	-1.36287	0.07782	0.03648
GTA	TTA	GT	0.98629	0.01146	0.01803	-0.98629	0.03073	0.01803
GTA	CTA	GC	-0.49300	0.01544	0.01195	0.49300	0.00943	0.01195
GTA	ATA	GA	-0.05999	0.07158	0.06945	0.05999	0.06741	0.06945
GTA	GTT	AT	1.89770	0.01146	0.02558	-1.89770	0.07644	0.02558
GTA	GTC	AC	0.53483	0.01544	0.01994	-0.53483	0.02636	0.01994
GTG	TTG	GT	1.15866	0.00917	0.01548	-1.15866	0.02921	0.01548
GTG	CTG	GC	-0.17748	0.01235	0.01129	0.17748	0.01034	0.01129
GTG	ATG	GA	-0.07980	0.05726	0.05501	0.07980	0.05287	0.05501
GTG	GTT	GT	0.65475	0.00917	0.01249	-0.65475	0.01765	0.01249
GTG	GTC	GC	-0.70811	0.01235	0.00849	0.70811	0.00608	0.00849
GTG	GTA	GA	-1.24295	0.05726	0.02887	1.24295	0.01652	0.02887
GCT	TCT	GT	-0.67232	0.01192	0.00836	0.67232	0.00608	0.00836
GCT	CCT	GC	-0.35529	0.01606	0.01337	0.35529	0.01126	0.01337
GCT	ACT	GA	-0.62984	0.07444	0.05344	0.62984	0.03965	0.05344
GCT	GTT	CT	1.10050	0.02589	0.04270	-1.10050	0.07782	0.04270
GCC	TCC	GT	-0.11271	0.01192	0.01126	0.11271	0.01065	0.01126
GCC	CCC	GC	-1.48130	0.01606	0.00700	1.48130	0.00365	0.00700
GCC	ACC	GA	-0.89554	0.07444	0.04602	0.89554	0.03040	0.04602
GCC	GTC	CT	0.03579	0.02589	0.02636	-0.03579	0.02683	0.02636
GCC	GCT	CT	0.29816	0.02589	0.02994	-0.29816	0.03489	0.02994
GCA	TCA	GT	-0.05976	0.01421	0.01379	0.05976	0.01339	0.01379
GCA	CCA	GC	-0.27090	0.01915	0.01667	0.27090	0.01460	0.01667
GCA	ACA	GA	-0.83963	0.08876	0.05665	0.83963	0.03833	0.05665
GCA	GTA	CT	0.08304	0.03087	0.03217	-0.08304	0.03354	0.03217
GCA	GCT	AT	0.88024	0.01421	0.02137	-0.88024	0.03427	0.02137
GCA	GCC	AC	0.58209	0.01915	0.02526	-0.58209	0.03427	0.02526
GCG	TCG	GT	0.76870	0.00550	0.00788	-0.76870	0.01186	0.00788
GCG	CCG	GC	-1.80673	0.00741	0.00263	1.80673	0.00122	0.00263
GCG	ACG	GA	-0.39565	0.03436	0.02801	0.39565	0.02313	0.02801
GCG	GTG	CT	0.80898	0.01195	0.01743	-0.80898	0.02683	0.01743
GCG	GCT	GT	0.36323	0.00550	0.00656	-0.36323	0.00791	0.00656
GCG	GCC	GC	0.06508	0.00741	0.00766	-0.06508	0.00791	0.00766
GCG	GCA	GA	-0.51701	0.03436	0.02624	0.51701	0.02049	0.02624
GAT	TAT	GT	-0.51895	0.08435	0.06434	0.51895	0.05020	0.06434
GAT	CAT	GC	-1.77991	0.11364	0.04104	1.77991	0.01917	0.04104
GAT	AAT	GA	-1.46609	0.52683	0.23179	1.46609	0.12161	0.23179
GAT	GTT	AT	-0.09836	0.08435	0.08027	0.09836	0.07644	0.08027
GAT	GCT	AC	-1.19886	0.11364	0.05882	1.19886	0.03427	0.05882
GAC	TAC	GT	-0.69764	0.01284	0.00887	0.69764	0.00639	0.00887
GAC	CAC	GC	-0.74448	0.01729	0.01165	0.74448	0.00821	0.01165
GAC	AAC	GA	-1.54020	0.08017	0.03369	1.54020	0.01718	0.03369
GAC	GTC	AT	0.71966	0.01284	0.01800	-0.71966	0.02636	0.01800
GAC	GCC	AC	0.68387	0.01729	0.02388	-0.68387	0.03427	0.02388
GAC	GAT	CT	2.18089	0.02788	0.06855	-2.18089	0.24688	0.06855
GAA	CAA	GC	-0.58877	0.04385	0.03220	0.58877	0.02434	0.03220
GAA	AAA	GA	-0.68534	0.20329	0.14152	0.68534	0.10244	0.14152
GAA	GTA	AT	0.01233	0.03255	0.03275	-0.01233	0.03295	0.03275
GAA	GCA	AC	-0.07072	0.04385	0.04232	0.07072	0.04086	0.04232
GAA	GAT	AT	2.00839	0.03255	0.07550	-2.00839	0.24251	0.07550
GAA	GAC	AC	-0.17250	0.04385	0.04018	0.17250	0.03690	0.04018
GAG	CAG	GC	-1.56831	0.01606	0.00663	1.56831	0.00335	0.00663
GAG	AAG	GA	-1.39198	0.07444	0.03428	1.39198	0.01851	0.03428
GAG	GTG	AT	0.79377	0.01192	0.01727	-0.79377	0.02636	0.01727
GAG	GCG	AC	-0.01521	0.01606	0.01594	0.01521	0.01582	0.01594
GAG	GAT	GT	1.54688	0.01192	0.02342	-1.54688	0.05598	0.02342
GAG	GAC	GC	-0.63400	0.01606	0.01150	0.63400	0.00852	0.01150
GAG	GAA	GA	-0.46151	0.07444	0.05858	0.46151	0.04692	0.05858
GGT	TGT	GT	0.08025	0.04492	0.04675	-0.08025	0.04868	0.04675
GGT	CGT	GC	-0.97559	0.06053	0.03573	0.97559	0.02282	0.03573
GGT	AGT	GA	-1.35971	0.28059	0.13179	1.35971	0.07204	0.13179
GGT	GTT	GT	-0.93448	0.04492	0.02716	0.93448	0.01765	0.02716
GGT	GCT	GC	-2.03498	0.06053	0.01852	2.03498	0.00791	0.01852
GGT	GAT	GA	-0.83612	0.28059	0.17945	0.83612	0.12161	0.17945
GGC	TGC	GT	-0.57160	0.03071	0.02277	0.57160	0.01734	0.02277
GGC	CGC	GC	-0.94251	0.04138	0.02490	0.94251	0.01612	0.02490
GGC	AGC	GA	-2.83757	0.19183	0.03386	2.83757	0.01124	0.03386
GGC	GTC	GT	-1.61892	0.03071	0.01228	1.61892	0.00608	0.01228
GGC	GCC	GC	-1.65471	0.04138	0.01618	1.65471	0.00791	0.01618
GGC	GAC	GA	-2.33858	0.19183	0.04790	2.33858	0.01851	0.04790
GGC	GGT	CT	0.67843	0.06672	0.09189	-0.67843	0.13149	0.09189
GGA	CGA	GC	-1.29590	0.02223	0.01086	1.29590	0.00608	0.01086
GGA	AGA	GA	-1.02426	0.10308	0.05915	1.02426	0.03701	0.05915
GGA	GTA	GT	-0.77460	0.01650	0.01093	0.77460	0.00761	0.01093
GGA	GCA	GC	-0.85764	0.02223	0.01405	0.85764	0.00943	0.01405
GGA	GAA	GA	-0.78693	0.10308	0.06778	0.78693	0.04692	0.06778
GGA	GGT	AT	2.05758	0.01650	0.03893	-2.05758	0.12916	0.03893
GGA	GGC	AC	1.37915	0.02223	0.04098	-1.37915	0.08831	0.04098
GGG	TGG	GT	0.19618	0.00550	0.00606	-0.19618	0.00669	0.00606
GGG	CGG	GC	-2.09441	0.00741	0.00218	2.09441	0.00091	0.00218
GGG	AGG	GA	-1.75377	0.03436	0.01262	1.75377	0.00595	0.01262
GGG	GTG	GT	0.10087	0.00550	0.00578	-0.10087	0.00608	0.00578
GGG	GCG	GC	-0.70811	0.00741	0.00509	0.70811	0.00365	0.00509
GGG	GAG	GA	-0.69290	0.03436	0.02382	0.69290	0.01718	0.02382
GGG	GGT	GT	1.69010	0.00550	0.01140	-1.69010	0.02981	0.01140
GGG	GGC	GC	1.01167	0.00741	0.01178	-1.01167	0.02038	0.01178
GGG	GGA	GA	-0.36748	0.03436	0.02843	0.36748	0.02379	0.02843


Histograms
2Ns	FMut	FSub(CodonUsage)	FSubw(after w)

-2.70245	0.01436	0.00326
-2.43220	0.02926	0.00877
-2.16196	0.05540	0.01926
-1.89171	0.03770	0.01577
-1.62147	0.04098	0.02014
-1.35122	0.16678	0.09668
-1.08098	0.09543	0.06609
-0.81073	0.10663	0.08458
-0.54049	0.07149	0.06627
-0.27024	0.06875	0.07328
0.00000	0.07435	0.09183
0.27024	0.05154	0.07328
0.54049	0.04127	0.06627
0.81073	0.04657	0.08458
1.08098	0.03294	0.06609
1.35122	0.04277	0.09668
1.62147	0.00805	0.02014
1.89171	0.00576	0.01577
2.16196	0.00638	0.01926
2.43220	0.00270	0.00877
2.70245	0.00089	0.00326

Proportion of advantageous (S > 0) mutations:
 0.27462

Proportions of good & bad mutations (|S| > 2.0000) among mutations:
0.01131  0.10894

mean |Ns| = 1.06580	mean Ns+ = 0.79380	mean Ns- = -1.16877


MLEs of dN/dS (w) for site classes (K=2)

p:   0.91672  0.08328
w:   0.11504  1.00000

Naive Empirical Bayes (NEB) probabilities for 2 classes & postmean_w
(amino acids refer to 1st sequence: Stomoxys_calcitrans_lysi2.1)

   1 M   1.00000 0.00000 ( 1)  0.115
   2 V   1.00000 0.00000 ( 1)  0.115
   3 L   0.99998 0.00002 ( 1)  0.115
   4 T   0.98851 0.01149 ( 1)  0.125
   5 N   0.99996 0.00004 ( 1)  0.115
   6 E   1.00000 0.00000 ( 1)  0.115
   7 L   0.99358 0.00642 ( 1)  0.121
   8 S   1.00000 0.00000 ( 1)  0.115
   9 Q   1.00000 0.00000 ( 1)  0.115
  10 K   0.99996 0.00004 ( 1)  0.115
  11 V   1.00000 0.00000 ( 1)  0.115
  12 I   0.99931 0.00069 ( 1)  0.116
  13 I   0.99970 0.00030 ( 1)  0.115
  14 A   1.00000 0.00000 ( 1)  0.115
  15 A   1.00000 0.00000 ( 1)  0.115
  16 F   0.99952 0.00048 ( 1)  0.115
  17 L   0.99999 0.00001 ( 1)  0.115
  18 V   0.99999 0.00001 ( 1)  0.115
  19 S   0.99999 0.00001 ( 1)  0.115
  20 F   1.00000 0.00000 ( 1)  0.115
  21 V   0.98371 0.01629 ( 1)  0.129
  22 L   0.99990 0.00010 ( 1)  0.115
  23 V   0.99999 0.00001 ( 1)  0.115
  24 I   0.99940 0.00060 ( 1)  0.116
  25 G   1.00000 0.00000 ( 1)  0.115
  26 S   1.00000 0.00000 ( 1)  0.115
  27 I   1.00000 0.00000 ( 1)  0.115
  28 Y   1.00000 0.00000 ( 1)  0.115
  29 L   0.99992 0.00008 ( 1)  0.115
  30 H   1.00000 0.00000 ( 1)  0.115
  31 L   0.98860 0.01140 ( 1)  0.125
  32 Q   0.99995 0.00005 ( 1)  0.115
  33 Q   1.00000 0.00000 ( 1)  0.115
  34 K   1.00000 0.00000 ( 1)  0.115
  35 H   0.99998 0.00002 ( 1)  0.115
  36 H   1.00000 0.00000 ( 1)  0.115
  37 L   0.99951 0.00049 ( 1)  0.115
  38 G   0.99999 0.00001 ( 1)  0.115
  39 R   1.00000 0.00000 ( 1)  0.115
  40 L   0.99996 0.00004 ( 1)  0.115
  41 -   1.00000 0.00000 ( 1)  0.115
  42 -   0.99999 0.00001 ( 1)  0.115
  43 N   1.00000 0.00000 ( 1)  0.115
  44 I   0.99909 0.00091 ( 1)  0.116
  45 G   0.99998 0.00002 ( 1)  0.115
  46 D   0.99997 0.00003 ( 1)  0.115
  47 D   0.99988 0.00012 ( 1)  0.115
  48 R   0.99997 0.00003 ( 1)  0.115
  49 I   0.33078 0.66922 ( 2)  0.707
  50 Q   0.99999 0.00001 ( 1)  0.115
  51 P   1.00000 0.00000 ( 1)  0.115
  52 T   1.00000 0.00000 ( 1)  0.115
  53 K   0.99999 0.00001 ( 1)  0.115
  54 G   0.99777 0.00223 ( 1)  0.117
  55 V   1.00000 0.00000 ( 1)  0.115
  56 C   0.99999 0.00001 ( 1)  0.115
  57 L   0.82790 0.17210 ( 1)  0.267
  58 R   1.00000 0.00000 ( 1)  0.115
  59 C   0.99999 0.00001 ( 1)  0.115
  60 L   0.99999 0.00001 ( 1)  0.115
  61 C   0.99999 0.00001 ( 1)  0.115
  62 K   0.99997 0.00003 ( 1)  0.115
  63 T   1.00000 0.00000 ( 1)  0.115
  64 L   0.99893 0.00107 ( 1)  0.116
  65 N   1.00000 0.00000 ( 1)  0.115
  66 E   1.00000 0.00000 ( 1)  0.115
  67 C   0.99999 0.00001 ( 1)  0.115
  68 R   0.94640 0.05360 ( 1)  0.162
  69 P   0.99938 0.00062 ( 1)  0.116
  70 V   1.00000 0.00000 ( 1)  0.115
  71 T   0.73306 0.26694 ( 1)  0.351
  72 C   0.99999 0.00001 ( 1)  0.115
  73 S   0.22052 0.77948 ( 2)  0.805
  74 L   0.98456 0.01544 ( 1)  0.129
  75 Y   0.01612 0.98388 ( 2)  0.986
  76 D   0.99991 0.00009 ( 1)  0.115
  77 P   1.00000 0.00000 ( 1)  0.115
  78 C   0.99999 0.00001 ( 1)  0.115
  79 G   1.00000 0.00000 ( 1)  0.115
  80 I   0.99721 0.00279 ( 1)  0.118
  81 Y   0.99992 0.00008 ( 1)  0.115
  82 G   0.99990 0.00010 ( 1)  0.115
  83 I   1.00000 0.00000 ( 1)  0.115
  84 S   0.99995 0.00005 ( 1)  0.115
  85 I   0.99999 0.00001 ( 1)  0.115
  86 S   0.00001 0.99999 ( 2)  1.000
  87 Y   1.00000 0.00000 ( 1)  0.115
  88 W   1.00000 0.00000 ( 1)  0.115
  89 M   0.96102 0.03898 ( 1)  0.150
  90 D   1.00000 0.00000 ( 1)  0.115
  91 G   0.91977 0.08023 ( 1)  0.186
  92 G   0.99990 0.00010 ( 1)  0.115
  93 Q   0.99997 0.00003 ( 1)  0.115
  94 Q   0.99995 0.00005 ( 1)  0.115
  95 L   0.99998 0.00002 ( 1)  0.115
  96 T   0.99998 0.00002 ( 1)  0.115
  97 M   0.98772 0.01228 ( 1)  0.126
  98 D   0.99999 0.00001 ( 1)  0.115
  99 N   0.99769 0.00231 ( 1)  0.117
 100 F   0.99995 0.00005 ( 1)  0.115
 101 N   0.85289 0.14711 ( 1)  0.245
 102 D   0.99690 0.00310 ( 1)  0.118
 103 E   0.99981 0.00019 ( 1)  0.115
 104 E   0.99458 0.00542 ( 1)  0.120
 105 D   0.99909 0.00091 ( 1)  0.116
 106 P   0.99990 0.00010 ( 1)  0.115
 107 Y   1.00000 0.00000 ( 1)  0.115
 108 L   0.99999 0.00001 ( 1)  0.115
 109 R   0.99985 0.00015 ( 1)  0.115
 110 C   0.99999 0.00001 ( 1)  0.115
 111 A   0.99589 0.00411 ( 1)  0.119
 112 N   1.00000 0.00000 ( 1)  0.115
 113 D   1.00000 0.00000 ( 1)  0.115
 114 D   0.99986 0.00014 ( 1)  0.115
 115 R   0.66860 0.33140 ( 1)  0.408
 116 C   0.99999 0.00001 ( 1)  0.115
 117 A   0.99999 0.00001 ( 1)  0.115
 118 A   0.99849 0.00151 ( 1)  0.116
 119 D   0.97237 0.02763 ( 1)  0.139
 120 T   0.99986 0.00014 ( 1)  0.115
 121 V   0.99999 0.00001 ( 1)  0.115
 122 R   0.99964 0.00036 ( 1)  0.115
 123 G   0.24458 0.75542 ( 2)  0.784
 124 Y   1.00000 0.00000 ( 1)  0.115
 125 I   0.99990 0.00010 ( 1)  0.115
 126 K   0.97540 0.02460 ( 1)  0.137
 127 R   0.99995 0.00005 ( 1)  0.115
 128 F   0.99974 0.00026 ( 1)  0.115
 129 Q   1.00000 0.00000 ( 1)  0.115
 130 R   0.93948 0.06052 ( 1)  0.169
 131 D   1.00000 0.00000 ( 1)  0.115
 132 C   0.99999 0.00001 ( 1)  0.115
 133 N   1.00000 0.00000 ( 1)  0.115
 134 N   0.99997 0.00003 ( 1)  0.115
 135 D   1.00000 0.00000 ( 1)  0.115
 136 G   0.99935 0.00065 ( 1)  0.116
 137 V   0.00064 0.99936 ( 2)  0.999
 138 I   0.90178 0.09822 ( 1)  0.202
 139 D   0.99989 0.00011 ( 1)  0.115
 140 C   0.99999 0.00001 ( 1)  0.115
 141 T   0.00820 0.99180 ( 2)  0.993
 142 D   1.00000 0.00000 ( 1)  0.115
 143 H   0.99903 0.00097 ( 1)  0.116
 144 I   1.00000 0.00000 ( 1)  0.115
 145 A   0.57786 0.42214 ( 1)  0.489
 146 L   0.99993 0.00007 ( 1)  0.115
 147 H   1.00000 0.00000 ( 1)  0.115
 148 I   0.34814 0.65186 ( 2)  0.692
 149 L   0.99922 0.00078 ( 1)  0.116
 150 G   1.00000 0.00000 ( 1)  0.115
 151 P   1.00000 0.00000 ( 1)  0.115
 152 T   0.76863 0.23137 ( 1)  0.320
 153 G   0.99999 0.00001 ( 1)  0.115
 154 C   0.99999 0.00001 ( 1)  0.115
 155 L   0.99511 0.00489 ( 1)  0.119
 156 N   0.99464 0.00536 ( 1)  0.120
 157 K   0.97754 0.02246 ( 1)  0.135
 158 Q   0.98810 0.01190 ( 1)  0.126
 159 L   1.00000 0.00000 ( 1)  0.115
 160 S   0.99987 0.00013 ( 1)  0.115
 161 F   0.00004 0.99996 ( 2)  1.000
 162 L   0.99805 0.00195 ( 1)  0.117
 163 H   1.00000 0.00000 ( 1)  0.115
 164 K   0.75896 0.24104 ( 1)  0.328
 165 L   0.00873 0.99127 ( 2)  0.992
 166 R   1.00000 0.00000 ( 1)  0.115
 167 M   1.00000 0.00000 ( 1)  0.115
 168 S   0.69941 0.30059 ( 1)  0.381
 169 S   0.00002 0.99998 ( 2)  1.000
 170 C   0.99999 0.00001 ( 1)  0.115
 171 I   0.99997 0.00003 ( 1)  0.115
 172 N   0.97949 0.02051 ( 1)  0.133
 173 -   0.91672 0.08328 ( 1)  0.189
 174 -   0.99980 0.00020 ( 1)  0.115
 175 -   0.09105 0.90895 ( 2)  0.919
 176 -   0.87584 0.12416 ( 1)  0.225
 177 -   0.35391 0.64609 ( 2)  0.687
 178 -   0.99937 0.00063 ( 1)  0.116
 179 -   0.03339 0.96661 ( 2)  0.970
 180 -   0.96021 0.03979 ( 1)  0.150
 181 -   0.99931 0.00069 ( 1)  0.116
 182 -   0.99360 0.00640 ( 1)  0.121
 183 -   0.78284 0.21716 ( 1)  0.307
 184 -   1.00000 0.00000 ( 1)  0.115
 185 -   0.99977 0.00023 ( 1)  0.115
 186 -   0.99559 0.00441 ( 1)  0.119
 187 -   0.91672 0.08328 ( 1)  0.189


lnL = -4664.952467


NSsites Model 2: PositiveSelection
I	J	ij	2Ns_IJ	pMut_IJ	pSub_IJ	2Ns_JI	pMut_JI	pSub_JI

TTC	TTT	CT	1.32789	0.03485	0.06297	-1.32789	0.13150	0.06297
TTA	TTT	AT	1.02592	0.04630	0.07404	-1.02592	0.12915	0.07404
TTA	TTC	AC	-0.30197	0.06239	0.05344	0.30197	0.04613	0.05344
TTG	TTT	GT	-0.38931	0.04401	0.03599	0.38931	0.02981	0.03599
TTG	TTC	GC	-1.71721	0.05930	0.02229	1.71721	0.01065	0.02229
TTG	TTA	GA	-1.41523	0.27485	0.12477	1.41523	0.06675	0.12477
TCT	TTT	CT	1.88751	0.01992	0.04430	-1.88751	0.13150	0.04430
TCC	TTC	CT	0.29827	0.03485	0.04031	-0.29827	0.04697	0.04031
TCC	TCT	CT	-0.26134	0.03485	0.03050	0.26134	0.02684	0.03050
TCA	TTA	CT	1.12921	0.04382	0.07311	-1.12921	0.13553	0.07311
TCA	TCT	AT	0.26762	0.02017	0.02299	-0.26762	0.02636	0.02299
TCA	TCC	AC	0.52896	0.02718	0.03500	-0.52896	0.04613	0.03500
TCG	TTG	CT	1.19906	0.03884	0.06666	-1.19906	0.12882	0.06666
TCG	TCT	GT	-1.07776	0.01788	0.00994	1.07776	0.00608	0.00994
TCG	TCC	GC	-0.81642	0.02409	0.01558	0.81642	0.01065	0.01558
TCG	TCA	GA	-1.34538	0.11166	0.05290	1.34538	0.02908	0.05290
TAT	TTT	AT	0.53510	0.07563	0.09767	-0.53510	0.12915	0.09767
TAT	TCT	AC	-1.35241	0.10192	0.04808	1.35241	0.02636	0.04808
TAC	TTC	AT	1.56690	0.00963	0.01906	-1.56690	0.04613	0.01906
TAC	TCC	AC	1.26862	0.01297	0.02289	-1.26862	0.04613	0.02289
TAC	TAT	CT	2.35970	0.02091	0.05449	-2.35970	0.22141	0.05449
TGT	TTT	GT	-0.90014	0.07334	0.04522	0.90014	0.02981	0.04522
TGT	TCT	GC	-2.78765	0.09883	0.01807	2.78765	0.00608	0.01807
TGT	TAT	GA	-1.43523	0.45808	0.20541	1.43523	0.10905	0.20541
TGC	TTC	GT	-0.89764	0.02613	0.01613	0.89764	0.01065	0.01613
TGC	TCC	GC	-1.19591	0.03521	0.01825	1.19591	0.01065	0.01825
TGC	TAC	GA	-2.46454	0.16319	0.03738	2.46454	0.01388	0.03738
TGC	TGT	CT	1.33040	0.05676	0.10265	-1.33040	0.21470	0.10265
TGG	TTG	GT	1.06337	0.01008	0.01638	-1.06337	0.02921	0.01638
TGG	TCG	GC	-0.13569	0.01359	0.01269	0.13569	0.01186	0.01269
TGG	TGT	GT	1.57420	0.01008	0.02002	-1.57420	0.04868	0.02002
TGG	TGC	GC	0.24380	0.01359	0.01531	-0.24380	0.01734	0.01531
CTT	TTT	CT	1.01204	0.04780	0.07600	-1.01204	0.13150	0.07600
CTC	TTC	CT	1.77418	0.00797	0.01702	-1.77418	0.04697	0.01702
CTC	CTT	CT	2.09003	0.00797	0.01900	-2.09003	0.06441	0.01900
CTA	TTA	CT	1.47941	0.03087	0.05914	-1.47941	0.13553	0.05914
CTA	CTT	AT	1.49329	0.01421	0.02737	-1.49329	0.06326	0.02737
CTA	CTC	AC	-0.59675	0.01915	0.01400	0.59675	0.01054	0.01400
CTG	TTG	CT	1.33626	0.03386	0.06137	-1.33626	0.12882	0.06137
CTG	CTT	GT	-0.06509	0.01559	0.01508	0.06509	0.01460	0.01508
CTG	CTC	GC	-2.15513	0.02100	0.00593	2.15513	0.00243	0.00593
CTG	CTA	GA	-1.55838	0.09734	0.04044	1.55838	0.02049	0.04044
CCT	TCT	CT	-0.31691	0.03684	0.03131	0.31691	0.02684	0.03131
CCT	CTT	CT	0.55856	0.03684	0.04809	-0.55856	0.06441	0.04809
CCC	TCC	CT	1.36872	0.01195	0.02194	-1.36872	0.04697	0.02194
CCC	CTC	CT	-0.10719	0.01195	0.01132	0.10719	0.01073	0.01132
CCC	CCT	CT	1.42429	0.01195	0.02241	-1.42429	0.04965	0.02241
CCA	TCA	CT	0.21126	0.04780	0.05303	-0.21126	0.05904	0.05303
CCA	CTA	CT	-0.13894	0.04780	0.04455	0.13894	0.04160	0.04455
CCA	CCT	AT	0.79579	0.02200	0.03191	-0.79579	0.04876	0.03191
CCA	CCC	AC	-0.62850	0.02965	0.02130	0.62850	0.01581	0.02130
CCG	TCG	CT	2.57554	0.00398	0.01110	-2.57554	0.05233	0.01110
CCG	CTG	CT	2.43834	0.00398	0.01064	-2.43834	0.04562	0.01064
CCG	CCT	GT	1.81469	0.00183	0.00397	-1.81469	0.01126	0.00397
CCG	CCC	GC	0.39040	0.00247	0.00298	-0.39040	0.00365	0.00298
CCG	CCA	GA	1.01890	0.01145	0.01826	-1.01890	0.03172	0.01826
CAT	TAT	CT	1.26109	0.06274	0.11039	-1.26109	0.22141	0.11039
CAT	CTT	AT	0.78414	0.02888	0.04167	-0.78414	0.06326	0.04167
CAT	CCT	AC	0.22558	0.03891	0.04347	-0.22558	0.04876	0.04347
CAC	TAC	CT	0.04696	0.02689	0.02752	-0.04696	0.02818	0.02752
CAC	CTC	AT	-0.16032	0.01238	0.01141	0.16032	0.01054	0.01141
CAC	CCC	AC	-0.05313	0.01668	0.01624	0.05313	0.01581	0.01624
CAC	CAT	CT	1.14557	0.02689	0.04516	-1.14557	0.08454	0.04516
CAA	CTA	AT	0.10803	0.03667	0.03869	-0.10803	0.04085	0.03869
CAA	CCA	AC	0.24697	0.04942	0.05577	-0.24697	0.06326	0.05577
CAA	CAT	AT	0.81718	0.03667	0.05367	-0.81718	0.08303	0.05367
CAA	CAC	AC	-0.32839	0.04942	0.04174	0.32839	0.03558	0.04174
CAG	CTG	AT	2.18454	0.00504	0.01241	-2.18454	0.04481	0.01241
CAG	CCG	AC	-0.25380	0.00679	0.00597	0.25380	0.00527	0.00597
CAG	CAT	GT	1.33531	0.00504	0.00914	-1.33531	0.01917	0.00914
CAG	CAC	GC	0.18973	0.00679	0.00746	-0.18973	0.00821	0.00746
CAG	CAA	GA	0.51813	0.03149	0.04035	-0.51813	0.05287	0.04035
CGT	TGT	CT	1.05596	0.07468	0.12093	-1.05596	0.21470	0.12093
CGT	CTT	GT	-0.85622	0.03438	0.02174	0.85622	0.01460	0.02174
CGT	CCT	GC	-1.41478	0.04633	0.02104	1.41478	0.01126	0.02104
CGT	CAT	GA	-1.64036	0.21472	0.08473	1.64036	0.04164	0.08473
CGC	TGC	CT	0.37103	0.05278	0.06317	-0.37103	0.07649	0.06317
CGC	CTC	GT	-2.30078	0.02429	0.00622	2.30078	0.00243	0.00622
CGC	CCC	GC	-2.19359	0.03274	0.00901	2.19359	0.00365	0.00901
CGC	CAC	GA	-2.14046	0.15174	0.04329	2.14046	0.01784	0.04329
CGC	CGT	CT	0.64547	0.05278	0.07163	-0.64547	0.10064	0.07163
CGA	CTA	GT	0.02832	0.00917	0.00930	-0.02832	0.00943	0.00930
CGA	CCA	GC	0.16726	0.01235	0.01342	-0.16726	0.01460	0.01342
CGA	CAA	GA	-0.07971	0.05726	0.05501	0.07971	0.05287	0.05501
CGA	CGT	AT	2.37783	0.00917	0.02403	-2.37783	0.09884	0.02403
CGA	CGC	AC	1.73236	0.01235	0.02600	-1.73236	0.06985	0.02600
CGG	TGG	CT	2.29070	0.00299	0.00761	-2.29070	0.02952	0.00761
CGG	CTG	GT	2.01782	0.00138	0.00320	-2.01782	0.01034	0.00320
CGG	CCG	GC	-0.42053	0.00185	0.00149	0.42053	0.00122	0.00149
CGG	CAG	GA	-0.16672	0.00859	0.00789	0.16672	0.00727	0.00789
CGG	CGT	GT	2.80894	0.00138	0.00411	-2.80894	0.02282	0.00411
CGG	CGC	GC	2.16347	0.00185	0.00453	-2.16347	0.01612	0.00453
CGG	CGA	GA	0.43111	0.00859	0.01057	-0.43111	0.01322	0.01057
ATT	TTT	AT	0.94056	0.05042	0.07780	-0.94056	0.12915	0.07780
ATT	CTT	AC	-0.07148	0.06795	0.06555	0.07148	0.06326	0.06555
ATC	TTC	AT	1.39255	0.01146	0.02123	-1.39255	0.04613	0.02123
ATC	CTC	AC	-0.38164	0.01544	0.01268	0.38164	0.01054	0.01268
ATC	ATT	CT	1.77988	0.02489	0.05330	-1.77988	0.14761	0.05330
ATA	TTA	AT	1.04622	0.04676	0.07540	-1.04622	0.13311	0.07540
ATA	CTA	AC	-0.43319	0.06300	0.05034	0.43319	0.04085	0.05034
ATA	ATT	AT	1.13158	0.04676	0.07809	-1.13158	0.14497	0.07809
ATA	ATC	AC	-0.64830	0.06300	0.04477	0.64830	0.03295	0.04477
ATG	TTG	AT	1.23839	0.03667	0.06395	-1.23839	0.12652	0.06395
ATG	CTG	AC	-0.09787	0.04942	0.04704	0.09787	0.04481	0.04704
ATG	ATT	GT	-0.09148	0.03667	0.03502	0.09148	0.03347	0.03502
ATG	ATC	GC	-1.87136	0.04942	0.01682	1.87136	0.00761	0.01682
ATG	ATA	GA	-1.22306	0.22904	0.11684	1.22306	0.06741	0.11684
ACT	TCT	AT	-0.04254	0.02750	0.02692	0.04254	0.02636	0.02692
ACT	CCT	AC	0.27437	0.03706	0.04238	-0.27437	0.04876	0.04238
ACT	ATT	CT	0.90441	0.05975	0.09078	-0.90441	0.14761	0.09078
ACC	TCC	AT	0.78278	0.02109	0.03040	-0.78278	0.04613	0.03040
ACC	CCC	AC	-0.58594	0.02841	0.02090	0.58594	0.01581	0.02090
ACC	ATC	CT	-0.31149	0.04581	0.03904	0.31149	0.03355	0.03904
ACC	ACT	CT	0.56398	0.04581	0.05993	-0.56398	0.08051	0.05993
ACA	TCA	AT	0.77982	0.02659	0.03829	-0.77982	0.05799	0.03829
ACA	CCA	AC	0.56856	0.03583	0.04697	-0.56856	0.06326	0.04697
ACA	ATA	CT	0.86280	0.05776	0.08621	-0.86280	0.13687	0.08621
ACA	ACT	AT	1.08997	0.02659	0.04366	-1.08997	0.07907	0.04366
ACA	ACC	AC	0.52600	0.03583	0.04607	-0.52600	0.06062	0.04607
ACG	TCG	AT	1.16429	0.01604	0.02716	-1.16429	0.05140	0.02716
ACG	CCG	AC	-1.41125	0.02162	0.00984	1.41125	0.00527	0.00984
ACG	ATG	CT	1.12495	0.03485	0.05806	-1.12495	0.10735	0.05806
ACG	ACT	GT	0.12906	0.01604	0.01710	-0.12906	0.01825	0.01710
ACG	ACC	GC	-0.43491	0.02162	0.01726	0.43491	0.01399	0.01726
ACG	ACA	GA	-0.96091	0.10020	0.05965	0.96091	0.03833	0.05965
AAT	TAT	AT	0.94708	0.08434	0.13050	-0.94708	0.21745	0.13050
AAT	CAT	AC	-0.31400	0.11366	0.09674	0.31400	0.08303	0.09674
AAT	ATT	AT	0.54162	0.08434	0.10924	-0.54162	0.14497	0.10924
AAT	ACT	AC	-0.36279	0.11366	0.09428	0.36279	0.07907	0.09428
AAC	TAC	AT	0.84250	0.01192	0.01764	-0.84250	0.02768	0.01764
AAC	CAC	AC	0.79554	0.01606	0.02329	-0.79554	0.03558	0.02329
AAC	ATC	AT	1.01685	0.01192	0.01899	-1.01685	0.03295	0.01899
AAC	ACC	AC	1.32834	0.01606	0.02902	-1.32834	0.06062	0.02902
AAC	AAT	CT	2.25511	0.02589	0.06523	-2.25511	0.24690	0.06523
AAA	CAA	AC	0.09640	0.09574	0.10043	-0.09640	0.10543	0.10043
AAA	ATA	AT	0.63762	0.07105	0.09609	-0.63762	0.13442	0.09609
AAA	ACA	AC	-0.22518	0.09574	0.08537	0.22518	0.07644	0.08537
AAA	AAT	AT	1.22758	0.07105	0.12337	-1.22758	0.24249	0.12337
AAA	AAC	AC	-1.02753	0.09574	0.05483	1.02753	0.03427	0.05483
AAG	CAG	AC	-0.17651	0.01730	0.01581	0.17651	0.01450	0.01581
AAG	ATG	AT	2.10590	0.01283	0.03078	-2.10590	0.10543	0.03078
AAG	ACG	AC	0.98094	0.01730	0.02714	-0.98094	0.04613	0.02714
AAG	AAT	GT	1.47280	0.01283	0.02453	-1.47280	0.05598	0.02453
AAG	AAC	GC	-0.78232	0.01730	0.01140	0.78232	0.00791	0.01140
AAG	AAA	GA	0.24521	0.08016	0.09039	-0.24521	0.10244	0.09039
AGT	TGT	AT	1.43990	0.04996	0.09428	-1.43990	0.21086	0.09428
AGT	CGT	AC	0.38394	0.06733	0.08108	-0.38394	0.09884	0.08108
AGT	ATT	GT	-0.40080	0.04996	0.04062	0.40080	0.03347	0.04062
AGT	ACT	GC	-1.30521	0.06733	0.03269	1.30521	0.01825	0.03269
AGT	AAT	GA	-0.94242	0.31207	0.18778	0.94242	0.12161	0.18778
AGC	TGC	AT	2.26591	0.00779	0.01970	-2.26591	0.07512	0.01970
AGC	CGC	AC	1.89488	0.01050	0.02342	-1.89488	0.06985	0.02342
AGC	ATC	GT	-0.02427	0.00779	0.00770	0.02427	0.00761	0.00770
AGC	ACC	GC	0.28722	0.01050	0.01208	-0.28722	0.01399	0.01208
AGC	AAC	GA	-1.04112	0.04867	0.02765	1.04112	0.01718	0.02765
AGC	AGT	CT	2.15641	0.01693	0.04128	-2.15641	0.14626	0.04128
AGA	CGA	AC	-0.27182	0.03459	0.03010	0.27182	0.02636	0.03010
AGA	ATA	GT	0.18969	0.02567	0.02818	-0.18969	0.03103	0.02818
AGA	ACA	GC	-0.67312	0.03459	0.02425	0.67312	0.01765	0.02425
AGA	AAA	GA	-0.44793	0.16033	0.12709	0.44793	0.10244	0.12709
AGA	AGT	AT	1.72207	0.02567	0.05382	-1.72207	0.14365	0.05382
AGA	AGC	AC	-0.43434	0.03459	0.02762	0.43434	0.02240	0.02762
AGG	TGG	AT	1.94989	0.00413	0.00938	-1.94989	0.02899	0.00938
AGG	CGG	AC	-0.34081	0.00556	0.00467	0.34081	0.00395	0.00467
AGG	ATG	GT	1.77487	0.00413	0.00882	-1.77487	0.02434	0.00882
AGG	ACG	GC	0.64992	0.00556	0.00756	-0.64992	0.01065	0.00756
AGG	AAG	GA	-0.33103	0.02577	0.02174	0.33103	0.01851	0.02174
AGG	AGT	GT	2.08419	0.00413	0.00982	-2.08419	0.03316	0.00982
AGG	AGC	GC	-0.07222	0.00556	0.00536	0.07222	0.00517	0.00536
AGG	AGA	GA	0.36212	0.02577	0.03071	-0.36212	0.03701	0.03071
GTT	TTT	GT	0.11459	0.02659	0.02814	-0.11459	0.02981	0.02814
GTT	CTT	GC	-0.89745	0.03583	0.02212	0.89745	0.01460	0.02212
GTT	ATT	GA	-0.82597	0.16605	0.10681	0.82597	0.07270	0.10681
GTC	TTC	GT	0.14968	0.00917	0.00987	-0.14968	0.01065	0.00987
GTC	CTC	GC	-1.62450	0.01235	0.00492	1.62450	0.00243	0.00492
GTC	ATC	GA	-1.24286	0.05726	0.02886	1.24286	0.01652	0.02886
GTC	GTT	CT	1.36299	0.01992	0.03648	-1.36299	0.07783	0.03648
GTA	TTA	GT	0.98631	0.01146	0.01803	-0.98631	0.03073	0.01803
GTA	CTA	GC	-0.49310	0.01544	0.01195	0.49310	0.00943	0.01195
GTA	ATA	GA	-0.05991	0.07157	0.06945	0.05991	0.06741	0.06945
GTA	GTT	AT	1.89764	0.01146	0.02558	-1.89764	0.07644	0.02558
GTA	GTC	AC	0.53466	0.01544	0.01994	-0.53466	0.02636	0.01994
GTG	TTG	GT	1.15868	0.00917	0.01548	-1.15868	0.02921	0.01548
GTG	CTG	GC	-0.17758	0.01235	0.01129	0.17758	0.01034	0.01129
GTG	ATG	GA	-0.07971	0.05726	0.05501	0.07971	0.05287	0.05501
GTG	GTT	GT	0.65478	0.00917	0.01249	-0.65478	0.01765	0.01249
GTG	GTC	GC	-0.70821	0.01235	0.00849	0.70821	0.00608	0.00849
GTG	GTA	GA	-1.24286	0.05726	0.02886	1.24286	0.01652	0.02886
GCT	TCT	GT	-0.67230	0.01192	0.00836	0.67230	0.00608	0.00836
GCT	CCT	GC	-0.35539	0.01606	0.01337	0.35539	0.01126	0.01337
GCT	ACT	GA	-0.62976	0.07444	0.05344	0.62976	0.03965	0.05344
GCT	GTT	CT	1.10062	0.02589	0.04270	-1.10062	0.07783	0.04270
GCC	TCC	GT	-0.11268	0.01192	0.01126	0.11268	0.01065	0.01126
GCC	CCC	GC	-1.48140	0.01606	0.00700	1.48140	0.00365	0.00700
GCC	ACC	GA	-0.89546	0.07444	0.04602	0.89546	0.03040	0.04602
GCC	GTC	CT	0.03591	0.02589	0.02636	-0.03591	0.02684	0.02636
GCC	GCT	CT	0.29827	0.02589	0.02994	-0.29827	0.03489	0.02994
GCA	TCA	GT	-0.05973	0.01421	0.01379	0.05973	0.01339	0.01379
GCA	CCA	GC	-0.27099	0.01915	0.01667	0.27099	0.01460	0.01667
GCA	ACA	GA	-0.83955	0.08875	0.05665	0.83955	0.03833	0.05665
GCA	GTA	CT	0.08316	0.03087	0.03217	-0.08316	0.03355	0.03217
GCA	GCT	AT	0.88018	0.01421	0.02137	-0.88018	0.03427	0.02137
GCA	GCC	AC	0.58191	0.01915	0.02526	-0.58191	0.03427	0.02526
GCG	TCG	GT	0.76872	0.00550	0.00788	-0.76872	0.01186	0.00788
GCG	CCG	GC	-1.80682	0.00741	0.00263	1.80682	0.00122	0.00263
GCG	ACG	GA	-0.39556	0.03436	0.02801	0.39556	0.02313	0.02801
GCG	GTG	CT	0.80910	0.01195	0.01743	-0.80910	0.02684	0.01743
GCG	GCT	GT	0.36326	0.00550	0.00656	-0.36326	0.00791	0.00656
GCG	GCC	GC	0.06498	0.00741	0.00766	-0.06498	0.00791	0.00766
GCG	GCA	GA	-0.51693	0.03436	0.02624	0.51693	0.02049	0.02624
GAT	TAT	GT	-0.51892	0.08434	0.06434	0.51892	0.05020	0.06434
GAT	CAT	GC	-1.78001	0.11366	0.04104	1.78001	0.01917	0.04104
GAT	AAT	GA	-1.46601	0.52679	0.23178	1.46601	0.12161	0.23178
GAT	GTT	AT	-0.09842	0.08434	0.08026	0.09842	0.07644	0.08026
GAT	GCT	AC	-1.19904	0.11366	0.05882	1.19904	0.03427	0.05882
GAC	TAC	GT	-0.69762	0.01283	0.00887	0.69762	0.00639	0.00887
GAC	CAC	GC	-0.74458	0.01730	0.01165	0.74458	0.00821	0.01165
GAC	AAC	GA	-1.54011	0.08016	0.03369	1.54011	0.01718	0.03369
GAC	GTC	AT	0.71960	0.01283	0.01800	-0.71960	0.02636	0.01800
GAC	GCC	AC	0.68369	0.01730	0.02388	-0.68369	0.03427	0.02388
GAC	GAT	CT	2.18101	0.02788	0.06855	-2.18101	0.24690	0.06855
GAA	CAA	GC	-0.58886	0.04386	0.03220	0.58886	0.02434	0.03220
GAA	AAA	GA	-0.68526	0.20327	0.14152	0.68526	0.10244	0.14152
GAA	GTA	AT	0.01227	0.03255	0.03275	-0.01227	0.03295	0.03275
GAA	GCA	AC	-0.07089	0.04386	0.04232	0.07089	0.04085	0.04232
GAA	GAT	AT	2.00833	0.03255	0.07549	-2.00833	0.24249	0.07549
GAA	GAC	AC	-0.17268	0.04386	0.04018	0.17268	0.03690	0.04018
GAG	CAG	GC	-1.56841	0.01606	0.00663	1.56841	0.00335	0.00663
GAG	AAG	GA	-1.39190	0.07444	0.03428	1.39190	0.01851	0.03428
GAG	GTG	AT	0.79371	0.01192	0.01727	-0.79371	0.02636	0.01727
GAG	GCG	AC	-0.01539	0.01606	0.01594	0.01539	0.01581	0.01594
GAG	GAT	GT	1.54691	0.01192	0.02342	-1.54691	0.05598	0.02342
GAG	GAC	GC	-0.63410	0.01606	0.01150	0.63410	0.00852	0.01150
GAG	GAA	GA	-0.46142	0.07444	0.05858	0.46142	0.04692	0.05858
GGT	TGT	GT	0.08027	0.04492	0.04675	-0.08027	0.04868	0.04675
GGT	CGT	GC	-0.97569	0.06053	0.03573	0.97569	0.02282	0.03573
GGT	AGT	GA	-1.35963	0.28057	0.13178	1.35963	0.07204	0.13178
GGT	GTT	GT	-0.93446	0.04492	0.02716	0.93446	0.01765	0.02716
GGT	GCT	GC	-2.03508	0.06053	0.01852	2.03508	0.00791	0.01852
GGT	GAT	GA	-0.83604	0.28057	0.17944	0.83604	0.12161	0.17944
GGC	TGC	GT	-0.57157	0.03071	0.02277	0.57157	0.01734	0.02277
GGC	CGC	GC	-0.94261	0.04139	0.02490	0.94261	0.01612	0.02490
GGC	AGC	GA	-2.83749	0.19182	0.03386	2.83749	0.01124	0.03386
GGC	GTC	GT	-1.61889	0.03071	0.01228	1.61889	0.00608	0.01228
GGC	GCC	GC	-1.65480	0.04139	0.01618	1.65480	0.00791	0.01618
GGC	GAC	GA	-2.33849	0.19182	0.04790	2.33849	0.01851	0.04790
GGC	GGT	CT	0.67855	0.06672	0.09189	-0.67855	0.13150	0.09189
GGA	CGA	GC	-1.29599	0.02224	0.01086	1.29599	0.00608	0.01086
GGA	AGA	GA	-1.02417	0.10307	0.05914	1.02417	0.03701	0.05914
GGA	GTA	GT	-0.77458	0.01650	0.01093	0.77458	0.00761	0.01093
GGA	GCA	GC	-0.85774	0.02224	0.01405	0.85774	0.00943	0.01405
GGA	GAA	GA	-0.78685	0.10307	0.06778	0.78685	0.04692	0.06778
GGA	GGT	AT	2.05752	0.01650	0.03893	-2.05752	0.12915	0.03893
GGA	GGC	AC	1.37897	0.02224	0.04099	-1.37897	0.08830	0.04099
GGG	TGG	GT	0.19620	0.00550	0.00606	-0.19620	0.00669	0.00606
GGG	CGG	GC	-2.09450	0.00741	0.00218	2.09450	0.00091	0.00218
GGG	AGG	GA	-1.75369	0.03436	0.01262	1.75369	0.00595	0.01262
GGG	GTG	GT	0.10089	0.00550	0.00578	-0.10089	0.00608	0.00578
GGG	GCG	GC	-0.70821	0.00741	0.00509	0.70821	0.00365	0.00509
GGG	GAG	GA	-0.69282	0.03436	0.02382	0.69282	0.01718	0.02382
GGG	GGT	GT	1.69013	0.00550	0.01140	-1.69013	0.02981	0.01140
GGG	GGC	GC	1.01158	0.00741	0.01178	-1.01158	0.02038	0.01178
GGG	GGA	GA	-0.36739	0.03436	0.02843	0.36739	0.02379	0.02843


Histograms
2Ns	FMut	FSub(CodonUsage)	FSubw(after w)

-2.70237	0.01436	0.00326
-2.43213	0.02926	0.00877
-2.16189	0.05540	0.01926
-1.89166	0.03770	0.01577
-1.62142	0.04098	0.02014
-1.35118	0.16677	0.09668
-1.08095	0.09543	0.06609
-0.81071	0.10663	0.08458
-0.54047	0.07149	0.06627
-0.27024	0.06875	0.07328
0.00000	0.07435	0.09183
0.27024	0.05154	0.07328
0.54047	0.04127	0.06627
0.81071	0.04657	0.08458
1.08095	0.03294	0.06609
1.35118	0.04277	0.09668
1.62142	0.00805	0.02014
1.89166	0.00576	0.01577
2.16189	0.00638	0.01926
2.43213	0.00270	0.00877
2.70237	0.00089	0.00326

Proportion of advantageous (S > 0) mutations:
 0.27462

Proportions of good & bad mutations (|S| > 2.0000) among mutations:
0.01131  0.10895

mean |Ns| = 1.06580	mean Ns+ = 0.79380	mean Ns- = -1.16877


MLEs of dN/dS (w) for site classes (K=3)

p:   0.91671  0.08329  0.00000
w:   0.11504  1.00000 46.06467
(note that p[2] is zero)


Naive Empirical Bayes (NEB) probabilities for 3 classes & postmean_w & P(w>1)
(amino acids refer to 1st sequence: Stomoxys_calcitrans_lysi2.1)

   1 M   1.00000 0.00000 0.00000 ( 1)  0.115  0.000
   2 V   1.00000 0.00000 0.00000 ( 1)  0.115  0.000
   3 L   0.99998 0.00002 0.00000 ( 1)  0.115  0.000
   4 T   0.98851 0.01149 0.00000 ( 1)  0.125  0.000
   5 N   0.99996 0.00004 0.00000 ( 1)  0.115  0.000
   6 E   1.00000 0.00000 0.00000 ( 1)  0.115  0.000
   7 L   0.99357 0.00643 0.00000 ( 1)  0.121  0.000
   8 S   1.00000 0.00000 0.00000 ( 1)  0.115  0.000
   9 Q   1.00000 0.00000 0.00000 ( 1)  0.115  0.000
  10 K   0.99996 0.00004 0.00000 ( 1)  0.115  0.000
  11 V   1.00000 0.00000 0.00000 ( 1)  0.115  0.000
  12 I   0.99931 0.00069 0.00000 ( 1)  0.116  0.000
  13 I   0.99970 0.00030 0.00000 ( 1)  0.115  0.000
  14 A   1.00000 0.00000 0.00000 ( 1)  0.115  0.000
  15 A   1.00000 0.00000 0.00000 ( 1)  0.115  0.000
  16 F   0.99952 0.00048 0.00000 ( 1)  0.115  0.000
  17 L   0.99999 0.00001 0.00000 ( 1)  0.115  0.000
  18 V   0.99999 0.00001 0.00000 ( 1)  0.115  0.000
  19 S   0.99999 0.00001 0.00000 ( 1)  0.115  0.000
  20 F   1.00000 0.00000 0.00000 ( 1)  0.115  0.000
  21 V   0.98371 0.01629 0.00000 ( 1)  0.129  0.000
  22 L   0.99990 0.00010 0.00000 ( 1)  0.115  0.000
  23 V   0.99999 0.00001 0.00000 ( 1)  0.115  0.000
  24 I   0.99940 0.00060 0.00000 ( 1)  0.116  0.000
  25 G   1.00000 0.00000 0.00000 ( 1)  0.115  0.000
  26 S   1.00000 0.00000 0.00000 ( 1)  0.115  0.000
  27 I   1.00000 0.00000 0.00000 ( 1)  0.115  0.000
  28 Y   1.00000 0.00000 0.00000 ( 1)  0.115  0.000
  29 L   0.99992 0.00008 0.00000 ( 1)  0.115  0.000
  30 H   1.00000 0.00000 0.00000 ( 1)  0.115  0.000
  31 L   0.98860 0.01140 0.00000 ( 1)  0.125  0.000
  32 Q   0.99995 0.00005 0.00000 ( 1)  0.115  0.000
  33 Q   1.00000 0.00000 0.00000 ( 1)  0.115  0.000
  34 K   1.00000 0.00000 0.00000 ( 1)  0.115  0.000
  35 H   0.99998 0.00002 0.00000 ( 1)  0.115  0.000
  36 H   1.00000 0.00000 0.00000 ( 1)  0.115  0.000
  37 L   0.99951 0.00049 0.00000 ( 1)  0.115  0.000
  38 G   0.99999 0.00001 0.00000 ( 1)  0.115  0.000
  39 R   1.00000 0.00000 0.00000 ( 1)  0.115  0.000
  40 L   0.99996 0.00004 0.00000 ( 1)  0.115  0.000
  41 -   1.00000 0.00000 0.00000 ( 1)  0.115  0.000
  42 -   0.99999 0.00001 0.00000 ( 1)  0.115  0.000
  43 N   1.00000 0.00000 0.00000 ( 1)  0.115  0.000
  44 I   0.99909 0.00091 0.00000 ( 1)  0.116  0.000
  45 G   0.99998 0.00002 0.00000 ( 1)  0.115  0.000
  46 D   0.99997 0.00003 0.00000 ( 1)  0.115  0.000
  47 D   0.99988 0.00012 0.00000 ( 1)  0.115  0.000
  48 R   0.99997 0.00003 0.00000 ( 1)  0.115  0.000
  49 I   0.33074 0.66926 0.00000 ( 2)  0.707  0.000
  50 Q   0.99999 0.00001 0.00000 ( 1)  0.115  0.000
  51 P   1.00000 0.00000 0.00000 ( 1)  0.115  0.000
  52 T   1.00000 0.00000 0.00000 ( 1)  0.115  0.000
  53 K   0.99999 0.00001 0.00000 ( 1)  0.115  0.000
  54 G   0.99777 0.00223 0.00000 ( 1)  0.117  0.000
  55 V   1.00000 0.00000 0.00000 ( 1)  0.115  0.000
  56 C   0.99999 0.00001 0.00000 ( 1)  0.115  0.000
  57 L   0.82790 0.17210 0.00000 ( 1)  0.267  0.000
  58 R   1.00000 0.00000 0.00000 ( 1)  0.115  0.000
  59 C   0.99999 0.00001 0.00000 ( 1)  0.115  0.000
  60 L   0.99999 0.00001 0.00000 ( 1)  0.115  0.000
  61 C   0.99999 0.00001 0.00000 ( 1)  0.115  0.000
  62 K   0.99997 0.00003 0.00000 ( 1)  0.115  0.000
  63 T   1.00000 0.00000 0.00000 ( 1)  0.115  0.000
  64 L   0.99893 0.00107 0.00000 ( 1)  0.116  0.000
  65 N   1.00000 0.00000 0.00000 ( 1)  0.115  0.000
  66 E   1.00000 0.00000 0.00000 ( 1)  0.115  0.000
  67 C   0.99999 0.00001 0.00000 ( 1)  0.115  0.000
  68 R   0.94640 0.05360 0.00000 ( 1)  0.162  0.000
  69 P   0.99938 0.00062 0.00000 ( 1)  0.116  0.000
  70 V   1.00000 0.00000 0.00000 ( 1)  0.115  0.000
  71 T   0.73302 0.26698 0.00000 ( 1)  0.351  0.000
  72 C   0.99999 0.00001 0.00000 ( 1)  0.115  0.000
  73 S   0.22051 0.77949 0.00000 ( 2)  0.805  0.000
  74 L   0.98456 0.01544 0.00000 ( 1)  0.129  0.000
  75 Y   0.01611 0.98389 0.00000 ( 2)  0.986  0.000
  76 D   0.99991 0.00009 0.00000 ( 1)  0.115  0.000
  77 P   1.00000 0.00000 0.00000 ( 1)  0.115  0.000
  78 C   0.99999 0.00001 0.00000 ( 1)  0.115  0.000
  79 G   1.00000 0.00000 0.00000 ( 1)  0.115  0.000
  80 I   0.99721 0.00279 0.00000 ( 1)  0.118  0.000
  81 Y   0.99992 0.00008 0.00000 ( 1)  0.115  0.000
  82 G   0.99990 0.00010 0.00000 ( 1)  0.115  0.000
  83 I   1.00000 0.00000 0.00000 ( 1)  0.115  0.000
  84 S   0.99995 0.00005 0.00000 ( 1)  0.115  0.000
  85 I   0.99999 0.00001 0.00000 ( 1)  0.115  0.000
  86 S   0.00001 0.99999 0.00000 ( 2)  1.000  0.000
  87 Y   1.00000 0.00000 0.00000 ( 1)  0.115  0.000
  88 W   1.00000 0.00000 0.00000 ( 1)  0.115  0.000
  89 M   0.96101 0.03899 0.00000 ( 1)  0.150  0.000
  90 D   1.00000 0.00000 0.00000 ( 1)  0.115  0.000
  91 G   0.91976 0.08024 0.00000 ( 1)  0.186  0.000
  92 G   0.99990 0.00010 0.00000 ( 1)  0.115  0.000
  93 Q   0.99997 0.00003 0.00000 ( 1)  0.115  0.000
  94 Q   0.99995 0.00005 0.00000 ( 1)  0.115  0.000
  95 L   0.99998 0.00002 0.00000 ( 1)  0.115  0.000
  96 T   0.99998 0.00002 0.00000 ( 1)  0.115  0.000
  97 M   0.98772 0.01228 0.00000 ( 1)  0.126  0.000
  98 D   0.99999 0.00001 0.00000 ( 1)  0.115  0.000
  99 N   0.99769 0.00231 0.00000 ( 1)  0.117  0.000
 100 F   0.99995 0.00005 0.00000 ( 1)  0.115  0.000
 101 N   0.85287 0.14713 0.00000 ( 1)  0.245  0.000
 102 D   0.99690 0.00310 0.00000 ( 1)  0.118  0.000
 103 E   0.99981 0.00019 0.00000 ( 1)  0.115  0.000
 104 E   0.99458 0.00542 0.00000 ( 1)  0.120  0.000
 105 D   0.99909 0.00091 0.00000 ( 1)  0.116  0.000
 106 P   0.99990 0.00010 0.00000 ( 1)  0.115  0.000
 107 Y   1.00000 0.00000 0.00000 ( 1)  0.115  0.000
 108 L   0.99999 0.00001 0.00000 ( 1)  0.115  0.000
 109 R   0.99985 0.00015 0.00000 ( 1)  0.115  0.000
 110 C   0.99999 0.00001 0.00000 ( 1)  0.115  0.000
 111 A   0.99589 0.00411 0.00000 ( 1)  0.119  0.000
 112 N   1.00000 0.00000 0.00000 ( 1)  0.115  0.000
 113 D   1.00000 0.00000 0.00000 ( 1)  0.115  0.000
 114 D   0.99986 0.00014 0.00000 ( 1)  0.115  0.000
 115 R   0.66860 0.33140 0.00000 ( 1)  0.408  0.000
 116 C   0.99999 0.00001 0.00000 ( 1)  0.115  0.000
 117 A   0.99999 0.00001 0.00000 ( 1)  0.115  0.000
 118 A   0.99849 0.00151 0.00000 ( 1)  0.116  0.000
 119 D   0.97237 0.02763 0.00000 ( 1)  0.139  0.000
 120 T   0.99986 0.00014 0.00000 ( 1)  0.115  0.000
 121 V   0.99999 0.00001 0.00000 ( 1)  0.115  0.000
 122 R   0.99964 0.00036 0.00000 ( 1)  0.115  0.000
 123 G   0.24457 0.75543 0.00000 ( 2)  0.784  0.000
 124 Y   1.00000 0.00000 0.00000 ( 1)  0.115  0.000
 125 I   0.99990 0.00010 0.00000 ( 1)  0.115  0.000
 126 K   0.97540 0.02460 0.00000 ( 1)  0.137  0.000
 127 R   0.99995 0.00005 0.00000 ( 1)  0.115  0.000
 128 F   0.99974 0.00026 0.00000 ( 1)  0.115  0.000
 129 Q   1.00000 0.00000 0.00000 ( 1)  0.115  0.000
 130 R   0.93947 0.06053 0.00000 ( 1)  0.169  0.000
 131 D   1.00000 0.00000 0.00000 ( 1)  0.115  0.000
 132 C   0.99999 0.00001 0.00000 ( 1)  0.115  0.000
 133 N   1.00000 0.00000 0.00000 ( 1)  0.115  0.000
 134 N   0.99997 0.00003 0.00000 ( 1)  0.115  0.000
 135 D   1.00000 0.00000 0.00000 ( 1)  0.115  0.000
 136 G   0.99935 0.00065 0.00000 ( 1)  0.116  0.000
 137 V   0.00064 0.99936 0.00000 ( 2)  0.999  0.000
 138 I   0.90178 0.09822 0.00000 ( 1)  0.202  0.000
 139 D   0.99989 0.00011 0.00000 ( 1)  0.115  0.000
 140 C   0.99999 0.00001 0.00000 ( 1)  0.115  0.000
 141 T   0.00819 0.99181 0.00000 ( 2)  0.993  0.000
 142 D   1.00000 0.00000 0.00000 ( 1)  0.115  0.000
 143 H   0.99903 0.00097 0.00000 ( 1)  0.116  0.000
 144 I   1.00000 0.00000 0.00000 ( 1)  0.115  0.000
 145 A   0.57785 0.42215 0.00000 ( 1)  0.489  0.000
 146 L   0.99993 0.00007 0.00000 ( 1)  0.115  0.000
 147 H   1.00000 0.00000 0.00000 ( 1)  0.115  0.000
 148 I   0.34813 0.65187 0.00000 ( 2)  0.692  0.000
 149 L   0.99922 0.00078 0.00000 ( 1)  0.116  0.000
 150 G   1.00000 0.00000 0.00000 ( 1)  0.115  0.000
 151 P   1.00000 0.00000 0.00000 ( 1)  0.115  0.000
 152 T   0.76862 0.23138 0.00000 ( 1)  0.320  0.000
 153 G   0.99999 0.00001 0.00000 ( 1)  0.115  0.000
 154 C   0.99999 0.00001 0.00000 ( 1)  0.115  0.000
 155 L   0.99511 0.00489 0.00000 ( 1)  0.119  0.000
 156 N   0.99464 0.00536 0.00000 ( 1)  0.120  0.000
 157 K   0.97754 0.02246 0.00000 ( 1)  0.135  0.000
 158 Q   0.98810 0.01190 0.00000 ( 1)  0.126  0.000
 159 L   1.00000 0.00000 0.00000 ( 1)  0.115  0.000
 160 S   0.99987 0.00013 0.00000 ( 1)  0.115  0.000
 161 F   0.00004 0.99996 0.00000 ( 2)  1.000  0.000
 162 L   0.99805 0.00195 0.00000 ( 1)  0.117  0.000
 163 H   1.00000 0.00000 0.00000 ( 1)  0.115  0.000
 164 K   0.75895 0.24105 0.00000 ( 1)  0.328  0.000
 165 L   0.00873 0.99127 0.00000 ( 2)  0.992  0.000
 166 R   1.00000 0.00000 0.00000 ( 1)  0.115  0.000
 167 M   1.00000 0.00000 0.00000 ( 1)  0.115  0.000
 168 S   0.69936 0.30064 0.00000 ( 1)  0.381  0.000
 169 S   0.00002 0.99998 0.00000 ( 2)  1.000  0.000
 170 C   0.99999 0.00001 0.00000 ( 1)  0.115  0.000
 171 I   0.99997 0.00003 0.00000 ( 1)  0.115  0.000
 172 N   0.97949 0.02051 0.00000 ( 1)  0.133  0.000
 173 -   0.91671 0.08329 0.00000 ( 1)  0.189  0.000
 174 -   0.99980 0.00020 0.00000 ( 1)  0.115  0.000
 175 -   0.09103 0.90897 0.00000 ( 2)  0.919  0.000
 176 -   0.87584 0.12416 0.00000 ( 1)  0.225  0.000
 177 -   0.35387 0.64613 0.00000 ( 2)  0.687  0.000
 178 -   0.99937 0.00063 0.00000 ( 1)  0.116  0.000
 179 -   0.03339 0.96661 0.00000 ( 2)  0.970  0.000
 180 -   0.96022 0.03978 0.00000 ( 1)  0.150  0.000
 181 -   0.99931 0.00069 0.00000 ( 1)  0.116  0.000
 182 -   0.99360 0.00640 0.00000 ( 1)  0.121  0.000
 183 -   0.78284 0.21716 0.00000 ( 1)  0.307  0.000
 184 -   1.00000 0.00000 0.00000 ( 1)  0.115  0.000
 185 -   0.99977 0.00023 0.00000 ( 1)  0.115  0.000
 186 -   0.99559 0.00441 0.00000 ( 1)  0.119  0.000
 187 -   0.91671 0.08329 0.00000 ( 1)  0.189  0.000

Positively selected sites

	Prob(w>1)  mean w



lnL = -4664.952551

Bayes Empirical Bayes (BEB) probabilities for 3 classes (class) & postmean_w
(amino acids refer to 1st sequence: Stomoxys_calcitrans_lysi2.1)

   1 M   1.00000 0.00000 0.00000 ( 1)  0.150 +-  0.000
   2 V   1.00000 0.00000 0.00000 ( 1)  0.150 +-  0.001
   3 L   0.99999 0.00001 0.00000 ( 1)  0.150 +-  0.003
   4 T   0.99762 0.00233 0.00005 ( 1)  0.152 +-  0.042
   5 N   0.99998 0.00002 0.00000 ( 1)  0.150 +-  0.004
   6 E   1.00000 0.00000 0.00000 ( 1)  0.150 +-  0.000
   7 L   0.99839 0.00157 0.00004 ( 1)  0.151 +-  0.035
   8 S   1.00000 0.00000 0.00000 ( 1)  0.150 +-  0.001
   9 Q   1.00000 0.00000 0.00000 ( 1)  0.150 +-  0.001
  10 K   0.99998 0.00002 0.00000 ( 1)  0.150 +-  0.004
  11 V   1.00000 0.00000 0.00000 ( 1)  0.150 +-  0.001
  12 I   0.99978 0.00021 0.00000 ( 1)  0.150 +-  0.013
  13 I   0.99989 0.00011 0.00000 ( 1)  0.150 +-  0.009
  14 A   1.00000 0.00000 0.00000 ( 1)  0.150 +-  0.001
  15 A   1.00000 0.00000 0.00000 ( 1)  0.150 +-  0.000
  16 F   0.99981 0.00019 0.00001 ( 1)  0.150 +-  0.012
  17 L   1.00000 0.00000 0.00000 ( 1)  0.150 +-  0.002
  18 V   1.00000 0.00000 0.00000 ( 1)  0.150 +-  0.002
  19 S   1.00000 0.00000 0.00000 ( 1)  0.150 +-  0.002
  20 F   1.00000 0.00000 0.00000 ( 1)  0.150 +-  0.001
  21 V   0.99596 0.00386 0.00018 ( 1)  0.154 +-  0.056
  22 L   0.99994 0.00006 0.00000 ( 1)  0.150 +-  0.007
  23 V   1.00000 0.00000 0.00000 ( 1)  0.150 +-  0.002
  24 I   0.99983 0.00017 0.00000 ( 1)  0.150 +-  0.011
  25 G   1.00000 0.00000 0.00000 ( 1)  0.150 +-  0.001
  26 S   1.00000 0.00000 0.00000 ( 1)  0.150 +-  0.001
  27 I   1.00000 0.00000 0.00000 ( 1)  0.150 +-  0.000
  28 Y   1.00000 0.00000 0.00000 ( 1)  0.150 +-  0.001
  29 L   0.99995 0.00005 0.00000 ( 1)  0.150 +-  0.006
  30 H   1.00000 0.00000 0.00000 ( 1)  0.150 +-  0.000
  31 L   0.99590 0.00372 0.00038 ( 1)  0.154 +-  0.058
  32 Q   0.99998 0.00002 0.00000 ( 1)  0.150 +-  0.003
  33 Q   1.00000 0.00000 0.00000 ( 1)  0.150 +-  0.001
  34 K   1.00000 0.00000 0.00000 ( 1)  0.150 +-  0.001
  35 H   0.99999 0.00001 0.00000 ( 1)  0.150 +-  0.002
  36 H   1.00000 0.00000 0.00000 ( 1)  0.150 +-  0.000
  37 L   0.99978 0.00021 0.00001 ( 1)  0.150 +-  0.013
  38 G   0.99999 0.00001 0.00000 ( 1)  0.150 +-  0.002
  39 R   1.00000 0.00000 0.00000 ( 1)  0.150 +-  0.002
  40 L   0.99998 0.00002 0.00000 ( 1)  0.150 +-  0.003
  41 -   1.00000 0.00000 0.00000 ( 1)  0.150 +-  0.001
  42 -   0.99999 0.00001 0.00000 ( 1)  0.150 +-  0.002
  43 N   1.00000 0.00000 0.00000 ( 1)  0.150 +-  0.000
  44 I   0.99963 0.00035 0.00002 ( 1)  0.150 +-  0.017
  45 G   0.99999 0.00001 0.00000 ( 1)  0.150 +-  0.003
  46 D   0.99999 0.00001 0.00000 ( 1)  0.150 +-  0.003
  47 D   0.99995 0.00005 0.00000 ( 1)  0.150 +-  0.006
  48 R   0.99999 0.00001 0.00000 ( 1)  0.150 +-  0.003
  49 I   0.80510 0.18120 0.01370 ( 1)  0.323 +-  0.355
  50 Q   0.99999 0.00001 0.00000 ( 1)  0.150 +-  0.002
  51 P   1.00000 0.00000 0.00000 ( 1)  0.150 +-  0.000
  52 T   1.00000 0.00000 0.00000 ( 1)  0.150 +-  0.001
  53 K   1.00000 0.00000 0.00000 ( 1)  0.150 +-  0.002
  54 G   0.99924 0.00072 0.00004 ( 1)  0.151 +-  0.024
  55 V   1.00000 0.00000 0.00000 ( 1)  0.150 +-  0.000
  56 C   1.00000 0.00000 0.00000 ( 1)  0.150 +-  0.002
  57 L   0.95921 0.03698 0.00381 ( 1)  0.187 +-  0.180
  58 R   1.00000 0.00000 0.00000 ( 1)  0.150 +-  0.000
  59 C   1.00000 0.00000 0.00000 ( 1)  0.150 +-  0.002
  60 L   1.00000 0.00000 0.00000 ( 1)  0.150 +-  0.002
  61 C   1.00000 0.00000 0.00000 ( 1)  0.150 +-  0.002
  62 K   0.99999 0.00001 0.00000 ( 1)  0.150 +-  0.003
  63 T   1.00000 0.00000 0.00000 ( 1)  0.150 +-  0.001
  64 L   0.99976 0.00023 0.00000 ( 1)  0.150 +-  0.013
  65 N   1.00000 0.00000 0.00000 ( 1)  0.150 +-  0.000
  66 E   1.00000 0.00000 0.00000 ( 1)  0.150 +-  0.001
  67 C   1.00000 0.00000 0.00000 ( 1)  0.150 +-  0.002
  68 R   0.98859 0.01056 0.00085 ( 1)  0.160 +-  0.095
  69 P   0.99983 0.00017 0.00000 ( 1)  0.150 +-  0.011
  70 V   1.00000 0.00000 0.00000 ( 1)  0.150 +-  0.001
  71 T   0.94950 0.04822 0.00227 ( 1)  0.194 +-  0.192
  72 C   1.00000 0.00000 0.00000 ( 1)  0.150 +-  0.002
  73 S   0.72265 0.26047 0.01688 ( 1)  0.394 +-  0.399
  74 L   0.99666 0.00325 0.00008 ( 1)  0.153 +-  0.050
  75 Y   0.15047 0.73039 0.11915 ( 2)  0.932 +-  0.367
  76 D   0.99997 0.00003 0.00000 ( 1)  0.150 +-  0.005
  77 P   1.00000 0.00000 0.00000 ( 1)  0.150 +-  0.000
  78 C   1.00000 0.00000 0.00000 ( 1)  0.150 +-  0.002
  79 G   1.00000 0.00000 0.00000 ( 1)  0.150 +-  0.001
  80 I   0.99913 0.00083 0.00004 ( 1)  0.151 +-  0.026
  81 Y   0.99997 0.00003 0.00000 ( 1)  0.150 +-  0.005
  82 G   0.99996 0.00003 0.00000 ( 1)  0.150 +-  0.005
  83 I   1.00000 0.00000 0.00000 ( 1)  0.150 +-  0.000
  84 S   0.99998 0.00002 0.00000 ( 1)  0.150 +-  0.004
  85 I   1.00000 0.00000 0.00000 ( 1)  0.150 +-  0.002
  86 S   0.00017 0.54078 0.45905 ( 2)  1.258 +-  0.348
  87 Y   1.00000 0.00000 0.00000 ( 1)  0.150 +-  0.001
  88 W   1.00000 0.00000 0.00000 ( 1)  0.150 +-  0.000
  89 M   0.99195 0.00762 0.00043 ( 1)  0.157 +-  0.079
  90 D   1.00000 0.00000 0.00000 ( 1)  0.150 +-  0.001
  91 G   0.98648 0.01295 0.00056 ( 1)  0.162 +-  0.101
  92 G   0.99996 0.00004 0.00000 ( 1)  0.150 +-  0.006
  93 Q   0.99999 0.00001 0.00000 ( 1)  0.150 +-  0.003
  94 Q   0.99998 0.00002 0.00000 ( 1)  0.150 +-  0.004
  95 L   0.99999 0.00001 0.00000 ( 1)  0.150 +-  0.002
  96 T   0.99999 0.00001 0.00000 ( 1)  0.150 +-  0.003
  97 M   0.99792 0.00205 0.00003 ( 1)  0.152 +-  0.039
  98 D   1.00000 0.00000 0.00000 ( 1)  0.150 +-  0.002
  99 N   0.99916 0.00080 0.00004 ( 1)  0.151 +-  0.025
 100 F   0.99998 0.00002 0.00000 ( 1)  0.150 +-  0.004
 101 N   0.97020 0.02843 0.00138 ( 1)  0.176 +-  0.150
 102 D   0.99919 0.00079 0.00002 ( 1)  0.151 +-  0.025
 103 E   0.99995 0.00005 0.00000 ( 1)  0.150 +-  0.006
 104 E   0.99885 0.00113 0.00002 ( 1)  0.151 +-  0.029
 105 D   0.99970 0.00029 0.00001 ( 1)  0.150 +-  0.015
 106 P   0.99996 0.00004 0.00000 ( 1)  0.150 +-  0.005
 107 Y   1.00000 0.00000 0.00000 ( 1)  0.150 +-  0.001
 108 L   1.00000 0.00000 0.00000 ( 1)  0.150 +-  0.002
 109 R   0.99995 0.00005 0.00000 ( 1)  0.150 +-  0.006
 110 C   1.00000 0.00000 0.00000 ( 1)  0.150 +-  0.002
 111 A   0.99913 0.00086 0.00001 ( 1)  0.151 +-  0.025
 112 N   1.00000 0.00000 0.00000 ( 1)  0.150 +-  0.000
 113 D   1.00000 0.00000 0.00000 ( 1)  0.150 +-  0.001
 114 D   0.99995 0.00005 0.00000 ( 1)  0.150 +-  0.006
 115 R   0.93149 0.06425 0.00426 ( 1)  0.210 +-  0.225
 116 C   1.00000 0.00000 0.00000 ( 1)  0.150 +-  0.002
 117 A   0.99999 0.00001 0.00000 ( 1)  0.150 +-  0.002
 118 A   0.99959 0.00041 0.00001 ( 1)  0.150 +-  0.017
 119 D   0.99533 0.00456 0.00011 ( 1)  0.154 +-  0.059
 120 T   0.99996 0.00004 0.00000 ( 1)  0.150 +-  0.006
 121 V   1.00000 0.00000 0.00000 ( 1)  0.150 +-  0.002
 122 R   0.99986 0.00014 0.00000 ( 1)  0.150 +-  0.010
 123 G   0.75113 0.23660 0.01227 ( 1)  0.368 +-  0.382
 124 Y   1.00000 0.00000 0.00000 ( 1)  0.150 +-  0.001
 125 I   0.99997 0.00003 0.00000 ( 1)  0.150 +-  0.005
 126 K   0.99569 0.00418 0.00014 ( 1)  0.154 +-  0.057
 127 R   0.99997 0.00003 0.00000 ( 1)  0.150 +-  0.004
 128 F   0.99991 0.00009 0.00000 ( 1)  0.150 +-  0.008
 129 Q   1.00000 0.00000 0.00000 ( 1)  0.150 +-  0.001
 130 R   0.98881 0.01074 0.00044 ( 1)  0.160 +-  0.092
 131 D   1.00000 0.00000 0.00000 ( 1)  0.150 +-  0.001
 132 C   1.00000 0.00000 0.00000 ( 1)  0.150 +-  0.002
 133 N   1.00000 0.00000 0.00000 ( 1)  0.150 +-  0.000
 134 N   0.99999 0.00001 0.00000 ( 1)  0.150 +-  0.003
 135 D   1.00000 0.00000 0.00000 ( 1)  0.150 +-  0.001
 136 G   0.99974 0.00025 0.00001 ( 1)  0.150 +-  0.014
 137 V   0.00926 0.73935 0.25140 ( 2)  1.121 +-  0.248
 138 I   0.98270 0.01658 0.00072 ( 1)  0.165 +-  0.114
 139 D   0.99995 0.00005 0.00000 ( 1)  0.150 +-  0.006
 140 C   1.00000 0.00000 0.00000 ( 1)  0.150 +-  0.002
 141 T   0.12400 0.82027 0.05573 ( 2)  0.922 +-  0.312
 142 D   1.00000 0.00000 0.00000 ( 1)  0.150 +-  0.001
 143 H   0.99968 0.00031 0.00001 ( 1)  0.150 +-  0.016
 144 I   1.00000 0.00000 0.00000 ( 1)  0.150 +-  0.000
 145 A   0.91499 0.07956 0.00545 ( 1)  0.225 +-  0.249
 146 L   0.99995 0.00004 0.00000 ( 1)  0.150 +-  0.006
 147 H   1.00000 0.00000 0.00000 ( 1)  0.150 +-  0.000
 148 I   0.79002 0.19052 0.01946 ( 1)  0.338 +-  0.371
 149 L   0.99963 0.00035 0.00003 ( 1)  0.150 +-  0.017
 150 G   1.00000 0.00000 0.00000 ( 1)  0.150 +-  0.001
 151 P   1.00000 0.00000 0.00000 ( 1)  0.150 +-  0.000
 152 T   0.95545 0.04207 0.00248 ( 1)  0.189 +-  0.183
 153 G   1.00000 0.00000 0.00000 ( 1)  0.150 +-  0.002
 154 C   1.00000 0.00000 0.00000 ( 1)  0.150 +-  0.002
 155 L   0.99820 0.00168 0.00012 ( 1)  0.152 +-  0.038
 156 N   0.99858 0.00137 0.00004 ( 1)  0.151 +-  0.033
 157 K   0.99550 0.00435 0.00015 ( 1)  0.154 +-  0.058
 158 Q   0.99766 0.00229 0.00005 ( 1)  0.152 +-  0.042
 159 L   1.00000 0.00000 0.00000 ( 1)  0.150 +-  0.000
 160 S   0.99996 0.00004 0.00000 ( 1)  0.150 +-  0.006
 161 F   0.00120 0.81647 0.18234 ( 2)  1.092 +-  0.205
 162 L   0.99945 0.00053 0.00001 ( 1)  0.150 +-  0.020
 163 H   1.00000 0.00000 0.00000 ( 1)  0.150 +-  0.001
 164 K   0.96078 0.03784 0.00138 ( 1)  0.184 +-  0.169
 165 L   0.10759 0.79260 0.09981 ( 2)  0.959 +-  0.319
 166 R   1.00000 0.00000 0.00000 ( 1)  0.150 +-  0.002
 167 M   1.00000 0.00000 0.00000 ( 1)  0.150 +-  0.000
 168 S   0.94765 0.05020 0.00215 ( 1)  0.196 +-  0.195
 169 S   0.00032 0.68096 0.31872 ( 2)  1.164 +-  0.255
 170 C   1.00000 0.00000 0.00000 ( 1)  0.150 +-  0.002
 171 I   0.99999 0.00001 0.00000 ( 1)  0.150 +-  0.003
 172 N   0.99546 0.00432 0.00022 ( 1)  0.154 +-  0.059
 173 -   0.93235 0.03418 0.03347 ( 1)  0.264 +-  0.653
 174 -   0.99992 0.00008 0.00000 ( 1)  0.150 +-  0.007
 175 -   0.41527 0.48478 0.09996 ( 2)  0.698 +-  0.486
 176 -   0.97063 0.02751 0.00186 ( 1)  0.176 +-  0.150
 177 -   0.76718 0.20773 0.02509 ( 1)  0.360 +-  0.389
 178 -   0.99973 0.00026 0.00001 ( 1)  0.150 +-  0.014
 179 -   0.13527 0.56489 0.29984 ( 2)  1.050 +-  0.463
 180 -   0.98917 0.01017 0.00066 ( 1)  0.160 +-  0.092
 181 -   0.99970 0.00029 0.00001 ( 1)  0.150 +-  0.015
 182 -   0.99787 0.00204 0.00009 ( 1)  0.152 +-  0.040
 183 -   0.94437 0.05073 0.00489 ( 1)  0.200 +-  0.208
 184 -   1.00000 0.00000 0.00000 ( 1)  0.150 +-  0.001
 185 -   0.99989 0.00010 0.00000 ( 1)  0.150 +-  0.009
 186 -   0.99850 0.00144 0.00006 ( 1)  0.151 +-  0.034
 187 -   0.93235 0.03418 0.03347 ( 1)  0.264 +-  0.653

Positively selected sites

	Prob(w>1)  mean w



NSsites Model 7: beta
I	J	ij	2Ns_IJ	pMut_IJ	pSub_IJ	2Ns_JI	pMut_JI	pSub_JI

TTC	TTT	CT	1.27507	0.02877	0.05090	-1.27507	0.10295	0.05090
TTA	TTT	AT	1.03533	0.03979	0.06387	-1.03533	0.11204	0.06387
TTA	TTC	AC	-0.23974	0.05085	0.04500	0.23974	0.04001	0.04500
TTG	TTT	GT	-0.23775	0.03782	0.03350	0.23775	0.02981	0.03350
TTG	TTC	GC	-1.51282	0.04834	0.02066	1.51282	0.01065	0.02066
TTG	TTA	GA	-1.27308	0.22899	0.11335	1.27308	0.06411	0.11335
TCT	TTT	CT	1.83469	0.01644	0.03589	-1.83469	0.10295	0.03589
TCC	TTC	CT	0.24545	0.02877	0.03244	-0.24545	0.03677	0.03244
TCC	TCT	CT	-0.31416	0.02877	0.02448	0.31416	0.02101	0.02448
TCA	TTA	CT	1.07638	0.03616	0.05905	-1.07638	0.10610	0.05905
TCA	TCT	AT	0.27703	0.01733	0.01984	-0.27703	0.02287	0.01984
TCA	TCC	AC	0.59119	0.02215	0.02934	-0.59119	0.04001	0.02934
TCG	TTG	CT	1.14624	0.03205	0.05386	-1.14624	0.10085	0.05386
TCG	TCT	GT	-0.92620	0.01536	0.00933	0.92620	0.00608	0.00933
TCG	TCC	GC	-0.61203	0.01964	0.01424	0.61203	0.01065	0.01424
TCG	TCA	GA	-1.20323	0.09303	0.04802	1.20323	0.02793	0.04802
TAT	TTT	AT	0.54451	0.06500	0.08429	-0.54451	0.11204	0.08429
TAT	TCT	AC	-1.29018	0.08308	0.04070	1.29018	0.02287	0.04070
TAC	TTC	AT	1.57631	0.00827	0.01644	-1.57631	0.04001	0.01644
TAC	TCC	AC	1.33086	0.01057	0.01913	-1.33086	0.04001	0.01913
TAC	TAT	CT	2.30687	0.01726	0.04422	-2.30687	0.17334	0.04422
TGT	TTT	GT	-0.74857	0.06303	0.04235	0.74857	0.02981	0.04235
TGT	TCT	GC	-2.58326	0.08056	0.01700	2.58326	0.00608	0.01700
TGT	TAT	GA	-1.29308	0.38165	0.18665	1.29308	0.10473	0.18665
TGC	TTC	GT	-0.74607	0.02245	0.01511	0.74607	0.01065	0.01511
TGC	TCC	GC	-0.99152	0.02870	0.01679	0.99152	0.01065	0.01679
TGC	TAC	GA	-2.32238	0.13596	0.03432	2.32238	0.01333	0.03432
TGC	TGT	CT	1.27757	0.04685	0.08298	-1.27757	0.16809	0.08298
TGG	TTG	GT	1.21494	0.00867	0.01497	-1.21494	0.02921	0.01497
TGG	TCG	GC	0.06870	0.01108	0.01146	-0.06870	0.01186	0.01146
TGG	TGT	GT	1.72576	0.00867	0.01820	-1.72576	0.04868	0.01820
TGG	TGC	GC	0.44819	0.01108	0.01374	-0.44819	0.01734	0.01374
CTT	TTT	CT	0.95922	0.03945	0.06135	-0.95922	0.10295	0.06135
CTC	TTC	CT	1.72136	0.00658	0.01378	-1.72136	0.03677	0.01378
CTC	CTT	CT	2.03721	0.00658	0.01540	-2.03721	0.05043	0.01540
CTA	TTA	CT	1.42658	0.02548	0.04783	-1.42658	0.10610	0.04783
CTA	CTT	AT	1.50270	0.01221	0.02360	-1.50270	0.05488	0.02360
CTA	CTC	AC	-0.53451	0.01561	0.01181	0.53451	0.00915	0.01181
CTG	TTG	CT	1.28344	0.02794	0.04961	-1.28344	0.10085	0.04961
CTG	CTT	GT	0.08647	0.01339	0.01398	-0.08647	0.01460	0.01398
CTG	CTC	GC	-1.95074	0.01712	0.00553	1.95074	0.00243	0.00553
CTG	CTA	GA	-1.41623	0.08110	0.03680	1.41623	0.01968	0.03680
CCT	TCT	CT	-0.36973	0.03041	0.02513	0.36973	0.02101	0.02513
CCT	CTT	CT	0.50573	0.03041	0.03875	-0.50573	0.05043	0.03875
CCC	TCC	CT	1.31589	0.00986	0.01774	-1.31589	0.03677	0.01774
CCC	CTC	CT	-0.16001	0.00986	0.00909	0.16001	0.00840	0.00909
CCC	CCT	CT	1.37146	0.00986	0.01813	-1.37146	0.03887	0.01813
CCA	TCA	CT	0.15844	0.03945	0.04266	-0.15844	0.04622	0.04266
CCA	CTA	CT	-0.19176	0.03945	0.03579	0.19176	0.03257	0.03579
CCA	CCT	AT	0.80520	0.01891	0.02753	-0.80520	0.04230	0.02753
CCA	CCC	AC	-0.56626	0.02417	0.01797	0.56626	0.01372	0.01797
CCG	TCG	CT	2.52272	0.00329	0.00902	-2.52272	0.04097	0.00902
CCG	CTG	CT	2.38552	0.00329	0.00864	-2.38552	0.03572	0.00864
CCG	CCT	GT	1.96626	0.00158	0.00360	-1.96626	0.01126	0.00360
CCG	CCC	GC	0.59479	0.00201	0.00267	-0.59479	0.00365	0.00267
CCG	CCA	GA	1.16105	0.00954	0.01613	-1.16105	0.03047	0.01613
CAT	TAT	CT	1.20826	0.05178	0.08921	-1.20826	0.17334	0.08921
CAT	CTT	AT	0.79355	0.02482	0.03595	-0.79355	0.05488	0.03595
CAT	CCT	AC	0.28782	0.03172	0.03650	-0.28782	0.04230	0.03650
CAC	TAC	CT	-0.00586	0.02219	0.02213	0.00586	0.02206	0.02213
CAC	CTC	AT	-0.15091	0.01064	0.00985	0.15091	0.00915	0.00985
CAC	CCC	AC	0.00910	0.01359	0.01366	-0.00910	0.01372	0.01366
CAC	CAT	CT	1.09275	0.02219	0.03648	-1.09275	0.06618	0.03648
CAA	CTA	AT	0.11745	0.03151	0.03340	-0.11745	0.03544	0.03340
CAA	CCA	AC	0.30921	0.04028	0.04683	-0.30921	0.05488	0.04683
CAA	CAT	AT	0.82659	0.03151	0.04631	-0.82659	0.07203	0.04631
CAA	CAC	AC	-0.26615	0.04028	0.03516	0.26615	0.03087	0.03516
CAG	CTG	AT	2.19395	0.00433	0.01070	-2.19395	0.03887	0.01070
CAG	CCG	AC	-0.19157	0.00554	0.00503	0.19157	0.00457	0.00503
CAG	CAT	GT	1.48687	0.00433	0.00832	-1.48687	0.01917	0.00832
CAG	CAC	GC	0.39412	0.00554	0.00670	-0.39412	0.00821	0.00670
CAG	CAA	GA	0.66028	0.02624	0.03585	-0.66028	0.05078	0.03585
CGT	TGT	CT	1.00314	0.06164	0.09764	-1.00314	0.16809	0.09764
CGT	CTT	GT	-0.70466	0.02954	0.02035	0.70466	0.01460	0.02035
CGT	CCT	GC	-1.21039	0.03776	0.01941	1.21039	0.01126	0.01941
CGT	CAT	GA	-1.49821	0.17890	0.07716	1.49821	0.03999	0.07716
CGC	TGC	CT	0.31821	0.04356	0.05086	-0.31821	0.05988	0.05086
CGC	CTC	GT	-2.14922	0.02088	0.00592	2.14922	0.00243	0.00592
CGC	CCC	GC	-1.98920	0.02669	0.00841	1.98920	0.00365	0.00841
CGC	CAC	GA	-1.99831	0.12642	0.03962	1.99831	0.01714	0.03962
CGC	CGT	CT	0.59265	0.04356	0.05774	-0.59265	0.07879	0.05774
CGA	CTA	GT	0.17989	0.00788	0.00861	-0.17989	0.00943	0.00861
CGA	CCA	GC	0.37165	0.01007	0.01206	-0.37165	0.01460	0.01206
CGA	CAA	GA	0.06244	0.04771	0.04921	-0.06244	0.05078	0.04921
CGA	CGT	AT	2.38724	0.00788	0.02071	-2.38724	0.08574	0.02071
CGA	CGC	AC	1.79459	0.01007	0.02167	-1.79459	0.06059	0.02167
CGG	TGG	CT	2.23788	0.00247	0.00618	-2.23788	0.02311	0.00618
CGG	CTG	GT	2.16938	0.00118	0.00289	-2.16938	0.01034	0.00289
CGG	CCG	GC	-0.21614	0.00151	0.00135	0.21614	0.00122	0.00135
CGG	CAG	GA	-0.02457	0.00716	0.00707	0.02457	0.00698	0.00707
CGG	CGT	GT	2.96051	0.00118	0.00369	-2.96051	0.02282	0.00369
CGG	CGC	GC	2.36786	0.00151	0.00395	-2.36786	0.01612	0.00395
CGG	CGA	GA	0.57327	0.00716	0.00940	-0.57327	0.01270	0.00940
ATT	TTT	AT	0.94997	0.04333	0.06712	-0.94997	0.11204	0.06712
ATT	CTT	AC	-0.00924	0.05539	0.05513	0.00924	0.05488	0.05513
ATC	TTC	AT	1.40196	0.00985	0.01831	-1.40196	0.04001	0.01831
ATC	CTC	AC	-0.31940	0.01259	0.01068	0.31940	0.00915	0.01068
ATC	ATT	CT	1.72706	0.02055	0.04316	-1.72706	0.11556	0.04316
ATA	TTA	AT	1.05563	0.04018	0.06505	-1.05563	0.11547	0.06505
ATA	CTA	AC	-0.37095	0.05136	0.04242	0.37095	0.03544	0.04242
ATA	ATT	AT	1.14099	0.04018	0.06737	-1.14099	0.12576	0.06737
ATA	ATC	AC	-0.58606	0.05136	0.03777	0.58606	0.02858	0.03777
ATG	TTG	AT	1.24781	0.03151	0.05516	-1.24781	0.10975	0.05516
ATG	CTG	AC	-0.03563	0.04028	0.03957	0.03563	0.03887	0.03957
ATG	ATT	GT	0.06009	0.03151	0.03247	-0.06009	0.03347	0.03247
ATG	ATC	GC	-1.66697	0.04028	0.01563	1.66697	0.00761	0.01563
ATG	ATA	GA	-1.08091	0.19083	0.10592	1.08091	0.06475	0.10592
ACT	TCT	AT	-0.03313	0.02364	0.02325	0.03313	0.02287	0.02325
ACT	CCT	AC	0.33661	0.03021	0.03558	-0.33661	0.04230	0.03558
ACT	ATT	CT	0.85159	0.04931	0.07326	-0.85159	0.11556	0.07326
ACC	TCC	AT	0.79219	0.01812	0.02624	-0.79219	0.04001	0.02624
ACC	CCC	AC	-0.52370	0.02316	0.01762	0.52370	0.01372	0.01762
ACC	ATC	CT	-0.36431	0.03781	0.03134	0.36431	0.02626	0.03134
ACC	ACT	CT	0.51115	0.03781	0.04829	-0.51115	0.06303	0.04829
ACA	TCA	AT	0.78923	0.02285	0.03304	-0.78923	0.05030	0.03304
ACA	CCA	AC	0.63079	0.02920	0.03938	-0.63079	0.05488	0.03938
ACA	ATA	CT	0.80998	0.04767	0.06955	-0.80998	0.10715	0.06955
ACA	ACT	AT	1.09939	0.02285	0.03766	-1.09939	0.06860	0.03766
ACA	ACC	AC	0.58823	0.02920	0.03863	-0.58823	0.05259	0.03863
ACG	TCG	AT	1.17370	0.01379	0.02343	-1.17370	0.04459	0.02343
ACG	CCG	AC	-1.34902	0.01762	0.00833	1.34902	0.00457	0.00833
ACG	ATG	CT	1.07213	0.02877	0.04689	-1.07213	0.08404	0.04689
ACG	ACT	GT	0.28063	0.01379	0.01581	-0.28063	0.01825	0.01581
ACG	ACC	GC	-0.23053	0.01762	0.01567	0.23053	0.01399	0.01567
ACG	ACA	GA	-0.81876	0.08349	0.05392	0.81876	0.03682	0.05392
AAT	TAT	AT	0.95650	0.07248	0.11259	-0.95650	0.18864	0.11259
AAT	CAT	AC	-0.25177	0.09265	0.08147	0.25177	0.07203	0.08147
AAT	ATT	AT	0.55103	0.07248	0.09428	-0.55103	0.12576	0.09428
AAT	ACT	AC	-0.30056	0.09265	0.07942	0.30056	0.06860	0.07942
AAC	TAC	AT	0.85191	0.01024	0.01522	-0.85191	0.02401	0.01522
AAC	CAC	AC	0.85778	0.01309	0.01950	-0.85778	0.03087	0.01950
AAC	ATC	AT	1.02627	0.01024	0.01638	-1.02627	0.02858	0.01638
AAC	ACC	AC	1.39058	0.01309	0.02424	-1.39058	0.05259	0.02424
AAC	AAT	CT	2.20229	0.02137	0.05291	-2.20229	0.19330	0.05291
AAA	CAA	AC	0.15864	0.07804	0.08440	-0.15864	0.09146	0.08440
AAA	ATA	AT	0.64703	0.06106	0.08293	-0.64703	0.11661	0.08293
AAA	ACA	AC	-0.16295	0.07804	0.07186	0.16295	0.06631	0.07186
AAA	AAT	AT	1.23700	0.06106	0.10642	-1.23700	0.21036	0.10642
AAA	AAC	AC	-0.96529	0.07804	0.04634	0.96529	0.02972	0.04634
AAG	CAG	AC	-0.11427	0.01410	0.01331	0.11427	0.01258	0.01331
AAG	ATG	AT	2.11531	0.01103	0.02653	-2.11531	0.09146	0.02653
AAG	ACG	AC	1.04318	0.01410	0.02271	-1.04318	0.04001	0.02271
AAG	AAT	GT	1.62436	0.01103	0.02231	-1.62436	0.05598	0.02231
AAG	AAC	GC	-0.57793	0.01410	0.01041	0.57793	0.00791	0.01041
AAG	AAA	GA	0.38737	0.06679	0.08056	-0.38737	0.09839	0.08056
AGT	TGT	AT	1.44931	0.04294	0.08132	-1.44931	0.18292	0.08132
AGT	CGT	AC	0.44618	0.05488	0.06803	-0.44618	0.08574	0.06803
AGT	ATT	GT	-0.24924	0.04294	0.03781	0.24924	0.03347	0.03781
AGT	ACT	GC	-1.10082	0.05488	0.03011	1.10082	0.01825	0.03011
AGT	AAT	GA	-0.80027	0.26000	0.16970	0.80027	0.11679	0.16970
AGC	TGC	AT	2.27532	0.00670	0.01698	-2.27532	0.06517	0.01698
AGC	CGC	AC	1.95711	0.00856	0.01951	-1.95711	0.06059	0.01951
AGC	ATC	GT	0.12729	0.00670	0.00713	-0.12729	0.00761	0.00713
AGC	ACC	GC	0.49161	0.00856	0.01084	-0.49161	0.01399	0.01084
AGC	AAC	GA	-0.89897	0.04055	0.02502	0.89897	0.01650	0.02502
AGC	AGT	CT	2.10359	0.01397	0.03348	-2.10359	0.11451	0.03348
AGA	CGA	AC	-0.20958	0.02820	0.02534	0.20958	0.02287	0.02534
AGA	ATA	GT	0.34125	0.02206	0.02604	-0.34125	0.03103	0.02604
AGA	ACA	GC	-0.46873	0.02820	0.02210	0.46873	0.01765	0.02210
AGA	AAA	GA	-0.30578	0.13358	0.11419	0.30578	0.09839	0.11419
AGA	AGT	AT	1.73148	0.02206	0.04641	-1.73148	0.12461	0.04641
AGA	AGC	AC	-0.37210	0.02820	0.02328	0.37210	0.01944	0.02328
AGG	TGG	AT	1.95930	0.00355	0.00809	-1.95930	0.02515	0.00809
AGG	CGG	AC	-0.27858	0.00453	0.00393	0.27858	0.00343	0.00393
AGG	ATG	GT	1.92643	0.00355	0.00799	-1.92643	0.02434	0.00799
AGG	ACG	GC	0.85430	0.00453	0.00674	-0.85430	0.01065	0.00674
AGG	AAG	GA	-0.18887	0.02147	0.01950	0.18887	0.01777	0.01950
AGG	AGT	GT	2.23576	0.00355	0.00888	-2.23576	0.03316	0.00888
AGG	AGC	GC	0.13217	0.00453	0.00484	-0.13217	0.00517	0.00484
AGG	AGA	GA	0.50427	0.02147	0.02733	-0.50427	0.03555	0.02733
GTT	TTT	GT	0.26616	0.02285	0.02602	-0.26616	0.02981	0.02602
GTT	CTT	GC	-0.69306	0.02920	0.02024	0.69306	0.01460	0.02024
GTT	ATT	GA	-0.68382	0.13835	0.09640	0.68382	0.06982	0.09640
GTC	TTC	GT	0.30125	0.00788	0.00912	-0.30125	0.01065	0.00912
GTC	CTC	GC	-1.42011	0.01007	0.00456	1.42011	0.00243	0.00456
GTC	ATC	GA	-1.10071	0.04771	0.02617	1.10071	0.01587	0.02617
GTC	GTT	CT	1.31016	0.01644	0.02949	-1.31016	0.06093	0.02949
GTA	TTA	GT	1.13788	0.00985	0.01649	-1.13788	0.03073	0.01649
GTA	CTA	GC	-0.28871	0.01259	0.01086	0.28871	0.00943	0.01086
GTA	ATA	GA	0.08224	0.05963	0.06212	-0.08224	0.06475	0.06212
GTA	GTT	AT	1.90705	0.00985	0.02206	-1.90705	0.06631	0.02206
GTA	GTC	AC	0.59689	0.01259	0.01672	-0.59689	0.02287	0.01672
GTG	TTG	GT	1.31025	0.00788	0.01414	-1.31025	0.02921	0.01414
GTG	CTG	GC	0.02681	0.01007	0.01021	-0.02681	0.01034	0.01021
GTG	ATG	GA	0.06244	0.04771	0.04921	-0.06244	0.05078	0.04921
GTG	GTT	GT	0.80634	0.00788	0.01148	-0.80634	0.01765	0.01148
GTG	GTC	GC	-0.50382	0.01007	0.00775	0.50382	0.00608	0.00775
GTG	GTA	GA	-1.10071	0.04771	0.02617	1.10071	0.01587	0.02617
GCT	TCT	GT	-0.52073	0.01024	0.00781	0.52073	0.00608	0.00781
GCT	CCT	GC	-0.15100	0.01309	0.01213	0.15100	0.01126	0.01213
GCT	ACT	GA	-0.48761	0.06202	0.04812	0.48761	0.03809	0.04812
GCT	GTT	CT	1.04780	0.02137	0.03448	-1.04780	0.06093	0.03448
GCC	TCC	GT	0.03888	0.01024	0.01044	-0.03888	0.01065	0.01044
GCC	CCC	GC	-1.27701	0.01309	0.00646	1.27701	0.00365	0.00646
GCC	ACC	GA	-0.75331	0.06202	0.04156	0.75331	0.02920	0.04156
GCC	GTC	CT	-0.01691	0.02137	0.02119	0.01691	0.02101	0.02119
GCC	GCT	CT	0.24545	0.02137	0.02410	-0.24545	0.02731	0.02410
GCA	TCA	GT	0.09183	0.01221	0.01278	-0.09183	0.01339	0.01278
GCA	CCA	GC	-0.06661	0.01561	0.01509	0.06661	0.01460	0.01509
GCA	ACA	GA	-0.69740	0.07395	0.05113	0.69740	0.03682	0.05113
GCA	GTA	CT	0.03034	0.02548	0.02587	-0.03034	0.02626	0.02587
GCA	GCT	AT	0.88960	0.01221	0.01844	-0.88960	0.02972	0.01844
GCA	GCC	AC	0.64414	0.01561	0.02117	-0.64414	0.02972	0.02117
GCG	TCG	GT	0.92029	0.00473	0.00723	-0.92029	0.01186	0.00723
GCG	CCG	GC	-1.60243	0.00604	0.00244	1.60243	0.00122	0.00244
GCG	ACG	GA	-0.25341	0.02862	0.02515	0.25341	0.02222	0.02515
GCG	GTG	CT	0.75628	0.00986	0.01406	-0.75628	0.02101	0.01406
GCG	GCT	GT	0.51482	0.00473	0.00605	-0.51482	0.00791	0.00605
GCG	GCC	GC	0.26937	0.00604	0.00689	-0.26937	0.00791	0.00689
GCG	GCA	GA	-0.37477	0.02862	0.02359	0.37477	0.01968	0.02359
GAT	TAT	GT	-0.36736	0.07248	0.05998	0.36736	0.05020	0.05998
GAT	CAT	GC	-1.57562	0.09265	0.03808	1.57562	0.01917	0.03808
GAT	AAT	GA	-1.32385	0.43890	0.21068	1.32385	0.11679	0.21068
GAT	GTT	AT	-0.08901	0.07248	0.06930	0.08901	0.06631	0.06930
GAT	GCT	AC	-1.13680	0.09265	0.04975	1.13680	0.02972	0.04975
GAC	TAC	GT	-0.54605	0.01103	0.00829	0.54605	0.00639	0.00829
GAC	CAC	GC	-0.54019	0.01410	0.01063	0.54019	0.00821	0.01063
GAC	AAC	GA	-1.39796	0.06679	0.03064	1.39796	0.01650	0.03064
GAC	GTC	AT	0.72901	0.01103	0.01553	-0.72901	0.02287	0.01553
GAC	GCC	AC	0.74593	0.01410	0.02000	-0.74593	0.02972	0.02000
GAC	GAT	CT	2.12818	0.02301	0.05559	-2.12818	0.19330	0.05559
GAA	CAA	GC	-0.38447	0.03575	0.02932	0.38447	0.02434	0.02932
GAA	AAA	GA	-0.54311	0.16936	0.12751	0.54311	0.09839	0.12751
GAA	GTA	AT	0.02168	0.02797	0.02827	-0.02168	0.02858	0.02827
GAA	GCA	AC	-0.00866	0.03575	0.03559	0.00866	0.03544	0.03559
GAA	GAT	AT	2.01774	0.02797	0.06509	-2.01774	0.21036	0.06509
GAA	GAC	AC	-0.11044	0.03575	0.03381	0.11044	0.03201	0.03381
GAG	CAG	GC	-1.36402	0.01309	0.00613	1.36402	0.00335	0.00613
GAG	AAG	GA	-1.24975	0.06202	0.03113	1.24975	0.01777	0.03113
GAG	GTG	AT	0.80312	0.01024	0.01490	-0.80312	0.02287	0.01490
GAG	GCG	AC	0.04685	0.01309	0.01340	-0.04685	0.01372	0.01340
GAG	GAT	GT	1.69847	0.01024	0.02129	-1.69847	0.05598	0.02129
GAG	GAC	GC	-0.42971	0.01309	0.01048	0.42971	0.00852	0.01048
GAG	GAA	GA	-0.31927	0.06202	0.05264	0.31927	0.04507	0.05264
GGT	TGT	GT	0.23184	0.03860	0.04325	-0.23184	0.04868	0.04325
GGT	CGT	GC	-0.77130	0.04934	0.03274	0.77130	0.02282	0.03274
GGT	AGT	GA	-1.21747	0.23376	0.11965	1.21747	0.06919	0.11965
GGT	GTT	GT	-0.78289	0.03860	0.02544	0.78289	0.01765	0.02544
GGT	GCT	GC	-1.83069	0.04934	0.01725	1.83069	0.00791	0.01725
GGT	GAT	GA	-0.69389	0.23376	0.16197	0.69389	0.11679	0.16197
GGC	TGC	GT	-0.42001	0.02639	0.02124	0.42001	0.01734	0.02124
GGC	CGC	GC	-0.73822	0.03374	0.02280	0.73822	0.01612	0.02280
GGC	AGC	GA	-2.69533	0.15982	0.03119	2.69533	0.01079	0.03119
GGC	GTC	GT	-1.46733	0.02639	0.01160	1.46733	0.00608	0.01160
GGC	GCC	GC	-1.45042	0.03374	0.01499	1.45042	0.00791	0.01499
GGC	GAC	GA	-2.19634	0.15982	0.04392	2.19634	0.01777	0.04392
GGC	GGT	CT	0.62573	0.05507	0.07408	-0.62573	0.10295	0.07408
GGA	CGA	GC	-1.09161	0.01813	0.01000	1.09161	0.00608	0.01000
GGA	AGA	GA	-0.88202	0.08587	0.05350	0.88202	0.03555	0.05350
GGA	GTA	GT	-0.62301	0.01418	0.01022	0.62301	0.00761	0.01022
GGA	GCA	GC	-0.65335	0.01813	0.01285	0.65335	0.00943	0.01285
GGA	GAA	GA	-0.64469	0.08587	0.06115	0.64469	0.04507	0.06115
GGA	GGT	AT	2.06694	0.01418	0.03356	-2.06694	0.11204	0.03356
GGA	GGC	AC	1.44121	0.01813	0.03422	-1.44121	0.07660	0.03422
GGG	TGG	GT	0.34777	0.00473	0.00560	-0.34777	0.00669	0.00560
GGG	CGG	GC	-1.89011	0.00604	0.00203	1.89011	0.00091	0.00203
GGG	AGG	GA	-1.61154	0.02862	0.01150	1.61154	0.00571	0.01150
GGG	GTG	GT	0.25246	0.00473	0.00535	-0.25246	0.00608	0.00535
GGG	GCG	GC	-0.50382	0.00604	0.00465	0.50382	0.00365	0.00465
GGG	GAG	GA	-0.55066	0.02862	0.02146	0.55066	0.01650	0.02146
GGG	GGT	GT	1.84169	0.00473	0.01035	-1.84169	0.02981	0.01035
GGG	GGC	GC	1.21597	0.00604	0.01044	-1.21597	0.02038	0.01044
GGG	GGA	GA	-0.22524	0.02862	0.02552	0.22524	0.02285	0.02552


Histograms
2Ns	FMut	FSub(CodonUsage)	FSubw(after w)

-2.81953	0.00843	0.00195
-2.53758	0.00561	0.00146
-2.25563	0.05891	0.01917
-1.97367	0.04542	0.01739
-1.69172	0.03486	0.01614
-1.40977	0.12610	0.07217
-1.12781	0.12152	0.07934
-0.84586	0.08953	0.06910
-0.56391	0.10160	0.09029
-0.28195	0.08857	0.09301
0.00000	0.06596	0.07995
0.28195	0.06692	0.09301
0.56391	0.05624	0.09029
0.84586	0.03850	0.06910
1.12781	0.03919	0.07934
1.40977	0.03266	0.07217
1.69172	0.00642	0.01614
1.97367	0.00623	0.01739
2.25563	0.00633	0.01917
2.53758	0.00043	0.00146
2.81953	0.00055	0.00195

Proportion of advantageous (S > 0) mutations:
 0.28552

Proportions of good & bad mutations (|S| > 2.0000) among mutations:
0.01021  0.09545

mean |Ns| = 1.00430	mean Ns+ = 0.74966	mean Ns- = -1.10607


MLEs of dN/dS (w) for site classes (K=10)

p:   0.10000  0.10000  0.10000  0.10000  0.10000  0.10000  0.10000  0.10000  0.10000  0.10000
w:   0.00241  0.01299  0.02898  0.05010  0.07691  0.11067  0.15381  0.21122  0.29476  0.45245

Naive Empirical Bayes (NEB) probabilities for 10 classes & postmean_w
(amino acids refer to 1st sequence: Stomoxys_calcitrans_lysi2.1)

   1 M   0.36819 0.27532 0.17792 0.10051 0.04916 0.02030 0.00673 0.00163 0.00023 0.00001 ( 1)  0.022
   2 V   0.00143 0.03170 0.10544 0.18593 0.22619 0.20668 0.14389 0.07308 0.02325 0.00242 ( 5)  0.099
   3 L   0.00118 0.02663 0.09134 0.16778 0.21506 0.20999 0.15916 0.09041 0.03373 0.00471 ( 5)  0.107
   4 T   0.00000 0.00002 0.00071 0.00675 0.03122 0.09073 0.18477 0.27256 0.27698 0.13627 ( 9)  0.242
   5 N   0.00108 0.02462 0.08553 0.15972 0.20905 0.20968 0.16479 0.09866 0.04012 0.00675 ( 6)  0.111
   6 E   0.04533 0.17780 0.24654 0.22891 0.16150 0.08903 0.03756 0.01126 0.00198 0.00010 ( 3)  0.052
   7 L   0.00000 0.00016 0.00281 0.01647 0.05407 0.12139 0.20286 0.25769 0.23543 0.10913 ( 8)  0.223
   8 S   0.03596 0.14798 0.22031 0.22425 0.17723 0.11218 0.05607 0.02080 0.00485 0.00037 ( 4)  0.060
   9 Q   0.02577 0.11295 0.18436 0.21058 0.19076 0.14127 0.08430 0.03806 0.01094 0.00101 ( 4)  0.072
  10 K   0.02449 0.10699 0.17457 0.20093 0.18603 0.14407 0.09328 0.04859 0.01810 0.00295 ( 4)  0.078
  11 V   0.02873 0.12314 0.19483 0.21452 0.18670 0.13267 0.07605 0.03314 0.00933 0.00089 ( 4)  0.069
  12 I   0.00002 0.00194 0.01584 0.05469 0.11921 0.18924 0.23035 0.21340 0.13686 0.03846 ( 7)  0.172
  13 I   0.00003 0.00355 0.02669 0.08298 0.15935 0.21820 0.22434 0.17221 0.09069 0.02196 ( 7)  0.149
  14 A   0.03794 0.15449 0.22651 0.22607 0.17436 0.10705 0.05142 0.01804 0.00386 0.00026 ( 3)  0.058
  15 A   0.38087 0.27956 0.17563 0.09554 0.04453 0.01728 0.00530 0.00116 0.00014 0.00000 ( 1)  0.021
  16 F   0.00065 0.01544 0.05732 0.11698 0.17161 0.19896 0.18823 0.14386 0.08234 0.02461 ( 6)  0.138
  17 L   0.00123 0.02760 0.09408 0.17148 0.21770 0.20999 0.15657 0.08674 0.03087 0.00375 ( 5)  0.105
  18 V   0.00150 0.03296 0.10870 0.18964 0.22774 0.20497 0.14024 0.06990 0.02194 0.00242 ( 5)  0.097
  19 S   0.28756 0.23956 0.18211 0.12723 0.08120 0.04657 0.02324 0.00948 0.00273 0.00032 ( 1)  0.033
  20 F   0.03507 0.14497 0.21738 0.22339 0.17867 0.11471 0.05824 0.02196 0.00520 0.00041 ( 4)  0.061
  21 V   0.00000 0.00012 0.00213 0.01277 0.04325 0.10118 0.17897 0.24690 0.25755 0.15712 ( 9)  0.242
  22 L   0.24952 0.21677 0.17565 0.13362 0.09513 0.06271 0.03748 0.01946 0.00794 0.00172 ( 1)  0.042
  23 V   0.02520 0.11083 0.18179 0.20888 0.19062 0.14261 0.08646 0.04012 0.01219 0.00131 ( 4)  0.074
  24 I   0.00000 0.00039 0.00644 0.03393 0.09723 0.18408 0.24812 0.23902 0.15068 0.04011 ( 7)  0.181
  25 G   0.32718 0.25897 0.18237 0.11538 0.06514 0.03218 0.01340 0.00437 0.00094 0.00007 ( 1)  0.027
  26 S   0.31513 0.25364 0.18308 0.11951 0.07004 0.03612 0.01577 0.00541 0.00122 0.00009 ( 1)  0.029
  27 I   0.36385 0.27342 0.17820 0.10200 0.05092 0.02169 0.00757 0.00200 0.00033 0.00002 ( 1)  0.023
  28 Y   0.32111 0.25618 0.18258 0.11736 0.06759 0.03424 0.01471 0.00500 0.00114 0.00009 ( 1)  0.028
  29 L   0.26824 0.22779 0.17852 0.13020 0.08814 0.05483 0.03069 0.01483 0.00562 0.00115 ( 1)  0.038
  30 H   0.41877 0.28922 0.16589 0.08020 0.03231 0.01052 0.00261 0.00044 0.00004 0.00000 ( 1)  0.018
  31 L   0.00025 0.00632 0.02604 0.06092 0.10604 0.15171 0.18576 0.19566 0.17010 0.09719 ( 8)  0.193
  32 Q   0.00003 0.00382 0.02835 0.08703 0.16532 0.22420 0.22754 0.16931 0.08096 0.01343 ( 7)  0.143
  33 Q   0.03334 0.13906 0.21140 0.22126 0.18115 0.11972 0.06293 0.02466 0.00603 0.00046 ( 4)  0.063
  34 K   0.34251 0.26517 0.18081 0.10986 0.05914 0.02767 0.01084 0.00330 0.00066 0.00004 ( 1)  0.025
  35 H   0.00005 0.00529 0.03788 0.11032 0.19481 0.23966 0.21434 0.13612 0.05401 0.00753 ( 6)  0.129
  36 H   0.43530 0.29242 0.16082 0.07353 0.02759 0.00822 0.00183 0.00027 0.00002 0.00000 ( 1)  0.017
  37 L   0.01310 0.06230 0.11514 0.15514 0.17354 0.16787 0.14108 0.10031 0.05526 0.01628 ( 5)  0.110
  38 G   0.29565 0.24348 0.18206 0.12468 0.07782 0.04362 0.02132 0.00858 0.00248 0.00031 ( 1)  0.032
  39 R   0.29832 0.24510 0.18254 0.12424 0.07683 0.04245 0.02029 0.00787 0.00213 0.00023 ( 1)  0.032
  40 L   0.00099 0.02284 0.08039 0.15276 0.20442 0.21068 0.17090 0.10583 0.04412 0.00706 ( 6)  0.114
  41 -   0.26955 0.23002 0.18106 0.13209 0.08865 0.05377 0.02848 0.01230 0.00368 0.00039 ( 1)  0.037
  42 -   0.24677 0.21605 0.17676 0.13569 0.09712 0.06385 0.03747 0.01853 0.00672 0.00103 ( 1)  0.042
  43 N   0.37128 0.27589 0.17685 0.09911 0.04822 0.01993 0.00672 0.00170 0.00027 0.00001 ( 1)  0.022
  44 I   0.00059 0.01423 0.05341 0.11058 0.16514 0.19573 0.19025 0.15044 0.09020 0.02941 ( 6)  0.143
  45 G   0.02426 0.10658 0.17511 0.20282 0.18844 0.14553 0.09282 0.04652 0.01587 0.00205 ( 4)  0.077
  46 D   0.00089 0.02081 0.07472 0.14557 0.20039 0.21279 0.17769 0.11263 0.04727 0.00723 ( 6)  0.117
  47 D   0.00096 0.02215 0.07807 0.14886 0.20040 0.20861 0.17217 0.11005 0.04906 0.00968 ( 6)  0.117
  48 R   0.00111 0.02523 0.08743 0.16272 0.21192 0.21085 0.16335 0.09522 0.03671 0.00547 ( 5)  0.109
  49 I   0.00000 0.00000 0.00001 0.00015 0.00172 0.01107 0.04731 0.14564 0.32787 0.46624 (10)  0.347
  50 Q   0.00113 0.02584 0.08971 0.16687 0.21628 0.21269 0.16111 0.09017 0.03221 0.00399 ( 5)  0.107
  51 P   0.34684 0.26752 0.18109 0.10865 0.05726 0.02589 0.00960 0.00267 0.00046 0.00002 ( 1)  0.024
  52 T   0.32055 0.25581 0.18244 0.11742 0.06781 0.03451 0.01496 0.00517 0.00122 0.00011 ( 1)  0.028
  53 K   0.00062 0.01629 0.06599 0.14185 0.20821 0.22663 0.18564 0.10974 0.04026 0.00477 ( 6)  0.116
  54 G   0.00021 0.00617 0.02887 0.07394 0.13401 0.18837 0.21190 0.18899 0.12426 0.04328 ( 7)  0.164
  55 V   0.03990 0.16098 0.23267 0.22777 0.17131 0.10179 0.04684 0.01551 0.00306 0.00018 ( 3)  0.056
  56 C   0.28889 0.24013 0.18198 0.12670 0.08060 0.04612 0.02303 0.00945 0.00276 0.00033 ( 1)  0.033
  57 L   0.00000 0.00001 0.00031 0.00311 0.01560 0.05053 0.11930 0.21737 0.30655 0.28722 ( 9)  0.292
  58 R   0.04132 0.16486 0.23477 0.22625 0.16792 0.09919 0.04610 0.01590 0.00346 0.00024 ( 3)  0.056
  59 C   0.28883 0.24011 0.18200 0.12674 0.08063 0.04614 0.02303 0.00944 0.00275 0.00033 ( 1)  0.033
  60 L   0.30640 0.24865 0.18201 0.12140 0.07348 0.03979 0.01874 0.00726 0.00203 0.00025 ( 1)  0.031
  61 C   0.28830 0.23985 0.18199 0.12690 0.08086 0.04634 0.02316 0.00950 0.00277 0.00033 ( 1)  0.033
  62 K   0.00045 0.01214 0.05163 0.11796 0.18655 0.22217 0.20296 0.13720 0.05978 0.00915 ( 6)  0.128
  63 T   0.03441 0.14248 0.21435 0.22155 0.17895 0.11676 0.06088 0.02397 0.00611 0.00055 ( 4)  0.062
  64 L   0.00000 0.00003 0.00111 0.01009 0.04420 0.11975 0.22220 0.28772 0.23839 0.07652 ( 8)  0.217
  65 N   0.00216 0.04555 0.14013 0.22324 0.23937 0.18744 0.10799 0.04331 0.01013 0.00067 ( 5)  0.084
  66 E   0.03939 0.15887 0.22989 0.22597 0.17153 0.10377 0.04932 0.01727 0.00374 0.00025 ( 3)  0.057
  67 C   0.28945 0.24045 0.18205 0.12659 0.08039 0.04589 0.02284 0.00932 0.00270 0.00032 ( 1)  0.033
  68 R   0.00000 0.00001 0.00036 0.00375 0.01933 0.06320 0.14635 0.24956 0.30468 0.21275 ( 9)  0.270
  69 P   0.00000 0.00033 0.00556 0.03005 0.08879 0.17428 0.24491 0.24723 0.16367 0.04518 ( 8)  0.186
  70 V   0.00144 0.03201 0.10639 0.18736 0.22739 0.20687 0.14285 0.07143 0.02207 0.00220 ( 5)  0.098
  71 T   0.00000 0.00000 0.00004 0.00069 0.00544 0.02556 0.08292 0.19743 0.34194 0.34598 (10)  0.315
  72 C   0.28941 0.24043 0.18205 0.12660 0.08041 0.04591 0.02285 0.00933 0.00271 0.00032 ( 1)  0.033
  73 S   0.00000 0.00000 0.00000 0.00010 0.00124 0.00870 0.04053 0.13552 0.32868 0.48524 (10)  0.352
  74 L   0.00000 0.00004 0.00097 0.00704 0.02868 0.07965 0.16411 0.25668 0.29024 0.17258 ( 9)  0.254
  75 Y   0.00000 0.00000 0.00000 0.00001 0.00026 0.00252 0.01585 0.07225 0.25232 0.65678 (10)  0.390
  76 D   0.00003 0.00392 0.02929 0.09009 0.17031 0.22784 0.22587 0.16301 0.07618 0.01345 ( 6)  0.141
  77 P   0.36306 0.27365 0.17892 0.10256 0.05103 0.02147 0.00726 0.00179 0.00026 0.00001 ( 1)  0.023
  78 C   0.28937 0.24039 0.18201 0.12658 0.08041 0.04593 0.02288 0.00936 0.00273 0.00033 ( 1)  0.033
  79 G   0.30723 0.24955 0.18271 0.12165 0.07322 0.03916 0.01799 0.00664 0.00169 0.00016 ( 1)  0.030
  80 I   0.00001 0.00144 0.01211 0.04332 0.09883 0.16640 0.21876 0.22513 0.16905 0.06494 ( 8)  0.189
  81 Y   0.00091 0.02112 0.07530 0.14555 0.19886 0.21008 0.17561 0.11306 0.05009 0.00942 ( 6)  0.118
  82 G   0.00003 0.00317 0.02446 0.07842 0.15585 0.22083 0.23322 0.17965 0.08877 0.01562 ( 7)  0.148
  83 I   0.35279 0.26933 0.17976 0.10615 0.05510 0.02464 0.00913 0.00260 0.00048 0.00003 ( 1)  0.024
  84 S   0.00090 0.02087 0.07423 0.14334 0.19617 0.20851 0.17648 0.11607 0.05311 0.01030 ( 6)  0.120
  85 I   0.02987 0.12629 0.19640 0.21265 0.18285 0.12968 0.07556 0.03455 0.01082 0.00132 ( 4)  0.069
  86 S   0.00000 0.00000 0.00000 0.00000 0.00000 0.00003 0.00054 0.00652 0.07015 0.92276 (10)  0.440
  87 Y   0.31443 0.25310 0.18280 0.11952 0.07030 0.03652 0.01617 0.00569 0.00135 0.00012 ( 1)  0.029
  88 W   0.31821 0.25574 0.18389 0.11908 0.06874 0.03452 0.01439 0.00453 0.00086 0.00004 ( 1)  0.028
  89 M   0.00000 0.00001 0.00045 0.00448 0.02210 0.06940 0.15497 0.25573 0.30098 0.19188 ( 9)  0.263
  90 D   0.32409 0.25735 0.18222 0.11624 0.06642 0.03339 0.01427 0.00484 0.00111 0.00009 ( 1)  0.028
  91 G   0.00000 0.00000 0.00007 0.00125 0.00930 0.04068 0.11919 0.24558 0.34337 0.24056 ( 9)  0.286
  92 G   0.00097 0.02231 0.07884 0.15056 0.20267 0.21030 0.17200 0.10783 0.04620 0.00832 ( 6)  0.116
  93 Q   0.00104 0.02378 0.08289 0.15587 0.20635 0.21033 0.16855 0.10278 0.04189 0.00652 ( 6)  0.113
  94 Q   0.00003 0.00349 0.02660 0.08395 0.16350 0.22587 0.23119 0.17132 0.08066 0.01339 ( 7)  0.144
  95 L   0.00003 0.00409 0.03053 0.09384 0.17669 0.23406 0.22723 0.15718 0.06709 0.00926 ( 6)  0.137
  96 T   0.00096 0.02212 0.07853 0.15084 0.20411 0.21246 0.17339 0.10712 0.04381 0.00666 ( 6)  0.115
  97 M   0.00000 0.00000 0.00015 0.00236 0.01594 0.06222 0.16005 0.28224 0.32119 0.15586 ( 9)  0.258
  98 D   0.02926 0.12470 0.19590 0.21415 0.18531 0.13132 0.07548 0.03329 0.00963 0.00097 ( 4)  0.069
  99 N   0.00040 0.01008 0.03993 0.08839 0.14279 0.18499 0.19847 0.17474 0.11740 0.04280 ( 7)  0.159
 100 F   0.00004 0.00419 0.03062 0.09213 0.17079 0.22550 0.22298 0.16276 0.07766 0.01334 ( 6)  0.141
 101 N   0.00000 0.00000 0.00018 0.00194 0.01057 0.03772 0.09976 0.20546 0.32525 0.31911 ( 9)  0.304
 102 D   0.00000 0.00023 0.00402 0.02260 0.07033 0.14744 0.22561 0.25545 0.19996 0.07436 ( 8)  0.204
 103 E   0.00000 0.00044 0.00716 0.03733 0.10556 0.19613 0.25690 0.23563 0.13432 0.02655 ( 7)  0.173
 104 E   0.00000 0.00003 0.00094 0.00861 0.03812 0.10517 0.20156 0.27691 0.25780 0.11086 ( 8)  0.231
 105 D   0.00002 0.00232 0.01845 0.06160 0.12904 0.19597 0.22763 0.20169 0.12581 0.03749 ( 7)  0.167
 106 P   0.00074 0.01744 0.06401 0.12866 0.18479 0.20764 0.18699 0.13154 0.06466 0.01353 ( 6)  0.127
 107 Y   0.31647 0.25408 0.18278 0.11890 0.06947 0.03579 0.01568 0.00545 0.00127 0.00011 ( 1)  0.029
 108 L   0.31536 0.25287 0.18186 0.11860 0.06987 0.03667 0.01668 0.00622 0.00168 0.00020 ( 1)  0.029
 109 R   0.00022 0.00628 0.02970 0.07761 0.14349 0.20337 0.22487 0.18778 0.10441 0.02228 ( 7)  0.153
 110 C   0.28955 0.24049 0.18203 0.12654 0.08034 0.04586 0.02283 0.00933 0.00271 0.00032 ( 1)  0.033
 111 A   0.00000 0.00002 0.00092 0.00856 0.03842 0.10709 0.20597 0.28071 0.25458 0.10372 ( 8)  0.228
 112 N   0.37128 0.27589 0.17685 0.09911 0.04822 0.01993 0.00672 0.00170 0.00027 0.00001 ( 1)  0.022
 113 D   0.33286 0.26110 0.18157 0.11320 0.06293 0.03064 0.01262 0.00411 0.00090 0.00007 ( 1)  0.026
 114 D   0.00004 0.00474 0.03404 0.09979 0.17892 0.22682 0.21459 0.15132 0.07349 0.01626 ( 6)  0.139
 115 R   0.00000 0.00000 0.00004 0.00067 0.00522 0.02454 0.07978 0.19130 0.33725 0.36120 (10)  0.319
 116 C   0.28958 0.24050 0.18203 0.12653 0.08033 0.04585 0.02282 0.00932 0.00271 0.00032 ( 1)  0.033
 117 A   0.02510 0.10944 0.17804 0.20394 0.18733 0.14313 0.09047 0.04509 0.01541 0.00205 ( 4)  0.076
 118 A   0.00000 0.00031 0.00513 0.02720 0.07933 0.15568 0.22447 0.24411 0.19036 0.07341 ( 8)  0.200
 119 D   0.00000 0.00000 0.00012 0.00196 0.01350 0.05406 0.14403 0.26709 0.32937 0.18986 ( 9)  0.269
 120 T   0.00000 0.00059 0.00930 0.04619 0.12299 0.21286 0.25705 0.21571 0.11305 0.02226 ( 7)  0.164
 121 V   0.00147 0.03252 0.10769 0.18877 0.22787 0.20606 0.14141 0.07031 0.02169 0.00222 ( 5)  0.097
 122 R   0.00069 0.01636 0.05986 0.12017 0.17329 0.19778 0.18508 0.14121 0.08158 0.02398 ( 6)  0.136
 123 G   0.00000 0.00000 0.00000 0.00008 0.00108 0.00780 0.03730 0.12873 0.32421 0.50078 (10)  0.356
 124 Y   0.33250 0.26133 0.18209 0.11361 0.06301 0.03044 0.01231 0.00386 0.00079 0.00005 ( 1)  0.026
 125 I   0.00002 0.00244 0.01971 0.06676 0.14073 0.21205 0.23856 0.19612 0.10382 0.01979 ( 7)  0.156
 126 K   0.00000 0.00000 0.00015 0.00227 0.01514 0.05866 0.15106 0.27076 0.32277 0.17919 ( 9)  0.264
 127 R   0.02205 0.09798 0.16394 0.19468 0.18696 0.15086 0.10213 0.05577 0.02183 0.00380 ( 4)  0.083
 128 F   0.00003 0.00361 0.02722 0.08480 0.16284 0.22209 0.22577 0.16925 0.08523 0.01916 ( 7)  0.146
 129 Q   0.03371 0.14029 0.21259 0.22162 0.18060 0.11871 0.06203 0.02415 0.00586 0.00044 ( 4)  0.063
 130 R   0.00000 0.00000 0.00022 0.00252 0.01445 0.05233 0.13354 0.24908 0.32634 0.22152 ( 9)  0.277
 131 D   0.33453 0.26181 0.18145 0.11262 0.06226 0.03012 0.01231 0.00397 0.00086 0.00007 ( 1)  0.026
 132 C   0.28845 0.23989 0.18195 0.12681 0.08078 0.04630 0.02316 0.00953 0.00280 0.00034 ( 1)  0.033
 133 N   0.39036 0.28175 0.17293 0.09160 0.04156 0.01578 0.00479 0.00107 0.00014 0.00001 ( 1)  0.020
 134 N   0.00132 0.02928 0.09804 0.17497 0.21727 0.20547 0.15146 0.08478 0.03227 0.00515 ( 5)  0.104
 135 D   0.32409 0.25735 0.18222 0.11624 0.06642 0.03339 0.01427 0.00484 0.00111 0.00009 ( 1)  0.028
 136 G   0.00067 0.01590 0.05900 0.12026 0.17579 0.20227 0.18860 0.14032 0.07643 0.02078 ( 6)  0.134
 137 V   0.00000 0.00000 0.00000 0.00000 0.00002 0.00033 0.00367 0.02785 0.16144 0.80668 (10)  0.419
 138 I   0.00000 0.00000 0.00007 0.00123 0.00886 0.03780 0.10957 0.22879 0.33817 0.27550 ( 9)  0.294
 139 D   0.00108 0.02454 0.08487 0.15791 0.20643 0.20770 0.16493 0.10106 0.04318 0.00829 ( 6)  0.113
 140 C   0.28923 0.24033 0.18203 0.12664 0.08048 0.04598 0.02291 0.00936 0.00272 0.00032 ( 1)  0.033
 141 T   0.00000 0.00000 0.00000 0.00000 0.00005 0.00079 0.00782 0.05125 0.23609 0.70401 (10)  0.400
 142 D   0.33444 0.26177 0.18145 0.11266 0.06230 0.03015 0.01232 0.00398 0.00086 0.00007 ( 1)  0.026
 143 H   0.00002 0.00223 0.01771 0.05903 0.12389 0.18960 0.22399 0.20479 0.13480 0.04396 ( 7)  0.171
 144 I   0.34784 0.26748 0.18045 0.10802 0.05699 0.02597 0.00983 0.00286 0.00054 0.00003 ( 1)  0.025
 145 A   0.00000 0.00000 0.00001 0.00028 0.00303 0.01803 0.06951 0.18712 0.35061 0.37141 (10)  0.324
 146 L   0.27217 0.23000 0.17897 0.12936 0.08665 0.05325 0.02939 0.01398 0.00519 0.00103 ( 1)  0.037
 147 H   0.43202 0.29182 0.16185 0.07485 0.02851 0.00866 0.00197 0.00030 0.00002 0.00000 ( 1)  0.017
 148 I   0.00000 0.00000 0.00002 0.00035 0.00296 0.01515 0.05484 0.15081 0.31942 0.45645 (10)  0.343
 149 L   0.01363 0.06422 0.11726 0.15596 0.17234 0.16509 0.13806 0.09868 0.05604 0.01871 ( 5)  0.111
 150 G   0.32353 0.25743 0.18268 0.11670 0.06662 0.03332 0.01404 0.00462 0.00099 0.00007 ( 1)  0.028
 151 P   0.38285 0.28022 0.17527 0.09477 0.04381 0.01681 0.00506 0.00107 0.00012 0.00000 ( 1)  0.021
 152 T   0.00000 0.00000 0.00005 0.00085 0.00640 0.02870 0.08875 0.20177 0.33639 0.33708 (10)  0.312
 153 G   0.02918 0.12442 0.19553 0.21385 0.18519 0.13142 0.07576 0.03365 0.00992 0.00108 ( 4)  0.069
 154 C   0.28951 0.24046 0.18203 0.12655 0.08036 0.04588 0.02284 0.00934 0.00272 0.00032 ( 1)  0.033
 155 L   0.00033 0.00829 0.03322 0.07488 0.12439 0.16801 0.19176 0.18525 0.14418 0.06969 ( 7)  0.176
 156 N   0.00000 0.00017 0.00304 0.01734 0.05536 0.12115 0.19866 0.25083 0.23386 0.11958 ( 8)  0.225
 157 K   0.00000 0.00001 0.00039 0.00405 0.02062 0.06670 0.15308 0.25834 0.30728 0.18952 ( 9)  0.264
 158 Q   0.00000 0.00001 0.00052 0.00523 0.02572 0.07996 0.17468 0.27557 0.29470 0.14362 ( 9)  0.248
 159 L   0.36989 0.27592 0.17764 0.09984 0.04852 0.01987 0.00653 0.00157 0.00022 0.00001 ( 1)  0.022
 160 S   0.00002 0.00294 0.02274 0.07340 0.14758 0.21312 0.23206 0.18768 0.10029 0.02017 ( 7)  0.153
 161 F   0.00000 0.00000 0.00000 0.00000 0.00000 0.00003 0.00069 0.00946 0.09841 0.89141 (10)  0.434
 162 L   0.00001 0.00083 0.00779 0.03143 0.08058 0.15119 0.21888 0.24403 0.19320 0.07206 ( 8)  0.200
 163 H   0.00011 0.01141 0.07202 0.17761 0.25457 0.24198 0.15744 0.06739 0.01630 0.00118 ( 5)  0.101
 164 K   0.00000 0.00000 0.00001 0.00037 0.00383 0.02170 0.07938 0.20171 0.35395 0.33905 ( 9)  0.315
 165 L   0.00000 0.00000 0.00000 0.00000 0.00009 0.00121 0.00979 0.05534 0.23235 0.70121 (10)  0.399
 166 R   0.33685 0.26250 0.18089 0.11160 0.06138 0.02961 0.01215 0.00399 0.00092 0.00009 ( 1)  0.026
 167 M   0.36819 0.27532 0.17792 0.10051 0.04916 0.02030 0.00673 0.00163 0.00023 0.00001 ( 1)  0.022
 168 S   0.00000 0.00000 0.00001 0.00033 0.00344 0.01978 0.07350 0.19068 0.34742 0.36484 (10)  0.322
 169 S   0.00000 0.00000 0.00000 0.00000 0.00000 0.00003 0.00058 0.00769 0.08296 0.90873 (10)  0.437
 170 C   0.28909 0.24028 0.18206 0.12671 0.08055 0.04602 0.02292 0.00935 0.00271 0.00032 ( 1)  0.033
 171 I   0.00101 0.02324 0.08150 0.15427 0.20557 0.21083 0.16998 0.10430 0.04273 0.00655 ( 6)  0.113
 172 N   0.00000 0.00002 0.00078 0.00719 0.03214 0.09025 0.17832 0.25910 0.27096 0.16125 ( 9)  0.248
 173 -   0.10000 0.10000 0.10000 0.10000 0.10000 0.10000 0.10000 0.10000 0.10000 0.10000 ( 8)  0.139
 174 -   0.00047 0.01167 0.04572 0.09966 0.15749 0.19766 0.20217 0.16474 0.09602 0.02439 ( 7)  0.146
 175 -   0.00000 0.00000 0.00001 0.00012 0.00113 0.00666 0.02852 0.09656 0.26909 0.59792 (10)  0.375
 176 -   0.00000 0.00003 0.00058 0.00405 0.01646 0.04783 0.10907 0.20317 0.30589 0.31291 (10)  0.298
 177 -   0.00000 0.00000 0.00005 0.00063 0.00398 0.01684 0.05408 0.14043 0.30039 0.48359 (10)  0.348
 178 -   0.01079 0.05219 0.09912 0.13859 0.16267 0.16725 0.15169 0.11863 0.07370 0.02537 ( 6)  0.123
 179 -   0.00000 0.00000 0.00003 0.00031 0.00174 0.00720 0.02477 0.07585 0.21965 0.67045 (10)  0.389
 180 -   0.00000 0.00036 0.00343 0.01437 0.03978 0.08484 0.14900 0.22049 0.26813 0.21960 ( 9)  0.261
 181 -   0.01010 0.04919 0.09432 0.13350 0.15908 0.16655 0.15440 0.12405 0.07982 0.02900 ( 6)  0.127
 182 -   0.00018 0.00471 0.02026 0.04992 0.09209 0.14028 0.18337 0.20628 0.19063 0.11228 ( 8)  0.205
 183 -   0.00000 0.00002 0.00046 0.00328 0.01364 0.04076 0.09635 0.18819 0.30348 0.35382 (10)  0.310
 184 -   0.27319 0.23212 0.18152 0.13131 0.08721 0.05221 0.02722 0.01152 0.00335 0.00034 ( 1)  0.036
 185 -   0.01329 0.06304 0.11610 0.15595 0.17407 0.16815 0.14108 0.09978 0.05393 0.01463 ( 5)  0.109
 186 -   0.00023 0.00586 0.02466 0.05915 0.10553 0.15426 0.19158 0.20188 0.17055 0.08629 ( 8)  0.190
 187 -   0.10000 0.10000 0.10000 0.10000 0.10000 0.10000 0.10000 0.10000 0.10000 0.10000 ( 8)  0.139


lnL = -4615.470557


NSsites Model 8: beta&w>1
I	J	ij	2Ns_IJ	pMut_IJ	pSub_IJ	2Ns_JI	pMut_JI	pSub_JI

TTC	TTT	CT	1.27507	0.02877	0.05090	-1.27507	0.10295	0.05090
TTA	TTT	AT	1.03533	0.03979	0.06387	-1.03533	0.11204	0.06387
TTA	TTC	AC	-0.23974	0.05085	0.04500	0.23974	0.04001	0.04500
TTG	TTT	GT	-0.23775	0.03782	0.03350	0.23775	0.02981	0.03350
TTG	TTC	GC	-1.51282	0.04834	0.02066	1.51282	0.01065	0.02066
TTG	TTA	GA	-1.27308	0.22899	0.11335	1.27308	0.06411	0.11335
TCT	TTT	CT	1.83469	0.01644	0.03589	-1.83469	0.10295	0.03589
TCC	TTC	CT	0.24545	0.02877	0.03244	-0.24545	0.03677	0.03244
TCC	TCT	CT	-0.31416	0.02877	0.02448	0.31416	0.02101	0.02448
TCA	TTA	CT	1.07638	0.03616	0.05905	-1.07638	0.10610	0.05905
TCA	TCT	AT	0.27703	0.01733	0.01984	-0.27703	0.02287	0.01984
TCA	TCC	AC	0.59119	0.02215	0.02934	-0.59119	0.04001	0.02934
TCG	TTG	CT	1.14624	0.03205	0.05386	-1.14624	0.10085	0.05386
TCG	TCT	GT	-0.92620	0.01536	0.00933	0.92620	0.00608	0.00933
TCG	TCC	GC	-0.61203	0.01964	0.01424	0.61203	0.01065	0.01424
TCG	TCA	GA	-1.20323	0.09303	0.04802	1.20323	0.02793	0.04802
TAT	TTT	AT	0.54451	0.06500	0.08429	-0.54451	0.11204	0.08429
TAT	TCT	AC	-1.29018	0.08308	0.04070	1.29018	0.02287	0.04070
TAC	TTC	AT	1.57631	0.00827	0.01644	-1.57631	0.04001	0.01644
TAC	TCC	AC	1.33086	0.01057	0.01913	-1.33086	0.04001	0.01913
TAC	TAT	CT	2.30687	0.01726	0.04422	-2.30687	0.17334	0.04422
TGT	TTT	GT	-0.74857	0.06303	0.04235	0.74857	0.02981	0.04235
TGT	TCT	GC	-2.58326	0.08056	0.01700	2.58326	0.00608	0.01700
TGT	TAT	GA	-1.29308	0.38165	0.18665	1.29308	0.10473	0.18665
TGC	TTC	GT	-0.74607	0.02245	0.01511	0.74607	0.01065	0.01511
TGC	TCC	GC	-0.99152	0.02870	0.01679	0.99152	0.01065	0.01679
TGC	TAC	GA	-2.32238	0.13596	0.03432	2.32238	0.01333	0.03432
TGC	TGT	CT	1.27757	0.04685	0.08298	-1.27757	0.16809	0.08298
TGG	TTG	GT	1.21494	0.00867	0.01497	-1.21494	0.02921	0.01497
TGG	TCG	GC	0.06870	0.01108	0.01146	-0.06870	0.01186	0.01146
TGG	TGT	GT	1.72576	0.00867	0.01820	-1.72576	0.04868	0.01820
TGG	TGC	GC	0.44819	0.01108	0.01374	-0.44819	0.01734	0.01374
CTT	TTT	CT	0.95922	0.03945	0.06135	-0.95922	0.10295	0.06135
CTC	TTC	CT	1.72136	0.00658	0.01378	-1.72136	0.03677	0.01378
CTC	CTT	CT	2.03721	0.00658	0.01540	-2.03721	0.05043	0.01540
CTA	TTA	CT	1.42659	0.02548	0.04783	-1.42659	0.10610	0.04783
CTA	CTT	AT	1.50270	0.01221	0.02360	-1.50270	0.05488	0.02360
CTA	CTC	AC	-0.53451	0.01561	0.01181	0.53451	0.00915	0.01181
CTG	TTG	CT	1.28344	0.02794	0.04961	-1.28344	0.10085	0.04961
CTG	CTT	GT	0.08647	0.01339	0.01398	-0.08647	0.01460	0.01398
CTG	CTC	GC	-1.95074	0.01712	0.00553	1.95074	0.00243	0.00553
CTG	CTA	GA	-1.41623	0.08110	0.03680	1.41623	0.01968	0.03680
CCT	TCT	CT	-0.36973	0.03041	0.02513	0.36973	0.02101	0.02513
CCT	CTT	CT	0.50573	0.03041	0.03875	-0.50573	0.05043	0.03875
CCC	TCC	CT	1.31589	0.00986	0.01774	-1.31589	0.03677	0.01774
CCC	CTC	CT	-0.16001	0.00986	0.00909	0.16001	0.00840	0.00909
CCC	CCT	CT	1.37146	0.00986	0.01813	-1.37146	0.03887	0.01813
CCA	TCA	CT	0.15844	0.03945	0.04266	-0.15844	0.04622	0.04266
CCA	CTA	CT	-0.19176	0.03945	0.03579	0.19176	0.03257	0.03579
CCA	CCT	AT	0.80520	0.01891	0.02753	-0.80520	0.04230	0.02753
CCA	CCC	AC	-0.56626	0.02417	0.01797	0.56626	0.01372	0.01797
CCG	TCG	CT	2.52272	0.00329	0.00902	-2.52272	0.04097	0.00902
CCG	CTG	CT	2.38552	0.00329	0.00864	-2.38552	0.03572	0.00864
CCG	CCT	GT	1.96626	0.00158	0.00360	-1.96626	0.01126	0.00360
CCG	CCC	GC	0.59479	0.00201	0.00267	-0.59479	0.00365	0.00267
CCG	CCA	GA	1.16105	0.00954	0.01613	-1.16105	0.03047	0.01613
CAT	TAT	CT	1.20826	0.05178	0.08921	-1.20826	0.17334	0.08921
CAT	CTT	AT	0.79355	0.02482	0.03595	-0.79355	0.05488	0.03595
CAT	CCT	AC	0.28782	0.03172	0.03650	-0.28782	0.04230	0.03650
CAC	TAC	CT	-0.00586	0.02219	0.02213	0.00586	0.02206	0.02213
CAC	CTC	AT	-0.15091	0.01064	0.00985	0.15091	0.00915	0.00985
CAC	CCC	AC	0.00910	0.01359	0.01366	-0.00910	0.01372	0.01366
CAC	CAT	CT	1.09275	0.02219	0.03648	-1.09275	0.06618	0.03648
CAA	CTA	AT	0.11745	0.03151	0.03340	-0.11745	0.03544	0.03340
CAA	CCA	AC	0.30921	0.04028	0.04683	-0.30921	0.05488	0.04683
CAA	CAT	AT	0.82659	0.03151	0.04631	-0.82659	0.07203	0.04631
CAA	CAC	AC	-0.26616	0.04028	0.03516	0.26616	0.03087	0.03516
CAG	CTG	AT	2.19395	0.00433	0.01070	-2.19395	0.03887	0.01070
CAG	CCG	AC	-0.19157	0.00554	0.00503	0.19157	0.00457	0.00503
CAG	CAT	GT	1.48687	0.00433	0.00832	-1.48687	0.01917	0.00832
CAG	CAC	GC	0.39412	0.00554	0.00670	-0.39412	0.00821	0.00670
CAG	CAA	GA	0.66028	0.02624	0.03585	-0.66028	0.05078	0.03585
CGT	TGT	CT	1.00314	0.06164	0.09764	-1.00314	0.16809	0.09764
CGT	CTT	GT	-0.70465	0.02954	0.02035	0.70465	0.01460	0.02035
CGT	CCT	GC	-1.21039	0.03776	0.01941	1.21039	0.01126	0.01941
CGT	CAT	GA	-1.49821	0.17890	0.07716	1.49821	0.03999	0.07716
CGC	TGC	CT	0.31821	0.04356	0.05086	-0.31821	0.05988	0.05086
CGC	CTC	GT	-2.14922	0.02088	0.00592	2.14922	0.00243	0.00592
CGC	CCC	GC	-1.98920	0.02669	0.00841	1.98920	0.00365	0.00841
CGC	CAC	GA	-1.99831	0.12642	0.03962	1.99831	0.01714	0.03962
CGC	CGT	CT	0.59265	0.04356	0.05774	-0.59265	0.07879	0.05774
CGA	CTA	GT	0.17989	0.00788	0.00861	-0.17989	0.00943	0.00861
CGA	CCA	GC	0.37165	0.01007	0.01206	-0.37165	0.01460	0.01206
CGA	CAA	GA	0.06244	0.04771	0.04921	-0.06244	0.05078	0.04921
CGA	CGT	AT	2.38724	0.00788	0.02071	-2.38724	0.08574	0.02071
CGA	CGC	AC	1.79459	0.01007	0.02167	-1.79459	0.06059	0.02167
CGG	TGG	CT	2.23788	0.00247	0.00618	-2.23788	0.02311	0.00618
CGG	CTG	GT	2.16938	0.00118	0.00289	-2.16938	0.01034	0.00289
CGG	CCG	GC	-0.21614	0.00151	0.00135	0.21614	0.00122	0.00135
CGG	CAG	GA	-0.02457	0.00716	0.00707	0.02457	0.00698	0.00707
CGG	CGT	GT	2.96051	0.00118	0.00369	-2.96051	0.02282	0.00369
CGG	CGC	GC	2.36786	0.00151	0.00395	-2.36786	0.01612	0.00395
CGG	CGA	GA	0.57327	0.00716	0.00940	-0.57327	0.01270	0.00940
ATT	TTT	AT	0.94997	0.04333	0.06712	-0.94997	0.11204	0.06712
ATT	CTT	AC	-0.00924	0.05539	0.05513	0.00924	0.05488	0.05513
ATC	TTC	AT	1.40196	0.00985	0.01831	-1.40196	0.04001	0.01831
ATC	CTC	AC	-0.31940	0.01259	0.01068	0.31940	0.00915	0.01068
ATC	ATT	CT	1.72706	0.02055	0.04316	-1.72706	0.11556	0.04316
ATA	TTA	AT	1.05563	0.04018	0.06505	-1.05563	0.11547	0.06505
ATA	CTA	AC	-0.37095	0.05136	0.04242	0.37095	0.03544	0.04242
ATA	ATT	AT	1.14099	0.04018	0.06737	-1.14099	0.12576	0.06737
ATA	ATC	AC	-0.58606	0.05136	0.03777	0.58606	0.02858	0.03777
ATG	TTG	AT	1.24781	0.03151	0.05516	-1.24781	0.10975	0.05516
ATG	CTG	AC	-0.03563	0.04028	0.03957	0.03563	0.03887	0.03957
ATG	ATT	GT	0.06009	0.03151	0.03247	-0.06009	0.03347	0.03247
ATG	ATC	GC	-1.66697	0.04028	0.01563	1.66697	0.00761	0.01563
ATG	ATA	GA	-1.08091	0.19083	0.10592	1.08091	0.06475	0.10592
ACT	TCT	AT	-0.03313	0.02364	0.02325	0.03313	0.02287	0.02325
ACT	CCT	AC	0.33661	0.03021	0.03558	-0.33661	0.04230	0.03558
ACT	ATT	CT	0.85159	0.04931	0.07326	-0.85159	0.11556	0.07326
ACC	TCC	AT	0.79219	0.01812	0.02624	-0.79219	0.04001	0.02624
ACC	CCC	AC	-0.52370	0.02316	0.01762	0.52370	0.01372	0.01762
ACC	ATC	CT	-0.36431	0.03781	0.03134	0.36431	0.02626	0.03134
ACC	ACT	CT	0.51116	0.03781	0.04829	-0.51116	0.06303	0.04829
ACA	TCA	AT	0.78923	0.02285	0.03304	-0.78923	0.05030	0.03304
ACA	CCA	AC	0.63079	0.02920	0.03938	-0.63079	0.05488	0.03938
ACA	ATA	CT	0.80998	0.04767	0.06955	-0.80998	0.10715	0.06955
ACA	ACT	AT	1.09939	0.02285	0.03766	-1.09939	0.06860	0.03766
ACA	ACC	AC	0.58823	0.02920	0.03863	-0.58823	0.05259	0.03863
ACG	TCG	AT	1.17370	0.01379	0.02343	-1.17370	0.04459	0.02343
ACG	CCG	AC	-1.34902	0.01762	0.00833	1.34902	0.00457	0.00833
ACG	ATG	CT	1.07213	0.02877	0.04689	-1.07213	0.08404	0.04689
ACG	ACT	GT	0.28063	0.01379	0.01581	-0.28063	0.01825	0.01581
ACG	ACC	GC	-0.23053	0.01762	0.01567	0.23053	0.01399	0.01567
ACG	ACA	GA	-0.81876	0.08349	0.05392	0.81876	0.03682	0.05392
AAT	TAT	AT	0.95650	0.07248	0.11259	-0.95650	0.18864	0.11259
AAT	CAT	AC	-0.25177	0.09265	0.08147	0.25177	0.07203	0.08147
AAT	ATT	AT	0.55103	0.07248	0.09428	-0.55103	0.12576	0.09428
AAT	ACT	AC	-0.30056	0.09265	0.07942	0.30056	0.06860	0.07942
AAC	TAC	AT	0.85191	0.01024	0.01522	-0.85191	0.02401	0.01522
AAC	CAC	AC	0.85778	0.01309	0.01950	-0.85778	0.03087	0.01950
AAC	ATC	AT	1.02627	0.01024	0.01638	-1.02627	0.02858	0.01638
AAC	ACC	AC	1.39058	0.01309	0.02424	-1.39058	0.05259	0.02424
AAC	AAT	CT	2.20229	0.02137	0.05291	-2.20229	0.19330	0.05291
AAA	CAA	AC	0.15864	0.07804	0.08440	-0.15864	0.09146	0.08440
AAA	ATA	AT	0.64703	0.06106	0.08293	-0.64703	0.11661	0.08293
AAA	ACA	AC	-0.16295	0.07804	0.07186	0.16295	0.06631	0.07186
AAA	AAT	AT	1.23700	0.06106	0.10642	-1.23700	0.21036	0.10642
AAA	AAC	AC	-0.96529	0.07804	0.04634	0.96529	0.02972	0.04634
AAG	CAG	AC	-0.11427	0.01410	0.01331	0.11427	0.01258	0.01331
AAG	ATG	AT	2.11531	0.01103	0.02653	-2.11531	0.09146	0.02653
AAG	ACG	AC	1.04318	0.01410	0.02271	-1.04318	0.04001	0.02271
AAG	AAT	GT	1.62436	0.01103	0.02231	-1.62436	0.05598	0.02231
AAG	AAC	GC	-0.57793	0.01410	0.01041	0.57793	0.00791	0.01041
AAG	AAA	GA	0.38737	0.06679	0.08056	-0.38737	0.09839	0.08056
AGT	TGT	AT	1.44931	0.04294	0.08132	-1.44931	0.18292	0.08132
AGT	CGT	AC	0.44617	0.05488	0.06803	-0.44617	0.08574	0.06803
AGT	ATT	GT	-0.24924	0.04294	0.03781	0.24924	0.03347	0.03781
AGT	ACT	GC	-1.10082	0.05488	0.03011	1.10082	0.01825	0.03011
AGT	AAT	GA	-0.80027	0.26000	0.16970	0.80027	0.11679	0.16970
AGC	TGC	AT	2.27532	0.00670	0.01698	-2.27532	0.06517	0.01698
AGC	CGC	AC	1.95711	0.00856	0.01951	-1.95711	0.06059	0.01951
AGC	ATC	GT	0.12729	0.00670	0.00713	-0.12729	0.00761	0.00713
AGC	ACC	GC	0.49161	0.00856	0.01084	-0.49161	0.01399	0.01084
AGC	AAC	GA	-0.89897	0.04055	0.02502	0.89897	0.01650	0.02502
AGC	AGT	CT	2.10359	0.01397	0.03348	-2.10359	0.11451	0.03348
AGA	CGA	AC	-0.20958	0.02820	0.02534	0.20958	0.02287	0.02534
AGA	ATA	GT	0.34125	0.02206	0.02604	-0.34125	0.03103	0.02604
AGA	ACA	GC	-0.46873	0.02820	0.02210	0.46873	0.01765	0.02210
AGA	AAA	GA	-0.30578	0.13358	0.11419	0.30578	0.09839	0.11419
AGA	AGT	AT	1.73148	0.02206	0.04641	-1.73148	0.12461	0.04641
AGA	AGC	AC	-0.37210	0.02820	0.02328	0.37210	0.01944	0.02328
AGG	TGG	AT	1.95930	0.00355	0.00809	-1.95930	0.02515	0.00809
AGG	CGG	AC	-0.27858	0.00453	0.00393	0.27858	0.00343	0.00393
AGG	ATG	GT	1.92643	0.00355	0.00799	-1.92643	0.02434	0.00799
AGG	ACG	GC	0.85430	0.00453	0.00674	-0.85430	0.01065	0.00674
AGG	AAG	GA	-0.18887	0.02147	0.01950	0.18887	0.01777	0.01950
AGG	AGT	GT	2.23576	0.00355	0.00888	-2.23576	0.03316	0.00888
AGG	AGC	GC	0.13217	0.00453	0.00484	-0.13217	0.00517	0.00484
AGG	AGA	GA	0.50427	0.02147	0.02733	-0.50427	0.03555	0.02733
GTT	TTT	GT	0.26616	0.02285	0.02602	-0.26616	0.02981	0.02602
GTT	CTT	GC	-0.69306	0.02920	0.02024	0.69306	0.01460	0.02024
GTT	ATT	GA	-0.68382	0.13835	0.09640	0.68382	0.06982	0.09640
GTC	TTC	GT	0.30125	0.00788	0.00912	-0.30125	0.01065	0.00912
GTC	CTC	GC	-1.42011	0.01007	0.00456	1.42011	0.00243	0.00456
GTC	ATC	GA	-1.10071	0.04771	0.02617	1.10071	0.01587	0.02617
GTC	GTT	CT	1.31016	0.01644	0.02949	-1.31016	0.06093	0.02949
GTA	TTA	GT	1.13788	0.00985	0.01649	-1.13788	0.03073	0.01649
GTA	CTA	GC	-0.28871	0.01259	0.01086	0.28871	0.00943	0.01086
GTA	ATA	GA	0.08224	0.05963	0.06212	-0.08224	0.06475	0.06212
GTA	GTT	AT	1.90705	0.00985	0.02206	-1.90705	0.06631	0.02206
GTA	GTC	AC	0.59689	0.01259	0.01672	-0.59689	0.02287	0.01672
GTG	TTG	GT	1.31025	0.00788	0.01414	-1.31025	0.02921	0.01414
GTG	CTG	GC	0.02681	0.01007	0.01021	-0.02681	0.01034	0.01021
GTG	ATG	GA	0.06244	0.04771	0.04921	-0.06244	0.05078	0.04921
GTG	GTT	GT	0.80634	0.00788	0.01148	-0.80634	0.01765	0.01148
GTG	GTC	GC	-0.50382	0.01007	0.00775	0.50382	0.00608	0.00775
GTG	GTA	GA	-1.10071	0.04771	0.02617	1.10071	0.01587	0.02617
GCT	TCT	GT	-0.52073	0.01024	0.00781	0.52073	0.00608	0.00781
GCT	CCT	GC	-0.15100	0.01309	0.01213	0.15100	0.01126	0.01213
GCT	ACT	GA	-0.48761	0.06202	0.04812	0.48761	0.03809	0.04812
GCT	GTT	CT	1.04780	0.02137	0.03448	-1.04780	0.06093	0.03448
GCC	TCC	GT	0.03888	0.01024	0.01044	-0.03888	0.01065	0.01044
GCC	CCC	GC	-1.27701	0.01309	0.00646	1.27701	0.00365	0.00646
GCC	ACC	GA	-0.75331	0.06202	0.04156	0.75331	0.02920	0.04156
GCC	GTC	CT	-0.01691	0.02137	0.02119	0.01691	0.02101	0.02119
GCC	GCT	CT	0.24545	0.02137	0.02410	-0.24545	0.02731	0.02410
GCA	TCA	GT	0.09183	0.01221	0.01278	-0.09183	0.01339	0.01278
GCA	CCA	GC	-0.06661	0.01561	0.01509	0.06661	0.01460	0.01509
GCA	ACA	GA	-0.69740	0.07395	0.05113	0.69740	0.03682	0.05113
GCA	GTA	CT	0.03034	0.02548	0.02587	-0.03034	0.02626	0.02587
GCA	GCT	AT	0.88960	0.01221	0.01844	-0.88960	0.02972	0.01844
GCA	GCC	AC	0.64414	0.01561	0.02117	-0.64414	0.02972	0.02117
GCG	TCG	GT	0.92029	0.00473	0.00723	-0.92029	0.01186	0.00723
GCG	CCG	GC	-1.60243	0.00604	0.00244	1.60243	0.00122	0.00244
GCG	ACG	GA	-0.25341	0.02862	0.02515	0.25341	0.02222	0.02515
GCG	GTG	CT	0.75628	0.00986	0.01406	-0.75628	0.02101	0.01406
GCG	GCT	GT	0.51482	0.00473	0.00605	-0.51482	0.00791	0.00605
GCG	GCC	GC	0.26937	0.00604	0.00689	-0.26937	0.00791	0.00689
GCG	GCA	GA	-0.37477	0.02862	0.02359	0.37477	0.01968	0.02359
GAT	TAT	GT	-0.36736	0.07248	0.05998	0.36736	0.05020	0.05998
GAT	CAT	GC	-1.57562	0.09265	0.03808	1.57562	0.01917	0.03808
GAT	AAT	GA	-1.32385	0.43890	0.21068	1.32385	0.11679	0.21068
GAT	GTT	AT	-0.08901	0.07248	0.06930	0.08901	0.06631	0.06930
GAT	GCT	AC	-1.13680	0.09265	0.04975	1.13680	0.02972	0.04975
GAC	TAC	GT	-0.54605	0.01103	0.00829	0.54605	0.00639	0.00829
GAC	CAC	GC	-0.54019	0.01410	0.01063	0.54019	0.00821	0.01063
GAC	AAC	GA	-1.39796	0.06679	0.03064	1.39796	0.01650	0.03064
GAC	GTC	AT	0.72901	0.01103	0.01553	-0.72901	0.02287	0.01553
GAC	GCC	AC	0.74593	0.01410	0.02000	-0.74593	0.02972	0.02000
GAC	GAT	CT	2.12818	0.02301	0.05559	-2.12818	0.19330	0.05559
GAA	CAA	GC	-0.38447	0.03575	0.02932	0.38447	0.02434	0.02932
GAA	AAA	GA	-0.54311	0.16936	0.12751	0.54311	0.09839	0.12751
GAA	GTA	AT	0.02168	0.02797	0.02827	-0.02168	0.02858	0.02827
GAA	GCA	AC	-0.00866	0.03575	0.03559	0.00866	0.03544	0.03559
GAA	GAT	AT	2.01774	0.02797	0.06509	-2.01774	0.21036	0.06509
GAA	GAC	AC	-0.11044	0.03575	0.03381	0.11044	0.03201	0.03381
GAG	CAG	GC	-1.36402	0.01309	0.00613	1.36402	0.00335	0.00613
GAG	AAG	GA	-1.24975	0.06202	0.03113	1.24975	0.01777	0.03113
GAG	GTG	AT	0.80312	0.01024	0.01490	-0.80312	0.02287	0.01490
GAG	GCG	AC	0.04684	0.01309	0.01340	-0.04684	0.01372	0.01340
GAG	GAT	GT	1.69847	0.01024	0.02129	-1.69847	0.05598	0.02129
GAG	GAC	GC	-0.42971	0.01309	0.01048	0.42971	0.00852	0.01048
GAG	GAA	GA	-0.31927	0.06202	0.05264	0.31927	0.04507	0.05264
GGT	TGT	GT	0.23184	0.03860	0.04325	-0.23184	0.04868	0.04325
GGT	CGT	GC	-0.77130	0.04934	0.03274	0.77130	0.02282	0.03274
GGT	AGT	GA	-1.21747	0.23376	0.11965	1.21747	0.06919	0.11965
GGT	GTT	GT	-0.78289	0.03860	0.02544	0.78289	0.01765	0.02544
GGT	GCT	GC	-1.83069	0.04934	0.01725	1.83069	0.00791	0.01725
GGT	GAT	GA	-0.69389	0.23376	0.16197	0.69389	0.11679	0.16197
GGC	TGC	GT	-0.42001	0.02639	0.02124	0.42001	0.01734	0.02124
GGC	CGC	GC	-0.73822	0.03374	0.02280	0.73822	0.01612	0.02280
GGC	AGC	GA	-2.69533	0.15982	0.03119	2.69533	0.01079	0.03119
GGC	GTC	GT	-1.46733	0.02639	0.01160	1.46733	0.00608	0.01160
GGC	GCC	GC	-1.45042	0.03374	0.01499	1.45042	0.00791	0.01499
GGC	GAC	GA	-2.19634	0.15982	0.04392	2.19634	0.01777	0.04392
GGC	GGT	CT	0.62573	0.05507	0.07408	-0.62573	0.10295	0.07408
GGA	CGA	GC	-1.09161	0.01813	0.01000	1.09161	0.00608	0.01000
GGA	AGA	GA	-0.88202	0.08587	0.05350	0.88202	0.03555	0.05350
GGA	GTA	GT	-0.62301	0.01418	0.01022	0.62301	0.00761	0.01022
GGA	GCA	GC	-0.65335	0.01813	0.01285	0.65335	0.00943	0.01285
GGA	GAA	GA	-0.64469	0.08587	0.06115	0.64469	0.04507	0.06115
GGA	GGT	AT	2.06694	0.01418	0.03356	-2.06694	0.11204	0.03356
GGA	GGC	AC	1.44121	0.01813	0.03422	-1.44121	0.07660	0.03422
GGG	TGG	GT	0.34777	0.00473	0.00560	-0.34777	0.00669	0.00560
GGG	CGG	GC	-1.89011	0.00604	0.00203	1.89011	0.00091	0.00203
GGG	AGG	GA	-1.61154	0.02862	0.01150	1.61154	0.00571	0.01150
GGG	GTG	GT	0.25246	0.00473	0.00535	-0.25246	0.00608	0.00535
GGG	GCG	GC	-0.50382	0.00604	0.00465	0.50382	0.00365	0.00465
GGG	GAG	GA	-0.55066	0.02862	0.02146	0.55066	0.01650	0.02146
GGG	GGT	GT	1.84169	0.00473	0.01035	-1.84169	0.02981	0.01035
GGG	GGC	GC	1.21597	0.00604	0.01044	-1.21597	0.02038	0.01044
GGG	GGA	GA	-0.22524	0.02862	0.02552	0.22524	0.02285	0.02552


Histograms
2Ns	FMut	FSub(CodonUsage)	FSubw(after w)

-2.81953	0.00843	0.00195
-2.53758	0.00561	0.00146
-2.25563	0.05891	0.01917
-1.97367	0.04542	0.01739
-1.69172	0.03486	0.01614
-1.40977	0.12610	0.07217
-1.12781	0.12152	0.07934
-0.84586	0.08953	0.06910
-0.56391	0.10160	0.09029
-0.28195	0.08857	0.09301
0.00000	0.06596	0.07995
0.28195	0.06692	0.09301
0.56391	0.05624	0.09029
0.84586	0.03850	0.06910
1.12781	0.03919	0.07934
1.40977	0.03266	0.07217
1.69172	0.00642	0.01614
1.97367	0.00623	0.01739
2.25563	0.00633	0.01917
2.53758	0.00043	0.00146
2.81953	0.00055	0.00195

Proportion of advantageous (S > 0) mutations:
 0.28552

Proportions of good & bad mutations (|S| > 2.0000) among mutations:
0.01021  0.09545

mean |Ns| = 1.00430	mean Ns+ = 0.74966	mean Ns- = -1.10607


MLEs of dN/dS (w) for site classes (K=11)

p:   0.10000  0.10000  0.10000  0.10000  0.10000  0.10000  0.10000  0.10000  0.10000  0.10000  0.00001
w:   0.00241  0.01299  0.02898  0.05010  0.07691  0.11067  0.15381  0.21122  0.29476  0.45245  6.15024
(note that p[10] is zero)


Naive Empirical Bayes (NEB) probabilities for 11 classes & postmean_w & P(w>1)
(amino acids refer to 1st sequence: Stomoxys_calcitrans_lysi2.1)

   1 M   0.36819 0.27532 0.17792 0.10051 0.04916 0.02030 0.00673 0.00163 0.00023 0.00001 0.00000 ( 1)  0.022  0.000
   2 V   0.00143 0.03170 0.10544 0.18593 0.22619 0.20668 0.14389 0.07308 0.02325 0.00242 0.00000 ( 5)  0.099  0.000
   3 L   0.00118 0.02663 0.09134 0.16778 0.21506 0.20999 0.15916 0.09041 0.03373 0.00471 0.00000 ( 5)  0.107  0.000
   4 T   0.00000 0.00002 0.00071 0.00675 0.03122 0.09073 0.18477 0.27256 0.27698 0.13627 0.00000 ( 9)  0.242  0.000
   5 N   0.00108 0.02462 0.08553 0.15972 0.20905 0.20968 0.16479 0.09866 0.04012 0.00675 0.00000 ( 6)  0.111  0.000
   6 E   0.04533 0.17780 0.24654 0.22891 0.16150 0.08903 0.03756 0.01126 0.00198 0.00010 0.00000 ( 3)  0.052  0.000
   7 L   0.00000 0.00016 0.00281 0.01647 0.05407 0.12139 0.20286 0.25769 0.23543 0.10913 0.00000 ( 8)  0.223  0.000
   8 S   0.03596 0.14798 0.22031 0.22425 0.17723 0.11218 0.05607 0.02080 0.00485 0.00037 0.00000 ( 4)  0.060  0.000
   9 Q   0.02577 0.11295 0.18436 0.21058 0.19076 0.14127 0.08430 0.03806 0.01094 0.00101 0.00000 ( 4)  0.072  0.000
  10 K   0.02449 0.10699 0.17457 0.20093 0.18603 0.14407 0.09328 0.04859 0.01810 0.00295 0.00000 ( 4)  0.078  0.000
  11 V   0.02873 0.12314 0.19483 0.21452 0.18670 0.13267 0.07605 0.03314 0.00933 0.00089 0.00000 ( 4)  0.069  0.000
  12 I   0.00002 0.00194 0.01584 0.05469 0.11921 0.18924 0.23035 0.21340 0.13686 0.03846 0.00000 ( 7)  0.172  0.000
  13 I   0.00003 0.00355 0.02669 0.08298 0.15935 0.21820 0.22434 0.17221 0.09069 0.02196 0.00000 ( 7)  0.149  0.000
  14 A   0.03794 0.15449 0.22651 0.22607 0.17436 0.10705 0.05142 0.01804 0.00386 0.00026 0.00000 ( 3)  0.058  0.000
  15 A   0.38087 0.27956 0.17563 0.09554 0.04453 0.01728 0.00530 0.00116 0.00014 0.00000 0.00000 ( 1)  0.021  0.000
  16 F   0.00065 0.01544 0.05732 0.11698 0.17161 0.19896 0.18823 0.14386 0.08234 0.02461 0.00000 ( 6)  0.138  0.000
  17 L   0.00123 0.02760 0.09408 0.17148 0.21770 0.20999 0.15657 0.08674 0.03087 0.00375 0.00000 ( 5)  0.105  0.000
  18 V   0.00150 0.03296 0.10870 0.18964 0.22774 0.20497 0.14024 0.06990 0.02194 0.00242 0.00000 ( 5)  0.097  0.000
  19 S   0.28756 0.23956 0.18211 0.12723 0.08120 0.04657 0.02324 0.00948 0.00273 0.00032 0.00000 ( 1)  0.033  0.000
  20 F   0.03507 0.14497 0.21738 0.22339 0.17867 0.11471 0.05824 0.02196 0.00520 0.00041 0.00000 ( 4)  0.061  0.000
  21 V   0.00000 0.00012 0.00213 0.01277 0.04325 0.10118 0.17897 0.24690 0.25755 0.15712 0.00000 ( 9)  0.242  0.000
  22 L   0.24952 0.21677 0.17565 0.13362 0.09513 0.06271 0.03748 0.01946 0.00794 0.00172 0.00000 ( 1)  0.042  0.000
  23 V   0.02520 0.11083 0.18179 0.20888 0.19062 0.14261 0.08646 0.04012 0.01219 0.00131 0.00000 ( 4)  0.074  0.000
  24 I   0.00000 0.00039 0.00644 0.03393 0.09723 0.18408 0.24812 0.23902 0.15068 0.04011 0.00000 ( 7)  0.181  0.000
  25 G   0.32718 0.25897 0.18237 0.11538 0.06514 0.03218 0.01340 0.00437 0.00094 0.00007 0.00000 ( 1)  0.027  0.000
  26 S   0.31513 0.25364 0.18308 0.11951 0.07004 0.03612 0.01577 0.00541 0.00122 0.00009 0.00000 ( 1)  0.029  0.000
  27 I   0.36385 0.27342 0.17820 0.10200 0.05092 0.02169 0.00757 0.00200 0.00033 0.00002 0.00000 ( 1)  0.023  0.000
  28 Y   0.32111 0.25618 0.18258 0.11736 0.06759 0.03424 0.01471 0.00500 0.00114 0.00009 0.00000 ( 1)  0.028  0.000
  29 L   0.26824 0.22779 0.17852 0.13020 0.08814 0.05483 0.03069 0.01483 0.00562 0.00115 0.00000 ( 1)  0.038  0.000
  30 H   0.41877 0.28922 0.16589 0.08020 0.03231 0.01052 0.00261 0.00044 0.00004 0.00000 0.00000 ( 1)  0.018  0.000
  31 L   0.00025 0.00632 0.02604 0.06092 0.10604 0.15171 0.18576 0.19566 0.17010 0.09719 0.00000 ( 8)  0.193  0.000
  32 Q   0.00003 0.00382 0.02835 0.08703 0.16532 0.22420 0.22754 0.16931 0.08096 0.01343 0.00000 ( 7)  0.143  0.000
  33 Q   0.03334 0.13906 0.21140 0.22126 0.18115 0.11972 0.06293 0.02466 0.00603 0.00046 0.00000 ( 4)  0.063  0.000
  34 K   0.34251 0.26517 0.18081 0.10986 0.05914 0.02767 0.01084 0.00330 0.00066 0.00004 0.00000 ( 1)  0.025  0.000
  35 H   0.00005 0.00529 0.03788 0.11032 0.19481 0.23966 0.21434 0.13612 0.05401 0.00753 0.00000 ( 6)  0.129  0.000
  36 H   0.43530 0.29242 0.16082 0.07353 0.02759 0.00822 0.00183 0.00027 0.00002 0.00000 0.00000 ( 1)  0.017  0.000
  37 L   0.01310 0.06230 0.11514 0.15514 0.17354 0.16787 0.14108 0.10031 0.05526 0.01628 0.00000 ( 5)  0.110  0.000
  38 G   0.29565 0.24348 0.18206 0.12468 0.07782 0.04362 0.02132 0.00858 0.00248 0.00031 0.00000 ( 1)  0.032  0.000
  39 R   0.29832 0.24510 0.18254 0.12424 0.07683 0.04245 0.02029 0.00787 0.00213 0.00023 0.00000 ( 1)  0.032  0.000
  40 L   0.00099 0.02284 0.08039 0.15276 0.20442 0.21068 0.17090 0.10583 0.04412 0.00706 0.00000 ( 6)  0.114  0.000
  41 -   0.26955 0.23002 0.18106 0.13209 0.08865 0.05377 0.02848 0.01230 0.00368 0.00039 0.00000 ( 1)  0.037  0.000
  42 -   0.24677 0.21605 0.17676 0.13569 0.09712 0.06385 0.03747 0.01853 0.00672 0.00103 0.00000 ( 1)  0.042  0.000
  43 N   0.37128 0.27589 0.17685 0.09911 0.04822 0.01993 0.00672 0.00170 0.00027 0.00001 0.00000 ( 1)  0.022  0.000
  44 I   0.00059 0.01423 0.05341 0.11058 0.16514 0.19573 0.19025 0.15044 0.09020 0.02941 0.00000 ( 6)  0.143  0.000
  45 G   0.02426 0.10658 0.17511 0.20282 0.18844 0.14553 0.09282 0.04652 0.01587 0.00205 0.00000 ( 4)  0.077  0.000
  46 D   0.00089 0.02081 0.07472 0.14557 0.20039 0.21279 0.17769 0.11263 0.04727 0.00723 0.00000 ( 6)  0.117  0.000
  47 D   0.00096 0.02215 0.07807 0.14886 0.20040 0.20861 0.17217 0.11005 0.04906 0.00968 0.00000 ( 6)  0.117  0.000
  48 R   0.00111 0.02523 0.08743 0.16272 0.21192 0.21085 0.16335 0.09522 0.03671 0.00547 0.00000 ( 5)  0.109  0.000
  49 I   0.00000 0.00000 0.00001 0.00015 0.00172 0.01107 0.04731 0.14564 0.32787 0.46624 0.00000 (10)  0.347  0.000
  50 Q   0.00113 0.02584 0.08971 0.16687 0.21628 0.21269 0.16111 0.09017 0.03221 0.00399 0.00000 ( 5)  0.107  0.000
  51 P   0.34684 0.26752 0.18109 0.10865 0.05726 0.02589 0.00960 0.00267 0.00046 0.00002 0.00000 ( 1)  0.024  0.000
  52 T   0.32055 0.25581 0.18244 0.11742 0.06781 0.03451 0.01496 0.00517 0.00122 0.00011 0.00000 ( 1)  0.028  0.000
  53 K   0.00062 0.01629 0.06599 0.14185 0.20821 0.22663 0.18564 0.10974 0.04026 0.00477 0.00000 ( 6)  0.116  0.000
  54 G   0.00021 0.00617 0.02887 0.07394 0.13401 0.18837 0.21190 0.18899 0.12426 0.04328 0.00000 ( 7)  0.164  0.000
  55 V   0.03990 0.16098 0.23267 0.22777 0.17131 0.10179 0.04684 0.01551 0.00306 0.00018 0.00000 ( 3)  0.056  0.000
  56 C   0.28889 0.24013 0.18198 0.12670 0.08060 0.04612 0.02303 0.00945 0.00276 0.00033 0.00000 ( 1)  0.033  0.000
  57 L   0.00000 0.00001 0.00031 0.00311 0.01560 0.05053 0.11930 0.21737 0.30655 0.28722 0.00000 ( 9)  0.292  0.000
  58 R   0.04132 0.16486 0.23477 0.22625 0.16792 0.09919 0.04610 0.01590 0.00346 0.00024 0.00000 ( 3)  0.056  0.000
  59 C   0.28883 0.24011 0.18200 0.12674 0.08063 0.04614 0.02303 0.00944 0.00275 0.00033 0.00000 ( 1)  0.033  0.000
  60 L   0.30640 0.24865 0.18201 0.12140 0.07348 0.03979 0.01874 0.00726 0.00203 0.00025 0.00000 ( 1)  0.031  0.000
  61 C   0.28830 0.23985 0.18199 0.12690 0.08086 0.04634 0.02316 0.00950 0.00277 0.00033 0.00000 ( 1)  0.033  0.000
  62 K   0.00045 0.01214 0.05163 0.11796 0.18655 0.22217 0.20296 0.13720 0.05978 0.00915 0.00000 ( 6)  0.128  0.000
  63 T   0.03441 0.14248 0.21435 0.22155 0.17895 0.11676 0.06088 0.02397 0.00611 0.00055 0.00000 ( 4)  0.062  0.000
  64 L   0.00000 0.00003 0.00111 0.01009 0.04420 0.11975 0.22220 0.28772 0.23839 0.07652 0.00000 ( 8)  0.217  0.000
  65 N   0.00216 0.04555 0.14013 0.22324 0.23937 0.18744 0.10799 0.04331 0.01013 0.00067 0.00000 ( 5)  0.084  0.000
  66 E   0.03939 0.15887 0.22989 0.22597 0.17153 0.10377 0.04932 0.01727 0.00374 0.00025 0.00000 ( 3)  0.057  0.000
  67 C   0.28945 0.24045 0.18205 0.12659 0.08039 0.04589 0.02284 0.00932 0.00270 0.00032 0.00000 ( 1)  0.033  0.000
  68 R   0.00000 0.00001 0.00036 0.00375 0.01933 0.06320 0.14635 0.24956 0.30468 0.21275 0.00000 ( 9)  0.270  0.000
  69 P   0.00000 0.00033 0.00556 0.03005 0.08879 0.17428 0.24491 0.24723 0.16367 0.04518 0.00000 ( 8)  0.186  0.000
  70 V   0.00144 0.03201 0.10639 0.18736 0.22739 0.20687 0.14285 0.07143 0.02207 0.00220 0.00000 ( 5)  0.098  0.000
  71 T   0.00000 0.00000 0.00004 0.00069 0.00544 0.02556 0.08292 0.19743 0.34194 0.34598 0.00000 (10)  0.315  0.000
  72 C   0.28941 0.24043 0.18205 0.12660 0.08041 0.04591 0.02285 0.00933 0.00271 0.00032 0.00000 ( 1)  0.033  0.000
  73 S   0.00000 0.00000 0.00000 0.00010 0.00124 0.00870 0.04053 0.13552 0.32868 0.48524 0.00000 (10)  0.352  0.000
  74 L   0.00000 0.00004 0.00097 0.00704 0.02868 0.07965 0.16411 0.25668 0.29024 0.17258 0.00000 ( 9)  0.254  0.000
  75 Y   0.00000 0.00000 0.00000 0.00001 0.00026 0.00252 0.01585 0.07225 0.25232 0.65678 0.00000 (10)  0.390  0.000
  76 D   0.00003 0.00392 0.02929 0.09009 0.17031 0.22784 0.22587 0.16301 0.07618 0.01345 0.00000 ( 6)  0.141  0.000
  77 P   0.36306 0.27365 0.17892 0.10256 0.05103 0.02147 0.00726 0.00179 0.00026 0.00001 0.00000 ( 1)  0.023  0.000
  78 C   0.28937 0.24039 0.18201 0.12658 0.08041 0.04593 0.02288 0.00936 0.00273 0.00033 0.00000 ( 1)  0.033  0.000
  79 G   0.30723 0.24955 0.18271 0.12165 0.07322 0.03916 0.01799 0.00664 0.00169 0.00016 0.00000 ( 1)  0.030  0.000
  80 I   0.00001 0.00144 0.01211 0.04332 0.09883 0.16640 0.21876 0.22513 0.16905 0.06494 0.00000 ( 8)  0.189  0.000
  81 Y   0.00091 0.02112 0.07530 0.14555 0.19886 0.21008 0.17561 0.11306 0.05009 0.00942 0.00000 ( 6)  0.118  0.000
  82 G   0.00003 0.00317 0.02446 0.07842 0.15585 0.22083 0.23322 0.17965 0.08877 0.01562 0.00000 ( 7)  0.148  0.000
  83 I   0.35279 0.26933 0.17976 0.10615 0.05510 0.02464 0.00913 0.00260 0.00048 0.00003 0.00000 ( 1)  0.024  0.000
  84 S   0.00090 0.02087 0.07423 0.14334 0.19617 0.20851 0.17648 0.11607 0.05311 0.01030 0.00000 ( 6)  0.120  0.000
  85 I   0.02987 0.12629 0.19640 0.21265 0.18285 0.12968 0.07556 0.03455 0.01082 0.00132 0.00000 ( 4)  0.069  0.000
  86 S   0.00000 0.00000 0.00000 0.00000 0.00000 0.00003 0.00054 0.00652 0.07015 0.92276 0.00000 (10)  0.440  0.000
  87 Y   0.31443 0.25310 0.18280 0.11952 0.07030 0.03652 0.01617 0.00569 0.00135 0.00012 0.00000 ( 1)  0.029  0.000
  88 W   0.31821 0.25574 0.18389 0.11908 0.06874 0.03452 0.01439 0.00453 0.00086 0.00004 0.00000 ( 1)  0.028  0.000
  89 M   0.00000 0.00001 0.00045 0.00448 0.02210 0.06940 0.15497 0.25573 0.30098 0.19188 0.00000 ( 9)  0.263  0.000
  90 D   0.32409 0.25735 0.18222 0.11624 0.06642 0.03339 0.01427 0.00484 0.00111 0.00009 0.00000 ( 1)  0.028  0.000
  91 G   0.00000 0.00000 0.00007 0.00125 0.00930 0.04068 0.11919 0.24558 0.34337 0.24056 0.00000 ( 9)  0.286  0.000
  92 G   0.00097 0.02231 0.07884 0.15056 0.20267 0.21030 0.17200 0.10783 0.04620 0.00832 0.00000 ( 6)  0.116  0.000
  93 Q   0.00104 0.02378 0.08289 0.15587 0.20635 0.21033 0.16855 0.10278 0.04189 0.00652 0.00000 ( 6)  0.113  0.000
  94 Q   0.00003 0.00349 0.02660 0.08395 0.16350 0.22587 0.23119 0.17132 0.08066 0.01339 0.00000 ( 7)  0.144  0.000
  95 L   0.00003 0.00409 0.03053 0.09384 0.17669 0.23406 0.22723 0.15718 0.06709 0.00926 0.00000 ( 6)  0.137  0.000
  96 T   0.00096 0.02212 0.07853 0.15084 0.20411 0.21246 0.17339 0.10712 0.04381 0.00666 0.00000 ( 6)  0.115  0.000
  97 M   0.00000 0.00000 0.00015 0.00236 0.01594 0.06222 0.16005 0.28224 0.32119 0.15586 0.00000 ( 9)  0.258  0.000
  98 D   0.02926 0.12470 0.19590 0.21415 0.18531 0.13132 0.07548 0.03329 0.00963 0.00097 0.00000 ( 4)  0.069  0.000
  99 N   0.00040 0.01008 0.03993 0.08839 0.14279 0.18499 0.19847 0.17474 0.11740 0.04280 0.00000 ( 7)  0.159  0.000
 100 F   0.00004 0.00419 0.03062 0.09213 0.17079 0.22550 0.22298 0.16276 0.07766 0.01334 0.00000 ( 6)  0.141  0.000
 101 N   0.00000 0.00000 0.00018 0.00194 0.01057 0.03772 0.09976 0.20546 0.32525 0.31911 0.00000 ( 9)  0.304  0.000
 102 D   0.00000 0.00023 0.00402 0.02260 0.07033 0.14744 0.22561 0.25545 0.19996 0.07436 0.00000 ( 8)  0.204  0.000
 103 E   0.00000 0.00044 0.00716 0.03733 0.10556 0.19613 0.25690 0.23563 0.13432 0.02655 0.00000 ( 7)  0.173  0.000
 104 E   0.00000 0.00003 0.00094 0.00861 0.03812 0.10517 0.20156 0.27691 0.25780 0.11086 0.00000 ( 8)  0.231  0.000
 105 D   0.00002 0.00232 0.01845 0.06160 0.12904 0.19597 0.22763 0.20169 0.12581 0.03749 0.00000 ( 7)  0.167  0.000
 106 P   0.00074 0.01744 0.06401 0.12866 0.18479 0.20764 0.18699 0.13154 0.06466 0.01353 0.00000 ( 6)  0.127  0.000
 107 Y   0.31647 0.25408 0.18278 0.11890 0.06947 0.03579 0.01568 0.00545 0.00127 0.00011 0.00000 ( 1)  0.029  0.000
 108 L   0.31536 0.25287 0.18186 0.11860 0.06987 0.03667 0.01668 0.00622 0.00168 0.00020 0.00000 ( 1)  0.029  0.000
 109 R   0.00022 0.00628 0.02970 0.07761 0.14349 0.20337 0.22487 0.18778 0.10441 0.02228 0.00000 ( 7)  0.153  0.000
 110 C   0.28955 0.24049 0.18203 0.12654 0.08034 0.04586 0.02283 0.00933 0.00271 0.00032 0.00000 ( 1)  0.033  0.000
 111 A   0.00000 0.00002 0.00092 0.00856 0.03842 0.10709 0.20597 0.28071 0.25458 0.10372 0.00000 ( 8)  0.228  0.000
 112 N   0.37128 0.27589 0.17685 0.09911 0.04822 0.01993 0.00672 0.00170 0.00027 0.00001 0.00000 ( 1)  0.022  0.000
 113 D   0.33286 0.26110 0.18157 0.11320 0.06293 0.03064 0.01262 0.00411 0.00090 0.00007 0.00000 ( 1)  0.026  0.000
 114 D   0.00004 0.00474 0.03404 0.09979 0.17892 0.22682 0.21459 0.15132 0.07349 0.01626 0.00000 ( 6)  0.139  0.000
 115 R   0.00000 0.00000 0.00004 0.00067 0.00522 0.02454 0.07978 0.19130 0.33725 0.36120 0.00000 (10)  0.319  0.000
 116 C   0.28958 0.24050 0.18203 0.12653 0.08033 0.04585 0.02282 0.00932 0.00271 0.00032 0.00000 ( 1)  0.033  0.000
 117 A   0.02510 0.10944 0.17804 0.20394 0.18733 0.14313 0.09047 0.04509 0.01541 0.00205 0.00000 ( 4)  0.076  0.000
 118 A   0.00000 0.00031 0.00513 0.02720 0.07933 0.15568 0.22447 0.24411 0.19036 0.07342 0.00000 ( 8)  0.200  0.000
 119 D   0.00000 0.00000 0.00012 0.00196 0.01350 0.05406 0.14403 0.26709 0.32937 0.18986 0.00000 ( 9)  0.269  0.000
 120 T   0.00000 0.00059 0.00930 0.04619 0.12299 0.21286 0.25705 0.21571 0.11305 0.02226 0.00000 ( 7)  0.164  0.000
 121 V   0.00147 0.03252 0.10769 0.18877 0.22787 0.20606 0.14141 0.07031 0.02169 0.00222 0.00000 ( 5)  0.097  0.000
 122 R   0.00069 0.01636 0.05986 0.12017 0.17329 0.19778 0.18508 0.14121 0.08158 0.02398 0.00000 ( 6)  0.136  0.000
 123 G   0.00000 0.00000 0.00000 0.00008 0.00108 0.00780 0.03730 0.12873 0.32421 0.50078 0.00000 (10)  0.356  0.000
 124 Y   0.33250 0.26133 0.18209 0.11361 0.06301 0.03044 0.01231 0.00386 0.00079 0.00005 0.00000 ( 1)  0.026  0.000
 125 I   0.00002 0.00244 0.01971 0.06676 0.14073 0.21205 0.23856 0.19612 0.10382 0.01979 0.00000 ( 7)  0.156  0.000
 126 K   0.00000 0.00000 0.00015 0.00227 0.01514 0.05866 0.15106 0.27076 0.32277 0.17919 0.00000 ( 9)  0.264  0.000
 127 R   0.02205 0.09798 0.16394 0.19468 0.18696 0.15086 0.10213 0.05577 0.02183 0.00380 0.00000 ( 4)  0.083  0.000
 128 F   0.00003 0.00361 0.02722 0.08480 0.16284 0.22209 0.22577 0.16925 0.08523 0.01916 0.00000 ( 7)  0.146  0.000
 129 Q   0.03371 0.14029 0.21259 0.22162 0.18060 0.11871 0.06203 0.02415 0.00586 0.00044 0.00000 ( 4)  0.063  0.000
 130 R   0.00000 0.00000 0.00022 0.00252 0.01445 0.05233 0.13354 0.24908 0.32634 0.22152 0.00000 ( 9)  0.277  0.000
 131 D   0.33453 0.26181 0.18145 0.11262 0.06226 0.03012 0.01231 0.00397 0.00086 0.00007 0.00000 ( 1)  0.026  0.000
 132 C   0.28845 0.23989 0.18195 0.12681 0.08078 0.04630 0.02316 0.00953 0.00280 0.00034 0.00000 ( 1)  0.033  0.000
 133 N   0.39036 0.28175 0.17293 0.09160 0.04156 0.01578 0.00479 0.00107 0.00014 0.00001 0.00000 ( 1)  0.020  0.000
 134 N   0.00132 0.02928 0.09804 0.17497 0.21727 0.20547 0.15146 0.08478 0.03227 0.00515 0.00000 ( 5)  0.104  0.000
 135 D   0.32409 0.25735 0.18222 0.11624 0.06642 0.03339 0.01427 0.00484 0.00111 0.00009 0.00000 ( 1)  0.028  0.000
 136 G   0.00067 0.01590 0.05900 0.12026 0.17579 0.20227 0.18860 0.14032 0.07643 0.02078 0.00000 ( 6)  0.134  0.000
 137 V   0.00000 0.00000 0.00000 0.00000 0.00002 0.00033 0.00367 0.02785 0.16144 0.80668 0.00000 (10)  0.419  0.000
 138 I   0.00000 0.00000 0.00007 0.00123 0.00886 0.03780 0.10957 0.22879 0.33817 0.27550 0.00000 ( 9)  0.294  0.000
 139 D   0.00108 0.02454 0.08487 0.15791 0.20643 0.20770 0.16493 0.10106 0.04318 0.00829 0.00000 ( 6)  0.113  0.000
 140 C   0.28923 0.24033 0.18203 0.12664 0.08048 0.04598 0.02291 0.00936 0.00272 0.00032 0.00000 ( 1)  0.033  0.000
 141 T   0.00000 0.00000 0.00000 0.00000 0.00005 0.00079 0.00782 0.05125 0.23609 0.70401 0.00000 (10)  0.400  0.000
 142 D   0.33444 0.26177 0.18145 0.11266 0.06230 0.03015 0.01232 0.00398 0.00086 0.00007 0.00000 ( 1)  0.026  0.000
 143 H   0.00002 0.00223 0.01771 0.05903 0.12389 0.18960 0.22399 0.20479 0.13480 0.04396 0.00000 ( 7)  0.171  0.000
 144 I   0.34784 0.26748 0.18045 0.10802 0.05699 0.02597 0.00983 0.00286 0.00054 0.00003 0.00000 ( 1)  0.025  0.000
 145 A   0.00000 0.00000 0.00001 0.00028 0.00303 0.01803 0.06951 0.18712 0.35061 0.37141 0.00000 (10)  0.324  0.000
 146 L   0.27217 0.23000 0.17897 0.12936 0.08665 0.05325 0.02939 0.01398 0.00519 0.00103 0.00000 ( 1)  0.037  0.000
 147 H   0.43202 0.29182 0.16185 0.07485 0.02851 0.00866 0.00197 0.00030 0.00002 0.00000 0.00000 ( 1)  0.017  0.000
 148 I   0.00000 0.00000 0.00002 0.00035 0.00296 0.01515 0.05484 0.15081 0.31942 0.45645 0.00000 (10)  0.343  0.000
 149 L   0.01363 0.06422 0.11726 0.15596 0.17234 0.16509 0.13806 0.09868 0.05604 0.01871 0.00000 ( 5)  0.111  0.000
 150 G   0.32353 0.25743 0.18268 0.11670 0.06662 0.03332 0.01404 0.00462 0.00099 0.00007 0.00000 ( 1)  0.028  0.000
 151 P   0.38285 0.28022 0.17527 0.09477 0.04381 0.01681 0.00506 0.00107 0.00012 0.00000 0.00000 ( 1)  0.021  0.000
 152 T   0.00000 0.00000 0.00005 0.00085 0.00640 0.02870 0.08875 0.20177 0.33639 0.33708 0.00000 (10)  0.312  0.000
 153 G   0.02918 0.12442 0.19553 0.21385 0.18519 0.13142 0.07576 0.03365 0.00992 0.00108 0.00000 ( 4)  0.069  0.000
 154 C   0.28951 0.24046 0.18203 0.12655 0.08036 0.04588 0.02284 0.00934 0.00272 0.00032 0.00000 ( 1)  0.033  0.000
 155 L   0.00033 0.00829 0.03322 0.07488 0.12439 0.16801 0.19176 0.18525 0.14418 0.06969 0.00000 ( 7)  0.176  0.000
 156 N   0.00000 0.00017 0.00304 0.01734 0.05536 0.12115 0.19866 0.25083 0.23386 0.11958 0.00000 ( 8)  0.225  0.000
 157 K   0.00000 0.00001 0.00039 0.00405 0.02062 0.06670 0.15308 0.25834 0.30728 0.18952 0.00000 ( 9)  0.264  0.000
 158 Q   0.00000 0.00001 0.00052 0.00523 0.02572 0.07996 0.17468 0.27557 0.29470 0.14362 0.00000 ( 9)  0.248  0.000
 159 L   0.36989 0.27592 0.17764 0.09984 0.04852 0.01987 0.00653 0.00157 0.00022 0.00001 0.00000 ( 1)  0.022  0.000
 160 S   0.00002 0.00294 0.02274 0.07340 0.14758 0.21312 0.23206 0.18768 0.10029 0.02017 0.00000 ( 7)  0.153  0.000
 161 F   0.00000 0.00000 0.00000 0.00000 0.00000 0.00003 0.00069 0.00946 0.09841 0.89141 0.00000 (10)  0.434  0.000
 162 L   0.00001 0.00083 0.00779 0.03143 0.08058 0.15119 0.21888 0.24403 0.19320 0.07206 0.00000 ( 8)  0.200  0.000
 163 H   0.00011 0.01141 0.07202 0.17761 0.25457 0.24198 0.15744 0.06739 0.01630 0.00118 0.00000 ( 5)  0.101  0.000
 164 K   0.00000 0.00000 0.00001 0.00037 0.00383 0.02170 0.07938 0.20171 0.35395 0.33905 0.00000 ( 9)  0.315  0.000
 165 L   0.00000 0.00000 0.00000 0.00000 0.00009 0.00121 0.00979 0.05534 0.23235 0.70121 0.00000 (10)  0.399  0.000
 166 R   0.33685 0.26250 0.18089 0.11160 0.06138 0.02961 0.01215 0.00399 0.00092 0.00009 0.00000 ( 1)  0.026  0.000
 167 M   0.36819 0.27532 0.17792 0.10051 0.04916 0.02030 0.00673 0.00163 0.00023 0.00001 0.00000 ( 1)  0.022  0.000
 168 S   0.00000 0.00000 0.00001 0.00033 0.00344 0.01978 0.07350 0.19068 0.34742 0.36484 0.00000 (10)  0.322  0.000
 169 S   0.00000 0.00000 0.00000 0.00000 0.00000 0.00003 0.00058 0.00769 0.08296 0.90873 0.00000 (10)  0.437  0.000
 170 C   0.28909 0.24028 0.18206 0.12671 0.08055 0.04602 0.02292 0.00935 0.00271 0.00032 0.00000 ( 1)  0.033  0.000
 171 I   0.00101 0.02324 0.08150 0.15427 0.20557 0.21083 0.16998 0.10430 0.04273 0.00655 0.00000 ( 6)  0.113  0.000
 172 N   0.00000 0.00002 0.00078 0.00719 0.03214 0.09025 0.17832 0.25910 0.27096 0.16125 0.00000 ( 9)  0.248  0.000
 173 -   0.10000 0.10000 0.10000 0.10000 0.10000 0.10000 0.10000 0.10000 0.10000 0.10000 0.00001 ( 7)  0.139  0.000
 174 -   0.00047 0.01167 0.04572 0.09966 0.15749 0.19766 0.20217 0.16474 0.09602 0.02439 0.00000 ( 7)  0.146  0.000
 175 -   0.00000 0.00000 0.00001 0.00012 0.00113 0.00666 0.02852 0.09656 0.26909 0.59792 0.00000 (10)  0.375  0.000
 176 -   0.00000 0.00003 0.00058 0.00405 0.01646 0.04783 0.10907 0.20317 0.30589 0.31291 0.00000 (10)  0.298  0.000
 177 -   0.00000 0.00000 0.00005 0.00063 0.00398 0.01684 0.05408 0.14043 0.30039 0.48359 0.00000 (10)  0.348  0.000
 178 -   0.01079 0.05219 0.09912 0.13859 0.16267 0.16725 0.15169 0.11863 0.07370 0.02537 0.00000 ( 6)  0.123  0.000
 179 -   0.00000 0.00000 0.00003 0.00031 0.00174 0.00720 0.02477 0.07585 0.21965 0.67045 0.00000 (10)  0.389  0.000
 180 -   0.00000 0.00036 0.00343 0.01437 0.03978 0.08484 0.14900 0.22049 0.26813 0.21960 0.00000 ( 9)  0.261  0.000
 181 -   0.01010 0.04919 0.09432 0.13350 0.15908 0.16655 0.15440 0.12405 0.07982 0.02900 0.00000 ( 6)  0.127  0.000
 182 -   0.00018 0.00471 0.02026 0.04992 0.09209 0.14028 0.18337 0.20628 0.19063 0.11228 0.00000 ( 8)  0.205  0.000
 183 -   0.00000 0.00002 0.00046 0.00328 0.01364 0.04076 0.09635 0.18819 0.30348 0.35382 0.00000 (10)  0.310  0.000
 184 -   0.27319 0.23212 0.18152 0.13131 0.08721 0.05221 0.02722 0.01152 0.00335 0.00034 0.00000 ( 1)  0.036  0.000
 185 -   0.01329 0.06304 0.11610 0.15595 0.17407 0.16815 0.14108 0.09978 0.05393 0.01463 0.00000 ( 5)  0.109  0.000
 186 -   0.00023 0.00586 0.02466 0.05915 0.10553 0.15426 0.19158 0.20188 0.17055 0.08629 0.00000 ( 8)  0.190  0.000
 187 -   0.10000 0.10000 0.10000 0.10000 0.10000 0.10000 0.10000 0.10000 0.10000 0.10000 0.00001 ( 7)  0.139  0.000

Positively selected sites

	Prob(w>1)  mean w



lnL = -4615.472405

Bayes Empirical Bayes (BEB) probabilities for 11 classes (class) & postmean_w
(amino acids refer to 1st sequence: Stomoxys_calcitrans_lysi2.1)

   1 M   0.98416 0.01496 0.00081 0.00006 0.00001 0.00000 0.00000 0.00000 0.00000 0.00000 0.00000 ( 1)  0.052 +-  0.014
   2 V   0.83154 0.13840 0.02495 0.00422 0.00073 0.00013 0.00002 0.00000 0.00000 0.00000 0.00000 ( 1)  0.070 +-  0.050
   3 L   0.79472 0.16095 0.03523 0.00718 0.00150 0.00033 0.00007 0.00002 0.00000 0.00000 0.00000 ( 1)  0.076 +-  0.058
   4 T   0.05816 0.31707 0.32270 0.17997 0.07807 0.02961 0.01022 0.00320 0.00086 0.00014 0.00001 ( 3)  0.255 +-  0.126
   5 N   0.77629 0.17045 0.04101 0.00933 0.00220 0.00054 0.00014 0.00004 0.00001 0.00000 0.00000 ( 1)  0.079 +-  0.062
   6 E   0.96181 0.03523 0.00268 0.00025 0.00003 0.00000 0.00000 0.00000 0.00000 0.00000 0.00000 ( 1)  0.054 +-  0.022
   7 L   0.13824 0.34322 0.27929 0.14384 0.06083 0.02306 0.00807 0.00259 0.00072 0.00012 0.00002 ( 2)  0.227 +-  0.129
   8 S   0.94167 0.05182 0.00566 0.00072 0.00011 0.00002 0.00000 0.00000 0.00000 0.00000 0.00000 ( 1)  0.057 +-  0.028
   9 Q   0.90716 0.07881 0.01185 0.00182 0.00029 0.00005 0.00001 0.00000 0.00000 0.00000 0.00000 ( 1)  0.061 +-  0.037
  10 K   0.88885 0.08883 0.01742 0.00374 0.00087 0.00022 0.00006 0.00001 0.00000 0.00000 0.00000 ( 1)  0.064 +-  0.044
  11 V   0.91727 0.07077 0.01010 0.00154 0.00026 0.00005 0.00001 0.00000 0.00000 0.00000 0.00000 ( 1)  0.060 +-  0.035
  12 I   0.39901 0.34644 0.16839 0.05972 0.01873 0.00556 0.00159 0.00043 0.00011 0.00002 0.00000 ( 1)  0.148 +-  0.106
  13 I   0.53968 0.30488 0.10928 0.03247 0.00954 0.00289 0.00089 0.00027 0.00008 0.00001 0.00000 ( 1)  0.118 +-  0.092
  14 A   0.94708 0.04758 0.00471 0.00054 0.00007 0.00001 0.00000 0.00000 0.00000 0.00000 0.00000 ( 1)  0.056 +-  0.026
  15 A   0.98690 0.01249 0.00056 0.00004 0.00000 0.00000 0.00000 0.00000 0.00000 0.00000 0.00000 ( 1)  0.051 +-  0.012
  16 F   0.65647 0.22123 0.08114 0.02738 0.00918 0.00310 0.00104 0.00034 0.00010 0.00002 0.00000 ( 1)  0.103 +-  0.089
  17 L   0.80283 0.15673 0.03275 0.00624 0.00118 0.00023 0.00004 0.00001 0.00000 0.00000 0.00000 ( 1)  0.075 +-  0.056
  18 V   0.83825 0.13351 0.02338 0.00395 0.00072 0.00014 0.00003 0.00001 0.00000 0.00000 0.00000 ( 1)  0.070 +-  0.049
  19 S   0.95566 0.03825 0.00506 0.00083 0.00016 0.00003 0.00001 0.00000 0.00000 0.00000 0.00000 ( 1)  0.055 +-  0.026
  20 F   0.93922 0.05383 0.00604 0.00077 0.00012 0.00002 0.00000 0.00000 0.00000 0.00000 0.00000 ( 1)  0.057 +-  0.029
  21 V   0.10541 0.29612 0.27928 0.16987 0.08571 0.03882 0.01616 0.00613 0.00200 0.00040 0.00010 ( 2)  0.256 +-  0.145
  22 L   0.92854 0.05618 0.01131 0.00282 0.00079 0.00024 0.00008 0.00002 0.00001 0.00000 0.00000 ( 1)  0.059 +-  0.038
  23 V   0.90352 0.08104 0.01284 0.00213 0.00038 0.00007 0.00002 0.00000 0.00000 0.00000 0.00000 ( 1)  0.062 +-  0.038
  24 I   0.27520 0.41310 0.20946 0.07152 0.02176 0.00642 0.00186 0.00052 0.00013 0.00002 0.00000 ( 2)  0.168 +-  0.105
  25 G   0.97229 0.02512 0.00227 0.00027 0.00004 0.00001 0.00000 0.00000 0.00000 0.00000 0.00000 ( 1)  0.053 +-  0.019
  26 S   0.96850 0.02833 0.00277 0.00034 0.00005 0.00001 0.00000 0.00000 0.00000 0.00000 0.00000 ( 1)  0.054 +-  0.021
  27 I   0.98238 0.01646 0.00105 0.00010 0.00001 0.00000 0.00000 0.00000 0.00000 0.00000 0.00000 ( 1)  0.052 +-  0.015
  28 Y   0.97001 0.02697 0.00262 0.00034 0.00005 0.00001 0.00000 0.00000 0.00000 0.00000 0.00000 ( 1)  0.053 +-  0.020
  29 L   0.94050 0.04807 0.00862 0.00201 0.00055 0.00017 0.00005 0.00002 0.00001 0.00000 0.00000 ( 1)  0.057 +-  0.033
  30 H   0.99226 0.00751 0.00023 0.00001 0.00000 0.00000 0.00000 0.00000 0.00000 0.00000 0.00000 ( 1)  0.051 +-  0.009
  31 L   0.41261 0.25782 0.16293 0.08730 0.04337 0.02057 0.00934 0.00399 0.00150 0.00035 0.00023 ( 1)  0.172 +-  0.145
  32 Q   0.55883 0.30571 0.10230 0.02580 0.00580 0.00124 0.00026 0.00005 0.00001 0.00000 0.00000 ( 1)  0.112 +-  0.084
  33 Q   0.93379 0.05822 0.00693 0.00090 0.00013 0.00002 0.00000 0.00000 0.00000 0.00000 0.00000 ( 1)  0.058 +-  0.030
  34 K   0.97650 0.02154 0.00174 0.00019 0.00003 0.00000 0.00000 0.00000 0.00000 0.00000 0.00000 ( 1)  0.053 +-  0.017
  35 H   0.64737 0.26605 0.06839 0.01441 0.00298 0.00063 0.00013 0.00003 0.00001 0.00000 0.00000 ( 1)  0.096 +-  0.073
  36 H   0.99407 0.00579 0.00014 0.00001 0.00000 0.00000 0.00000 0.00000 0.00000 0.00000 0.00000 ( 1)  0.051 +-  0.008
  37 L   0.77738 0.14895 0.04928 0.01624 0.00542 0.00183 0.00062 0.00020 0.00006 0.00001 0.00000 ( 1)  0.083 +-  0.074
  38 G   0.95836 0.03596 0.00468 0.00079 0.00016 0.00004 0.00001 0.00000 0.00000 0.00000 0.00000 ( 1)  0.055 +-  0.025
  39 R   0.96052 0.03449 0.00419 0.00065 0.00012 0.00002 0.00001 0.00000 0.00000 0.00000 0.00000 ( 1)  0.055 +-  0.024
  40 L   0.76020 0.18053 0.04575 0.01048 0.00236 0.00053 0.00012 0.00003 0.00001 0.00000 0.00000 ( 1)  0.082 +-  0.064
  41 -   0.94770 0.04457 0.00643 0.00107 0.00019 0.00003 0.00001 0.00000 0.00000 0.00000 0.00000 ( 1)  0.056 +-  0.028
  42 -   0.93151 0.05561 0.01014 0.00212 0.00047 0.00011 0.00002 0.00001 0.00000 0.00000 0.00000 ( 1)  0.058 +-  0.035
  43 N   0.98392 0.01509 0.00090 0.00008 0.00001 0.00000 0.00000 0.00000 0.00000 0.00000 0.00000 ( 1)  0.052 +-  0.014
  44 I   0.63432 0.22805 0.08866 0.03158 0.01120 0.00402 0.00145 0.00051 0.00016 0.00003 0.00001 ( 1)  0.108 +-  0.095
  45 G   0.89217 0.08805 0.01599 0.00303 0.00060 0.00013 0.00003 0.00001 0.00000 0.00000 0.00000 ( 1)  0.063 +-  0.042
  46 D   0.74302 0.19213 0.05028 0.01141 0.00248 0.00053 0.00011 0.00002 0.00000 0.00000 0.00000 ( 1)  0.084 +-  0.066
  47 D   0.74974 0.18374 0.04950 0.01253 0.00326 0.00089 0.00025 0.00007 0.00002 0.00000 0.00000 ( 1)  0.084 +-  0.068
  48 R   0.78360 0.16766 0.03833 0.00812 0.00177 0.00041 0.00010 0.00002 0.00001 0.00000 0.00000 ( 1)  0.078 +-  0.060
  49 I   0.00102 0.06148 0.20608 0.25958 0.21097 0.13482 0.07337 0.03467 0.01357 0.00315 0.00126 ( 4)  0.411 +-  0.164
  50 Q   0.79346 0.16364 0.03467 0.00662 0.00128 0.00026 0.00005 0.00001 0.00000 0.00000 0.00000 ( 1)  0.076 +-  0.057
  51 P   0.97909 0.01944 0.00134 0.00012 0.00001 0.00000 0.00000 0.00000 0.00000 0.00000 0.00000 ( 1)  0.052 +-  0.016
  52 T   0.96944 0.02738 0.00274 0.00037 0.00006 0.00001 0.00000 0.00000 0.00000 0.00000 0.00000 ( 1)  0.053 +-  0.020
  53 K   0.73692 0.20504 0.04697 0.00902 0.00167 0.00031 0.00006 0.00001 0.00000 0.00000 0.00000 ( 1)  0.083 +-  0.063
  54 G   0.49095 0.29116 0.13585 0.05204 0.01908 0.00701 0.00259 0.00093 0.00030 0.00006 0.00002 ( 1)  0.136 +-  0.110
  55 V   0.95224 0.04341 0.00389 0.00040 0.00005 0.00001 0.00000 0.00000 0.00000 0.00000 0.00000 ( 1)  0.055 +-  0.025
  56 C   0.95577 0.03806 0.00510 0.00086 0.00017 0.00004 0.00001 0.00000 0.00000 0.00000 0.00000 ( 1)  0.055 +-  0.026
  57 L   0.02402 0.18100 0.26783 0.22319 0.14587 0.08333 0.04319 0.02025 0.00811 0.00197 0.00123 ( 3)  0.339 +-  0.168
  58 R   0.95230 0.04294 0.00418 0.00049 0.00007 0.00001 0.00000 0.00000 0.00000 0.00000 0.00000 ( 1)  0.055 +-  0.025
  59 C   0.95580 0.03805 0.00508 0.00085 0.00017 0.00004 0.00001 0.00000 0.00000 0.00000 0.00000 ( 1)  0.055 +-  0.026
  60 L   0.96247 0.03269 0.00401 0.00066 0.00013 0.00003 0.00001 0.00000 0.00000 0.00000 0.00000 ( 1)  0.054 +-  0.024
  61 C   0.95561 0.03821 0.00511 0.00086 0.00017 0.00004 0.00001 0.00000 0.00000 0.00000 0.00000 ( 1)  0.055 +-  0.026
  62 K   0.66783 0.24207 0.06956 0.01612 0.00349 0.00074 0.00015 0.00003 0.00001 0.00000 0.00000 ( 1)  0.095 +-  0.074
  63 T   0.93563 0.05637 0.00684 0.00096 0.00016 0.00003 0.00001 0.00000 0.00000 0.00000 0.00000 ( 1)  0.057 +-  0.030
  64 L   0.08900 0.39358 0.31785 0.13729 0.04520 0.01285 0.00330 0.00077 0.00016 0.00002 0.00000 ( 2)  0.221 +-  0.109
  65 N   0.89265 0.09436 0.01140 0.00138 0.00018 0.00003 0.00000 0.00000 0.00000 0.00000 0.00000 ( 1)  0.062 +-  0.038
  66 E   0.94907 0.04578 0.00454 0.00053 0.00007 0.00001 0.00000 0.00000 0.00000 0.00000 0.00000 ( 1)  0.056 +-  0.026
  67 C   0.95615 0.03780 0.00501 0.00084 0.00016 0.00003 0.00001 0.00000 0.00000 0.00000 0.00000 ( 1)  0.055 +-  0.026
  68 R   0.03071 0.23611 0.30636 0.21143 0.11507 0.05668 0.02634 0.01144 0.00433 0.00101 0.00051 ( 3)  0.302 +-  0.151
  69 P   0.24710 0.41206 0.22538 0.08037 0.02484 0.00734 0.00213 0.00060 0.00015 0.00002 0.00000 ( 2)  0.176 +-  0.107
  70 V   0.83438 0.13693 0.02398 0.00391 0.00066 0.00012 0.00002 0.00000 0.00000 0.00000 0.00000 ( 1)  0.070 +-  0.049
  71 T   0.00531 0.12215 0.27154 0.26291 0.17471 0.09402 0.04380 0.01791 0.00612 0.00125 0.00028 ( 3)  0.358 +-  0.151
  72 C   0.95613 0.03781 0.00502 0.00084 0.00016 0.00003 0.00001 0.00000 0.00000 0.00000 0.00000 ( 1)  0.055 +-  0.026
  73 S   0.00068 0.05271 0.20118 0.26921 0.22129 0.13783 0.07121 0.03141 0.01138 0.00244 0.00066 ( 4)  0.411 +-  0.156
  74 L   0.05917 0.27371 0.31093 0.19709 0.09608 0.04047 0.01539 0.00529 0.00156 0.00028 0.00003 ( 3)  0.272 +-  0.136
  75 Y   0.00007 0.01546 0.09836 0.19588 0.22789 0.19482 0.13499 0.07828 0.03660 0.00994 0.00771 ( 5)  0.504 +-  0.189
  76 D   0.57181 0.30062 0.09593 0.02413 0.00573 0.00136 0.00032 0.00008 0.00002 0.00000 0.00000 ( 1)  0.110 +-  0.083
  77 P   0.98329 0.01577 0.00088 0.00006 0.00001 0.00000 0.00000 0.00000 0.00000 0.00000 0.00000 ( 1)  0.052 +-  0.014
  78 C   0.95602 0.03787 0.00505 0.00085 0.00017 0.00004 0.00001 0.00000 0.00000 0.00000 0.00000 ( 1)  0.055 +-  0.026
  79 G   0.96440 0.03146 0.00352 0.00051 0.00009 0.00002 0.00000 0.00000 0.00000 0.00000 0.00000 ( 1)  0.054 +-  0.022
  80 I   0.32751 0.33863 0.19795 0.08510 0.03261 0.01193 0.00425 0.00146 0.00045 0.00009 0.00003 ( 2)  0.172 +-  0.122
  81 Y   0.74190 0.18952 0.05144 0.01279 0.00321 0.00084 0.00023 0.00006 0.00001 0.00000 0.00000 ( 1)  0.085 +-  0.069
  82 G   0.52238 0.32418 0.11453 0.02991 0.00699 0.00157 0.00034 0.00007 0.00001 0.00000 0.00000 ( 1)  0.118 +-  0.087
  83 I   0.97954 0.01892 0.00137 0.00014 0.00002 0.00000 0.00000 0.00000 0.00000 0.00000 0.00000 ( 1)  0.052 +-  0.016
  84 S   0.73579 0.19157 0.05400 0.01389 0.00354 0.00091 0.00023 0.00006 0.00001 0.00000 0.00000 ( 1)  0.086 +-  0.070
  85 I   0.91580 0.07066 0.01110 0.00196 0.00038 0.00008 0.00002 0.00000 0.00000 0.00000 0.00000 ( 1)  0.060 +-  0.036
  86 S   0.00000 0.00008 0.00256 0.01686 0.05188 0.10126 0.14434 0.15938 0.13373 0.06215 0.32775 (11)  1.010 +-  0.525
  87 Y   0.96757 0.02896 0.00299 0.00040 0.00006 0.00001 0.00000 0.00000 0.00000 0.00000 0.00000 ( 1)  0.054 +-  0.021
  88 W   0.97146 0.02613 0.00218 0.00021 0.00002 0.00000 0.00000 0.00000 0.00000 0.00000 0.00000 ( 1)  0.053 +-  0.019
  89 M   0.03736 0.25552 0.31447 0.20739 0.10599 0.04793 0.02011 0.00782 0.00265 0.00056 0.00018 ( 3)  0.287 +-  0.141
  90 D   0.97060 0.02644 0.00256 0.00033 0.00005 0.00001 0.00000 0.00000 0.00000 0.00000 0.00000 ( 1)  0.053 +-  0.020
  91 G   0.01025 0.19011 0.32797 0.24709 0.13103 0.05834 0.02337 0.00852 0.00268 0.00052 0.00013 ( 3)  0.313 +-  0.136
  92 G   0.75455 0.18284 0.04745 0.01138 0.00279 0.00072 0.00019 0.00005 0.00001 0.00000 0.00000 ( 1)  0.083 +-  0.066
  93 Q   0.76762 0.17637 0.04350 0.00971 0.00215 0.00049 0.00011 0.00003 0.00001 0.00000 0.00000 ( 1)  0.080 +-  0.063
  94 Q   0.54705 0.31517 0.10433 0.02590 0.00587 0.00130 0.00029 0.00006 0.00001 0.00000 0.00000 ( 1)  0.113 +-  0.084
  95 L   0.58831 0.29941 0.08797 0.01944 0.00391 0.00077 0.00015 0.00003 0.00000 0.00000 0.00000 ( 1)  0.105 +-  0.078
  96 T   0.75606 0.18446 0.04632 0.01030 0.00224 0.00049 0.00011 0.00002 0.00000 0.00000 0.00000 ( 1)  0.082 +-  0.064
  97 M   0.02042 0.27146 0.35956 0.21358 0.08983 0.03160 0.00993 0.00282 0.00069 0.00010 0.00001 ( 3)  0.273 +-  0.119
  98 D   0.91741 0.07034 0.01029 0.00162 0.00028 0.00005 0.00001 0.00000 0.00000 0.00000 0.00000 ( 1)  0.060 +-  0.035
  99 N   0.55049 0.25627 0.11858 0.04703 0.01768 0.00650 0.00234 0.00081 0.00025 0.00005 0.00001 ( 1)  0.126 +-  0.108
 100 F   0.57885 0.29369 0.09583 0.02444 0.00564 0.00123 0.00026 0.00005 0.00001 0.00000 0.00000 ( 1)  0.109 +-  0.083
 101 N   0.01507 0.15050 0.27056 0.24707 0.16277 0.08816 0.04144 0.01707 0.00587 0.00121 0.00028 ( 3)  0.345 +-  0.155
 102 D   0.18860 0.38231 0.25549 0.11107 0.04131 0.01439 0.00481 0.00152 0.00043 0.00007 0.00001 ( 2)  0.201 +-  0.120
 103 E   0.30074 0.42601 0.19666 0.05797 0.01438 0.00331 0.00073 0.00016 0.00003 0.00000 0.00000 ( 2)  0.157 +-  0.097
 104 E   0.07488 0.35066 0.31688 0.16064 0.06419 0.02262 0.00731 0.00216 0.00055 0.00009 0.00001 ( 2)  0.240 +-  0.121
 105 D   0.43575 0.33314 0.15150 0.05351 0.01767 0.00577 0.00187 0.00059 0.00017 0.00003 0.00001 ( 1)  0.141 +-  0.106
 106 P   0.69543 0.21268 0.06686 0.01842 0.00489 0.00128 0.00033 0.00008 0.00002 0.00000 0.00000 ( 1)  0.093 +-  0.077
 107 Y   0.96841 0.02829 0.00285 0.00037 0.00006 0.00001 0.00000 0.00000 0.00000 0.00000 0.00000 ( 1)  0.054 +-  0.021
 108 L   0.96588 0.02997 0.00346 0.00055 0.00011 0.00003 0.00001 0.00000 0.00000 0.00000 0.00000 ( 1)  0.054 +-  0.022
 109 R   0.51426 0.30921 0.12583 0.03759 0.00989 0.00246 0.00059 0.00014 0.00003 0.00000 0.00000 ( 1)  0.123 +-  0.093
 110 C   0.95612 0.03779 0.00503 0.00084 0.00016 0.00004 0.00001 0.00000 0.00000 0.00000 0.00000 ( 1)  0.055 +-  0.026
 111 A   0.07475 0.35985 0.31910 0.15609 0.06035 0.02076 0.00660 0.00192 0.00048 0.00008 0.00000 ( 2)  0.237 +-  0.118
 112 N   0.98392 0.01509 0.00090 0.00008 0.00001 0.00000 0.00000 0.00000 0.00000 0.00000 0.00000 ( 1)  0.052 +-  0.014
 113 D   0.97332 0.02416 0.00220 0.00027 0.00004 0.00001 0.00000 0.00000 0.00000 0.00000 0.00000 ( 1)  0.053 +-  0.019
 114 D   0.60671 0.27438 0.08598 0.02373 0.00661 0.00188 0.00053 0.00015 0.00004 0.00001 0.00000 ( 1)  0.106 +-  0.084
 115 R   0.00501 0.11515 0.25970 0.25836 0.17855 0.10101 0.04993 0.02183 0.00804 0.00178 0.00064 ( 3)  0.367 +-  0.157
 116 C   0.95614 0.03778 0.00502 0.00084 0.00016 0.00004 0.00001 0.00000 0.00000 0.00000 0.00000 ( 1)  0.055 +-  0.026
 117 A   0.89513 0.08568 0.01545 0.00296 0.00061 0.00013 0.00003 0.00001 0.00000 0.00000 0.00000 ( 1)  0.063 +-  0.041
 118 A   0.22271 0.37466 0.23765 0.10519 0.04000 0.01380 0.00438 0.00126 0.00031 0.00005 0.00000 ( 2)  0.193 +-  0.120
 119 D   0.01663 0.23883 0.34601 0.22749 0.10700 0.04243 0.01512 0.00489 0.00136 0.00023 0.00003 ( 3)  0.289 +-  0.127
 120 T   0.35892 0.41382 0.16581 0.04593 0.01162 0.00292 0.00074 0.00019 0.00004 0.00001 0.00000 ( 2)  0.145 +-  0.094
 121 V   0.83689 0.13500 0.02345 0.00384 0.00066 0.00012 0.00003 0.00001 0.00000 0.00000 0.00000 ( 1)  0.070 +-  0.049
 122 R   0.66628 0.21502 0.07899 0.02688 0.00885 0.00281 0.00085 0.00024 0.00006 0.00001 0.00000 ( 1)  0.101 +-  0.088
 123 G   0.00058 0.04798 0.19300 0.26842 0.22625 0.14278 0.07397 0.03243 0.01159 0.00244 0.00055 ( 4)  0.415 +-  0.155
 124 Y   0.97420 0.02355 0.00199 0.00022 0.00003 0.00000 0.00000 0.00000 0.00000 0.00000 0.00000 ( 1)  0.053 +-  0.018
 125 I   0.46717 0.34669 0.13606 0.03802 0.00930 0.00215 0.00048 0.00010 0.00002 0.00000 0.00000 ( 1)  0.128 +-  0.092
 126 K   0.01934 0.25239 0.34636 0.22048 0.10153 0.03971 0.01407 0.00457 0.00129 0.00023 0.00004 ( 3)  0.284 +-  0.127
 127 R   0.87451 0.09842 0.02083 0.00470 0.00114 0.00030 0.00008 0.00002 0.00001 0.00000 0.00000 ( 1)  0.066 +-  0.048
 128 F   0.54853 0.30555 0.10471 0.02946 0.00828 0.00244 0.00074 0.00022 0.00006 0.00001 0.00000 ( 1)  0.116 +-  0.089
 129 Q   0.93483 0.05738 0.00676 0.00087 0.00012 0.00002 0.00000 0.00000 0.00000 0.00000 0.00000 ( 1)  0.057 +-  0.030
 130 R   0.02089 0.21669 0.32275 0.23244 0.12164 0.05375 0.02129 0.00764 0.00236 0.00045 0.00009 ( 3)  0.302 +-  0.137
 131 D   0.97387 0.02370 0.00212 0.00026 0.00004 0.00001 0.00000 0.00000 0.00000 0.00000 0.00000 ( 1)  0.053 +-  0.019
 132 C   0.95554 0.03822 0.00514 0.00087 0.00017 0.00004 0.00001 0.00000 0.00000 0.00000 0.00000 ( 1)  0.055 +-  0.026
 133 N   0.98760 0.01179 0.00057 0.00004 0.00000 0.00000 0.00000 0.00000 0.00000 0.00000 0.00000 ( 1)  0.051 +-  0.012
 134 N   0.80883 0.14974 0.03236 0.00695 0.00160 0.00039 0.00010 0.00003 0.00001 0.00000 0.00000 ( 1)  0.074 +-  0.057
 135 D   0.97060 0.02644 0.00256 0.00033 0.00005 0.00001 0.00000 0.00000 0.00000 0.00000 0.00000 ( 1)  0.053 +-  0.020
 136 G   0.66798 0.21973 0.07664 0.02428 0.00768 0.00249 0.00082 0.00027 0.00008 0.00002 0.00000 ( 1)  0.100 +-  0.086
 137 V   0.00000 0.00201 0.02874 0.09473 0.16222 0.19399 0.18308 0.14194 0.08729 0.03068 0.07532 ( 6)  0.664 +-  0.297
 138 I   0.00985 0.17055 0.30466 0.24956 0.14604 0.07140 0.03096 0.01202 0.00397 0.00080 0.00018 ( 3)  0.328 +-  0.144
 139 D   0.77138 0.17125 0.04311 0.01052 0.00271 0.00074 0.00021 0.00006 0.00002 0.00000 0.00000 ( 1)  0.081 +-  0.065
 140 C   0.95602 0.03789 0.00504 0.00084 0.00016 0.00003 0.00001 0.00000 0.00000 0.00000 0.00000 ( 1)  0.055 +-  0.026
 141 T   0.00001 0.00775 0.08550 0.21012 0.25629 0.20934 0.13089 0.06607 0.02629 0.00600 0.00175 ( 5)  0.492 +-  0.159
 142 D   0.97384 0.02373 0.00212 0.00026 0.00004 0.00001 0.00000 0.00000 0.00000 0.00000 0.00000 ( 1)  0.053 +-  0.019
 143 H   0.42061 0.32960 0.15877 0.05981 0.02085 0.00705 0.00233 0.00074 0.00021 0.00004 0.00001 ( 1)  0.147 +-  0.110
 144 I   0.97837 0.01995 0.00150 0.00016 0.00002 0.00000 0.00000 0.00000 0.00000 0.00000 0.00000 ( 1)  0.052 +-  0.016
 145 A   0.00210 0.09915 0.26398 0.27015 0.18361 0.10115 0.04887 0.02103 0.00767 0.00169 0.00061 ( 4)  0.370 +-  0.153
 146 L   0.94281 0.04650 0.00812 0.00185 0.00050 0.00015 0.00005 0.00002 0.00000 0.00000 0.00000 ( 1)  0.057 +-  0.032
 147 H   0.99372 0.00612 0.00015 0.00001 0.00000 0.00000 0.00000 0.00000 0.00000 0.00000 0.00000 ( 1)  0.051 +-  0.008
 148 I   0.00242 0.07158 0.20401 0.24919 0.20508 0.13453 0.07550 0.03691 0.01503 0.00365 0.00209 ( 4)  0.412 +-  0.171
 149 L   0.77892 0.14530 0.04885 0.01698 0.00619 0.00235 0.00091 0.00035 0.00012 0.00003 0.00001 ( 1)  0.084 +-  0.077
 150 G   0.97132 0.02598 0.00237 0.00028 0.00004 0.00001 0.00000 0.00000 0.00000 0.00000 0.00000 ( 1)  0.053 +-  0.019
 151 P   0.98739 0.01206 0.00052 0.00003 0.00000 0.00000 0.00000 0.00000 0.00000 0.00000 0.00000 ( 1)  0.051 +-  0.012
 152 T   0.00653 0.13112 0.27140 0.25567 0.17003 0.09314 0.04461 0.01888 0.00672 0.00144 0.00046 ( 3)  0.356 +-  0.154
 153 G   0.91679 0.07063 0.01048 0.00171 0.00031 0.00006 0.00001 0.00000 0.00000 0.00000 0.00000 ( 1)  0.060 +-  0.035
 154 C   0.95610 0.03781 0.00503 0.00084 0.00016 0.00004 0.00001 0.00000 0.00000 0.00000 0.00000 ( 1)  0.055 +-  0.026
 155 L   0.48569 0.25641 0.14002 0.06647 0.02986 0.01298 0.00545 0.00216 0.00075 0.00016 0.00007 ( 1)  0.148 +-  0.128
 156 N   0.14389 0.33256 0.27022 0.14513 0.06575 0.02709 0.01036 0.00364 0.00110 0.00021 0.00004 ( 2)  0.231 +-  0.135
 157 K   0.03406 0.25365 0.32239 0.21224 0.10552 0.04545 0.01785 0.00641 0.00198 0.00038 0.00007 ( 3)  0.286 +-  0.136
 158 Q   0.04509 0.29855 0.33667 0.19352 0.08247 0.02999 0.00986 0.00296 0.00077 0.00012 0.00001 ( 3)  0.262 +-  0.123
 159 L   0.98453 0.01462 0.00078 0.00006 0.00001 0.00000 0.00000 0.00000 0.00000 0.00000 0.00000 ( 1)  0.052 +-  0.013
 160 S   0.49796 0.32754 0.12630 0.03621 0.00918 0.00218 0.00049 0.00011 0.00002 0.00000 0.00000 ( 1)  0.124 +-  0.091
 161 F   0.00000 0.00031 0.01152 0.06579 0.15521 0.21881 0.21828 0.16589 0.09508 0.03014 0.03898 ( 6)  0.651 +-  0.235
 162 L   0.25073 0.35523 0.23395 0.10329 0.03826 0.01290 0.00408 0.00120 0.00031 0.00005 0.00000 ( 2)  0.189 +-  0.121
 163 H   0.81848 0.15762 0.02084 0.00261 0.00037 0.00006 0.00001 0.00000 0.00000 0.00000 0.00000 ( 1)  0.071 +-  0.048
 164 K   0.00285 0.11737 0.28429 0.27145 0.17330 0.08913 0.03972 0.01557 0.00512 0.00101 0.00019 ( 3)  0.354 +-  0.145
 165 L   0.00002 0.00914 0.08106 0.18909 0.23676 0.20743 0.14294 0.08094 0.03658 0.00956 0.00647 ( 5)  0.512 +-  0.181
 166 R   0.97383 0.02359 0.00220 0.00030 0.00005 0.00001 0.00000 0.00000 0.00000 0.00000 0.00000 ( 1)  0.053 +-  0.019
 167 M   0.98416 0.01496 0.00081 0.00006 0.00001 0.00000 0.00000 0.00000 0.00000 0.00000 0.00000 ( 1)  0.052 +-  0.014
 168 S   0.00247 0.10630 0.26749 0.26898 0.18236 0.09930 0.04638 0.01884 0.00635 0.00128 0.00026 ( 4)  0.365 +-  0.149
 169 S   0.00000 0.00017 0.00615 0.03817 0.10274 0.16941 0.20050 0.18224 0.12534 0.04765 0.12762 ( 7)  0.768 +-  0.330
 170 C   0.95604 0.03789 0.00503 0.00084 0.00016 0.00003 0.00001 0.00000 0.00000 0.00000 0.00000 ( 1)  0.055 +-  0.026
 171 I   0.76395 0.17877 0.04453 0.00996 0.00218 0.00048 0.00010 0.00002 0.00000 0.00000 0.00000 ( 1)  0.081 +-  0.063
 172 N   0.06051 0.29957 0.30150 0.18063 0.08988 0.04088 0.01736 0.00679 0.00229 0.00047 0.00013 ( 3)  0.268 +-  0.141
 173 -   0.58852 0.12153 0.07529 0.05255 0.03827 0.02812 0.02030 0.01391 0.00838 0.00313 0.05000 ( 1)  0.356 +-  1.115
 174 -   0.59892 0.25306 0.10144 0.03315 0.00979 0.00271 0.00071 0.00017 0.00004 0.00000 0.00000 ( 1)  0.111 +-  0.092
 175 -   0.00066 0.02945 0.11955 0.19866 0.21416 0.17841 0.12410 0.07382 0.03606 0.01041 0.01472 ( 5)  0.497 +-  0.215
 176 -   0.03083 0.16304 0.25388 0.22816 0.15637 0.09058 0.04617 0.02077 0.00781 0.00176 0.00063 ( 3)  0.344 +-  0.167
 177 -   0.00412 0.06745 0.17946 0.23004 0.20566 0.14738 0.08981 0.04716 0.02037 0.00519 0.00335 ( 4)  0.430 +-  0.183
 178 -   0.72991 0.16725 0.06497 0.02430 0.00886 0.00315 0.00108 0.00035 0.00010 0.00002 0.00000 ( 1)  0.093 +-  0.086
 179 -   0.00109 0.01632 0.05907 0.11145 0.15022 0.16329 0.15064 0.11906 0.07674 0.02887 0.12325 ( 6)  0.691 +-  0.414
 180 -   0.11179 0.23168 0.25140 0.18531 0.11231 0.06000 0.02896 0.01256 0.00461 0.00102 0.00036 ( 3)  0.285 +-  0.167
 181 -   0.71403 0.17257 0.07018 0.02728 0.01028 0.00376 0.00132 0.00044 0.00013 0.00002 0.00000 ( 1)  0.097 +-  0.090
 182 -   0.35302 0.26444 0.18540 0.10443 0.05234 0.02418 0.01038 0.00408 0.00137 0.00028 0.00007 ( 1)  0.188 +-  0.147
 183 -   0.02389 0.13738 0.23230 0.22666 0.16881 0.10640 0.05911 0.02901 0.01191 0.00292 0.00161 ( 3)  0.369 +-  0.178
 184 -   0.94984 0.04300 0.00599 0.00097 0.00017 0.00003 0.00001 0.00000 0.00000 0.00000 0.00000 ( 1)  0.056 +-  0.028
 185 -   0.78016 0.14874 0.04860 0.01547 0.00487 0.00152 0.00046 0.00014 0.00004 0.00001 0.00000 ( 1)  0.082 +-  0.072
 186 -   0.40781 0.27051 0.16952 0.08614 0.03930 0.01668 0.00664 0.00244 0.00077 0.00015 0.00003 ( 1)  0.167 +-  0.135
 187 -   0.58852 0.12153 0.07529 0.05255 0.03827 0.02812 0.02030 0.01391 0.00838 0.00313 0.05000 ( 1)  0.356 +-  1.115

Positively selected sites

	Prob(w>1)  mean w

