

NSsites Model 0: one-ratio

TREE # 1

  0  0.0000   4980.452006  x:  0.28808   0.68581   0.57921   0.17579   0.08146   0.18434   0.13247   0.13126   0.00000   0.12996   0.05132   0.04859   0.08907   0.07582   0.06871   0.35774   0.07436   0.18442   0.18690   0.06008   0.20633   0.23316   0.04948   0.17491   0.14760   0.08476   0.17204   0.07176   0.11217   0.03302   0.10533   0.05822   0.03121   1.21406   1.61316   0.79790   1.43238   0.48455  
  1 99.0000   4844.994776  x:  0.34278   0.69849   0.61423   0.20284   0.12333   0.19564   0.15180   0.14846   0.41520   0.14739   0.07483   0.02747   0.11590   0.09065   0.20182   0.38390   0.10060   0.20391   0.21669   0.10821   0.24362   0.24265   0.08739   0.22527   0.16606   0.11217   0.17473   0.09153   0.11679   0.06698   0.10453   0.00000   0.05989   1.26102   1.60695   0.81975   1.43739   0.25491  
  2 1043.1924   4825.989796  x:  0.36073   0.70289   0.62629   0.20917   0.13345   0.19670   0.15736   0.15313   0.50501   0.14959   0.07998   0.02329   0.12281   0.09410   0.23399   0.39236   0.10546   0.20942   0.22536   0.12004   0.25467   0.24554   0.09572   0.23942   0.17142   0.11889   0.17575   0.09633   0.11737   0.07278   0.10511   0.06889   0.06662   1.27556   1.60450   0.82641   1.43934   0.17914  
  3 2448.5547   4817.194104  x:  0.38350   0.71000   0.64388   0.21002   0.13690   0.19147   0.16177   0.15612   0.49047   0.14236   0.07931   0.02770   0.12526   0.09383   0.24069   0.40298   0.10040   0.21381   0.23268   0.12240   0.26451   0.24880   0.09319   0.24956   0.17594   0.11990   0.17765   0.09579   0.11643   0.06157   0.10313   0.06260   0.05342   1.28792   1.59954   0.83129   1.44341   0.13911  
  4 276.9691   4793.222614  x:  0.49873   0.74749   0.73382   0.21938   0.16254   0.17164   0.18487   0.17308   0.47516   0.11315   0.08016   0.03650   0.14031   0.09545   0.29202   0.45796   0.08156   0.23836   0.27114   0.14040   0.31517   0.26602   0.08751   0.30415   0.19959   0.12891   0.18857   0.09783   0.11517   0.02304   0.09761   0.06507   0.01121   1.34645   1.57332   0.85358   1.46507   0.14758  
  5 345.9731   4774.659072  x:  0.64948   0.79732   0.85404   0.22927   0.19432   0.14431   0.21148   0.19253   0.43744   0.07332   0.07932   0.04182   0.15600   0.09581   0.35479   0.52960   0.05407   0.26858   0.31841   0.15898   0.37793   0.28628   0.07652   0.37273   0.22714   0.13741   0.20124   0.10126   0.11791   0.00605   0.09427   0.06199   0.06195   1.42523   1.53684   0.88354   1.49532   0.14988  
  6 1083.4999   4763.778187  x:  0.77302   0.83841   0.95378   0.23620   0.21970   0.12228   0.23105   0.20679   0.40206   0.04221   0.07832   0.04265   0.16659   0.09554   0.40525   0.58788   0.03113   0.29209   0.35526   0.17177   0.42719   0.30124   0.06619   0.42725   0.24756   0.14252   0.21037   0.10520   0.12292   0.05354   0.09322   0.05952   0.08055   1.49088   1.50573   0.90853   1.52121   0.15037  
  7 1988.9027   4756.988797  x:  0.81991   0.85591   1.00252   0.22952   0.22594   0.12569   0.21646   0.19630   0.39303   0.07079   0.07878   0.00505   0.14932   0.09249   0.42754   0.60539   0.03203   0.28859   0.35057   0.15651   0.42475   0.29019   0.05644   0.43277   0.23384   0.12792   0.20179   0.10005   0.12141   0.05445   0.10479   0.05881   0.08084   1.52650   1.48271   0.92257   1.54149   0.14941  
  8 144.1694   4749.565704  x:  0.90136   0.88744   1.09475   0.21204   0.23543   0.13910   0.17965   0.17025   0.38599   0.12593   0.09638   0.03107   0.11404   0.09359   0.46775   0.63243   0.03746   0.27601   0.33110   0.12005   0.40728   0.26165   0.03691   0.43280   0.19919   0.09778   0.18032   0.08804   0.11872   0.05753   0.12706   0.05868   0.08351   1.59574   1.43433   0.95042   1.58438   0.15087  
  9 345.7431   4743.556731  x:  0.95383   0.91135   1.19208   0.17314   0.23511   0.16985   0.14585   0.15736   0.39105   0.09118   0.08228   0.02915   0.14940   0.10737   0.47473   0.62737   0.03185   0.25425   0.28060   0.09010   0.34327   0.22796   0.05346   0.39277   0.17638   0.13737   0.16542   0.08429   0.12519   0.05603   0.11014   0.05912   0.08231   1.67334   1.35721   0.98673   1.65389   0.15274  
 10 88.5023   4739.905622  x:  0.96975   0.92167   1.26627   0.13975   0.23396   0.19134   0.15919   0.17792   0.39509   0.06324   0.09185   0.02785   0.12512   0.08541   0.46250   0.60526   0.04283   0.24517   0.25423   0.12248   0.29586   0.23736   0.07384   0.34520   0.17048   0.13104   0.16647   0.10853   0.11848   0.05457   0.11439   0.05903   0.08120   1.73069   1.27764   1.01934   1.72635   0.15346  
 11 86.8553   4737.508629  x:  0.95670   0.92055   1.32472   0.12546   0.24101   0.19777   0.16724   0.18302   0.39832   0.08132   0.08654   0.02815   0.12636   0.11707   0.44104   0.57194   0.04647   0.24283   0.25588   0.14648   0.28843   0.26561   0.07407   0.30790   0.18973   0.11573   0.17746   0.09000   0.12355   0.05587   0.09795   0.05926   0.08206   1.77034   1.19212   1.05136   1.80502   0.15359  
 12 68.9773   4734.917461  x:  0.91395   0.90865   1.38940   0.13007   0.25957   0.18952   0.15687   0.16585   0.40509   0.09861   0.08201   0.03199   0.14646   0.09326   0.40922   0.52605   0.04701   0.24574   0.27286   0.13577   0.31023   0.28453   0.06260   0.29350   0.20922   0.12422   0.19777   0.10296   0.12286   0.05511   0.11643   0.05901   0.08119   1.80516   1.07231   1.09589   1.91710   0.15338  
 13 73.4347   4733.170011  x:  0.86569   0.89309   1.43054   0.14002   0.27025   0.17434   0.16354   0.17089   0.41015   0.08211   0.09525   0.02820   0.12948   0.09259   0.39151   0.50677   0.05777   0.25466   0.28334   0.11236   0.32758   0.27138   0.06151   0.32040   0.19342   0.12617   0.19919   0.09045   0.12098   0.05472   0.10240   0.05936   0.08035   1.81694   0.97975   1.13403   2.01039   0.15342  
 14 64.2791   4732.533842  x:  0.83976   0.88442   1.44491   0.14064   0.26767   0.16951   0.16619   0.17674   0.40799   0.08091   0.08441   0.02905   0.13147   0.10733   0.39401   0.51353   0.05732   0.25949   0.28359   0.11750   0.32933   0.26056   0.06257   0.33934   0.18491   0.12174   0.18876   0.10296   0.12440   0.05362   0.11311   0.05897   0.07959   1.81296   0.94490   1.15434   2.05604   0.15295  
 15 42.9992   4731.955143  x:  0.81214   0.87541   1.45672   0.13844   0.25909   0.17090   0.16279   0.17887   0.40317   0.08788   0.08308   0.03037   0.13828   0.09520   0.40797   0.53579   0.04901   0.26133   0.27950   0.13474   0.32539   0.25437   0.06388   0.35621   0.18995   0.12301   0.17348   0.09462   0.12496   0.05398   0.10850   0.05884   0.07971   1.79958   0.92077   1.17981   2.10863   0.15246  
 16 34.0708   4731.559970  x:  0.79442   0.87059   1.46478   0.14165   0.25385   0.17862   0.15777   0.17385   0.39879   0.08293   0.09806   0.02726   0.13493   0.10285   0.42279   0.56019   0.04316   0.25814   0.27593   0.13287   0.32284   0.26178   0.06240   0.35650   0.19980   0.12706   0.17862   0.09798   0.12180   0.05376   0.11174   0.05857   0.07942   1.78181   0.91971   1.20616   2.15874   0.15139  
 17 23.3272   4731.059844  x:  0.77907   0.86808   1.47474   0.14899   0.24949   0.18750   0.16138   0.17223   0.39713   0.07391   0.08379   0.02893   0.13092   0.09851   0.44269   0.58681   0.04571   0.25429   0.27549   0.12025   0.32263   0.27346   0.05791   0.34635   0.19848   0.12016   0.19095   0.09620   0.12584   0.05330   0.10964   0.05860   0.07891   1.75680   0.93510   1.24480   2.23131   0.15043  
 18 34.1875   4730.375306  x:  0.77585   0.87323   1.48625   0.15450   0.24201   0.17830   0.17315   0.18007   0.39154   0.07995   0.09308   0.02790   0.14639   0.09752   0.45735   0.58870   0.04406   0.25643   0.28580   0.11601   0.32785   0.27055   0.06054   0.32891   0.17849   0.12040   0.19081   0.09817   0.11785   0.05398   0.10725   0.05811   0.07924   1.72554   0.98935   1.30632   2.35172   0.14951  
 19 27.0593   4729.243535  x:  0.78213   0.88562   1.49839   0.16252   0.23315   0.15844   0.16683   0.17547   0.38734   0.07891   0.08819   0.02873   0.12620   0.09939   0.46480   0.56934   0.04049   0.26205   0.29586   0.12468   0.33625   0.25405   0.06405   0.32166   0.18378   0.13696   0.17784   0.09927   0.13184   0.05290   0.10694   0.05743   0.07846   1.68456   1.09606   1.40887   2.56037   0.14876  
 20 67.4069   4728.320617  x:  0.79283   0.89461   1.49610   0.16957   0.23282   0.16271   0.15800   0.17269   0.38611   0.06911   0.08426   0.02830   0.13169   0.10014   0.45357   0.55030   0.04885   0.26137   0.28502   0.12862   0.33725   0.24495   0.06333   0.34879   0.20182   0.11672   0.17354   0.09493   0.11348   0.05390   0.11014   0.05673   0.07862   1.66920   1.18876   1.48811   2.73474   0.14865  
 21 66.9870   4727.754999  x:  0.80067   0.89696   1.48293   0.16972   0.23312   0.17535   0.16379   0.18001   0.38463   0.07562   0.09130   0.02774   0.13776   0.09725   0.43785   0.54539   0.04748   0.25840   0.27259   0.12631   0.33475   0.24937   0.05918   0.37742   0.20320   0.11315   0.17948   0.09605   0.13249   0.05309   0.11138   0.05624   0.07826   1.67568   1.24774   1.53376   2.84809   0.14842  
 22 59.2328   4727.203411  x:  0.80764   0.89354   1.45410   0.16296   0.23155   0.18189   0.16779   0.18170   0.38488   0.08592   0.08317   0.02981   0.13089   0.09862   0.41912   0.55632   0.04174   0.25932   0.27046   0.12732   0.33241   0.26357   0.05312   0.40017   0.19243   0.13065   0.18467   0.09516   0.12003   0.05413   0.11119   0.05560   0.07862   1.70328   1.30063   1.56996   2.95846   0.14919  
 23 44.2382   4726.447168  x:  0.81644   0.88093   1.39384   0.15425   0.23239   0.17011   0.15846   0.16830   0.38372   0.07923   0.08703   0.02836   0.13528   0.09783   0.39933   0.59035   0.04829   0.26799   0.28605   0.13136   0.33183   0.27365   0.05769   0.40605   0.18229   0.12553   0.17872   0.09060   0.12655   0.05339   0.11523   0.05455   0.07771   1.76537   1.36543   1.60753   3.11062   0.15083  
 24 43.5706   4725.824770  x:  0.82532   0.86702   1.33506   0.16092   0.24257   0.16261   0.16848   0.17833   0.38002   0.08088   0.08686   0.02832   0.13367   0.09660   0.39811   0.61462   0.03686   0.26737   0.29085   0.11920   0.33399   0.25867   0.05598   0.39628   0.19962   0.12042   0.16664   0.09499   0.12469   0.05302   0.11335   0.05369   0.07722   1.82333   1.41069   1.62902   3.23516   0.15215  
 25 49.6219   4725.552919  x:  0.83352   0.86006   1.30555   0.16936   0.24647   0.16471   0.16683   0.18157   0.36944   0.08470   0.08612   0.02899   0.13355   0.09727   0.41476   0.61567   0.04710   0.26463   0.28464   0.12468   0.34345   0.24874   0.06468   0.39366   0.20122   0.12534   0.17652   0.09586   0.12411   0.05351   0.11187   0.05293   0.07756   1.84632   1.42327   1.62994   3.28990   0.15189  
 26 22.7721   4725.273960  x:  0.84580   0.85413   1.27674   0.17497   0.24383   0.16790   0.16130   0.17990   0.36299   0.07712   0.08674   0.02796   0.13265   0.09754   0.43787   0.60496   0.03632   0.25762   0.27879   0.13350   0.35451   0.24751   0.05695   0.39203   0.19227   0.12167   0.18170   0.09637   0.12457   0.05304   0.10931   0.05246   0.07715   1.86262   1.42916   1.62302   3.34151   0.15177  
 27 23.0146   4724.985040  x:  0.86572   0.85165   1.25304   0.16983   0.22792   0.16834   0.16692   0.17987   0.35669   0.07227   0.08815   0.02721   0.13430   0.09797   0.46229   0.59128   0.04489   0.25751   0.28245   0.12774   0.35125   0.25572   0.04595   0.39548   0.19596   0.12529   0.17550   0.09314   0.12506   0.05306   0.11462   0.05186   0.07702   1.86691   1.42733   1.60535   3.39126   0.15097  
 28 14.8513   4724.653542  x:  0.89225   0.85267   1.23529   0.16998   0.21639   0.17072   0.16811   0.17478   0.35166   0.07476   0.08657   0.02784   0.13262   0.09730   0.47690   0.58124   0.03611   0.26924   0.29181   0.11740   0.33778   0.26272   0.06109   0.40182   0.19853   0.12061   0.17881   0.09547   0.12446   0.05323   0.11242   0.05135   0.07708   1.86091   1.42108   1.57801   3.44392   0.14924  
 29 18.9505   4723.804030  x:  0.95932   0.86549   1.22387   0.20044   0.23212   0.18032   0.16160   0.17585   0.34731   0.07765   0.08807   0.02695   0.13416   0.09787   0.46071   0.59478   0.04201   0.28059   0.29933   0.12520   0.31580   0.26526   0.04994   0.39629   0.19155   0.12573   0.17143   0.09909   0.12512   0.05376   0.10799   0.05041   0.07726   1.82337   1.40275   1.49660   3.56106   0.14279  
 30 16.1564   4722.860813  x:  1.01806   0.88176   1.23208   0.18972   0.22417   0.16300   0.16311   0.18301   0.35256   0.07880   0.08760   0.02680   0.13365   0.09743   0.43117   0.62092   0.03718   0.26923   0.27709   0.12524   0.33626   0.25861   0.05702   0.38637   0.19241   0.12562   0.18052   0.08580   0.12464   0.05425   0.12342   0.04927   0.07681   1.78754   1.38892   1.41262   3.67320   0.13729  
 31 30.5628   4722.417410  x:  1.03004   0.88796   1.24847   0.17399   0.21924   0.16299   0.16375   0.17642   0.35113   0.08289   0.08778   0.02656   0.13336   0.09686   0.42387   0.62973   0.04355   0.25926   0.27598   0.12405   0.35189   0.25514   0.05595   0.38624   0.19534   0.12248   0.17890   0.10422   0.12384   0.05438   0.10304   0.04879   0.07705   1.78214   1.39045   1.38374   3.71269   0.13542  
 32 19.2760   4720.672280  x:  1.00722   0.90272   1.36207   0.14120   0.24960   0.21431   0.18311   0.16163   0.32432   0.07602   0.08779   0.02517   0.13113   0.09770   0.43572   0.63015   0.03957   0.23404   0.31866   0.12631   0.37817   0.24281   0.07248   0.39093   0.19457   0.12610   0.16470   0.09517   0.12408   0.05488   0.11481   0.04456   0.07587   1.81578   1.43150   1.32243   3.81410   0.12821  
 33 13.5054   4717.481249  x:  0.94812   0.92206   1.56958   0.13144   0.28342   0.16528   0.15490   0.19736   0.28016   0.07796   0.08817   0.02348   0.13393   0.09644   0.48460   0.62224   0.03721   0.25819   0.31430   0.12307   0.34737   0.26270   0.05107   0.40751   0.19996   0.12392   0.19217   0.09729   0.12335   0.05411   0.11129   0.03718   0.07199   1.90616   1.50853   1.27496   3.95184   0.11882  
 34 30.6545   4715.987949  x:  0.95398   0.92830   1.64013   0.18410   0.24754   0.16312   0.18977   0.15974   0.26193   0.07982   0.09003   0.02211   0.13543   0.09644   0.48260   0.62042   0.03706   0.29531   0.27336   0.12553   0.35903   0.27607   0.05250   0.40048   0.19835   0.12558   0.17511   0.09777   0.12270   0.05414   0.11092   0.03334   0.07063   1.95132   1.51707   1.32883   3.98902   0.11654  
 35 16.7065   4713.761993  x:  1.00211   0.93594   1.70150   0.24524   0.14326   0.19495   0.16927   0.18735   0.24379   0.08304   0.09087   0.02061   0.13512   0.09539   0.45177   0.62314   0.03900   0.30402   0.30174   0.13070   0.37289   0.25424   0.04222   0.38904   0.20358   0.12303   0.19124   0.09584   0.12223   0.05484   0.11221   0.02770   0.06931   2.00205   1.49572   1.48275   4.01899   0.11504  
 36 24.0165   4711.837083  x:  1.07092   0.94369   1.71065   0.26539   0.15398   0.16793   0.16830   0.19113   0.21834   0.09000   0.08803   0.02090   0.13485   0.09494   0.44064   0.61695   0.04258   0.22087   0.31967   0.13008   0.36031   0.27861   0.06952   0.39838   0.20243   0.12303   0.17890   0.09880   0.12151   0.05520   0.11057   0.02257   0.06807   2.01343   1.44849   1.67206   4.03082   0.11388  
 37 23.4394   4709.373741  x:  1.17528   0.95349   1.67899   0.16123   0.25465   0.16973   0.18306   0.17625   0.18499   0.09377   0.09065   0.01821   0.13515   0.09421   0.43870   0.60833   0.04230   0.25693   0.31721   0.13549   0.35905   0.25263   0.04480   0.38772   0.20624   0.12009   0.20895   0.09605   0.12031   0.05571   0.11123   0.01620   0.06638   1.99140   1.36683   1.95904   4.03752   0.11106  
 38 26.7572   4709.122461  x:  1.18587   0.95316   1.67580   0.14988   0.26852   0.17805   0.16993   0.19030   0.18008   0.09385   0.09069   0.01806   0.13408   0.09398   0.43891   0.60607   0.04305   0.26943   0.31021   0.12834   0.37286   0.26539   0.05141   0.38305   0.20503   0.12055   0.19444   0.09736   0.12037   0.05580   0.11092   0.01553   0.06629   1.98857   1.35925   1.98750   4.03877   0.11065  
 39 15.3294   4704.576099  x:  1.29935   0.71843   1.86327   0.14764   0.26942   0.17386   0.16850   0.19238   0.12308   0.10187   0.08799   0.01766   0.13358   0.09420   0.41518   0.60807   0.04168   0.27447   0.30559   0.12628   0.37122   0.26596   0.05053   0.38664   0.20420   0.12082   0.19309   0.09559   0.11947   0.05550   0.11175   0.00685   0.06035   2.06665   1.41868   2.10695   4.21464   0.12705  
 40  0.6497   4703.488171  x:  1.25240   0.93320   1.85325   0.15956   0.26050   0.17455   0.16914   0.19363   0.10727   0.10217   0.08764   0.01757   0.13423   0.09452   0.41891   0.61717   0.04002   0.27693   0.30720   0.12598   0.37442   0.26793   0.05011   0.39000   0.20497   0.12145   0.19308   0.09559   0.11965   0.05472   0.11171   0.00510   0.05778   2.10479   1.40740   2.12923   4.26717   0.12969  
 41  5.9238   4702.246506  x:  1.23262   0.97212   1.85806   0.15906   0.25901   0.18303   0.16998   0.18962   0.12498   0.10662   0.08508   0.02139   0.13443   0.09591   0.38586   0.62290   0.03962   0.27662   0.30301   0.12329   0.36755   0.26932   0.05103   0.39292   0.20344   0.12248   0.19055   0.09410   0.12101   0.05287   0.11305   0.01410   0.05425   2.06133   1.38700   2.01930   4.31605   0.13472  
 42  0.1990   4700.966008  x:  1.27607   0.91137   1.94157   0.15948   0.25564   0.19706   0.17224   0.18412   0.08063   0.11317   0.08461   0.02515   0.13576   0.09850   0.35978   0.63139   0.04051   0.26909   0.30417   0.12344   0.36035   0.27034   0.05400   0.40482   0.20309   0.12479   0.18672   0.09386   0.12351   0.04890   0.11263   0.01410   0.04397   2.02844   1.42241   1.86729   4.74889   0.13154  
 43  0.3441   4700.740274  x:  1.24128   0.92705   1.89817   0.15315   0.26622   0.18692   0.16602   0.18953   0.07629   0.11183   0.08725   0.02434   0.13320   0.09615   0.36880   0.61649   0.04259   0.27476   0.30159   0.12077   0.36335   0.26941   0.04940   0.39377   0.20381   0.12074   0.18798   0.09437   0.12199   0.04693   0.11032   0.01571   0.04294   2.02411   1.42731   1.83423   4.83909   0.12977  
 44  0.0787   4700.669576  x:  1.21365   0.93314   1.85949   0.15021   0.26663   0.18900   0.16903   0.18753   0.07939   0.11431   0.08565   0.02431   0.13363   0.09639   0.35346   0.61160   0.04274   0.27340   0.30165   0.12139   0.36351   0.26899   0.05205   0.38950   0.20354   0.12142   0.18955   0.09429   0.12205   0.04599   0.11050   0.01652   0.04386   2.02340   1.42712   1.84670   4.86274   0.13032  
 45  0.0380   4700.638196  x:  1.19215   0.92788   1.84147   0.15295   0.26236   0.19126   0.16960   0.18655   0.07399   0.11464   0.08523   0.02395   0.13379   0.09685   0.35721   0.61106   0.04246   0.27167   0.30125   0.12124   0.36104   0.26986   0.05294   0.38950   0.20296   0.12220   0.18916   0.09431   0.12271   0.04539   0.11119   0.01703   0.04458   2.02458   1.43222   1.85563   4.89689   0.13169  
 46  0.0351   4700.633231  x:  1.18921   0.92244   1.84029   0.15592   0.26001   0.19007   0.16813   0.18734   0.07450   0.11500   0.08566   0.02377   0.13343   0.09656   0.35467   0.61232   0.04260   0.27204   0.30052   0.12075   0.36042   0.26975   0.05178   0.38979   0.20280   0.12176   0.18842   0.09427   0.12268   0.04546   0.11129   0.01695   0.04494   2.02336   1.43296   1.86066   4.89830   0.13206  
 47  0.0097   4700.632455  x:  1.18813   0.92101   1.83969   0.15531   0.25936   0.19000   0.16824   0.18712   0.07459   0.11456   0.08554   0.02388   0.13345   0.09648   0.35524   0.61220   0.04271   0.27208   0.30028   0.12075   0.36052   0.26929   0.05175   0.38994   0.20289   0.12153   0.18839   0.09421   0.12252   0.04567   0.11107   0.01676   0.04513   2.02161   1.43218   1.86235   4.89638   0.13205  
 48  0.0024   4700.632082  x:  1.18603   0.92202   1.83924   0.15574   0.25944   0.18997   0.16826   0.18712   0.07444   0.11458   0.08557   0.02398   0.13343   0.09657   0.35477   0.61196   0.04263   0.27197   0.30038   0.12080   0.36058   0.26934   0.05192   0.38981   0.20286   0.12162   0.18837   0.09421   0.12253   0.04583   0.11118   0.01660   0.04509   2.02127   1.43283   1.85990   4.89934   0.13205  
 49  0.0023   4700.632014  x:  1.18577   0.92231   1.83847   0.15543   0.25973   0.19004   0.16824   0.18712   0.07457   0.11461   0.08559   0.02393   0.13340   0.09654   0.35497   0.61190   0.04265   0.27198   0.30031   0.12074   0.36045   0.26946   0.05183   0.38963   0.20283   0.12162   0.18842   0.09422   0.12254   0.04590   0.11116   0.01658   0.04507   2.02131   1.43256   1.85975   4.89865   0.13210  
 50  0.0009   4700.632000  x:  1.18603   0.92188   1.83830   0.15541   0.25974   0.19001   0.16823   0.18712   0.07452   0.11463   0.08556   0.02391   0.13342   0.09654   0.35491   0.61193   0.04267   0.27196   0.30029   0.12076   0.36040   0.26945   0.05186   0.38962   0.20283   0.12162   0.18842   0.09422   0.12253   0.04593   0.11112   0.01658   0.04504   2.02137   1.43277   1.85949   4.89987   0.13211  
 51  0.0008   4700.631996  x:  1.18600   0.92190   1.83813   0.15547   0.25967   0.19000   0.16824   0.18712   0.07454   0.11462   0.08557   0.02389   0.13342   0.09654   0.35494   0.61191   0.04265   0.27197   0.30031   0.12076   0.36044   0.26943   0.05187   0.38964   0.20284   0.12162   0.18842   0.09422   0.12252   0.04596   0.11114   0.01659   0.04504   2.02143   1.43284   1.85968   4.90014   0.13211  
 52  0.0002   4700.631995  x:  1.18599   0.92197   1.83821   0.15546   0.25967   0.19001   0.16823   0.18713   0.07452   0.11463   0.08557   0.02390   0.13342   0.09654   0.35491   0.61191   0.04266   0.27197   0.30031   0.12076   0.36044   0.26944   0.05185   0.38965   0.20284   0.12162   0.18842   0.09422   0.12253   0.04597   0.11114   0.01660   0.04503   2.02143   1.43282   1.85988   4.90043   0.13211  
 53  0.0002   4700.631995  x:  1.18596   0.92197   1.83826   0.15547   0.25967   0.19001   0.16823   0.18712   0.07453   0.11462   0.08557   0.02391   0.13342   0.09654   0.35492   0.61192   0.04266   0.27197   0.30031   0.12076   0.36043   0.26944   0.05186   0.38964   0.20283   0.12162   0.18842   0.09422   0.12252   0.04597   0.11114   0.01660   0.04503   2.02145   1.43284   1.85986   4.90053   0.13211  
 54  0.0001   4700.631995  x:  1.18597   0.92195   1.83828   0.15546   0.25969   0.19001   0.16823   0.18712   0.07453   0.11462   0.08557   0.02391   0.13342   0.09654   0.35492   0.61192   0.04266   0.27197   0.30030   0.12076   0.36043   0.26944   0.05186   0.38964   0.20283   0.12162   0.18842   0.09422   0.12252   0.04597   0.11114   0.01660   0.04503   2.02146   1.43285   1.85986   4.90067   0.13211  
 55  0.0001   4700.631995  x:  1.18598   0.92196   1.83829   0.15546   0.25968   0.19001   0.16823   0.18712   0.07453   0.11462   0.08557   0.02391   0.13342   0.09654   0.35492   0.61192   0.04266   0.27197   0.30031   0.12076   0.36044   0.26944   0.05186   0.38964   0.20283   0.12162   0.18842   0.09422   0.12253   0.04597   0.11114   0.01660   0.04504   2.02149   1.43288   1.85990   4.90099   0.13211  
 56  0.0001   4700.631995  x:  1.18598   0.92197   1.83829   0.15546   0.25968   0.19001   0.16823   0.18712   0.07453   0.11462   0.08557   0.02391   0.13342   0.09654   0.35492   0.61192   0.04266   0.27197   0.30031   0.12076   0.36043   0.26944   0.05186   0.38964   0.20284   0.12162   0.18842   0.09422   0.12252   0.04597   0.11114   0.01660   0.04504   2.02149   1.43289   1.85992   4.90110   0.13211  
 57  0.0001   4700.631995  x:  1.18598   0.92196   1.83829   0.15546   0.25968   0.19001   0.16823   0.18712   0.07453   0.11462   0.08557   0.02391   0.13342   0.09654   0.35492   0.61192   0.04266   0.27197   0.30031   0.12076   0.36043   0.26944   0.05186   0.38964   0.20283   0.12162   0.18842   0.09422   0.12253   0.04597   0.11114   0.01660   0.04504   2.02149   1.43289   1.85993   4.90112   0.13211  
 58  0.0000   4700.631995  x:  1.18598   0.92196   1.83829   0.15546   0.25968   0.19001   0.16823   0.18712   0.07453   0.11462   0.08557   0.02391   0.13342   0.09654   0.35492   0.61192   0.04266   0.27197   0.30031   0.12076   0.36043   0.26944   0.05186   0.38964   0.20283   0.12162   0.18842   0.09422   0.12253   0.04597   0.11114   0.01660   0.04504   2.02149   1.43289   1.85993   4.90112   0.13211  
 59  0.0000   4700.631995  x:  1.18598   0.92196   1.83829   0.15546   0.25968   0.19001   0.16823   0.18712   0.07453   0.11462   0.08557   0.02391   0.13342   0.09654   0.35492   0.61192   0.04266   0.27197   0.30031   0.12076   0.36043   0.26944   0.05186   0.38964   0.20283   0.12162   0.18842   0.09422   0.12253   0.04597   0.11114   0.01660   0.04504   2.02149   1.43289   1.85993   4.90112   0.13211  

NSsites Model 1: NearlyNeutral

TREE # 1

  0  0.0000   4839.172000  x:  0.27834   0.68472   0.53716   0.15846   0.07699   0.17428   0.13185   0.13713   0.00000   0.10524   0.07879   0.04317   0.08439   0.09604   0.09445   0.36399   0.04527   0.15528   0.17876   0.06775   0.21035   0.20000   0.05639   0.19702   0.14275   0.07477   0.15442   0.05729   0.11249   0.06031   0.08114   0.04537   0.03250   2.30433   1.24456   1.70379   4.46315   0.68903   0.13676  
  1 99.0000   4785.381586  x:  0.32764   0.70049   0.57743   0.18829   0.12039   0.18544   0.14261   0.14793   0.29070   0.13109   0.07068   0.02191   0.10485   0.08968   0.16789   0.38568   0.08628   0.18079   0.20635   0.09518   0.23832   0.21560   0.07888   0.22991   0.15958   0.10273   0.16103   0.08793   0.11054   0.04483   0.09636   0.00000   0.04923   2.30199   1.25604   1.70667   4.46150   0.81260   0.07772  
  2 894.5958   4762.293570  x:  0.35709   0.71047   0.60248   0.19944   0.13683   0.18654   0.14672   0.15219   0.38320   0.13783   0.06577   0.01716   0.11287   0.08509   0.19819   0.39794   0.09970   0.19243   0.21969   0.10577   0.25260   0.22296   0.08608   0.24642   0.16698   0.11264   0.16363   0.09853   0.10800   0.03884   0.10253   0.06751   0.05699   2.30051   1.26228   1.70828   4.46052   0.87370   0.13674  
  3 1102.3712   4742.140114  x:  0.41539   0.73038   0.65194   0.20559   0.14467   0.17653   0.15242   0.15755   0.36843   0.12973   0.07024   0.04994   0.11958   0.08373   0.22093   0.42087   0.09647   0.20651   0.23831   0.11188   0.27546   0.23516   0.08283   0.27023   0.17576   0.11523   0.16700   0.09624   0.11139   0.04428   0.09845   0.03842   0.03059   2.29571   1.27272   1.71151   4.45877   0.95994   0.17632  
  4 295.8396   4732.911446  x:  0.46741   0.74737   0.69687   0.20968   0.15140   0.16655   0.15603   0.16087   0.34532   0.11928   0.06494   0.04294   0.12320   0.08177   0.24067   0.44101   0.09069   0.21783   0.25271   0.11446   0.29349   0.24423   0.07792   0.29021   0.18156   0.11649   0.16905   0.09499   0.11249   0.04305   0.09767   0.05098   0.04475   2.29012   1.28239   1.71483   4.45723   0.98628   0.15596  
  5 274.4950   4698.981074  x:  0.81505   0.86239   0.99859   0.24282   0.20757   0.10755   0.18130   0.18482   0.26646   0.05911   0.04544   0.02030   0.15056   0.07194   0.38671   0.57654   0.06234   0.29633   0.35003   0.13663   0.41411   0.30460   0.05116   0.42612   0.22201   0.13081   0.18394   0.09349   0.12009   0.03685   0.09604   0.06614   0.06424   2.25130   1.34572   1.73635   4.44731   0.93311   0.12292  
  6 759.9136   4693.981433  x:  0.87374   0.88368   1.05823   0.24162   0.21780   0.12572   0.17769   0.18362   0.25686   0.06778   0.10213   0.00714   0.13874   0.09877   0.40827   0.59604   0.05505   0.29922   0.34848   0.12135   0.41546   0.29888   0.04379   0.43729   0.21544   0.12384   0.18124   0.09974   0.12057   0.04565   0.11685   0.06197   0.08815   2.24023   1.35803   1.74192   4.44549   0.92897   0.12604  
  7 161.6863   4692.886204  x:  0.89137   0.89076   1.07970   0.23822   0.22082   0.13855   0.17488   0.18180   0.25673   0.07503   0.10429   0.02305   0.13304   0.10153   0.41342   0.60082   0.05304   0.29730   0.34196   0.11212   0.40927   0.29220   0.04123   0.43632   0.21020   0.12078   0.17910   0.09993   0.11987   0.04256   0.12370   0.06521   0.09344   2.23530   1.36244   1.74449   4.44483   0.92658   0.12185  
  8 123.7892   4689.305843  x:  0.94075   0.91211   1.14639   0.22254   0.22804   0.18310   0.16469   0.17506   0.25430   0.09724   0.07866   0.01594   0.11543   0.09690   0.42289   0.61188   0.04802   0.28745   0.31383   0.08059   0.38071   0.26647   0.03606   0.42597   0.19158   0.11204   0.17200   0.09578   0.11879   0.03160   0.13966   0.05737   0.09770   2.21838   1.37586   1.75329   4.44283   0.92718   0.12740  
  9 176.2810   4688.274050  x:  0.95760   0.92018   1.17495   0.21183   0.22935   0.19728   0.16122   0.17278   0.25597   0.10037   0.07480   0.01339   0.11774   0.09377   0.42226   0.61317   0.04816   0.28281   0.30040   0.07689   0.36505   0.25706   0.03985   0.41744   0.18691   0.11347   0.16998   0.09337   0.12057   0.05030   0.14025   0.06241   0.08589   2.21047   1.38200   1.75795   4.44186   0.92731   0.12205  
 10 97.8692   4686.876008  x:  0.97806   0.93161   1.22364   0.18698   0.22889   0.20974   0.15833   0.17074   0.25906   0.09159   0.08430   0.01029   0.13268   0.09167   0.41168   0.60876   0.05053   0.27474   0.27778   0.09182   0.33476   0.24778   0.05224   0.39558   0.18567   0.12294   0.16889   0.08755   0.11671   0.03752   0.12930   0.06670   0.07466   2.19480   1.39296   1.76770   4.44004   0.92786   0.11727  
 11 71.1620   4686.075473  x:  0.98748   0.93799   1.25960   0.16768   0.22928   0.20975   0.15882   0.17066   0.26364   0.07961   0.08051   0.01398   0.13448   0.09163   0.39954   0.60124   0.05208   0.26864   0.26512   0.10741   0.31569   0.24706   0.05711   0.37656   0.18666   0.12709   0.16860   0.09185   0.11800   0.04351   0.12185   0.06103   0.09134   2.18140   1.40134   1.77629   4.43860   0.92684   0.12272  
 12 68.8158   4685.537368  x:  0.98649   0.94037   1.29409   0.15403   0.23410   0.19950   0.16238   0.17287   0.26795   0.07652   0.07823   0.01323   0.11716   0.09719   0.38436   0.58830   0.05530   0.26241   0.26351   0.11424   0.31138   0.25506   0.05473   0.35801   0.18819   0.11971   0.17013   0.10414   0.11797   0.04154   0.12272   0.06298   0.08420   2.16657   1.41067   1.78695   4.43681   0.92735   0.12066  
 13 33.0827   4684.920352  x:  0.97079   0.93806   1.34771   0.14488   0.24995   0.17949   0.16238   0.17076   0.27228   0.09057   0.08196   0.01331   0.12367   0.08946   0.36326   0.56308   0.06244   0.25405   0.26915   0.10087   0.31996   0.26410   0.05134   0.33676   0.19015   0.10975   0.17450   0.09583   0.11698   0.04219   0.12000   0.06227   0.08642   2.13997   1.42687   1.80733   4.43346   0.92699   0.12113  
 14 28.4526   4684.597110  x:  0.95078   0.93198   1.38199   0.14526   0.26098   0.17626   0.16051   0.16895   0.27007   0.09493   0.07714   0.01368   0.12662   0.10103   0.35318   0.54837   0.06312   0.25579   0.27374   0.09562   0.32618   0.26025   0.05704   0.33834   0.19189   0.12363   0.17690   0.09609   0.11637   0.04203   0.12361   0.06170   0.08611   2.12123   1.43873   1.82388   4.43063   0.92713   0.12151  
 15 24.5898   4684.213120  x:  0.91715   0.92022   1.42469   0.14762   0.27109   0.18252   0.16131   0.17140   0.26666   0.09305   0.08110   0.01394   0.12075   0.08847   0.34774   0.53713   0.06172   0.26264   0.27873   0.10066   0.33142   0.25167   0.06266   0.35337   0.18728   0.12806   0.17439   0.09909   0.11880   0.04170   0.12506   0.06099   0.08594   2.09685   1.45473   1.84837   4.42635   0.92729   0.12159  
 16 28.3508   4683.878111  x:  0.88223   0.90709   1.46238   0.14632   0.27191   0.18829   0.16287   0.17466   0.26636   0.08893   0.07863   0.01372   0.12564   0.09613   0.35214   0.53812   0.06165   0.26711   0.27953   0.10666   0.33243   0.24859   0.05584   0.36941   0.18324   0.11500   0.16686   0.09557   0.11747   0.04236   0.11986   0.06083   0.08431   2.07558   1.46953   1.87397   4.42179   0.92764   0.12171  
 17 30.4152   4683.544874  x:  0.84560   0.89231   1.49721   0.13991   0.25940   0.18463   0.15978   0.17147   0.26519   0.08533   0.07989   0.01373   0.12610   0.09299   0.36820   0.55525   0.06293   0.26656   0.27318   0.10145   0.32807   0.25473   0.04569   0.37866   0.19638   0.11796   0.16706   0.09688   0.11610   0.04227   0.12494   0.05999   0.08228   2.05765   1.48390   1.90471   4.41608   0.92817   0.12208  
 18 21.7088   4683.361401  x:  0.83036   0.88552   1.51261   0.14447   0.25215   0.18125   0.16260   0.17170   0.26441   0.08556   0.07983   0.01408   0.12171   0.09487   0.37920   0.56977   0.05836   0.26694   0.27185   0.10000   0.32626   0.26010   0.05589   0.37284   0.19209   0.11726   0.17564   0.09100   0.12091   0.04206   0.12392   0.05971   0.08196   2.05270   1.49060   1.92550   4.41203   0.92822   0.12241  
 19 14.0283   4683.171143  x:  0.82265   0.88155   1.52326   0.15670   0.24772   0.18123   0.16525   0.17222   0.26257   0.08437   0.07949   0.01411   0.12672   0.09328   0.38543   0.58178   0.04961   0.26447   0.27459   0.10058   0.32679   0.26170   0.05727   0.35978   0.18507   0.11847   0.17689   0.09805   0.11313   0.04282   0.12540   0.05886   0.08056   2.05320   1.49556   1.94921   4.40725   0.92846   0.12283  
 20 13.8684   4682.840543  x:  0.82168   0.87976   1.53442   0.17780   0.24105   0.18488   0.16364   0.17104   0.26064   0.08256   0.08083   0.01392   0.12488   0.09359   0.38830   0.59383   0.05124   0.25941   0.28143   0.10332   0.33098   0.25627   0.04912   0.34117   0.18611   0.12525   0.16670   0.09845   0.12296   0.04178   0.11745   0.05877   0.07797   2.06182   1.50140   1.99329   4.39817   0.92837   0.12296  
 21 15.8590   4681.954461  x:  0.84096   0.88498   1.55073   0.20388   0.21212   0.18690   0.15751   0.17177   0.25361   0.08417   0.08006   0.01483   0.11880   0.09385   0.38045   0.60138   0.07958   0.25954   0.28765   0.10922   0.34187   0.23885   0.06233   0.33267   0.20099   0.11598   0.16207   0.09561   0.10658   0.04469   0.11833   0.05529   0.07492   2.09754   1.51137   2.11701   4.37247   0.92717   0.12426  
 22 22.6438   4680.264952  x:  0.88775   0.90066   1.57113   0.22493   0.16220   0.18632   0.16081   0.18138   0.24995   0.08954   0.07927   0.01569   0.13699   0.09337   0.35413   0.59073   0.07909   0.25614   0.28240   0.10653   0.35146   0.23160   0.06513   0.35151   0.20696   0.10248   0.17522   0.11040   0.13025   0.03998   0.13057   0.05131   0.06367   2.16905   1.52501   2.34896   4.32452   0.92566   0.12622  
 23 65.4792   4678.515380  x:  0.93622   0.91850   1.58435   0.23461   0.13879   0.18545   0.16558   0.18415   0.25195   0.09804   0.08266   0.01592   0.12353   0.09267   0.33441   0.57278   0.05437   0.25249   0.27366   0.10504   0.34950   0.25083   0.04875   0.38161   0.20210   0.11614   0.18194   0.09244   0.11502   0.04416   0.11586   0.04788   0.05222   2.23748   1.53320   2.57339   4.27897   0.92476   0.12778  
 24 104.4448   4677.321614  x:  0.96580   0.93197   1.58073   0.22321   0.18466   0.17628   0.15821   0.16408   0.23670   0.09811   0.08226   0.01672   0.12609   0.09183   0.34889   0.56615   0.06395   0.26452   0.27353   0.10962   0.32449   0.27891   0.04969   0.39340   0.18872   0.11609   0.16934   0.09147   0.11852   0.04366   0.12640   0.04426   0.04186   2.27626   1.52782   2.71874   4.25183   0.92552   0.12896  
 25 40.5761   4676.599005  x:  0.98106   0.94084   1.57277   0.18912   0.22728   0.17885   0.17735   0.18741   0.22506   0.10007   0.08369   0.01718   0.12776   0.09201   0.36821   0.57035   0.06442   0.27355   0.28129   0.09853   0.31970   0.27307   0.05173   0.38858   0.20016   0.11785   0.16750   0.09669   0.11825   0.04396   0.11813   0.04240   0.03726   2.28973   1.51514   2.79708   4.23975   0.92591   0.12969  
 26 30.5369   4676.169273  x:  0.98938   0.94681   1.56732   0.15377   0.24855   0.18488   0.16287   0.18432   0.22211   0.10023   0.08356   0.01715   0.12756   0.09216   0.37689   0.58022   0.05252   0.27425   0.29032   0.10563   0.34060   0.26127   0.05095   0.38144   0.20280   0.11531   0.17639   0.09710   0.11886   0.04424   0.11539   0.04135   0.03375   2.28782   1.50067   2.83136   4.23692   0.92635   0.12992  
 27 20.6298   4675.977572  x:  0.99409   0.95065   1.56779   0.14689   0.25413   0.18667   0.16839   0.18708   0.22099   0.09407   0.08364   0.01750   0.12837   0.09195   0.37086   0.59233   0.06111   0.26269   0.28427   0.10700   0.35516   0.26211   0.04941   0.38379   0.19331   0.12044   0.17677   0.09319   0.11873   0.04442   0.12165   0.04088   0.03253   2.27366   1.48479   2.82924   4.24179   0.92656   0.12992  
 28  6.9273   4675.517011  x:  1.00758   0.96128   1.57653   0.15784   0.25841   0.18381   0.16946   0.18083   0.21757   0.10473   0.08407   0.01796   0.12883   0.09266   0.35154   0.61776   0.05993   0.24870   0.27632   0.10669   0.35959   0.26674   0.06129   0.39800   0.20139   0.11716   0.17099   0.10512   0.11963   0.04438   0.10770   0.04005   0.03122   2.22368   1.43672   2.79561   4.26215   0.92684   0.12968  
 29 10.4018   4674.963435  x:  1.02353   0.97360   1.59256   0.17097   0.24382   0.17927   0.16983   0.18730   0.21640   0.10807   0.08354   0.01835   0.12975   0.09230   0.33799   0.62866   0.05189   0.25949   0.29503   0.11198   0.34472   0.26644   0.05889   0.39943   0.20884   0.11617   0.16576   0.09243   0.12102   0.04486   0.12462   0.03871   0.02818   2.16544   1.38184   2.73856   4.28945   0.92746   0.12926  
 30 20.0797   4674.471910  x:  1.03520   0.98308   1.61254   0.17922   0.22069   0.18118   0.16391   0.18719   0.21102   0.10254   0.08534   0.01887   0.13032   0.09236   0.34885   0.61685   0.06599   0.27982   0.30470   0.10253   0.34076   0.26927   0.05002   0.39628   0.19505   0.12096   0.17788   0.10034   0.12017   0.04495   0.11298   0.03734   0.02636   2.12822   1.34684   2.67481   4.31309   0.92782   0.12889  
 31 19.8112   4673.662000  x:  1.04628   0.99422   1.65480   0.19836   0.20017   0.19457   0.17164   0.18403   0.19554   0.10024   0.08416   0.01939   0.13170   0.09238   0.39058   0.57562   0.06237   0.28805   0.28060   0.11151   0.36416   0.28329   0.05351   0.38234   0.20808   0.11846   0.17229   0.09885   0.12154   0.04558   0.11686   0.03365   0.02528   2.10720   1.32576   2.55011   4.34745   0.92797   0.12875  
 32 18.4055   4671.875061  x:  1.05439   1.00825   1.75758   0.22228   0.20841   0.16774   0.16527   0.18321   0.17835   0.07405   0.08499   0.02193   0.12739   0.09354   0.41557   0.56605   0.05636   0.24806   0.28511   0.11017   0.35627   0.25161   0.05057   0.39493   0.21392   0.10972   0.19281   0.09377   0.11972   0.04580   0.11682   0.02479   0.02411   2.14920   1.36380   2.26014   4.40638   0.92827   0.12881  
 33 20.7895   4670.087536  x:  1.05925   1.01921   1.86496   0.21095   0.19946   0.16985   0.16787   0.19095   0.15085   0.11050   0.08301   0.02239   0.13148   0.09285   0.41029   0.58796   0.06688   0.23878   0.31116   0.13018   0.35749   0.26174   0.05144   0.40341   0.20668   0.12096   0.18993   0.09921   0.12132   0.04714   0.11495   0.01496   0.02930   2.20828   1.42373   1.95923   4.46299   0.92583   0.12923  
 34 78.7071   4669.325804  x:  1.06246   1.02152   1.90683   0.20590   0.20207   0.18407   0.16842   0.18424   0.14870   0.09148   0.08413   0.02347   0.13250   0.09257   0.38346   0.60903   0.06155   0.26771   0.31245   0.10998   0.36791   0.27736   0.05866   0.39841   0.21273   0.11777   0.17957   0.09762   0.12135   0.04707   0.11374   0.01162   0.03048   2.23394   1.45567   1.83714   4.48466   0.92500   0.12923  
 35 43.1196   4669.191810  x:  1.06792   1.01927   1.90707   0.20855   0.20714   0.17418   0.16946   0.18486   0.14761   0.09672   0.08461   0.02338   0.13193   0.09252   0.37826   0.61569   0.06108   0.28562   0.29656   0.11404   0.37081   0.26938   0.05094   0.39556   0.21119   0.11836   0.18257   0.09698   0.12124   0.04725   0.11425   0.01103   0.03070   2.22997   1.46516   1.82832   4.48593   0.92503   0.12929  
 36  5.7086   4668.309185  x:  1.15338   0.98187   1.84193   0.20711   0.22254   0.18642   0.16580   0.18892   0.13397   0.09190   0.08414   0.02445   0.13295   0.09268   0.38155   0.61381   0.06203   0.28026   0.29956   0.11650   0.36646   0.27674   0.04622   0.39478   0.21841   0.11528   0.19878   0.09364   0.12123   0.04826   0.11559   0.00789   0.03684   2.11450   1.55219   1.90681   4.46954   0.92404   0.12971  
 37  3.2167   4668.106647  x:  1.17174   0.97437   1.83145   0.19697   0.21711   0.17400   0.16951   0.18384   0.13384   0.09067   0.08480   0.02483   0.13159   0.09259   0.38670   0.61160   0.05724   0.27954   0.30237   0.11052   0.36893   0.26975   0.05326   0.39624   0.21086   0.11737   0.18109   0.09454   0.12128   0.04766   0.11467   0.00693   0.03797   2.09385   1.56294   1.92808   4.46590   0.92398   0.12990  
 38 13.2246   4667.350852  x:  1.18899   0.95981   1.88725   0.17959   0.23949   0.17912   0.18707   0.16576   0.12446   0.09050   0.08566   0.02519   0.13192   0.09296   0.38510   0.61369   0.05496   0.28614   0.30849   0.11081   0.36970   0.26556   0.04702   0.40091   0.21272   0.11661   0.18947   0.09187   0.12164   0.04796   0.11563   0.00630   0.04653   2.14300   1.42205   2.05336   4.45683   0.92268   0.12743  
 39  3.0550   4667.144050  x:  1.19266   0.95829   1.90253   0.17707   0.24658   0.17649   0.16801   0.18532   0.12200   0.08934   0.08571   0.02561   0.13194   0.09298   0.38524   0.61433   0.05325   0.28699   0.30401   0.10831   0.37115   0.27102   0.04982   0.40217   0.21017   0.11755   0.18433   0.09189   0.12205   0.04776   0.11591   0.00609   0.04890   2.15665   1.38495   2.08569   4.45419   0.92238   0.12676  
 40 17.5664   4666.164151  x:  1.17804   1.13616   1.90039   0.17163   0.25067   0.17706   0.16917   0.18555   0.11290   0.09262   0.08651   0.02677   0.13152   0.09409   0.37729   0.62930   0.04832   0.29565   0.30617   0.10393   0.37384   0.27357   0.04946   0.40588   0.20677   0.11869   0.17798   0.09055   0.12309   0.04797   0.11754   0.01225   0.05385   2.12921   1.45126   2.07572   4.42785   0.91983   0.11999  
 41  0.8434   4665.518501  x:  1.27276   0.95460   1.92464   0.15674   0.25881   0.17924   0.16847   0.18556   0.10807   0.09955   0.08651   0.02737   0.13055   0.09452   0.35983   0.62806   0.04803   0.29412   0.30431   0.10179   0.37043   0.27406   0.05138   0.40290   0.20309   0.11909   0.17298   0.09093   0.12307   0.04782   0.11721   0.01560   0.05226   2.12683   1.48778   2.02498   4.41471   0.91857   0.11740  
 42  2.4089   4665.089628  x:  1.29415   1.01267   1.99451   0.15457   0.26247   0.18805   0.16825   0.18630   0.08603   0.11118   0.08296   0.02704   0.12979   0.09382   0.34578   0.62912   0.05005   0.28720   0.30417   0.10363   0.36486   0.27766   0.04937   0.40613   0.20259   0.11840   0.17613   0.09146   0.12235   0.04745   0.11719   0.01237   0.04992   2.17603   1.51451   2.07565   4.37121   0.91652   0.11392  
 43  0.2082   4664.978298  x:  1.32039   1.00314   2.02705   0.16076   0.25425   0.18646   0.16766   0.18422   0.08409   0.10900   0.08015   0.02586   0.12808   0.09296   0.34372   0.61710   0.05093   0.27801   0.29915   0.10243   0.35946   0.27228   0.04916   0.40033   0.20247   0.11577   0.17780   0.09026   0.12135   0.04726   0.11671   0.01228   0.04872   2.16706   1.50673   1.99621   4.32325   0.91684   0.11467  
 44  0.0848   4664.958198  x:  1.33148   0.99936   2.03572   0.15906   0.25327   0.18546   0.16738   0.18410   0.08374   0.10910   0.08086   0.02518   0.12827   0.09293   0.34056   0.61771   0.05103   0.28016   0.29860   0.10226   0.36008   0.27311   0.04978   0.39873   0.20234   0.11613   0.17586   0.09068   0.12142   0.04723   0.11640   0.01293   0.04779   2.17258   1.50992   2.03465   4.31959   0.91681   0.11544  
 45  0.0342   4664.953525  x:  1.33545   1.00351   2.04293   0.15921   0.25382   0.18547   0.16749   0.18446   0.08192   0.10919   0.08156   0.02499   0.12844   0.09321   0.34272   0.61835   0.05090   0.28059   0.29958   0.10296   0.36097   0.27325   0.04959   0.39943   0.20279   0.11625   0.17650   0.09070   0.12153   0.04730   0.11636   0.01343   0.04787   2.17053   1.50490   2.02821   4.32283   0.91677   0.11521  
 46  0.0127   4664.952884  x:  1.33456   1.00590   2.04551   0.15974   0.25386   0.18594   0.16743   0.18462   0.08239   0.10940   0.08151   0.02491   0.12842   0.09320   0.34222   0.61885   0.05066   0.28052   0.29977   0.10274   0.36110   0.27327   0.04943   0.40010   0.20280   0.11614   0.17679   0.09052   0.12149   0.04727   0.11638   0.01359   0.04778   2.17174   1.50550   2.02883   4.32847   0.91678   0.11519  
 47  0.0058   4664.952667  x:  1.33540   1.00618   2.04844   0.15957   0.25415   0.18598   0.16744   0.18467   0.08244   0.10928   0.08138   0.02491   0.12844   0.09319   0.34283   0.61897   0.05089   0.28049   0.29974   0.10275   0.36110   0.27332   0.04945   0.40037   0.20278   0.11618   0.17674   0.09067   0.12153   0.04724   0.11650   0.01360   0.04769   2.17280   1.50717   2.03047   4.33328   0.91678   0.11512  
 48  0.0028   4664.952493  x:  1.33758   1.00610   2.05139   0.15939   0.25438   0.18578   0.16751   0.18463   0.08274   0.10924   0.08142   0.02496   0.12849   0.09319   0.34291   0.61920   0.05070   0.28070   0.29983   0.10283   0.36124   0.27335   0.04943   0.40036   0.20286   0.11623   0.17672   0.09059   0.12153   0.04726   0.11646   0.01354   0.04776   2.17229   1.50738   2.03024   4.33447   0.91676   0.11505  
 49  0.0016   4664.952470  x:  1.33828   1.00626   2.05137   0.15957   0.25425   0.18589   0.16750   0.18467   0.08278   0.10925   0.08145   0.02495   0.12849   0.09320   0.34293   0.61921   0.05080   0.28068   0.29990   0.10282   0.36127   0.27337   0.04944   0.40037   0.20288   0.11622   0.17681   0.09064   0.12154   0.04727   0.11647   0.01352   0.04779   2.17227   1.50679   2.03031   4.33274   0.91675   0.11505  
 50  0.0013   4664.952467  x:  1.33852   1.00632   2.05122   0.15957   0.25425   0.18590   0.16750   0.18468   0.08277   0.10925   0.08146   0.02494   0.12849   0.09321   0.34297   0.61926   0.05077   0.28069   0.29988   0.10281   0.36128   0.27337   0.04944   0.40040   0.20287   0.11622   0.17677   0.09063   0.12154   0.04727   0.11648   0.01352   0.04779   2.17238   1.50672   2.03022   4.33222   0.91674   0.11504  
 51  0.0004   4664.952467  x:  1.33857   1.00634   2.05113   0.15955   0.25427   0.18589   0.16751   0.18468   0.08278   0.10925   0.08146   0.02494   0.12849   0.09321   0.34296   0.61926   0.05078   0.28070   0.29989   0.10282   0.36128   0.27338   0.04944   0.40041   0.20288   0.11622   0.17678   0.09063   0.12154   0.04727   0.11648   0.01352   0.04779   2.17238   1.50674   2.03012   4.33219   0.91673   0.11504  
 52  0.0001   4664.952467  x:  1.33857   1.00636   2.05114   0.15955   0.25428   0.18589   0.16750   0.18468   0.08278   0.10925   0.08146   0.02493   0.12849   0.09321   0.34297   0.61925   0.05077   0.28070   0.29989   0.10282   0.36128   0.27338   0.04944   0.40041   0.20288   0.11622   0.17679   0.09063   0.12154   0.04727   0.11648   0.01352   0.04779   2.17238   1.50675   2.03017   4.33232   0.91672   0.11504  
 53  0.0001   4664.952467  x:  1.33857   1.00635   2.05118   0.15956   0.25427   0.18589   0.16751   0.18468   0.08278   0.10925   0.08146   0.02493   0.12849   0.09321   0.34296   0.61926   0.05078   0.28070   0.29989   0.10282   0.36128   0.27338   0.04944   0.40041   0.20288   0.11622   0.17678   0.09063   0.12154   0.04727   0.11648   0.01352   0.04779   2.17238   1.50675   2.03017   4.33232   0.91672   0.11504  
 54  0.0000   4664.952467  x:  1.33857   1.00636   2.05119   0.15956   0.25427   0.18589   0.16751   0.18468   0.08278   0.10925   0.08146   0.02493   0.12849   0.09321   0.34296   0.61926   0.05078   0.28070   0.29989   0.10282   0.36128   0.27338   0.04944   0.40041   0.20288   0.11622   0.17678   0.09063   0.12154   0.04727   0.11648   0.01352   0.04779   2.17239   1.50675   2.03016   4.33227   0.91672   0.11504  
 55  0.0000   4664.952467  x:  1.33857   1.00636   2.05119   0.15956   0.25427   0.18589   0.16751   0.18468   0.08278   0.10925   0.08146   0.02494   0.12849   0.09321   0.34296   0.61926   0.05078   0.28070   0.29989   0.10282   0.36128   0.27338   0.04944   0.40041   0.20288   0.11622   0.17678   0.09063   0.12154   0.04727   0.11648   0.01352   0.04779   2.17239   1.50675   2.03016   4.33226   0.91672   0.11504  
 56  0.0000   4664.952467  x:  1.33857   1.00636   2.05119   0.15956   0.25427   0.18589   0.16751   0.18468   0.08278   0.10925   0.08146   0.02494   0.12849   0.09321   0.34296   0.61926   0.05078   0.28070   0.29989   0.10282   0.36128   0.27338   0.04944   0.40041   0.20288   0.11622   0.17678   0.09063   0.12154   0.04727   0.11648   0.01352   0.04779   2.17239   1.50675   2.03016   4.33226   0.91672   0.11504  
 57  0.0000   4664.952467  x:  1.33857   1.00636   2.05119   0.15956   0.25427   0.18589   0.16751   0.18468   0.08278   0.10925   0.08146   0.02494   0.12849   0.09321   0.34296   0.61926   0.05078   0.28070   0.29989   0.10282   0.36128   0.27338   0.04944   0.40041   0.20288   0.11622   0.17678   0.09063   0.12154   0.04727   0.11648   0.01352   0.04779   2.17239   1.50675   2.03016   4.33226   0.91672   0.11504  

NSsites Model 2: PositiveSelection

TREE # 1

  0  0.0000   5137.332677  x:  0.20113   0.47776   0.41330   0.12978   0.07738   0.12948   0.08728   0.11341   0.00000   0.07144   0.06191   0.06677   0.08394   0.09883   0.09064   0.28018   0.04973   0.13958   0.11649   0.09030   0.13845   0.14150   0.05044   0.12646   0.07308   0.09438   0.11440   0.07942   0.07072   0.02261   0.09479   0.05553   0.06881   2.09857   1.41911   1.91150   3.98663   0.87537   0.52686   0.15155   2.94718  
  1 99.0000   5026.859232  x:  0.29329   0.51910   0.47741   0.17995   0.12731   0.16017   0.13484   0.14375   0.61599   0.13531   0.06393   0.03003   0.10282   0.08852   0.17460   0.32484   0.10745   0.17599   0.18659   0.11208   0.21376   0.19045   0.08884   0.20270   0.15705   0.11392   0.14335   0.08905   0.11438   0.09661   0.09653   0.00000   0.03791   2.10509   1.43076   1.91466   3.98415   0.92210   0.53075   0.09395   2.91941  
  2 1632.1053   5015.684226  x:  0.32604   0.53520   0.50160   0.19527   0.14039   0.16786   0.14972   0.15373   0.75285   0.15087   0.06594   0.02433   0.11059   0.08755   0.19763   0.34182   0.12223   0.18824   0.20863   0.11929   0.23781   0.20688   0.09934   0.22636   0.17954   0.12050   0.15398   0.09400   0.12565   0.11020   0.10008   0.12165   0.04025   2.10763   1.43506   1.91593   3.98318   0.93987   0.53269   0.08110   2.90907  
  3 2655.7969   4894.032314  x:  0.61524   0.70947   0.74695   0.29073   0.18450   0.18528   0.24326   0.22706   0.71203   0.17134   0.12125   0.15380   0.19635   0.14125   0.28898   0.51484   0.15339   0.28456   0.34837   0.17321   0.39891   0.33309   0.13391   0.37350   0.25023   0.17286   0.24766   0.15716   0.15968   0.01376   0.15386   0.11659   0.12034   2.13305   1.47638   1.93007   3.97307   1.11694   0.56198   0.25576   2.81176  
  4 386.9706   4803.298909  x:  0.92866   0.91458   1.03274   0.38916   0.23306   0.20631   0.32823   0.29911   0.55799   0.18238   0.14169   0.21093   0.26410   0.17997   0.38612   0.70909   0.17374   0.38286   0.48417   0.21649   0.55799   0.45643   0.15965   0.52254   0.31697   0.22163   0.33519   0.21454   0.21577   0.23710   0.20240   0.09552   0.14169   2.16327   1.52698   1.94843   3.96061   1.35476   0.57235   0.11471   2.70146  
  5 722.3980   4790.472061  x:  0.97754   0.95605   1.09114   0.39984   0.24543   0.21514   0.32741   0.30266   0.53471   0.18363   0.11662   0.15656   0.25184   0.16487   0.40546   0.73969   0.17090   0.39154   0.49359   0.20998   0.57094   0.46306   0.15490   0.53951   0.32563   0.21833   0.33582   0.20276   0.21705   0.29816   0.19287   0.09750   0.09664   2.16695   1.53572   1.95155   3.95838   1.41857   0.55944   0.17192   2.68607  
  6 258.7881   4769.184466  x:  1.05093   1.02173   1.18676   0.40933   0.26409   0.23026   0.31489   0.30047   0.50639   0.18486   0.07514   0.04589   0.22032   0.13316   0.43546   0.78241   0.16028   0.39800   0.49815   0.19045   0.58084   0.46281   0.13919   0.55920   0.33517   0.20376   0.32680   0.16728   0.19732   0.25379   0.16517   0.09673   0.02130   2.16997   1.54802   1.95602   3.95532   1.53032   0.52737   0.15852   2.66831  
  7 286.0921   4764.582691  x:  1.06925   1.04060   1.21490   0.40922   0.26944   0.23467   0.30726   0.29712   0.50244   0.18455   0.06886   0.01187   0.20709   0.12347   0.44391   0.79251   0.15527   0.39719   0.49528   0.18151   0.57931   0.45851   0.13232   0.56204   0.33657   0.19682   0.32029   0.15416   0.19131   0.24725   0.15575   0.09499   0.03880   2.17049   1.55131   1.95729   3.95448   1.56816   0.51445   0.15708   2.66404  
  8 340.5773   4748.730399  x:  1.13544   1.12656   1.34741   0.39087   0.29417   0.25539   0.24833   0.26485   0.50948   0.17989   0.10123   0.03427   0.12550   0.08291   0.48243   0.82538   0.12021   0.37777   0.45641   0.12134   0.54560   0.41271   0.08587   0.55699   0.33497   0.14853   0.26604   0.07648   0.15810   0.23675   0.10099   0.09507   0.05266   2.17014   1.56462   1.96300   3.95089   1.77545   0.43175   0.15319   2.65083  
  9 230.5170   4734.877003  x:  1.18114   1.20988   1.48816   0.33894   0.30905   0.26354   0.17514   0.22101   0.53390   0.15561   0.11834   0.02520   0.12481   0.14777   0.51191   0.83612   0.06849   0.34665   0.38999   0.06442   0.48052   0.34192   0.03940   0.53132   0.31947   0.10493   0.19741   0.11890   0.15269   0.21823   0.14633   0.09601   0.04847   2.16743   1.57572   1.96937   3.94752   2.04559   0.31860   0.15341   2.63940  
 10 201.2707   4722.553471  x:  1.18154   1.27288   1.62381   0.23287   0.30377   0.24355   0.16453   0.21084   0.55843   0.09768   0.08947   0.03950   0.20005   0.09851   0.52322   0.80707   0.03172   0.32962   0.31582   0.14482   0.39246   0.27949   0.08652   0.48324   0.28815   0.14930   0.17176   0.11387   0.16417   0.19664   0.15363   0.09605   0.05420   2.15937   1.57882   1.97598   3.94560   2.38762   0.16999   0.15348   2.63418  
 11 140.0746   4717.797287  x:  1.15299   1.27896   1.67540   0.17119   0.29899   0.21835   0.21391   0.23361   0.56480   0.06592   0.10617   0.03113   0.16003   0.13401   0.51484   0.77020   0.08293   0.32285   0.30877   0.16552   0.37412   0.29121   0.10044   0.45342   0.25838   0.15137   0.20306   0.11283   0.16279   0.18806   0.14176   0.09615   0.05052   2.15022   1.57179   1.97827   3.94687   2.56540   0.09435   0.15483   2.63772  
 12 91.5156   4715.638118  x:  1.11839   1.25853   1.69739   0.15928   0.31229   0.20081   0.22395   0.22533   0.56585   0.07316   0.08018   0.04235   0.14990   0.10822   0.49821   0.72730   0.07927   0.31786   0.33720   0.14951   0.40453   0.33076   0.07523   0.44005   0.25166   0.14260   0.22768   0.13860   0.15898   0.18285   0.14519   0.09544   0.05450   2.13897   1.55778   1.97843   3.95019   2.66920   0.05636   0.15481   2.64669  
 13 46.2740   4714.659035  x:  1.09476   1.23517   1.70903   0.16768   0.32603   0.19262   0.22061   0.21586   0.56277   0.08266   0.09986   0.03431   0.17378   0.11403   0.48540   0.69825   0.07087   0.31948   0.35697   0.13806   0.42668   0.34676   0.06733   0.44062   0.25899   0.14816   0.23604   0.12531   0.15528   0.18219   0.13508   0.09532   0.05161   2.13017   1.54414   1.97794   3.95354   2.72743   0.04131   0.15556   2.65496  
 14 41.8673   4714.112325  x:  1.08089   1.20182   1.72293   0.18811   0.33614   0.19112   0.21608   0.21757   0.55859   0.08628   0.08554   0.03874   0.16752   0.12389   0.47677   0.68508   0.07523   0.33221   0.36442   0.13282   0.43620   0.33405   0.07993   0.45855   0.26949   0.15042   0.22769   0.10945   0.16261   0.17920   0.14597   0.09488   0.05311   2.12091   1.52395   1.97675   3.95844   2.76673   0.04568   0.15494   2.66712  
 15 17.6962   4713.634639  x:  1.07497   1.16172   1.74240   0.20096   0.33520   0.18781   0.21683   0.22587   0.55618   0.08285   0.10037   0.03411   0.16083   0.10957   0.46861   0.68185   0.07685   0.34237   0.36724   0.13369   0.43996   0.31982   0.08447   0.48110   0.27126   0.14458   0.21713   0.11769   0.16356   0.17722   0.15469   0.09452   0.05091   2.11058   1.49818   1.97530   3.96473   2.80061   0.06274   0.15452   2.68348  
 16 22.8639   4712.634601  x:  1.07897   1.06812   1.79541   0.20473   0.31077   0.17862   0.22116   0.23679   0.55862   0.07733   0.09018   0.03604   0.16878   0.11579   0.45812   0.69407   0.07250   0.34986   0.36521   0.14086   0.43987   0.30809   0.06368   0.52081   0.25964   0.13357   0.20266   0.12382   0.14856   0.17675   0.13081   0.09428   0.05156   2.08772   1.43456   1.97232   3.98028   2.86612   0.12217   0.15293   2.72723  
 17 29.3789   4711.320188  x:  1.09900   0.94489   1.87080   0.19305   0.27279   0.18022   0.20676   0.21386   0.55871   0.09206   0.09336   0.03287   0.15934   0.11277   0.46002   0.71828   0.07404   0.33903   0.34938   0.13380   0.42797   0.32113   0.05529   0.53255   0.25111   0.15605   0.22131   0.11470   0.16191   0.17165   0.13828   0.09369   0.04919   2.06049   1.34925   1.96891   4.00149   2.95196   0.22354   0.15028   2.79483  
 18 39.6689   4710.190321  x:  1.12672   0.85999   1.92917   0.20065   0.27925   0.20666   0.21860   0.20920   0.55967   0.07429   0.09229   0.03258   0.16606   0.11079   0.46357   0.72218   0.06554   0.32238   0.34276   0.12858   0.41479   0.34004   0.07415   0.48863   0.25039   0.13198   0.22815   0.10234   0.14788   0.16895   0.15241   0.09309   0.04863   2.04638   1.29090   1.96622   4.01790   3.02408   0.32909   0.14710   2.86305  
 19 33.2337   4709.092596  x:  1.15763   0.80967   1.97152   0.20182   0.30117   0.20806   0.21950   0.21361   0.55603   0.06644   0.09219   0.03155   0.15491   0.11335   0.47236   0.70304   0.06421   0.31295   0.35170   0.13304   0.40981   0.33452   0.07561   0.43175   0.27237   0.14571   0.20884   0.12097   0.16306   0.16157   0.12684   0.09266   0.04804   2.04262   1.25989   1.96390   4.03048   3.09434   0.44541   0.14345   2.93920  
 20 33.0141   4707.635958  x:  1.19611   0.78522   2.00522   0.17618   0.32391   0.17451   0.19949   0.21477   0.55132   0.09459   0.09015   0.03101   0.16198   0.10785   0.49018   0.66279   0.09432   0.31734   0.36307   0.13473   0.41745   0.30514   0.08428   0.39243   0.26415   0.13632   0.20386   0.12319   0.14117   0.15602   0.12619   0.09162   0.04743   2.04794   1.25375   1.96081   4.04297   3.19195   0.61360   0.13827   3.05514  
 21 37.5347   4704.915632  x:  1.24533   0.78950   2.02617   0.13023   0.36598   0.15148   0.19085   0.22230   0.55521   0.06316   0.08999   0.02690   0.15516   0.10627   0.47785   0.58710   0.07145   0.31935   0.35390   0.12799   0.43071   0.27974   0.06295   0.40812   0.23096   0.13262   0.22846   0.09569   0.16267   0.13939   0.13802   0.09030   0.04364   2.06747   1.28486   1.95525   4.05987   3.37235   0.91691   0.12900   3.28014  
 22 55.1185   4702.242996  x:  1.25392   0.81398   2.00720   0.10595   0.39601   0.19570   0.19807   0.20875   0.54936   0.07746   0.08950   0.02581   0.14316   0.10733   0.45778   0.55739   0.07339   0.31864   0.32153   0.13242   0.41153   0.29724   0.05803   0.45405   0.24379   0.15432   0.22354   0.10621   0.12469   0.12487   0.13556   0.08848   0.04271   2.08672   1.33812   1.94984   4.07436   3.57752   1.20160   0.11963   3.52347  
 23 76.7746   4700.492273  x:  1.24237   0.83968   1.97582   0.10665   0.39300   0.20659   0.20112   0.19566   0.54334   0.09020   0.08909   0.02468   0.15699   0.10077   0.44667   0.58459   0.09390   0.31839   0.31686   0.12966   0.39402   0.31876   0.06055   0.47053   0.24761   0.12255   0.20602   0.10563   0.15833   0.10897   0.12103   0.08732   0.04178   2.09658   1.37730   1.94648   4.08397   3.72273   1.37715   0.11347   3.69748  
 24 86.2191   4698.378825  x:  1.21783   0.88530   1.91710   0.14247   0.34454   0.16536   0.19911   0.19701   0.54816   0.06849   0.09077   0.02207   0.14794   0.10114   0.43756   0.67190   0.07389   0.31689   0.35182   0.12239   0.39052   0.32578   0.06225   0.45146   0.25781   0.13333   0.19153   0.09216   0.14088   0.09553   0.13697   0.08597   0.03997   2.09980   1.41830   1.94365   4.09709   3.89843   1.56164   0.10738   3.92420  
 25 58.9056   4697.814748  x:  1.21718   0.90325   1.89577   0.17017   0.32103   0.17659   0.20320   0.20813   0.54761   0.08153   0.09130   0.02184   0.14527   0.10390   0.44954   0.68722   0.05693   0.31612   0.34974   0.11760   0.40331   0.30628   0.07018   0.44047   0.24129   0.13576   0.21060   0.09939   0.14277   0.09158   0.12743   0.08562   0.04009   2.09417   1.42075   1.94376   4.10257   3.94480   1.59567   0.10593   3.99722  
 26 27.6687   4697.303856  x:  1.23806   0.92899   1.87297   0.20034   0.28421   0.19642   0.19874   0.20186   0.54492   0.06307   0.09140   0.02230   0.15045   0.10128   0.47058   0.67840   0.07669   0.31332   0.33994   0.12712   0.43273   0.29735   0.05447   0.43355   0.24018   0.13887   0.21333   0.09881   0.14266   0.08944   0.13033   0.08499   0.04056   2.08029   1.40594   1.94576   4.11111   3.97685   1.60353   0.10508   4.08410  
 27 16.5225   4696.735815  x:  1.28391   0.96309   1.84971   0.21334   0.24144   0.19179   0.20607   0.19880   0.53916   0.06621   0.09361   0.02145   0.14502   0.10607   0.49545   0.64991   0.06295   0.31939   0.33711   0.13645   0.43818   0.31260   0.06253   0.44127   0.25804   0.12657   0.20552   0.09707   0.14527   0.08835   0.13372   0.08412   0.04054   2.06051   1.37428   1.94993   4.12370   3.99834   1.59021   0.10473   4.19983  
 28 18.8320   4696.054529  x:  1.34915   1.00197   1.82624   0.23081   0.23460   0.18319   0.21687   0.20478   0.53289   0.06015   0.09098   0.02400   0.15721   0.10106   0.50726   0.63342   0.07255   0.32608   0.34713   0.10744   0.40873   0.32219   0.06601   0.45709   0.26110   0.13729   0.21107   0.10145   0.14555   0.08728   0.13164   0.08306   0.04236   2.03775   1.32886   1.95642   4.14044   4.01295   1.55464   0.10426   4.35643  
 29 26.3387   4695.155594  x:  1.43642   1.04466   1.80173   0.24321   0.27007   0.18480   0.20403   0.19995   0.52579   0.06758   0.09506   0.02412   0.15296   0.10813   0.49773   0.64043   0.07507   0.33675   0.37433   0.13584   0.38577   0.33661   0.05987   0.47092   0.23770   0.14250   0.21779   0.10488   0.14818   0.08629   0.13643   0.08182   0.04370   2.01389   1.26953   1.96640   4.16320   4.02418   1.48854   0.10399   4.58561  
 30 38.0977   4693.741906  x:  1.55868   1.08732   1.78819   0.18805   0.33069   0.19139   0.21957   0.22933   0.51014   0.09165   0.09887   0.02559   0.16320   0.11106   0.45877   0.69385   0.07632   0.33810   0.36560   0.13895   0.43611   0.33074   0.05432   0.47944   0.26205   0.14843   0.21637   0.09911   0.15670   0.08447   0.15404   0.07938   0.04654   2.00267   1.20134   1.98247   4.19530   4.02618   1.36402   0.10397   4.96636  
 31 38.6625   4693.202424  x:  1.59563   1.09297   1.80247   0.16933   0.34770   0.18956   0.21233   0.21117   0.50513   0.07637   0.09912   0.02675   0.16283   0.11524   0.45273   0.71215   0.07637   0.34749   0.36495   0.13350   0.46186   0.32983   0.08094   0.48997   0.26920   0.14661   0.22614   0.11249   0.15469   0.08413   0.14127   0.07849   0.04800   2.01107   1.19797   1.98838   4.20437   4.01905   1.31310   0.10413   5.11650  
 32 37.2075   4690.860454  x:  1.68376   1.05366   2.00777   0.16752   0.37251   0.19821   0.27181   0.18730   0.47464   0.07635   0.10730   0.02916   0.17394   0.12369   0.53486   0.73518   0.07193   0.35718   0.40553   0.13368   0.49772   0.34737   0.09009   0.52794   0.24097   0.17565   0.19760   0.11491   0.16652   0.07949   0.16172   0.07398   0.05349   2.12247   1.34291   2.01014   4.22447   3.94501   1.06562   0.10614   5.81749  
 33 25.5902   4689.172351  x:  1.72429   1.04190   2.19796   0.18869   0.36565   0.20421   0.23838   0.23852   0.45445   0.07674   0.11036   0.03318   0.18582   0.12990   0.55148   0.73976   0.08048   0.37046   0.42059   0.15839   0.48004   0.36076   0.07183   0.54518   0.29981   0.16162   0.25907   0.12055   0.17154   0.07663   0.17166   0.07068   0.05844   2.19133   1.46201   2.02422   4.23862   3.87914   0.89045   0.10718   6.32399  
 34 61.1819   4687.798740  x:  1.71776   1.12598   2.43091   0.23339   0.33151   0.19859   0.23834   0.25239   0.45463   0.10056   0.11298   0.03583   0.19130   0.13417   0.44960   0.72791   0.09607   0.39937   0.39808   0.15577   0.49703   0.39537   0.08921   0.52822   0.28271   0.17859   0.24647   0.12677   0.17772   0.07565   0.17567   0.06904   0.06161   2.16241   1.52551   2.02909   4.26147   3.78613   0.78848   0.10725   6.68047  
 35 20.1893   4686.639979  x:  1.64196   1.24360   2.64403   0.21841   0.33632   0.21721   0.28330   0.21609   0.44219   0.10818   0.11527   0.03820   0.19877   0.13859   0.44408   0.73683   0.09889   0.39048   0.44579   0.16975   0.49786   0.36177   0.08578   0.54250   0.31378   0.17393   0.27091   0.12995   0.18437   0.07441   0.18561   0.06694   0.06492   2.07480   1.53204   2.02301   4.29569   3.68368   0.71963   0.10636   6.96353  
 36 18.8626   4685.335033  x:  1.51515   1.38621   2.87253   0.19150   0.38472   0.22547   0.26052   0.26092   0.42365   0.09418   0.11992   0.04037   0.20697   0.14652   0.52865   0.75982   0.09877   0.38131   0.45182   0.17284   0.52417   0.40111   0.10495   0.57264   0.31104   0.18691   0.26529   0.13759   0.19137   0.07118   0.19186   0.06447   0.06879   1.97880   1.50391   2.00756   4.34098   3.56384   0.64602   0.10499   7.27483  
 37 29.4091   4684.610552  x:  1.46526   1.46351   2.96734   0.20104   0.41015   0.21302   0.28177   0.24770   0.41497   0.09486   0.12399   0.03967   0.20989   0.14734   0.56476   0.77961   0.09379   0.45471   0.41824   0.17797   0.52445   0.41196   0.07991   0.56679   0.32049   0.18754   0.28150   0.13891   0.19301   0.06909   0.19623   0.06298   0.06979   2.03945   1.44077   1.98346   4.36646   3.50923   0.61081   0.10471   7.43202  
 38  8.7599   4683.722912  x:  1.45439   1.54391   3.05498   0.17948   0.38379   0.25928   0.26641   0.26553   0.40455   0.09537   0.12558   0.03947   0.21284   0.14819   0.56330   0.78676   0.09368   0.46948   0.46922   0.16815   0.52979   0.41471   0.08761   0.57709   0.31525   0.19324   0.27247   0.13736   0.19615   0.06768   0.19818   0.06066   0.07021   2.15131   1.36969   1.94720   4.39343   3.45912   0.57564   0.10521   7.62006  
 39 11.3740   4682.440259  x:  1.49910   1.61636   3.14021   0.22043   0.39160   0.23137   0.27299   0.26394   0.38612   0.10678   0.12434   0.03915   0.21081   0.14974   0.55783   0.80398   0.10073   0.36691   0.46474   0.18258   0.54398   0.41437   0.10549   0.61599   0.32235   0.19050   0.27958   0.14351   0.19546   0.06685   0.19285   0.05711   0.07019   2.24466   1.32937   1.90262   4.42387   3.41222   0.54084   0.10676   7.88488  
 40 13.8033   4675.302516  x:  2.01034   1.74013   3.39250   0.22860   0.40494   0.27957   0.27531   0.28563   0.27825   0.12371   0.13088   0.02928   0.20901   0.14499   0.60309   0.96778   0.08082   0.47024   0.47900   0.16570   0.57399   0.44328   0.07974   0.64781   0.33737   0.19244   0.29205   0.13530   0.19827   0.06855   0.18741   0.03515   0.06784   2.11576   1.55426   1.75768   4.56399   3.28739   0.46091   0.12110   9.49944  
 41 14.7692   4673.664905  x:  2.06944   1.80998   3.43379   0.24032   0.40292   0.28630   0.27574   0.28718   0.25457   0.13134   0.13131   0.02748   0.20578   0.14256   0.61239   0.99920   0.07654   0.46361   0.48307   0.16169   0.58090   0.44238   0.07782   0.66491   0.33553   0.18928   0.28791   0.13409   0.19679   0.06809   0.18325   0.02957   0.06739   2.16612   1.50124   2.16721   4.52926   3.45620   0.80522   0.12259  10.10703  
 42  5.0568   4671.203584  x:  2.32091   1.90337   3.74650   0.25951   0.43761   0.30724   0.29725   0.31215   0.17640   0.16700   0.13952   0.04225   0.22433   0.16021   0.61960   1.07425   0.08511   0.48999   0.52156   0.17813   0.63061   0.47071   0.08830   0.72061   0.35605   0.20216   0.30267   0.15535   0.21188   0.09223   0.20332   0.01487   0.08319   2.18198   1.49590   2.06672   4.42087   3.44028   1.14952   0.11379  11.74043  
 43  1.9954   4670.891834  x:  2.39589   1.82986   3.71043   0.26122   0.43845   0.30641   0.29183   0.31281   0.17350   0.17330   0.13791   0.04255   0.22104   0.15856   0.60208   1.06821   0.08493   0.48510   0.51927   0.17555   0.62655   0.46700   0.08391   0.71361   0.35184   0.19818   0.30043   0.15340   0.20895   0.07973   0.20224   0.01457   0.08306   2.18256   1.50210   2.12306   4.36272   3.44094   1.05101   0.11040  11.66714  
 44  0.2714   4670.788806  x:  2.41985   1.80039   3.67065   0.26177   0.43599   0.30495   0.28780   0.31080   0.17540   0.17455   0.13654   0.04233   0.21824   0.15704   0.59307   1.06335   0.08401   0.48040   0.51500   0.17322   0.62165   0.46417   0.08194   0.70527   0.34767   0.19595   0.29812   0.15188   0.20649   0.07573   0.20016   0.01514   0.08243   2.18210   1.50117   2.00883   4.36444   3.49950   1.09451   0.10904  11.64082  
 45  0.7259   4670.561219  x:  2.47735   1.69845   3.56804   0.27247   0.42080   0.30646   0.27611   0.30771   0.17956   0.17707   0.13474   0.04229   0.21156   0.15368   0.57177   1.04688   0.08192   0.46756   0.50259   0.16712   0.60446   0.45543   0.07591   0.67109   0.33746   0.18933   0.29479   0.14843   0.19890   0.08196   0.19628   0.02016   0.08182   2.17165   1.48967   2.01490   4.27923   3.52108   1.16945   0.10998  11.53080  
 46  0.1025   4670.292352  x:  2.57890   1.67097   3.61805   0.27959   0.41713   0.31366   0.27179   0.30544   0.14371   0.17819   0.13558   0.03962   0.20836   0.15171   0.57937   1.04492   0.08148   0.46110   0.50063   0.16377   0.60119   0.45280   0.07604   0.65802   0.33518   0.18734   0.29314   0.14637   0.19685   0.07531   0.19137   0.01943   0.08011   2.18069   1.45398   2.02793   4.27632   3.59490   1.28919   0.11020  12.17685  
 47  0.2760   4669.781352  x:  2.41415   1.59804   3.59570   0.25635   0.39945   0.29465   0.27106   0.28639   0.13073   0.16054   0.13073   0.03736   0.20793   0.14831   0.56656   0.96718   0.08321   0.43987   0.47926   0.16718   0.57696   0.43158   0.08836   0.63115   0.32461   0.18818   0.27918   0.14474   0.19537   0.06764   0.18327   0.03149   0.07364   2.19369   1.46868   2.03832   4.41996   3.73993   1.38508   0.10897  12.76219  
 48  0.1455   4669.226707  x:  2.20049   1.51109   3.37175   0.22991   0.37598   0.26833   0.24538   0.27767   0.12129   0.16964   0.11853   0.03704   0.19257   0.13582   0.49391   0.92660   0.06957   0.42710   0.44387   0.15431   0.53798   0.40498   0.06610   0.60736   0.30067   0.17058   0.26087   0.13421   0.18046   0.07168   0.16897   0.03903   0.06602   2.19600   1.55898   2.02306   4.40350   3.92193   1.62345   0.11126  13.04470  
 49  0.1660   4668.488020  x:  1.83893   1.46516   2.98395   0.19939   0.35413   0.24617   0.21920   0.25108   0.09611   0.15281   0.10611   0.03407   0.16627   0.12145   0.46640   0.86215   0.06431   0.38452   0.40447   0.13035   0.48907   0.36756   0.05692   0.57344   0.26734   0.14935   0.23510   0.11608   0.16232   0.05460   0.15300   0.03885   0.05651   2.19391   1.54424   2.02240   4.35031   4.26470   1.95575   0.11068  13.42130  
 50  0.2436   4667.558450  x:  1.60678   1.48430   2.60099   0.20755   0.33327   0.24700   0.21668   0.23268   0.09066   0.13420   0.10613   0.03529   0.15658   0.12012   0.46497   0.82928   0.06832   0.35564   0.39316   0.11962   0.46880   0.35482   0.06606   0.53765   0.25448   0.14628   0.22844   0.11038   0.15478   0.05957   0.15373   0.02343   0.05910   2.17039   1.48280   1.99420   4.27373   4.51625   2.17840   0.11046  13.45514  
 51  0.3426   4666.977299  x:  1.59147   1.32255   2.30898   0.21386   0.29614   0.23608   0.20193   0.21725   0.08946   0.12909   0.10098   0.03227   0.14776   0.11205   0.41792   0.76837   0.06275   0.32889   0.36393   0.11457   0.43409   0.33086   0.06091   0.47562   0.23919   0.13803   0.21473   0.10445   0.14302   0.05615   0.14146   0.01782   0.05661   2.16254   1.47529   2.00002   4.25648   4.73272   2.33938   0.11180  13.41337  
 52  0.5477   4666.652057  x:  1.68439   1.28245   2.39767   0.21871   0.29445   0.23526   0.20667   0.22364   0.09220   0.13417   0.10269   0.03141   0.15731   0.11450   0.41134   0.76116   0.06240   0.34113   0.36616   0.12588   0.44045   0.33591   0.06185   0.47242   0.24814   0.14434   0.21803   0.11066   0.14758   0.05775   0.14235   0.01445   0.05872   2.16129   1.48516   2.01565   4.29395   4.72750   2.29595   0.11337  13.52478  
 53  0.3914   4666.424458  x:  1.56819   1.21289   2.36836   0.19829   0.28679   0.21793   0.19956   0.21885   0.09449   0.13024   0.09718   0.02971   0.15661   0.11073   0.39264   0.71764   0.05926   0.33501   0.34992   0.12806   0.42443   0.32266   0.05987   0.46276   0.24177   0.14128   0.20870   0.10989   0.14494   0.05763   0.13653   0.01679   0.05596   2.16379   1.50880   2.02509   4.33467   4.85125   2.41027   0.11535  13.74761  
 54  0.4812   4666.196016  x:  1.50995   1.15219   2.36306   0.17652   0.29774   0.21068   0.19049   0.21639   0.08802   0.12790   0.09193   0.02823   0.14959   0.10761   0.39735   0.70546   0.05890   0.32353   0.34406   0.12116   0.41585   0.31364   0.05666   0.46836   0.23304   0.13368   0.20249   0.10587   0.14070   0.05274   0.13419   0.01302   0.05541   2.16566   1.50936   2.02371   4.30936   5.03423   2.60978   0.11664  14.15466  
 55  0.3582   4666.008409  x:  1.53395   1.11017   2.42479   0.17071   0.30698   0.21491   0.19288   0.21199   0.09639   0.12736   0.09235   0.02864   0.14619   0.10824   0.39957   0.71204   0.06006   0.32278   0.34703   0.11561   0.41529   0.31395   0.05642   0.46612   0.22931   0.13210   0.20427   0.10376   0.13965   0.05414   0.13711   0.01600   0.05673   2.16937   1.49897   2.01142   4.28749   5.15501   2.77597   0.11605  14.53162  
 56  0.3252   4665.763253  x:  1.44932   1.05382   2.29108   0.16948   0.28687   0.20730   0.18803   0.19678   0.09063   0.11928   0.09108   0.02721   0.13940   0.10339   0.37016   0.68122   0.05612   0.30884   0.33065   0.10977   0.39560   0.30151   0.05506   0.43217   0.22097   0.12850   0.19590   0.09866   0.13291   0.05368   0.13028   0.01339   0.05513   2.17389   1.48780   2.00850   4.30304   5.55246   3.19562   0.11498  15.49630  
 57  0.8066   4665.482930  x:  1.42373   1.12286   2.23308   0.18211   0.26760   0.19968   0.17946   0.20152   0.08797   0.11391   0.09076   0.02646   0.14003   0.10036   0.36512   0.67927   0.05398   0.30062   0.32557   0.11299   0.39335   0.30143   0.05634   0.43113   0.22457   0.12868   0.19171   0.09851   0.13123   0.05061   0.12356   0.01316   0.05213   2.18380   1.49980   2.03643   4.38661   5.95228   3.56385   0.11348  16.79940  
 58  0.8727   4665.317328  x:  1.41017   1.06628   2.15752   0.17294   0.25725   0.19193   0.17291   0.19551   0.08467   0.11252   0.08450   0.02573   0.13485   0.09600   0.35928   0.64965   0.05254   0.29354   0.31253   0.10885   0.37699   0.28530   0.05073   0.41835   0.21417   0.12100   0.18335   0.09462   0.12636   0.04889   0.11973   0.01428   0.04911   2.17979   1.51216   2.04358   4.38672   6.36720   3.96881   0.11386  17.98186  
 59  1.3333   4665.217376  x:  1.41913   1.05814   2.15844   0.16512   0.26610   0.19456   0.17820   0.19187   0.08748   0.11688   0.08344   0.02663   0.13449   0.09751   0.36213   0.64503   0.05318   0.29848   0.31313   0.10701   0.37699   0.28216   0.04935   0.42142   0.21039   0.12014   0.18423   0.09421   0.12780   0.05035   0.12379   0.01440   0.04948   2.17030   1.51799   2.04025   4.35315   6.57092   4.16759   0.11458  18.69075  
 60  0.7561   4665.134358  x:  1.37492   1.02928   2.10560   0.15884   0.26531   0.19096   0.17017   0.18754   0.08680   0.11243   0.08352   0.02578   0.13080   0.09642   0.35121   0.62753   0.05251   0.28284   0.30632   0.10374   0.36917   0.27965   0.05362   0.40877   0.20474   0.11926   0.18071   0.09267   0.12473   0.04860   0.12020   0.01390   0.04889   2.16974   1.51655   2.03244   4.33881   7.06232   4.66217   0.11511  20.22085  
 61  1.2514   4665.071303  x:  1.36749   1.02425   2.09646   0.16118   0.26181   0.19035   0.16925   0.18766   0.08039   0.10972   0.08499   0.02518   0.13070   0.09509   0.34995   0.63071   0.05120   0.28752   0.30573   0.10510   0.36771   0.28056   0.04876   0.40520   0.20840   0.11881   0.18214   0.09282   0.12292   0.04829   0.11772   0.01394   0.04888   2.17279   1.50714   2.02128   4.32022   7.46283   5.07187   0.11515  21.66750  
 62  1.3136   4665.031909  x:  1.34599   1.02170   2.06515   0.16373   0.25537   0.18776   0.17032   0.18861   0.08588   0.11034   0.08276   0.02536   0.13056   0.09392   0.34467   0.63121   0.05182   0.28502   0.30507   0.10530   0.36714   0.27764   0.04947   0.40747   0.20716   0.11809   0.17874   0.09220   0.12285   0.04700   0.11716   0.01340   0.04862   2.17322   1.50198   2.02412   4.31171   7.83472   5.43220   0.11526  22.83090  
 63  1.1461   4665.005840  x:  1.35429   1.01085   2.06515   0.16378   0.25415   0.18720   0.16945   0.18792   0.08266   0.11090   0.08123   0.02533   0.13021   0.09405   0.34637   0.62611   0.05205   0.28044   0.30289   0.10405   0.36591   0.27588   0.05289   0.40547   0.20424   0.11779   0.17708   0.09147   0.12352   0.04803   0.11767   0.01392   0.04810   2.17202   1.50036   2.02829   4.31834   8.24697   5.84725   0.11527  24.28912  
 64  1.4611   4664.989309  x:  1.34066   1.00672   2.05319   0.15983   0.25566   0.18678   0.16805   0.18498   0.08306   0.11015   0.08128   0.02490   0.12899   0.09375   0.34633   0.62083   0.05044   0.28249   0.30001   0.10264   0.36208   0.27424   0.04976   0.40121   0.20283   0.11639   0.17783   0.09054   0.12254   0.04750   0.11773   0.01382   0.04775   2.16995   1.50043   2.03089   4.32275   8.68665   6.28450   0.11526  25.75527  
 65  1.6961   4664.977012  x:  1.34797   1.01210   2.06801   0.15886   0.25834   0.18807   0.16786   0.18527   0.08377   0.11046   0.08250   0.02490   0.12918   0.09428   0.34602   0.62309   0.05067   0.28322   0.30226   0.10308   0.36332   0.27569   0.04884   0.40252   0.20421   0.11672   0.17918   0.09141   0.12222   0.04740   0.11770   0.01376   0.04818   2.16989   1.50383   2.03193   4.33131   8.98047   6.57767   0.11511  26.80502  
 66  1.2921   4664.967240  x:  1.34173   1.00910   2.05714   0.15893   0.25555   0.18640   0.16821   0.18454   0.08248   0.10955   0.08207   0.02503   0.12849   0.09346   0.34155   0.62046   0.05128   0.28069   0.30125   0.10313   0.36218   0.27369   0.04907   0.40169   0.20354   0.11642   0.17694   0.09125   0.12123   0.04757   0.11621   0.01340   0.04812   2.17148   1.50796   2.03068   4.33601   9.55063   7.15073   0.11496  28.76378  
 67  2.0368   4664.961785  x:  1.33965   1.00900   2.05340   0.16043   0.25413   0.18566   0.16774   0.18536   0.08317   0.10834   0.08154   0.02497   0.12872   0.09308   0.34437   0.61975   0.05092   0.28191   0.29931   0.10312   0.36171   0.27409   0.04989   0.40048   0.20322   0.11678   0.17655   0.09048   0.12187   0.04723   0.11644   0.01342   0.04788   2.17292   1.50829   2.03010   4.33762  10.02095   7.62083   0.11494  30.38659  
 68  1.5603   4664.957926  x:  1.34032   1.00900   2.05550   0.16030   0.25347   0.18601   0.16731   0.18513   0.08285   0.10990   0.08113   0.02499   0.12877   0.09315   0.34338   0.62043   0.05035   0.28012   0.30048   0.10291   0.36142   0.27327   0.04960   0.40103   0.20308   0.11599   0.17733   0.09042   0.12187   0.04734   0.11696   0.01359   0.04769   2.17452   1.50902   2.03070   4.33662  10.57299   8.17766   0.11497  32.31888  
 69  1.4185   4664.955355  x:  1.34107   1.00637   2.05469   0.15957   0.25488   0.18612   0.16816   0.18421   0.08290   0.10956   0.08167   0.02487   0.12853   0.09353   0.34333   0.61936   0.05127   0.28134   0.30010   0.10273   0.36184   0.27350   0.04936   0.40076   0.20267   0.11638   0.17659   0.09111   0.12141   0.04735   0.11640   0.01356   0.04780   2.17248   1.50705   2.03059   4.33181  11.20336   8.80712   0.11502  34.51546  
 70  1.4409   4664.954001  x:  1.33858   1.00581   2.05030   0.15903   0.25470   0.18602   0.16727   0.18493   0.08287   0.10895   0.08153   0.02502   0.12840   0.09324   0.34282   0.61909   0.05068   0.28078   0.30007   0.10283   0.36125   0.27361   0.04945   0.40036   0.20313   0.11631   0.17685   0.09054   0.12163   0.04735   0.11651   0.01346   0.04789   2.17193   1.50706   2.02999   4.33246  11.79696   9.39885   0.11506  36.57602  
 71  1.4640   4664.953405  x:  1.33800   1.00742   2.05148   0.15984   0.25427   0.18571   0.16778   0.18464   0.08268   0.10932   0.08147   0.02492   0.12861   0.09308   0.34297   0.61961   0.05072   0.28048   0.29972   0.10298   0.36131   0.27340   0.04950   0.40050   0.20297   0.11620   0.17704   0.09054   0.12158   0.04714   0.11656   0.01354   0.04775   2.17239   1.50633   2.03002   4.33241  12.28781   9.88865   0.11506  38.29245  
 72  1.2488   4664.953043  x:  1.33860   1.00659   2.05079   0.15984   0.25383   0.18603   0.16735   0.18484   0.08276   0.10942   0.08143   0.02492   0.12858   0.09322   0.34312   0.61952   0.05083   0.28099   0.30005   0.10274   0.36140   0.27341   0.04944   0.40056   0.20270   0.11624   0.17667   0.09071   0.12151   0.04732   0.11646   0.01355   0.04775   2.17242   1.50608   2.02989   4.33093  12.76413  10.36493   0.11506  39.95106  
 73  1.3891   4664.952823  x:  1.33890   1.00554   2.05080   0.15946   0.25450   0.18588   0.16758   0.18458   0.08282   0.10922   0.08144   0.02495   0.12842   0.09330   0.34304   0.61912   0.05077   0.28058   0.29989   0.10285   0.36128   0.27330   0.04939   0.40040   0.20304   0.11620   0.17676   0.09068   0.12160   0.04729   0.11647   0.01352   0.04781   2.17215   1.50651   2.03016   4.33105  13.22120  10.82216   0.11504  41.54200  
 74  1.2253   4664.952707  x:  1.33827   1.00674   2.05167   0.15943   0.25439   0.18594   0.16755   0.18470   0.08274   0.10925   0.08150   0.02493   0.12851   0.09317   0.34280   0.61936   0.05076   0.28079   0.29989   0.10278   0.36131   0.27349   0.04951   0.40040   0.20282   0.11626   0.17681   0.09058   0.12154   0.04725   0.11653   0.01351   0.04780   2.17228   1.50674   2.03015   4.33216  13.56062  11.16203   0.11504  42.72850  
 75  0.8439   4664.952595  x:  1.33827   1.00734   2.05162   0.15974   0.25402   0.18586   0.16738   0.18480   0.08278   0.10926   0.08149   0.02492   0.12860   0.09308   0.34300   0.61943   0.05082   0.28074   0.29988   0.10284   0.36126   0.27346   0.04946   0.40041   0.20272   0.11623   0.17689   0.09060   0.12144   0.04728   0.11647   0.01351   0.04778   2.17263   1.50699   2.03005   4.33339  14.80078  12.40262   0.11504  47.05165  
 76  2.1919   4664.952559  x:  1.33862   1.00681   2.05157   0.15964   0.25417   0.18591   0.16748   0.18473   0.08278   0.10927   0.08147   0.02493   0.12854   0.09317   0.34300   0.61936   0.05078   0.28075   0.29993   0.10282   0.36131   0.27342   0.04945   0.40045   0.20284   0.11624   0.17681   0.09062   0.12153   0.04726   0.11649   0.01352   0.04779   2.17250   1.50687   2.03013   4.33275  14.50759  12.10924   0.11504  46.02966  
 77  1.4593   4664.952559  x:  1.33862   1.00681   2.05157   0.15964   0.25417   0.18591   0.16748   0.18473   0.08278   0.10927   0.08147   0.02493   0.12854   0.09317   0.34300   0.61936   0.05078   0.28075   0.29993   0.10282   0.36131   0.27342   0.04945   0.40045   0.20284   0.11624   0.17681   0.09062   0.12153   0.04726   0.11649   0.01352   0.04779   2.17250   1.50687   2.03013   4.33275  14.50759  12.10924   0.11504  46.02966  
 78  1.8068   4664.952553  x:  1.33861   1.00646   2.05132   0.15956   0.25429   0.18589   0.16750   0.18469   0.08279   0.10926   0.08146   0.02493   0.12850   0.09320   0.34297   0.61929   0.05078   0.28071   0.29988   0.10282   0.36129   0.27340   0.04944   0.40042   0.20287   0.11622   0.17679   0.09063   0.12154   0.04727   0.11649   0.01352   0.04779   2.17239   1.50684   2.02995   4.33266  14.50429  12.10583   0.11504  46.01729  
 79  0.0183   4664.952551  x:  1.33862   1.00635   2.05127   0.15955   0.25429   0.18590   0.16752   0.18468   0.08279   0.10925   0.08146   0.02494   0.12849   0.09321   0.34298   0.61927   0.05078   0.28070   0.29991   0.10282   0.36129   0.27339   0.04944   0.40042   0.20289   0.11622   0.17679   0.09063   0.12155   0.04727   0.11649   0.01352   0.04779   2.17239   1.50676   2.03027   4.33219  14.51431  12.11579   0.11504  46.05230  
 80  0.0457   4664.952551  x:  1.33863   1.00638   2.05127   0.15956   0.25429   0.18590   0.16751   0.18469   0.08279   0.10926   0.08146   0.02494   0.12850   0.09321   0.34298   0.61928   0.05078   0.28071   0.29990   0.10282   0.36130   0.27339   0.04944   0.40043   0.20289   0.11623   0.17679   0.09064   0.12155   0.04727   0.11649   0.01352   0.04779   2.17240   1.50674   2.03035   4.33201  14.51703  12.11852   0.11504  46.06194  
 81  0.0133   4664.952551  x:  1.33862   1.00640   2.05127   0.15957   0.25428   0.18590   0.16751   0.18469   0.08278   0.10926   0.08146   0.02494   0.12850   0.09321   0.34298   0.61928   0.05078   0.28071   0.29991   0.10282   0.36130   0.27339   0.04944   0.40042   0.20289   0.11623   0.17679   0.09063   0.12155   0.04727   0.11649   0.01352   0.04779   2.17240   1.50672   2.03035   4.33192  14.51774  12.11921   0.11504  46.06441  
 82  0.0032   4664.952551  x:  1.33862   1.00640   2.05127   0.15957   0.25428   0.18590   0.16751   0.18469   0.08278   0.10926   0.08146   0.02494   0.12850   0.09321   0.34298   0.61928   0.05078   0.28071   0.29991   0.10282   0.36130   0.27339   0.04944   0.40042   0.20289   0.11623   0.17679   0.09063   0.12155   0.04727   0.11649   0.01352   0.04779   2.17240   1.50672   2.03035   4.33190  14.51781  12.11929   0.11504  46.06467  

NSsites Model 7: beta

TREE # 1

  0  0.0000   4957.414318  x:  0.20900   0.41988   0.34815   0.15781   0.08025   0.14039   0.12724   0.08491   0.00000   0.10680   0.07090   0.01977   0.10779   0.05629   0.10112   0.21823   0.06008   0.09844   0.12184   0.07166   0.15025   0.18207   0.04941   0.13871   0.07102   0.09047   0.09463   0.03994   0.09704   0.02801   0.05873   0.03841   0.06886   2.59281   1.28490   1.97116   3.83478   0.92348   1.29454  
  1 99.0000   4844.834746  x:  0.29330   0.46041   0.41662   0.18550   0.11876   0.16376   0.14467   0.12732   0.32733   0.13378   0.07234   0.03284   0.11167   0.08749   0.16640   0.28016   0.09451   0.15973   0.18306   0.10612   0.20502   0.20441   0.08466   0.19809   0.14847   0.11124   0.13653   0.11518   0.10737   0.06763   0.09939   0.00000   0.04242   2.58560   1.29339   1.97252   3.83410   0.87148   1.32560  
  2 1152.6715   4822.943953  x:  0.38176   0.50731   0.49321   0.21006   0.14737   0.17720   0.16203   0.16206   0.50273   0.14960   0.07219   0.04090   0.11862   0.10753   0.21919   0.34336   0.11801   0.20996   0.23633   0.13324   0.25752   0.22841   0.10868   0.25167   0.20380   0.12747   0.17314   0.15620   0.11579   0.08223   0.12750   0.22784   0.04651   2.57699   1.30314   1.97422   3.83324   0.80953   1.36167  
  3 1513.8254   4745.348089  x:  0.57513   0.63728   0.69052   0.24663   0.17316   0.16866   0.18972   0.19356   0.41380   0.13463   0.07345   0.02733   0.14905   0.09238   0.27663   0.46817   0.11044   0.25424   0.29829   0.14440   0.34250   0.28092   0.09658   0.32981   0.21934   0.13217   0.20856   0.10077   0.13275   0.00000   0.09783   0.19815   0.02553   2.54849   1.32764   1.97873   3.83139   0.62914   1.45690  
  4 314.3527   4703.370820  x:  0.76951   0.76871   0.88992   0.28261   0.19800   0.15899   0.21688   0.22375   0.31017   0.11807   0.07512   0.01384   0.17928   0.07623   0.33287   0.59312   0.10093   0.29691   0.35890   0.15400   0.42671   0.33319   0.08251   0.40726   0.23217   0.13597   0.24274   0.04424   0.15137   0.02122   0.06765   0.16675   0.00780   2.51936   1.35236   1.98329   3.82955   0.44579   1.55332  
  5 5059.5094   4691.466487  x:  0.84802   0.82211   0.97218   0.29467   0.20726   0.15523   0.22420   0.23291   0.26666   0.11044   0.07928   0.01991   0.18625   0.07558   0.35492   0.64157   0.09387   0.31224   0.38044   0.15447   0.45687   0.35026   0.07412   0.43695   0.23624   0.13569   0.25332   0.04653   0.15543   0.02591   0.07658   0.14705   0.07394   2.50620   1.36195   1.98496   3.82899   0.37698   1.59164  
  6 1273.8725   4674.709101  x:  0.96602   0.90362   1.10640   0.29441   0.21406   0.15290   0.20819   0.22382   0.18333   0.09413   0.09431   0.05379   0.15766   0.10917   0.38106   0.69837   0.06039   0.32084   0.39111   0.13056   0.47364   0.34556   0.04313   0.46821   0.23273   0.12165   0.24467   0.16852   0.13230   0.02752   0.17085   0.13068   0.04745   2.47723   1.37203   1.98571   3.82970   0.37425   1.63682  
  7 269.7904   4662.926965  x:  1.05847   0.96576   1.21839   0.27967   0.21791   0.16893   0.18123   0.20916   0.16736   0.10005   0.07380   0.01103   0.11842   0.10729   0.40263   0.72892   0.03655   0.32318   0.38580   0.10277   0.46498   0.31848   0.02969   0.48445   0.23765   0.11411   0.22292   0.17536   0.12444   0.03031   0.17518   0.12460   0.05983   2.44653   1.37528   1.98410   3.83195   0.47195   1.66088  
  8 164.8187   4658.623749  x:  1.11539   1.00373   1.29263   0.26236   0.21857   0.18418   0.16428   0.19904   0.16321   0.11077   0.08451   0.05810   0.10960   0.10731   0.41462   0.74043   0.02967   0.32233   0.37496   0.08657   0.44882   0.29379   0.03294   0.48902   0.24133   0.11331   0.20409   0.15820   0.12771   0.03189   0.16145   0.12230   0.06451   2.42265   1.37627   1.98235   3.83404   0.53517   1.67783  
  9 221.8533   4655.252277  x:  1.15534   1.02967   1.36598   0.22299   0.21468   0.20369   0.16434   0.19727   0.15872   0.11964   0.09765   0.04777   0.16013   0.12724   0.41175   0.72118   0.05662   0.31460   0.34479   0.09504   0.40231   0.26115   0.07356   0.47213   0.24135   0.12398   0.18087   0.16189   0.13890   0.03223   0.16618   0.12122   0.06585   2.38669   1.37504   1.97872   3.83784   0.55521   1.70628  
 10 74.0477   4652.111089  x:  1.18483   1.04546   1.45517   0.16769   0.22356   0.22135   0.18247   0.20825   0.17324   0.11853   0.09017   0.04965   0.12739   0.10528   0.38477   0.66327   0.05170   0.29675   0.30760   0.13580   0.33900   0.24795   0.09170   0.43002   0.23787   0.13239   0.15782   0.16774   0.13284   0.03183   0.16203   0.12386   0.06394   2.32777   1.37005   1.97140   3.84478   0.53218   1.75615  
 11 57.6379   4650.367493  x:  1.19168   1.04169   1.52456   0.14051   0.25557   0.20977   0.16011   0.19000   0.19426   0.10680   0.08348   0.04941   0.13107   0.12860   0.35697   0.60294   0.04451   0.27877   0.29263   0.12939   0.32462   0.26237   0.07780   0.39409   0.22782   0.11531   0.17176   0.16403   0.12863   0.03157   0.14803   0.12746   0.06423   2.26929   1.36318   1.96222   3.85204   0.51890   1.80396  
 12 43.2402   4649.368833  x:  1.18299   1.02536   1.57272   0.12430   0.28201   0.19163   0.15731   0.18716   0.19670   0.10635   0.09474   0.04736   0.13013   0.10532   0.34775   0.56252   0.06847   0.27395   0.29510   0.10956   0.33553   0.26678   0.07287   0.37737   0.22760   0.12240   0.18861   0.16696   0.13066   0.03144   0.15179   0.12776   0.06377   2.21936   1.35604   1.95242   3.85851   0.52495   1.84432  
 13 39.4303   4648.474823  x:  1.15603   0.98997   1.62067   0.10768   0.30648   0.18119   0.17752   0.20256   0.18640   0.11630   0.07711   0.05337   0.13143   0.11773   0.35058   0.53440   0.07419   0.28272   0.31162   0.11109   0.35761   0.26241   0.07039   0.37574   0.23103   0.12754   0.18904   0.16533   0.12955   0.03161   0.15312   0.12539   0.06435   2.15881   1.34602   1.93745   3.86684   0.54250   1.89686  
 14 32.4032   4647.559954  x:  1.11221   0.93549   1.67220   0.09341   0.32910   0.18785   0.17431   0.20177   0.17837   0.11966   0.10328   0.04606   0.12972   0.12034   0.35943   0.53059   0.05897   0.29760   0.32616   0.12777   0.37077   0.25716   0.07371   0.38959   0.23391   0.11702   0.18048   0.16362   0.13246   0.03143   0.15165   0.12379   0.06480   2.08765   1.33365   1.91585   3.87704   0.55495   1.96847  
 15 39.5490   4646.571755  x:  1.05982   0.87064   1.72477   0.08179   0.34273   0.20082   0.15633   0.18888   0.17492   0.10901   0.08420   0.05090   0.13667   0.10698   0.37094   0.55764   0.05358   0.30556   0.32151   0.12357   0.36377   0.25231   0.07614   0.41070   0.23770   0.11980   0.17628   0.16469   0.13135   0.03106   0.15401   0.12274   0.06363   2.01666   1.32028   1.88853   3.88782   0.55702   2.05570  
 16 46.5050   4646.052091  x:  1.03378   0.83669   1.75294   0.08001   0.33959   0.19994   0.16614   0.19688   0.17779   0.10317   0.09057   0.04869   0.12800   0.11746   0.37417   0.58511   0.05902   0.29860   0.30839   0.10566   0.35171   0.25629   0.07034   0.41694   0.23316   0.12057   0.17653   0.15997   0.12994   0.03092   0.15286   0.12258   0.06368   1.98749   1.31374   1.86968   3.89321   0.56023   2.11140  
 17 33.2383   4645.584806  x:  1.02127   0.81615   1.77683   0.08922   0.31971   0.18063   0.17375   0.19937   0.18258   0.10959   0.09041   0.04992   0.13953   0.10930   0.36880   0.60743   0.05227   0.28551   0.30442   0.11593   0.34807   0.27217   0.06560   0.40657   0.22396   0.11703   0.17801   0.16055   0.13234   0.03102   0.15622   0.12196   0.06417   1.98386   1.31048   1.84495   3.89666   0.57868   2.17526  
 18 16.8092   4644.869891  x:  1.01051   0.79639   1.80422   0.12075   0.28754   0.16808   0.16515   0.18668   0.17876   0.11380   0.09078   0.05059   0.12704   0.11926   0.35527   0.61926   0.05779   0.27601   0.30937   0.12923   0.35245   0.27281   0.08201   0.38578   0.22774   0.13346   0.18457   0.15917   0.12759   0.03109   0.15390   0.11904   0.06484   2.00165   1.30955   1.80011   3.90016   0.59679   2.28814  
 19 25.7563   4643.452658  x:  1.00028   0.77530   1.84174   0.18252   0.23288   0.19426   0.16996   0.19062   0.17729   0.10726   0.08620   0.05191   0.12885   0.11145   0.33214   0.60615   0.05498   0.26869   0.32107   0.11295   0.36575   0.24464   0.08512   0.35838   0.23132   0.11366   0.17991   0.16744   0.13618   0.03058   0.14510   0.11553   0.06503   2.05611   1.31181   1.70698   3.90533   0.62137   2.51909  
 20 47.4960   4642.483269  x:  1.00051   0.77838   1.84846   0.19057   0.20096   0.20094   0.16464   0.19338   0.17563   0.10987   0.09042   0.05105   0.13694   0.10869   0.34103   0.57782   0.05480   0.27612   0.31762   0.10713   0.36393   0.24915   0.06915   0.37709   0.22829   0.12034   0.17322   0.16490   0.10909   0.03089   0.14170   0.11280   0.06566   2.09467   1.31541   1.64679   3.90771   0.63763   2.66919  
 21 43.1842   4641.351544  x:  1.00390   0.79162   1.84560   0.18973   0.17592   0.19819   0.15557   0.19184   0.16906   0.11041   0.08802   0.05126   0.13062   0.11256   0.36043   0.54170   0.05811   0.29033   0.30666   0.10670   0.35313   0.26284   0.05375   0.40989   0.21992   0.12550   0.17110   0.16077   0.13421   0.03015   0.14721   0.10879   0.06519   2.14072   1.32065   1.57420   3.91011   0.65982   2.85281  
 22 93.6880   4640.249921  x:  1.01389   0.82175   1.82388   0.19247   0.20757   0.18727   0.16447   0.18882   0.15762   0.10126   0.08436   0.05439   0.12683   0.11011   0.37615   0.53067   0.06134   0.30229   0.29262   0.11227   0.33320   0.26817   0.07141   0.42888   0.21201   0.10383   0.18638   0.15084   0.12669   0.03025   0.15727   0.10365   0.06555   2.17458   1.32575   1.51268   3.91165   0.68919   3.01858  
 23 47.7696   4638.561477  x:  1.03525   0.88479   1.76701   0.16692   0.28217   0.18216   0.17601   0.18452   0.14125   0.09646   0.09139   0.05244   0.13751   0.10971   0.37834   0.54810   0.03683   0.29612   0.28634   0.11163   0.31816   0.26322   0.05772   0.42036   0.23507   0.12963   0.18680   0.14681   0.13198   0.02984   0.15917   0.09674   0.06594   2.20756   1.33329   1.43294   3.91290   0.72517   3.26181  
 24 56.7353   4636.341314  x:  1.06763   0.97223   1.68247   0.08334   0.34650   0.19246   0.16198   0.17991   0.12132   0.12096   0.08860   0.05217   0.13035   0.11102   0.37274   0.59717   0.06160   0.28315   0.29980   0.11620   0.33361   0.26258   0.04391   0.39198   0.23061   0.11566   0.17209   0.15051   0.12963   0.02932   0.14932   0.08774   0.06633   2.23022   1.34266   1.34925   3.91307   0.75720   3.55994  
 25 89.1997   4635.624290  x:  1.08404   1.00075   1.65451   0.05316   0.34512   0.19368   0.15715   0.19065   0.11840   0.11052   0.08855   0.05241   0.12921   0.10980   0.36251   0.60812   0.04574   0.28079   0.30365   0.10569   0.35008   0.26414   0.06584   0.39087   0.21447   0.12250   0.18000   0.15453   0.13001   0.02917   0.14254   0.08474   0.06679   2.22194   1.34481   1.34034   3.91157   0.76927   3.64426  
 26 37.0677   4633.362184  x:  1.16349   1.08497   1.57566   0.11537   0.32107   0.19339   0.14827   0.19899   0.11127   0.10288   0.08651   0.05258   0.12785   0.10752   0.33115   0.61191   0.05082   0.26289   0.29960   0.10688   0.36566   0.26538   0.07240   0.41389   0.16968   0.13780   0.14115   0.14901   0.13011   0.02877   0.14286   0.07581   0.06695   2.10509   1.34660   1.41405   3.89854   0.79158   3.84079  
 27 18.2109   4630.563323  x:  1.26167   1.17846   1.48838   0.16020   0.23810   0.18797   0.15726   0.18818   0.08438   0.12607   0.08495   0.05102   0.12588   0.10552   0.31019   0.61314   0.04224   0.25659   0.29594   0.09880   0.35595   0.26134   0.06910   0.43114   0.21693   0.11270   0.16999   0.13965   0.12818   0.02815   0.14507   0.06170   0.06649   1.95539   1.34515   1.53099   3.87903   0.81126   4.06474  
 28 69.9000   4629.669111  x:  1.28577   1.19108   1.49029   0.16495   0.21815   0.19217   0.16659   0.17851   0.07677   0.09801   0.08740   0.05092   0.12777   0.10606   0.34214   0.61681   0.04697   0.28001   0.30741   0.10576   0.34734   0.25946   0.05287   0.40007   0.20936   0.11498   0.18173   0.13786   0.12692   0.02804   0.13941   0.05723   0.06712   1.93623   1.34015   1.58253   3.86935   0.81962   4.11084  
 29 19.6489   4628.779476  x:  1.30164   1.18970   1.51786   0.17286   0.21971   0.19831   0.16311   0.17740   0.06717   0.12345   0.08705   0.04803   0.12612   0.10468   0.38224   0.61744   0.03175   0.29583   0.30123   0.09237   0.34434   0.26072   0.05545   0.36772   0.19163   0.12023   0.18736   0.13469   0.12662   0.02769   0.14126   0.05290   0.06621   1.94390   1.33274   1.64495   3.85631   0.81163   4.14172  
 30 22.7027   4626.624474  x:  1.32416   1.16267   1.64067   0.15911   0.24586   0.18935   0.14255   0.20446   0.04021   0.11211   0.08603   0.04607   0.12420   0.10205   0.40560   0.62021   0.03280   0.28208   0.27566   0.09262   0.36756   0.27764   0.06484   0.36267   0.22102   0.10905   0.16175   0.13175   0.12617   0.02714   0.13357   0.04148   0.06585   2.02186   1.31140   1.80254   3.82003   0.80660   4.17214  
 31 23.5489   4624.356973  x:  1.33913   1.13437   1.79283   0.12912   0.27852   0.20106   0.16485   0.17618   0.02176   0.12354   0.08714   0.04300   0.12381   0.10133   0.37164   0.62991   0.03539   0.25719   0.29226   0.10271   0.37220   0.25602   0.04924   0.40851   0.19743   0.11551   0.18266   0.11947   0.12628   0.02672   0.13708   0.02975   0.06518   2.11987   1.29155   1.96500   3.78065   0.79880   4.18811  
 32 48.9639   4624.103687  x:  1.33128   1.14039   1.81447   0.12458   0.27786   0.18672   0.16362   0.17469   0.02348   0.12403   0.08698   0.04221   0.12344   0.10080   0.35679   0.63376   0.03297   0.27470   0.30428   0.09376   0.36392   0.25123   0.04947   0.40953   0.19730   0.11336   0.17078   0.10959   0.12542   0.02664   0.14652   0.02888   0.06452   2.12853   1.29399   1.97345   3.77736   0.79239   4.18182  
 33 11.4616   4623.807811  x:  1.29976   1.16990   1.85001   0.13250   0.27742   0.19197   0.16211   0.18108   0.01960   0.12956   0.08703   0.04195   0.12472   0.10027   0.33871   0.63896   0.03607   0.29827   0.30547   0.09142   0.35569   0.26554   0.04854   0.41027   0.19731   0.11581   0.17347   0.11866   0.12638   0.02656   0.13402   0.02758   0.06499   2.12766   1.30728   1.95795   3.77694   0.79079   4.15219  
 34  7.5603   4622.515406  x:  1.12756   1.33668   2.01575   0.15507   0.24607   0.20774   0.17125   0.17289   0.02567   0.12396   0.08736   0.03856   0.12400   0.09956   0.33647   0.64944   0.03361   0.30476   0.28126   0.09569   0.38883   0.27234   0.04495   0.40507   0.19859   0.11665   0.17879   0.09681   0.12530   0.02622   0.15039   0.02471   0.06309   2.10516   1.37699   1.84745   3.78160   0.75790   3.99204  
 35 20.2440   4621.785923  x:  1.03712   1.42446   2.10422   0.17030   0.22954   0.18677   0.16646   0.17854   0.02890   0.12328   0.08638   0.03586   0.12269   0.09738   0.35853   0.65097   0.03069   0.28049   0.29919   0.09461   0.38198   0.25368   0.04779   0.41296   0.19523   0.11360   0.18021   0.10738   0.12556   0.02564   0.12686   0.02403   0.06273   2.09077   1.40858   1.77900   3.78654   0.73085   3.89946  
 36 44.6533   4621.643294  x:  1.03150   1.43173   2.11891   0.17339   0.22749   0.19539   0.16329   0.18352   0.02741   0.12179   0.08599   0.03576   0.12260   0.09767   0.36228   0.64906   0.03047   0.26866   0.31643   0.09175   0.37332   0.26478   0.05195   0.41234   0.19667   0.11420   0.18037   0.10210   0.12559   0.02566   0.13319   0.02334   0.06237   2.08684   1.40221   1.75789   3.79052   0.72708   3.87567  
 37  8.4935   4620.892678  x:  1.08448   1.40264   2.17230   0.17921   0.21822   0.19426   0.17926   0.16200   0.02754   0.12173   0.08549   0.03223   0.12134   0.09596   0.36037   0.64581   0.02973   0.26961   0.31435   0.08402   0.37845   0.27758   0.06091   0.41124   0.19707   0.11391   0.16638   0.10437   0.12567   0.02549   0.12167   0.02151   0.06163   2.06480   1.29417   1.61132   3.82690   0.68995   3.73046  
 38  7.1008   4620.494684  x:  1.11712   1.38128   2.19979   0.18372   0.21546   0.19258   0.16536   0.17959   0.02674   0.12239   0.08608   0.03056   0.12206   0.09598   0.35355   0.64714   0.03127   0.27434   0.30684   0.09269   0.37851   0.26462   0.05179   0.40876   0.19250   0.11546   0.17857   0.09692   0.12512   0.02549   0.12557   0.02003   0.06092   2.05294   1.24054   1.53401   3.84514   0.67084   3.65236  
 39 36.6989   4619.257652  x:  1.26752   1.17988   2.26417   0.16253   0.23852   0.19098   0.16560   0.17802   0.03214   0.12148   0.08485   0.02621   0.12198   0.09317   0.33901   0.63093   0.03640   0.26672   0.29982   0.09619   0.36363   0.26777   0.04986   0.39511   0.18755   0.11721   0.17623   0.09017   0.12322   0.02547   0.11650   0.01774   0.05964   2.03398   1.42779   1.45363   3.81519   0.63116   3.47117  
 40  3.3453   4618.082156  x:  1.24373   1.15233   2.33643   0.14667   0.26219   0.19584   0.16307   0.18124   0.05134   0.12197   0.08403   0.02283   0.12449   0.09085   0.31618   0.61623   0.04564   0.26132   0.30039   0.10135   0.34172   0.27603   0.04706   0.39308   0.18518   0.11890   0.17744   0.08853   0.12276   0.02534   0.10479   0.01994   0.05825   2.09270   1.32011   1.66241   3.78207   0.61353   3.44100  
 41  2.0385   4617.228361  x:  1.25029   1.12568   2.37379   0.13945   0.27939   0.19221   0.16843   0.18343   0.05371   0.12017   0.08072   0.02179   0.13292   0.09262   0.33768   0.59499   0.04999   0.26820   0.29159   0.11330   0.34927   0.26796   0.05956   0.38560   0.19832   0.11931   0.16834   0.09151   0.12443   0.02607   0.11974   0.01376   0.05055   2.08056   1.29472   1.72069   3.72435   0.62168   3.54493  
 42  0.1218   4616.673592  x:  1.27489   1.08653   2.39620   0.13243   0.28905   0.19407   0.16837   0.18945   0.06895   0.11108   0.08216   0.02784   0.13357   0.09916   0.34815   0.60247   0.04210   0.27888   0.30113   0.11278   0.35939   0.27033   0.05704   0.39784   0.20710   0.11522   0.17860   0.10165   0.12501   0.02818   0.11458   0.01775   0.04480   2.07252   1.28202   1.66602   3.70989   0.64040   3.61902  
 43  0.0693   4616.280515  x:  1.30689   1.12633   2.45103   0.12878   0.28592   0.19150   0.16677   0.18835   0.07737   0.10965   0.08552   0.02598   0.12968   0.09712   0.35334   0.61966   0.04098   0.27627   0.30571   0.10792   0.35990   0.26932   0.05206   0.40277   0.20564   0.11383   0.18237   0.09608   0.12322   0.03012   0.10924   0.01232   0.04239   2.06456   1.28536   1.66033   3.71578   0.66044   3.80942  
 44  0.1756   4615.972881  x:  1.35633   1.15201   2.51973   0.12519   0.28684   0.18822   0.16786   0.18619   0.08655   0.11479   0.08617   0.02163   0.12782   0.09277   0.35774   0.63739   0.04560   0.27757   0.31108   0.10550   0.36103   0.26857   0.05293   0.40813   0.20439   0.11844   0.17997   0.09151   0.12302   0.03298   0.11534   0.01649   0.04247   2.07026   1.29702   1.63207   3.74028   0.65868   3.82459  
 45  0.0854   4615.720599  x:  1.44584   1.16504   2.60794   0.12562   0.29338   0.19239   0.16930   0.18673   0.08883   0.11427   0.07898   0.02449   0.13211   0.09716   0.35539   0.63789   0.04168   0.27903   0.30772   0.11160   0.36484   0.27351   0.05625   0.40411   0.20393   0.12055   0.17642   0.09082   0.12252   0.03698   0.11220   0.01550   0.04593   2.09094   1.30387   1.65709   3.75480   0.66864   3.92498  
 46  0.0823   4615.597006  x:  1.47439   1.19393   2.68185   0.12895   0.29582   0.19423   0.16894   0.18947   0.08485   0.11206   0.08574   0.02238   0.13258   0.09592   0.35855   0.63169   0.04245   0.28116   0.30767   0.11129   0.36605   0.27364   0.05377   0.40670   0.20626   0.11806   0.17907   0.09568   0.12291   0.03939   0.11461   0.01477   0.04637   2.09879   1.29685   1.67034   3.78127   0.65721   3.92735  
 47  0.0582   4615.556402  x:  1.47236   1.20655   2.70527   0.12898   0.29571   0.19274   0.16830   0.18907   0.08044   0.11309   0.08395   0.02527   0.13043   0.09568   0.35968   0.63184   0.04482   0.28132   0.30889   0.10988   0.36282   0.27238   0.05316   0.40970   0.20637   0.11775   0.18084   0.09339   0.12185   0.04044   0.11578   0.01491   0.04709   2.09346   1.29507   1.66481   3.77984   0.65448   3.94141  
 48  0.0231   4615.525302  x:  1.46321   1.19545   2.71587   0.12505   0.29602   0.19334   0.16863   0.18789   0.07522   0.11423   0.08431   0.02396   0.13115   0.09685   0.35704   0.63676   0.04184   0.28084   0.30951   0.10988   0.36259   0.27275   0.05477   0.40918   0.20549   0.11853   0.17981   0.09300   0.12146   0.04150   0.11381   0.01536   0.04727   2.08693   1.29438   1.64760   3.74447   0.65693   3.97453  
 49  0.0226   4615.505919  x:  1.45054   1.18098   2.70795   0.12296   0.29925   0.19397   0.16931   0.18849   0.07412   0.11462   0.08361   0.02398   0.13189   0.09476   0.35630   0.63441   0.04341   0.28055   0.30854   0.11004   0.36413   0.27342   0.05368   0.40677   0.20515   0.11869   0.18015   0.09325   0.12164   0.04241   0.11418   0.01549   0.04564   2.08531   1.28756   1.64512   3.74114   0.66536   4.03006  
 50  0.0302   4615.493715  x:  1.44025   1.18113   2.69510   0.12641   0.29756   0.19366   0.16849   0.18880   0.07470   0.11460   0.08445   0.02353   0.13082   0.09688   0.35748   0.63113   0.04435   0.28041   0.30796   0.11065   0.36351   0.27270   0.05372   0.40717   0.20546   0.11790   0.18047   0.09174   0.12146   0.04341   0.11335   0.01564   0.04500   2.08816   1.29043   1.65300   3.76434   0.66637   4.04041  
 51  0.0154   4615.478195  x:  1.43195   1.18691   2.66757   0.13346   0.28910   0.19336   0.16803   0.18865   0.07565   0.11390   0.08369   0.02412   0.13069   0.09512   0.35517   0.62997   0.04298   0.27927   0.30770   0.11067   0.36130   0.27235   0.05416   0.40728   0.20466   0.11792   0.18027   0.09234   0.12094   0.04510   0.11264   0.01555   0.04541   2.09041   1.30069   1.66057   3.78776   0.66308   4.01557  
 52  0.0191   4615.472215  x:  1.42993   1.18476   2.65287   0.13187   0.29012   0.19309   0.16900   0.18772   0.07582   0.11407   0.08391   0.02390   0.13157   0.09585   0.35534   0.63156   0.04366   0.27964   0.30772   0.10977   0.36279   0.27291   0.05370   0.40611   0.20460   0.11844   0.17978   0.09206   0.12088   0.04588   0.11360   0.01532   0.04584   2.08511   1.29565   1.65721   3.76621   0.66128   3.98654  
 53  0.0231   4615.470791  x:  1.43057   1.18130   2.65297   0.12866   0.29311   0.19321   0.16870   0.18808   0.07593   0.11413   0.08392   0.02392   0.13100   0.09564   0.35621   0.63170   0.04346   0.27983   0.30761   0.11028   0.36263   0.27261   0.05403   0.40629   0.20508   0.11814   0.18001   0.09228   0.12077   0.04612   0.11335   0.01520   0.04585   2.08523   1.29383   1.65394   3.75443   0.66027   3.97274  
 54  0.0116   4615.470609  x:  1.43045   1.18251   2.65505   0.12795   0.29397   0.19317   0.16858   0.18820   0.07590   0.11405   0.08386   0.02394   0.13113   0.09571   0.35592   0.63134   0.04347   0.27962   0.30771   0.11007   0.36244   0.27261   0.05393   0.40639   0.20496   0.11814   0.18026   0.09221   0.12079   0.04618   0.11339   0.01521   0.04586   2.08630   1.29452   1.65420   3.75666   0.66017   3.96912  
 55  0.0034   4615.470565  x:  1.43035   1.18333   2.65582   0.12798   0.29394   0.19320   0.16867   0.18814   0.07584   0.11416   0.08388   0.02393   0.13111   0.09569   0.35586   0.63126   0.04348   0.27969   0.30766   0.11010   0.36249   0.27267   0.05397   0.40630   0.20494   0.11817   0.18010   0.09222   0.12080   0.04618   0.11332   0.01523   0.04581   2.08639   1.29480   1.65485   3.75796   0.65992   3.96589  
 56  0.0019   4615.470558  x:  1.43075   1.18310   2.65576   0.12811   0.29380   0.19321   0.16864   0.18814   0.07581   0.11413   0.08388   0.02393   0.13110   0.09569   0.35589   0.63134   0.04347   0.27969   0.30764   0.11009   0.36249   0.27265   0.05397   0.40632   0.20495   0.11816   0.18014   0.09220   0.12080   0.04618   0.11336   0.01523   0.04579   2.08645   1.29488   1.65511   3.75801   0.65991   3.96511  
 57  0.0007   4615.470557  x:  1.43081   1.18310   2.65576   0.12814   0.29378   0.19321   0.16864   0.18815   0.07580   0.11413   0.08388   0.02393   0.13111   0.09569   0.35590   0.63134   0.04348   0.27969   0.30766   0.11009   0.36249   0.27265   0.05397   0.40633   0.20496   0.11816   0.18014   0.09221   0.12080   0.04618   0.11334   0.01523   0.04579   2.08643   1.29481   1.65504   3.75790   0.65992   3.96506  
 58  0.0002   4615.470557  x:  1.43081   1.18309   2.65576   0.12815   0.29378   0.19321   0.16864   0.18815   0.07580   0.11414   0.08388   0.02393   0.13111   0.09569   0.35590   0.63134   0.04348   0.27969   0.30766   0.11009   0.36249   0.27265   0.05397   0.40633   0.20496   0.11816   0.18014   0.09221   0.12080   0.04618   0.11334   0.01523   0.04579   2.08644   1.29481   1.65503   3.75788   0.65992   3.96506  
 59  0.0000   4615.470557  x:  1.43081   1.18309   2.65576   0.12815   0.29378   0.19321   0.16864   0.18815   0.07580   0.11414   0.08388   0.02393   0.13111   0.09569   0.35590   0.63134   0.04348   0.27969   0.30766   0.11009   0.36249   0.27265   0.05397   0.40633   0.20496   0.11816   0.18014   0.09221   0.12080   0.04618   0.11334   0.01523   0.04579   2.08644   1.29482   1.65503   3.75788   0.65992   3.96506  
 60  0.0000   4615.470557  x:  1.43081   1.18309   2.65576   0.12815   0.29378   0.19321   0.16864   0.18815   0.07580   0.11414   0.08388   0.02393   0.13111   0.09569   0.35590   0.63134   0.04348   0.27969   0.30766   0.11009   0.36249   0.27265   0.05397   0.40633   0.20496   0.11816   0.18014   0.09221   0.12080   0.04618   0.11334   0.01523   0.04579   2.08644   1.29482   1.65503   3.75788   0.65992   3.96506  
 61  0.0000   4615.470557  x:  1.43081   1.18309   2.65576   0.12815   0.29378   0.19321   0.16864   0.18815   0.07580   0.11414   0.08388   0.02393   0.13111   0.09569   0.35590   0.63134   0.04348   0.27969   0.30766   0.11009   0.36249   0.27265   0.05397   0.40633   0.20496   0.11816   0.18014   0.09221   0.12080   0.04618   0.11334   0.01523   0.04579   2.08644   1.29482   1.65503   3.75788   0.65992   3.96506  

NSsites Model 8: beta&w>1

TREE # 1

  0  0.0000   4986.213119  x:  0.19184   0.38639   0.33772   0.12708   0.08780   0.12868   0.11535   0.10965   0.00000   0.11184   0.05113   0.04756   0.04334   0.04440   0.05395   0.25501   0.05708   0.09996   0.13741   0.07850   0.17981   0.16227   0.03368   0.16281   0.10252   0.04732   0.14002   0.04857   0.10410   0.02492   0.05944   0.05095   0.03990   1.81852   1.28096   1.48854   3.53336   0.90000   0.72668   1.91761   2.22220  
  1 99.0000   4839.802565  x:  0.21893   0.40041   0.35857   0.13869   0.09806   0.13576   0.11972   0.11544   0.12184   0.11787   0.05284   0.03969   0.07031   0.05963   0.09013   0.26788   0.07015   0.11519   0.15020   0.08361   0.18990   0.16889   0.04763   0.17493   0.11386   0.06655   0.14282   0.06123   0.10331   0.03726   0.06917   0.03488   0.03745   1.82083   1.28342   1.48977   3.53272   0.99999   0.71755   1.92076   2.21543  
  2 1601.0574   4833.209907  x:  0.23121   0.40681   0.36819   0.14354   0.10213   0.13836   0.12184   0.11806   0.16067   0.12012   0.05377   0.03675   0.08066   0.06564   0.10450   0.27381   0.07515   0.12193   0.15597   0.08613   0.19457   0.17206   0.05332   0.18040   0.11888   0.07433   0.14421   0.06651   0.10317   0.04170   0.07320   0.02800   0.03679   1.82168   1.28443   1.49027   3.53245   0.98605   0.71252   1.92244   2.21324  
  3 1757.6786   4784.219168  x:  0.29159   0.43965   0.41845   0.16120   0.11314   0.14130   0.13363   0.12986   0.13519   0.12266   0.05892   0.03095   0.09950   0.07803   0.14175   0.30412   0.08561   0.15049   0.18280   0.09826   0.21847   0.18937   0.06983   0.20610   0.13959   0.09588   0.15161   0.08275   0.10471   0.04410   0.08575   0.00000   0.04081   1.82433   1.28847   1.49251   3.53133   0.98841   0.67792   1.93408   2.21170  
  4 574.1501   4697.205005  x:  0.56674   0.59113   0.65003   0.24145   0.16429   0.15573   0.18681   0.18351   0.02952   0.13346   0.08267   0.00590   0.18321   0.13254   0.31045   0.44319   0.13166   0.27840   0.30375   0.15170   0.32725   0.26800   0.14190   0.32296   0.23204   0.19023   0.18523   0.15414   0.11156   0.05703   0.14413   0.06734   0.06929   1.83692   1.30728   1.50300   3.52605   0.99856   0.51714   1.98811   2.20427  
  5 4460.1393   4683.312368  x:  0.65047   0.65134   0.74429   0.25168   0.18067   0.17378   0.18743   0.18932   0.03624   0.13813   0.08990   0.12875   0.16196   0.11159   0.33279   0.48402   0.11192   0.28709   0.31609   0.14102   0.34787   0.27867   0.11953   0.34650   0.22788   0.16652   0.18198   0.12385   0.12049   0.03604   0.11768   0.07472   0.02651   1.84338   1.31302   1.50694   3.52410   0.99880   0.47862   2.00581   2.20466  
  6 278.0625   4667.418602  x:  0.73963   0.72420   0.86147   0.24916   0.19333   0.19568   0.17425   0.18664   0.05793   0.13229   0.06018   0.12271   0.11188   0.06436   0.33384   0.52363   0.06676   0.27633   0.31178   0.11011   0.35758   0.27777   0.06765   0.36370   0.20277   0.11027   0.17116   0.07280   0.13245   0.04290   0.08030   0.07065   0.07458   1.85370   1.31857   1.51180   3.52175   0.99738   0.46067   2.02468   2.20670  
  7 231.7772   4659.177065  x:  0.78791   0.77010   0.93929   0.23520   0.19526   0.20346   0.15977   0.17870   0.06506   0.12222   0.05225   0.08795   0.09700   0.07555   0.31822   0.54304   0.03119   0.25887   0.29734   0.08517   0.35333   0.26876   0.03038   0.36785   0.18253   0.07606   0.16510   0.07078   0.12775   0.04638   0.08908   0.07165   0.03079   1.86254   1.32194   1.51559   3.52003   0.99680   0.46091   2.03746   2.20931  
  8 197.8056   4656.151261  x:  0.80733   0.79920   0.99437   0.21123   0.19133   0.20309   0.14744   0.16888   0.07031   0.11482   0.07955   0.08351   0.10441   0.08252   0.29261   0.54912   0.02549   0.23860   0.27501   0.07303   0.33910   0.25526   0.02845   0.36423   0.17300   0.08223   0.16688   0.07387   0.12028   0.02750   0.10028   0.07066   0.04053   1.87125   1.32417   1.51904   3.51859   0.99650   0.46333   2.04879   2.21293  
  9 104.8507   4653.916800  x:  0.81945   0.82730   1.05164   0.18141   0.18702   0.19976   0.13945   0.16090   0.07214   0.10857   0.09083   0.08371   0.10949   0.07736   0.26245   0.55150   0.03670   0.21856   0.25097   0.07307   0.32166   0.24181   0.04203   0.35768   0.16729   0.09655   0.17026   0.07264   0.11962   0.05120   0.10236   0.07031   0.03827   1.88165   1.32643   1.52312   3.51698   0.99640   0.46477   2.06247   2.21782  
 10 148.2599   4652.240283  x:  0.81945   0.84835   1.10136   0.15522   0.18819   0.19407   0.14401   0.16163   0.07646   0.10838   0.07303   0.07671   0.11000   0.07385   0.23789   0.54754   0.05166   0.20728   0.23719   0.09298   0.30737   0.23587   0.05792   0.34794   0.16776   0.10476   0.17151   0.07053   0.11926   0.03655   0.09440   0.07088   0.03033   1.89258   1.32849   1.52734   3.51543   0.99618   0.46563   2.07718   2.22331  
 11 94.7263   4651.453142  x:  0.80809   0.85880   1.13473   0.14162   0.19700   0.18855   0.15144   0.16585   0.07843   0.11427   0.06420   0.08232   0.10883   0.08598   0.22524   0.53829   0.05243   0.20315   0.23577   0.10678   0.30006   0.23588   0.05806   0.33691   0.16904   0.09807   0.16809   0.08325   0.12109   0.03897   0.09570   0.07027   0.03784   1.90182   1.32990   1.53091   3.51424   0.99618   0.46439   2.09049   2.22854  
 12 59.9020   4650.267740  x:  0.76432   0.87238   1.20188   0.12734   0.23099   0.17634   0.16136   0.17191   0.07992   0.12983   0.08471   0.07331   0.10841   0.07774   0.22155   0.51101   0.05188   0.20585   0.24758   0.11625   0.29461   0.24121   0.05483   0.31393   0.17937   0.09220   0.16179   0.08389   0.12065   0.04075   0.09130   0.06989   0.03356   1.92375   1.33267   1.53955   3.51156   0.99621   0.46504   2.12388   2.24227  
 13 48.1023   4648.941855  x:  0.69296   0.88365   1.28637   0.11003   0.27188   0.16849   0.15153   0.16411   0.07560   0.12761   0.07100   0.07485   0.11477   0.08611   0.23990   0.48044   0.05554   0.21510   0.25708   0.09507   0.29880   0.24402   0.05391   0.30153   0.18096   0.10256   0.16765   0.07279   0.11826   0.04026   0.09642   0.06948   0.03490   1.95315   1.33555   1.55211   3.50788   0.99639   0.47378   2.17253   2.26329  
 14 58.2434   4648.454750  x:  0.65817   0.88518   1.31907   0.09968   0.28028   0.17358   0.14952   0.16507   0.07575   0.11821   0.07041   0.07501   0.10927   0.07681   0.25041   0.47629   0.05560   0.22016   0.25648   0.09249   0.30497   0.24504   0.05703   0.30981   0.17501   0.10145   0.17389   0.08631   0.11960   0.03835   0.09969   0.06923   0.03431   1.96501   1.33634   1.55818   3.50630   0.99642   0.47885   2.19705   2.27432  
 15 47.7256   4648.057359  x:  0.62491   0.88398   1.34505   0.09082   0.28011   0.18268   0.15166   0.17034   0.07533   0.10952   0.07681   0.07268   0.11087   0.08458   0.25833   0.48216   0.05323   0.22263   0.25278   0.09905   0.31179   0.24571   0.05648   0.32496   0.17110   0.09917   0.17642   0.08310   0.12134   0.03970   0.09073   0.06906   0.03424   1.97451   1.33649   1.56438   3.50493   0.99655   0.48423   2.22343   2.28669  
 16 41.6776   4647.763909  x:  0.59875   0.88125   1.36267   0.09349   0.27477   0.18808   0.15337   0.17254   0.07566   0.11498   0.07458   0.07312   0.11382   0.08085   0.25954   0.49898   0.05026   0.21935   0.24856   0.10540   0.31339   0.24394   0.04838   0.33743   0.17910   0.10265   0.17090   0.07856   0.11820   0.04061   0.10036   0.06871   0.03463   1.98003   1.33563   1.57079   3.50391   0.99664   0.48995   2.25314   2.30158  
 17 23.5333   4647.466543  x:  0.57798   0.87896   1.37723   0.11253   0.26584   0.18307   0.15020   0.16681   0.07744   0.12363   0.07525   0.07156   0.11095   0.08383   0.25500   0.52214   0.05407   0.21946   0.25103   0.10157   0.30896   0.24082   0.05613   0.34318   0.18152   0.09641   0.16861   0.08009   0.12330   0.03934   0.09904   0.06861   0.03439   1.98269   1.33354   1.57979   3.50292   0.99667   0.49848   2.29714   2.32482  
 18 20.1604   4647.142651  x:  0.56605   0.87907   1.38726   0.13181   0.24756   0.17490   0.15478   0.16806   0.08046   0.11774   0.07259   0.07206   0.11590   0.08157   0.24801   0.53597   0.04591   0.22088   0.26004   0.09689   0.30712   0.24399   0.05652   0.33767   0.17801   0.10343   0.16747   0.08567   0.11723   0.04034   0.09024   0.06867   0.03449   1.98232   1.33007   1.59124   3.50207   0.99669   0.50994   2.35539   2.35670  
 19 25.8623   4646.613919  x:  0.56099   0.88345   1.39461   0.15164   0.21006   0.17158   0.16069   0.17331   0.08576   0.10827   0.07520   0.07140   0.10975   0.08293   0.25011   0.53664   0.04904   0.22291   0.26787   0.09848   0.31097   0.25294   0.05723   0.32006   0.16843   0.10419   0.16788   0.07665   0.12170   0.04019   0.10314   0.06834   0.03467   1.97759   1.32330   1.61138   3.50105   0.99679   0.52663   2.46289   2.41727  
 20 36.7638   4645.564816  x:  0.56997   0.89773   1.39472   0.18175   0.15419   0.18852   0.14946   0.16728   0.08957   0.11962   0.07424   0.06820   0.11831   0.08155   0.26929   0.50564   0.05290   0.21949   0.25529   0.10224   0.31740   0.25389   0.05140   0.30522   0.17919   0.09769   0.17321   0.08455   0.12079   0.04009   0.09318   0.06872   0.03440   1.96231   1.30878   1.65136   3.49988   0.99739   0.55759   2.68896   2.54939  
 21 56.6018   4644.745084  x:  0.58640   0.90954   1.38204   0.20785   0.15782   0.19440   0.15662   0.17159   0.09531   0.11445   0.07527   0.06573   0.10397   0.08697   0.26937   0.47890   0.04769   0.21754   0.24233   0.10651   0.31124   0.23949   0.05422   0.32095   0.18365   0.10536   0.17765   0.08261   0.11511   0.04097   0.09464   0.06872   0.03413   1.94708   1.29665   1.68044   3.49998   0.99779   0.58298   2.86978   2.66123  
 22 64.8128   4643.975079  x:  0.60616   0.91952   1.36128   0.20946   0.17642   0.18849   0.15933   0.17211   0.09977   0.10577   0.07358   0.06451   0.12475   0.08041   0.26382   0.46584   0.05045   0.21971   0.24239   0.11145   0.30501   0.23139   0.05084   0.34167   0.17500   0.09543   0.17575   0.07887   0.12319   0.04045   0.10107   0.06863   0.03426   1.93139   1.28508   1.70562   3.50085   0.99825   0.60879   3.04297   2.77425  
 23 91.3970   4642.299894  x:  0.65243   0.93486   1.30440   0.14459   0.21928   0.16579   0.14406   0.16319   0.11349   0.11310   0.07619   0.05885   0.11466   0.08397   0.25772   0.47680   0.06140   0.23006   0.26422   0.11047   0.30491   0.24318   0.03485   0.37282   0.17159   0.10299   0.16516   0.08117   0.11825   0.04074   0.09770   0.06893   0.03407   1.89899   1.26202   1.75101   3.50419   0.99911   0.66498   3.39936   3.02110  
 24 99.0930   4641.339578  x:  0.68016   0.93728   1.26978   0.09792   0.25342   0.17076   0.15276   0.17294   0.11936   0.12132   0.07362   0.05519   0.11795   0.08397   0.26131   0.50060   0.04457   0.22929   0.26264   0.09277   0.30907   0.24906   0.05431   0.36444   0.18084   0.09766   0.16954   0.07855   0.11915   0.04086   0.10029   0.06905   0.03367   1.88337   1.25047   1.77102   3.50700   0.99977   0.69624   3.59996   3.17109  
 25 106.8440   4640.945571  x:  0.68873   0.93360   1.26253   0.09282   0.27012   0.17714   0.15070   0.17081   0.12001   0.11488   0.07416   0.05388   0.11804   0.08446   0.26587   0.51319   0.04620   0.22571   0.25866   0.09672   0.31088   0.24875   0.05251   0.35139   0.18145   0.09924   0.16887   0.08076   0.12069   0.04070   0.09876   0.06909   0.03360   1.88204   1.24919   1.77187   3.50819   0.99999   0.70430   3.64856   3.21529  
 26 47.9323   4640.848666  x:  0.69517   0.92552   1.26301   0.09137   0.27314   0.17294   0.15052   0.17049   0.12069   0.11411   0.07441   0.05385   0.11826   0.08420   0.26866   0.51628   0.04824   0.22546   0.25635   0.09933   0.31437   0.24533   0.05295   0.34888   0.18021   0.09480   0.17214   0.07975   0.11184   0.04158   0.09922   0.06903   0.03416   1.88832   1.25281   1.76577   3.50900   0.99999   0.70656   3.66483   3.23769  
 27 11.3331   4640.466628  x:  0.72403   0.88378   1.27081   0.08526   0.27587   0.15430   0.15161   0.17104   0.12483   0.11512   0.07464   0.05149   0.11748   0.08379   0.27435   0.51980   0.04370   0.22408   0.24970   0.10250   0.32601   0.23205   0.04655   0.34702   0.18183   0.09752   0.18241   0.08018   0.12011   0.04118   0.09790   0.06929   0.03373   1.92305   1.27380   1.73086   3.51282   0.99999   0.71285   3.72080   3.33198  
 28 27.1386   4639.671574  x:  0.78390   0.79585   1.29576   0.08099   0.27973   0.17607   0.15318   0.17104   0.13115   0.11625   0.07388   0.04615   0.11878   0.08517   0.26471   0.51435   0.04937   0.22638   0.25923   0.09377   0.31991   0.24299   0.04941   0.35607   0.17823   0.09952   0.17010   0.08079   0.11778   0.04105   0.09891   0.06995   0.03334   1.99550   1.32145   1.64553   3.52310   0.99999   0.72921   3.82387   3.53723  
 29 41.1700   4639.487454  x:  0.79180   0.78989   1.30282   0.08139   0.27987   0.17451   0.14544   0.16723   0.13262   0.11150   0.07428   0.04612   0.11874   0.08505   0.26869   0.51419   0.03995   0.22817   0.26093   0.10184   0.31253   0.25127   0.05496   0.35822   0.18373   0.09793   0.17105   0.07889   0.11809   0.04183   0.10139   0.07022   0.03380   1.99830   1.32773   1.62389   3.52794   0.99999   0.73939   3.83972   3.58805  
 30 17.8968   4638.823632  x:  0.80490   0.80016   1.33016   0.08490   0.27789   0.16521   0.15338   0.18059   0.13466   0.10628   0.07610   0.04311   0.11964   0.08665   0.29458   0.52102   0.04858   0.22712   0.25689   0.09889   0.28868   0.26452   0.04820   0.36367   0.19305   0.09621   0.17548   0.08261   0.11958   0.04236   0.10005   0.07118   0.03486   1.97850   1.34005   1.54228   3.55080   0.99999   0.77661   3.87915   3.77884  
 31 29.2467   4637.425091  x:  0.81017   0.84648   1.38195   0.09802   0.27659   0.17379   0.16260   0.17313   0.14444   0.12530   0.07757   0.03048   0.12499   0.08984   0.30089   0.53020   0.04408   0.23830   0.26550   0.11030   0.31699   0.25827   0.05119   0.36539   0.17290   0.10938   0.18125   0.08500   0.12081   0.04397   0.10379   0.07231   0.03492   1.91818   1.35632   1.38006   3.60080   0.99999   0.80697   3.94620   4.17528  
 32 60.7816   4636.784967  x:  0.80440   0.87173   1.40271   0.10175   0.26640   0.17167   0.16198   0.17224   0.15349   0.10546   0.07801   0.02414   0.12489   0.09154   0.29151   0.53002   0.04878   0.24507   0.27233   0.10331   0.33401   0.25010   0.05181   0.36921   0.19723   0.10227   0.17413   0.08574   0.12004   0.04341   0.10500   0.07201   0.03470   1.89610   1.36014   1.31832   3.62210   0.99999   0.78849   3.96094   4.34343  
 33 60.1974   4636.378628  x:  0.79926   0.88736   1.40694   0.10464   0.26416   0.16721   0.15431   0.17729   0.15778   0.10377   0.07697   0.01701   0.12556   0.09155   0.30146   0.53563   0.04475   0.23938   0.26774   0.10286   0.31986   0.25576   0.05176   0.36925   0.18827   0.10498   0.17330   0.08554   0.11785   0.04284   0.10473   0.07134   0.03328   1.89965   1.35405   1.31254   3.63147   0.99999   0.74659   3.97056   4.44974  
 34 19.4675   4635.645192  x:  0.80939   0.92198   1.41758   0.10749   0.25342   0.17501   0.17911   0.15047   0.15985   0.10101   0.07883   0.01231   0.12576   0.09230   0.31458   0.54527   0.04237   0.25592   0.27665   0.10630   0.30840   0.24557   0.04709   0.37039   0.19244   0.10534   0.17875   0.08514   0.11797   0.04371   0.10661   0.07175   0.03397   1.95356   1.31811   1.39168   3.63713   0.99999   0.74532   3.93421   4.61648  
 35 11.3064   4634.619771  x:  0.82797   0.96826   1.43888   0.13043   0.24838   0.17371   0.16241   0.17961   0.16157   0.10493   0.07971   0.00779   0.12893   0.09431   0.31088   0.55164   0.04658   0.25994   0.27704   0.10797   0.33432   0.25416   0.05164   0.37819   0.19722   0.10776   0.17388   0.08823   0.12021   0.04412   0.10854   0.07269   0.03529   2.03155   1.26706   1.52356   3.64170   0.99999   0.76904   3.86092   4.83330  
 36 45.5018   4634.228689  x:  0.83833   0.94554   1.46866   0.13075   0.24865   0.17398   0.16565   0.17697   0.16057   0.10194   0.07927   0.00718   0.12862   0.09508   0.31940   0.55023   0.04703   0.22497   0.29911   0.10953   0.34082   0.25051   0.05686   0.38342   0.19950   0.10690   0.17674   0.08920   0.12021   0.04401   0.10859   0.07275   0.03580   2.00005   1.29436   1.58927   3.63795   0.99999   0.76628   3.83233   4.87124  
 37  4.5485   4633.285946  x:  0.86422   0.87906   1.54766   0.12958   0.24954   0.17255   0.16232   0.18284   0.15873   0.10013   0.07937   0.00690   0.12936   0.09491   0.32160   0.55606   0.04527   0.26282   0.28191   0.10915   0.33781   0.24501   0.05482   0.37678   0.19858   0.10952   0.16590   0.08942   0.11961   0.04464   0.10976   0.07310   0.03736   1.90580   1.37450   1.74622   3.62885   0.99999   0.75140   3.76536   4.94053  
 38 18.1800   4633.038696  x:  0.86558   0.87680   1.56044   0.13614   0.25038   0.17274   0.16721   0.17741   0.15936   0.10122   0.07953   0.00713   0.13016   0.09502   0.31033   0.55708   0.04862   0.26446   0.27471   0.10738   0.34167   0.26428   0.04765   0.38025   0.20223   0.10837   0.18685   0.08839   0.11991   0.04506   0.11099   0.07277   0.03776   1.90085   1.38257   1.76652   3.63060   0.99999   0.74337   3.74452   4.93627  
 39  6.5325   4628.029759  x:  0.90423   1.03168   1.75149   0.21053   0.20109   0.16688   0.17092   0.18306   0.11770   0.08933   0.07360   0.03529   0.13228   0.09608   0.34607   0.60124   0.04361   0.25316   0.28553   0.10763   0.36499   0.27454   0.06806   0.39258   0.19961   0.12052   0.15254   0.09553   0.11881   0.04672   0.11596   0.07205   0.04822   2.05310   1.38000   1.96419   3.73589   0.99999   0.63426   3.38594   4.71840  
 40  6.2008   4627.718044  x:  0.90736   1.03592   1.76315   0.21171   0.19871   0.17778   0.15886   0.19734   0.11562   0.09032   0.07307   0.03694   0.13258   0.09611   0.34290   0.60678   0.04457   0.25873   0.30233   0.11077   0.35541   0.26020   0.06234   0.38883   0.20213   0.12100   0.17143   0.09442   0.11884   0.04716   0.11742   0.07199   0.04878   2.05925   1.37304   1.97311   3.74338   0.99999   0.62849   3.37157   4.70816  
 41 16.9400   4627.290147  x:  0.93277   0.97309   1.82399   0.20579   0.20436   0.17751   0.15923   0.19500   0.11229   0.09044   0.07331   0.03716   0.13212   0.09593   0.34368   0.60490   0.04484   0.25728   0.30135   0.11032   0.35631   0.26091   0.06235   0.38824   0.20108   0.12100   0.17123   0.09463   0.11900   0.04683   0.11700   0.07202   0.04896   2.03376   1.24392   1.96513   3.78400   0.99999   0.61854   3.37708   4.66439  
 42  3.2084   4623.543836  x:  1.01274   1.04991   2.09097   0.18002   0.23891   0.19611   0.16717   0.18225   0.04251   0.11607   0.08083   0.03268   0.12283   0.08998   0.33849   0.62252   0.04338   0.26649   0.29345   0.10817   0.35085   0.27035   0.05486   0.38222   0.19325   0.11835   0.18243   0.08979   0.12315   0.04580   0.11239   0.06762   0.05180   2.09227   1.32431   1.83550   3.98736   0.99999   0.67476   3.59327   3.84473  
 43  1.4551   4620.118060  x:  1.21933   1.17787   2.41133   0.11345   0.30773   0.19980   0.17757   0.17280   0.09388   0.12985   0.09078   0.02123   0.13341   0.09794   0.35837   0.63938   0.04414   0.29275   0.30181   0.10815   0.35665   0.28872   0.04510   0.41237   0.20150   0.12053   0.19205   0.09310   0.12300   0.04632   0.11590   0.05976   0.04665   2.09377   1.34333   1.61597   4.07745   0.99999   0.73207   4.32326   5.76545  
 44  1.3809   4618.049636  x:  1.35458   1.25219   2.73560   0.10491   0.31609   0.19290   0.16367   0.19131   0.06630   0.11127   0.08606   0.01844   0.13008   0.09634   0.35128   0.63707   0.04175   0.28325   0.30861   0.10689   0.36124   0.27203   0.04901   0.41153   0.20706   0.11268   0.18011   0.09027   0.12132   0.04230   0.11351   0.04525   0.03888   2.06770   1.30129   1.56412   3.80096   0.99999   0.64571   4.32925   5.78655  
 45  0.2464   4616.959139  x:  1.47318   1.28117   2.92355   0.11238   0.31747   0.19263   0.16076   0.20312   0.06696   0.10876   0.08054   0.02431   0.13081   0.09511   0.35136   0.63698   0.04261   0.27465   0.31828   0.11173   0.37175   0.26388   0.05643   0.41342   0.21058   0.11455   0.17739   0.09074   0.12266   0.04342   0.11257   0.03312   0.04002   2.06504   1.23860   1.64579   3.59384   0.99999   0.71835   4.49297   6.27314  
 46  0.4129   4616.044193  x:  1.53141   1.29719   3.02177   0.13157   0.29753   0.19476   0.17278   0.18937   0.07525   0.11857   0.08388   0.02492   0.12995   0.09233   0.34990   0.63083   0.04433   0.27415   0.30750   0.11340   0.36882   0.27223   0.05696   0.40993   0.20355   0.11880   0.17956   0.09003   0.12258   0.04603   0.11019   0.01756   0.04619   2.09448   1.27270   1.68724   3.65509   0.99999   0.67488   4.28571   6.64525  
 47  0.2648   4615.670697  x:  1.44818   1.23182   2.82120   0.14304   0.27739   0.19379   0.17244   0.18248   0.08164   0.11551   0.08638   0.02500   0.13121   0.09698   0.35580   0.62821   0.04396   0.28052   0.30286   0.11127   0.35819   0.27586   0.05191   0.40425   0.20213   0.11948   0.18292   0.09320   0.11998   0.04753   0.11513   0.01870   0.04608   2.11120   1.31622   1.68998   3.87449   0.99999   0.64525   3.93776   6.40118  
 48  0.2969   4615.541513  x:  1.43745   1.20743   2.77002   0.13959   0.27952   0.19264   0.16829   0.18662   0.07921   0.11215   0.08447   0.02462   0.13092   0.09647   0.35625   0.62848   0.04366   0.27940   0.30562   0.11041   0.35841   0.27283   0.05208   0.40351   0.20424   0.11788   0.18133   0.09269   0.12031   0.04658   0.11435   0.01447   0.04577   2.10273   1.31027   1.66126   3.83813   0.99999   0.64628   3.85873   6.29312  
 49  0.1254   4615.496729  x:  1.41794   1.18920   2.70745   0.13248   0.28839   0.19252   0.16706   0.18943   0.07682   0.11285   0.08323   0.02410   0.13099   0.09538   0.35641   0.63090   0.04340   0.27900   0.30836   0.10985   0.36159   0.27193   0.05341   0.40565   0.20567   0.11740   0.18003   0.09192   0.12118   0.04563   0.11309   0.01617   0.04584   2.08878   1.29898   1.64348   3.77350   0.99999   0.65409   3.88404   6.16223  
 50  0.1584   4615.477890  x:  1.42167   1.18455   2.68536   0.12719   0.29596   0.19309   0.16884   0.18880   0.07578   0.11487   0.08382   0.02381   0.13128   0.09551   0.35637   0.63275   0.04326   0.27949   0.30852   0.10983   0.36399   0.27297   0.05435   0.40742   0.20528   0.11809   0.17989   0.09206   0.12106   0.04592   0.11306   0.01518   0.04563   2.08246   1.29127   1.64730   3.72611   0.99999   0.65556   3.92785   6.15834  
 51  0.0453   4615.473631  x:  1.42237   1.18205   2.66419   0.12661   0.29582   0.19356   0.16896   0.18792   0.07611   0.11401   0.08420   0.02391   0.13111   0.09586   0.35623   0.63232   0.04349   0.28024   0.30761   0.11001   0.36259   0.27293   0.05397   0.40656   0.20479   0.11841   0.18026   0.09231   0.12071   0.04636   0.11348   0.01526   0.04580   2.08698   1.29445   1.65458   3.75605   0.99999   0.65942   3.95664   6.14976  
 52  0.0271   4615.472724  x:  1.42618   1.18328   2.66065   0.12742   0.29452   0.19325   0.16854   0.18824   0.07573   0.11402   0.08374   0.02399   0.13108   0.09567   0.35580   0.63145   0.04350   0.27969   0.30765   0.11014   0.36235   0.27251   0.05404   0.40634   0.20498   0.11818   0.18010   0.09220   0.12082   0.04620   0.11336   0.01519   0.04583   2.08711   1.29500   1.65629   3.76096   0.99999   0.66047   3.97070   6.14422  
 53  0.0098   4615.472488  x:  1.42784   1.18312   2.65589   0.12852   0.29329   0.19309   0.16871   0.18813   0.07581   0.11425   0.08388   0.02395   0.13116   0.09571   0.35586   0.63115   0.04347   0.27958   0.30766   0.11015   0.36247   0.27270   0.05399   0.40636   0.20502   0.11813   0.18017   0.09223   0.12082   0.04616   0.11337   0.01523   0.04578   2.08632   1.29506   1.65547   3.75890   0.99999   0.66027   3.96756   6.14411  
 54  0.0033   4615.472426  x:  1.43003   1.18375   2.65664   0.12855   0.29343   0.19326   0.16866   0.18818   0.07582   0.11412   0.08394   0.02392   0.13112   0.09571   0.35597   0.63140   0.04350   0.27976   0.30773   0.11012   0.36257   0.27270   0.05395   0.40636   0.20498   0.11818   0.18017   0.09222   0.12080   0.04619   0.11334   0.01523   0.04579   2.08615   1.29453   1.65460   3.75658   0.99999   0.66015   3.96756   6.14985  
 55  0.0032   4615.472409  x:  1.43063   1.18335   2.65578   0.12832   0.29368   0.19327   0.16863   0.18818   0.07581   0.11415   0.08386   0.02393   0.13112   0.09571   0.35598   0.63147   0.04348   0.27977   0.30772   0.11010   0.36255   0.27269   0.05397   0.40638   0.20498   0.11819   0.18016   0.09223   0.12081   0.04619   0.11336   0.01523   0.04580   2.08637   1.29474   1.65501   3.75768   0.99999   0.65995   3.96522   6.14974  
 56  0.0014   4615.472405  x:  1.43100   1.18335   2.65619   0.12818   0.29380   0.19324   0.16866   0.18817   0.07581   0.11416   0.08389   0.02393   0.13112   0.09571   0.35595   0.63145   0.04348   0.27973   0.30770   0.11011   0.36254   0.27270   0.05398   0.40640   0.20498   0.11818   0.18017   0.09223   0.12082   0.04619   0.11336   0.01524   0.04579   2.08648   1.29484   1.65511   3.75810   0.99999   0.65993   3.96509   6.15037  
 57  0.0006   4615.472405  x:  1.43100   1.18328   2.65611   0.12817   0.29382   0.19324   0.16866   0.18817   0.07581   0.11415   0.08389   0.02393   0.13112   0.09571   0.35595   0.63143   0.04348   0.27973   0.30770   0.11011   0.36254   0.27269   0.05397   0.40639   0.20499   0.11817   0.18017   0.09222   0.12081   0.04619   0.11336   0.01523   0.04580   2.08645   1.29482   1.65506   3.75793   0.99999   0.65992   3.96502   6.15021  
 58  0.0002   4615.472405  x:  1.43101   1.18327   2.65613   0.12816   0.29382   0.19324   0.16866   0.18817   0.07582   0.11415   0.08389   0.02394   0.13112   0.09571   0.35595   0.63143   0.04348   0.27973   0.30770   0.11011   0.36254   0.27269   0.05397   0.40639   0.20499   0.11818   0.18017   0.09223   0.12081   0.04619   0.11336   0.01523   0.04580   2.08644   1.29481   1.65504   3.75787   0.99999   0.65992   3.96505   6.15024  
 59  0.0001   4615.472405  x:  1.43101   1.18326   2.65613   0.12816   0.29382   0.19324   0.16866   0.18817   0.07581   0.11415   0.08389   0.02394   0.13112   0.09571   0.35595   0.63143   0.04348   0.27973   0.30770   0.11011   0.36254   0.27269   0.05397   0.40639   0.20498   0.11818   0.18017   0.09223   0.12081   0.04619   0.11336   0.01523   0.04580   2.08644   1.29481   1.65503   3.75787   0.99999   0.65992   3.96506   6.15024  
 60  0.0000   4615.472405  x:  1.43101   1.18326   2.65613   0.12816   0.29382   0.19324   0.16866   0.18817   0.07581   0.11415   0.08389   0.02394   0.13112   0.09571   0.35595   0.63143   0.04348   0.27973   0.30770   0.11011   0.36254   0.27269   0.05397   0.40639   0.20498   0.11818   0.18017   0.09223   0.12081   0.04619   0.11336   0.01523   0.04580   2.08644   1.29481   1.65503   3.75788   0.99999   0.65992   3.96506   6.15024  
 61  0.0000   4615.472405  x:  1.43101   1.18326   2.65614   0.12817   0.29382   0.19324   0.16866   0.18817   0.07581   0.11415   0.08389   0.02394   0.13112   0.09571   0.35595   0.63143   0.04348   0.27973   0.30770   0.11011   0.36254   0.27269   0.05397   0.40639   0.20498   0.11818   0.18017   0.09223   0.12081   0.04619   0.11336   0.01523   0.04580   2.08644   1.29481   1.65503   3.75788   0.99999   0.65992   3.96506   6.15024  
 62  0.0000   4615.472405  x:  1.43101   1.18325   2.65614   0.12817   0.29382   0.19324   0.16866   0.18817   0.07581   0.11415   0.08389   0.02394   0.13112   0.09571   0.35595   0.63143   0.04348   0.27973   0.30770   0.11011   0.36254   0.27269   0.05397   0.40639   0.20498   0.11818   0.18017   0.09223   0.12081   0.04619   0.11336   0.01523   0.04580   2.08644   1.29481   1.65503   3.75788   0.99999   0.65992   3.96506   6.15024  
 63  0.0000   4615.472405  x:  1.43101   1.18325   2.65614   0.12817   0.29382   0.19324   0.16866   0.18817   0.07581   0.11415   0.08389   0.02394   0.13112   0.09571   0.35595   0.63143   0.04348   0.27973   0.30770   0.11011   0.36254   0.27269   0.05397   0.40639   0.20498   0.11818   0.18017   0.09223   0.12081   0.04619   0.11336   0.01523   0.04580   2.08644   1.29481   1.65503   3.75788   0.99999   0.65992   3.96506   6.15024  