Supplemental results for CODEML (seqf: lysp_aln.phy  treef: lysp_tree.nwk)


NSsites Model 0: one-ratio
I	J	ij	2Ns_IJ	pMut_IJ	pSub_IJ	2Ns_JI	pMut_JI	pSub_JI

TTC	TTT	CT	1.88030	0.00644	0.01429	-1.88030	0.04223	0.01429	0.01429	0.01429
TTA	TTT	AT	0.45575	0.07403	0.09217	-0.45575	0.11677	0.09217	0.00748	0.00748
TTA	TTC	AC	-1.42455	0.04220	0.01905	1.42455	0.01015	0.01905	0.00155	0.00155
TTG	TTT	GT	-1.42738	0.09022	0.04065	1.42738	0.02165	0.04065	0.00330	0.00330
TTG	TTC	GC	-3.30768	0.05143	0.00646	3.30768	0.00188	0.00646	0.00052	0.00052
TTG	TTA	GA	-1.88313	0.27566	0.09313	1.88313	0.04193	0.09313	0.09313	0.09313
TCT	TTT	CT	-0.13460	0.04831	0.04513	0.13460	0.04223	0.04513	0.00366	0.00366
TCC	TTC	CT	-1.66066	0.01932	0.00753	1.66066	0.00367	0.00753	0.00061	0.00061
TCC	TCT	CT	0.35425	0.01932	0.02295	-0.35425	0.02754	0.02295	0.02295	0.02295
TCA	TTA	CT	-0.06672	0.06281	0.06073	0.06672	0.05875	0.06073	0.00493	0.00493
TCA	TCT	AT	0.52363	0.04511	0.05795	-0.52363	0.07615	0.05795	0.05795	0.05795
TCA	TCC	AC	0.16938	0.02571	0.02795	-0.16938	0.03046	0.02795	0.02795	0.02795
TCG	TTG	CT	0.01047	0.07086	0.07123	-0.01047	0.07160	0.07123	0.00578	0.00578
TCG	TCT	GT	-1.28230	0.05089	0.02505	1.28230	0.01412	0.02505	0.02505	0.02505
TCG	TCC	GC	-1.63655	0.02901	0.01148	1.63655	0.00565	0.01148	0.01148	0.01148
TCG	TCA	GA	-1.80593	0.15550	0.05522	1.80593	0.02555	0.05522	0.05522	0.05522
TAT	TTT	AT	0.60730	0.06362	0.08488	-0.60730	0.11677	0.08488	0.00689	0.00689
TAT	TCT	AC	0.74190	0.03626	0.05136	-0.74190	0.07615	0.05136	0.00417	0.00417
TAC	TTC	AT	-0.87223	0.02429	0.01522	0.87223	0.01015	0.01522	0.00123	0.00123
TAC	TCC	AC	0.78842	0.01385	0.02001	-0.78842	0.03046	0.02001	0.00162	0.00162
TAC	TAT	CT	0.40077	0.03382	0.04105	-0.40077	0.05049	0.04105	0.04105	0.04105
TGT	TTT	GT	-1.89898	0.14458	0.04835	1.89898	0.02165	0.04835	0.00392	0.00392
TGT	TCT	GC	-1.76438	0.08242	0.03006	1.76438	0.01412	0.03006	0.00244	0.00244
TGT	TAT	GA	-2.50628	0.44177	0.09834	2.50628	0.03604	0.09834	0.00798	0.00798
TGC	TTC	GT	-2.91421	0.03470	0.00580	2.91421	0.00188	0.00580	0.00047	0.00047
TGC	TCC	GC	-1.25355	0.01978	0.00991	1.25355	0.00565	0.00991	0.00080	0.00080
TGC	TAC	GA	-2.04198	0.10602	0.03229	2.04198	0.01376	0.03229	0.00262	0.00262
TGC	TGT	CT	0.86507	0.04831	0.07218	-0.86507	0.11475	0.07218	0.07218	0.07218
TGG	TTG	GT	-0.98525	0.09832	0.05771	0.98525	0.03671	0.05771	0.00468	0.00468
TGG	TCG	GC	-0.99572	0.05604	0.03270	0.99572	0.02071	0.03270	0.00265	0.00265
TGG	TGT	GT	-0.51365	0.09832	0.07522	0.51365	0.05882	0.07522	0.00610	0.00610
TGG	TGC	GC	-1.37872	0.05604	0.02602	1.37872	0.01412	0.02602	0.00211	0.00211
CTT	TTT	CT	0.27086	0.03221	0.03677	-0.27086	0.04223	0.03677	0.00298	0.00298
CTC	TTC	CT	-1.66066	0.01932	0.00753	1.66066	0.00367	0.00753	0.00061	0.00061
CTC	CTT	CT	-0.05122	0.01932	0.01883	0.05122	0.01836	0.01883	0.01883	0.01883
CTA	TTA	CT	0.82425	0.02577	0.03783	-0.82425	0.05875	0.03783	0.03783	0.03783
CTA	CTT	AT	1.00914	0.01851	0.02939	-1.00914	0.05077	0.02939	0.02939	0.02939
CTA	CTC	AC	1.06036	0.01055	0.01711	-1.06036	0.03046	0.01711	0.01711	0.01711
CTG	TTG	CT	1.22971	0.02094	0.03638	-1.22971	0.07160	0.03638	0.03638	0.03638
CTG	CTT	GT	-0.46852	0.01504	0.01179	0.46852	0.00941	0.01179	0.01179	0.01179
CTG	CTC	GC	-0.41731	0.00857	0.00691	0.41731	0.00565	0.00691	0.00691	0.00691
CTG	CTA	GA	-1.47766	0.04594	0.02007	1.47766	0.01048	0.02007	0.02007	0.02007
CCT	TCT	CT	2.83915	0.00161	0.00486	-2.83915	0.02754	0.00486	0.00039	0.00039
CCT	CTT	CT	2.43369	0.00161	0.00430	-2.43369	0.01836	0.00430	0.00035	0.00035
CCC	TCC	CT	0.31342	0.00805	0.00938	-0.31342	0.01102	0.00938	0.00076	0.00076
CCC	CTC	CT	0.31342	0.00805	0.00938	-0.31342	0.01102	0.00938	0.00076	0.00076
CCC	CCT	CT	-2.17148	0.00805	0.00225	2.17148	0.00092	0.00225	0.00225	0.00225
CCA	TCA	CT	0.79893	0.01610	0.02338	-0.79893	0.03580	0.02338	0.00190	0.00190
CCA	CTA	CT	-0.09204	0.01610	0.01537	0.09204	0.01469	0.01537	0.00125	0.00125
CCA	CCT	AT	-1.51659	0.01157	0.00493	1.51659	0.00254	0.00493	0.00493	0.00493
CCA	CCC	AC	0.65489	0.00659	0.00899	-0.65489	0.01269	0.00899	0.00899	0.00899
CCG	TCG	CT	1.27623	0.01127	0.01996	-1.27623	0.04039	0.01996	0.00162	0.00162
CCG	CTG	CT	0.05699	0.01127	0.01160	-0.05699	0.01193	0.01160	0.00094	0.00094
CCG	CCT	GT	-2.84522	0.00810	0.00142	2.84522	0.00047	0.00142	0.00142	0.00142
CCG	CCC	GC	-0.67374	0.00462	0.00323	0.67374	0.00235	0.00323	0.00323	0.00323
CCG	CCA	GA	-1.32863	0.02474	0.01184	1.32863	0.00655	0.01184	0.01184	0.01184
CAT	TAT	CT	0.30979	0.03704	0.04307	-0.30979	0.05049	0.04307	0.00349	0.00349
CAT	CTT	AT	0.64623	0.02660	0.03612	-0.64623	0.05077	0.03612	0.00293	0.00293
CAT	CCT	AC	-1.78746	0.01516	0.00545	1.78746	0.00254	0.00545	0.00044	0.00044
CAC	TAC	CT	8.63646	0.00000	0.00000	-8.63646	0.01928	0.00003	0.00000	0.00000
CAC	CTC	AT	9.42488	0.00000	0.00000	-9.42488	0.03046	0.00002	0.00000	0.00000
CAC	CCC	AC	9.11146	0.00000	0.00000	-9.11146	0.01269	0.00001	0.00000	0.00000
CAC	CAT	CT	8.72743	0.00000	0.00000	-8.72743	0.02111	0.00003	0.00000	0.00003
CAA	CTA	AT	-1.09538	0.12145	0.06684	1.09538	0.04061	0.06684	0.00542	0.00542
CAA	CCA	AC	-1.00334	0.06923	0.04021	1.00334	0.02538	0.04021	0.00326	0.00326
CAA	CAT	AT	-0.73247	0.12145	0.08235	0.73247	0.05838	0.08235	0.00668	0.00668
CAA	CAC	AC	-9.45991	0.06923	0.00005	9.45991	0.00000	0.00000	0.00000	0.00000
CAG	CTG	AT	0.35521	0.02313	0.02748	-0.35521	0.03300	0.02748	0.00223	0.00223
CAG	CCG	AC	0.29822	0.01319	0.01525	-0.29822	0.01777	0.01525	0.00124	0.00124
CAG	CAT	GT	-0.75955	0.02313	0.01545	0.75955	0.01082	0.01545	0.00125	0.00125
CAG	CAC	GC	-9.48698	0.01319	0.00001	9.48698	0.00000	0.00000	0.00000	0.00000
CAG	CAA	GA	-0.02707	0.07068	0.06973	0.02707	0.06879	0.06973	0.06973	0.06973
CGT	TGT	CT	-0.02419	0.11756	0.11614	0.02419	0.11475	0.11614	0.00942	0.00942
CGT	CTT	GT	-2.19404	0.08444	0.02324	2.19404	0.00941	0.02324	0.00189	0.00189
CGT	CCT	GC	-4.62772	0.04813	0.00220	4.62772	0.00047	0.00220	0.00018	0.00018
CGT	CAT	GA	-2.84027	0.25799	0.04546	2.84027	0.01507	0.04546	0.00369	0.00369
CGC	TGC	CT	-0.56204	0.04831	0.03600	0.56204	0.02754	0.03600	0.00292	0.00292
CGC	CTC	GT	-1.81560	0.03470	0.01225	1.81560	0.00565	0.01225	0.00099	0.00099
CGC	CCC	GC	-2.12902	0.01978	0.00569	2.12902	0.00235	0.00569	0.00046	0.00046
CGC	CAC	GA	-11.24048	0.10602	0.00002	11.24048	0.00000	0.00000	0.00000	0.00000
CGC	CGT	CT	0.32722	0.04831	0.05665	-0.32722	0.06701	0.05665	0.05665	0.05665
CGA	CTA	GT	-0.95993	0.01966	0.01171	0.95993	0.00753	0.01171	0.00095	0.00095
CGA	CCA	GC	-0.86789	0.01121	0.00704	0.86789	0.00471	0.00704	0.00057	0.00057
CGA	CAA	GA	0.13544	0.06008	0.06424	-0.13544	0.06879	0.06424	0.00521	0.00521
CGA	CGT	AT	2.24324	0.01966	0.04935	-2.24324	0.18530	0.04935	0.04935	0.04935
CGA	CGC	AC	1.91602	0.01121	0.02518	-1.91602	0.07615	0.02518	0.02518	0.02518
CGG	TGG	CT	1.68338	0.01449	0.02996	-1.68338	0.07803	0.02996	0.00243	0.00243
CGG	CTG	GT	-0.53158	0.01041	0.00789	0.53158	0.00612	0.00789	0.00064	0.00064
CGG	CCG	GC	-0.58858	0.00593	0.00436	0.58858	0.00329	0.00436	0.00035	0.00035
CGG	CAG	GA	-0.88679	0.03181	0.01976	0.88679	0.01310	0.01976	0.00160	0.00160
CGG	CGT	GT	1.19393	0.01041	0.01783	-1.19393	0.03435	0.01783	0.01783	0.01783
CGG	CGC	GC	0.86671	0.00593	0.00887	-0.86671	0.01412	0.00887	0.00887	0.00887
CGG	CGA	GA	-1.04931	0.03181	0.01799	1.04931	0.01114	0.01799	0.01799	0.01799
ATT	TTT	AT	0.64434	0.06130	0.08316	-0.64434	0.11677	0.08316	0.00675	0.00675
ATT	CTT	AC	0.37348	0.03495	0.04188	-0.37348	0.05077	0.04188	0.00340	0.00340
ATC	TTC	AT	-0.53576	0.01735	0.01312	0.53576	0.01015	0.01312	0.00106	0.00106
ATC	CTC	AC	1.12490	0.00989	0.01647	-1.12490	0.03046	0.01647	0.00134	0.00134
ATC	ATT	CT	0.70020	0.02416	0.03359	-0.70020	0.04865	0.03359	0.03359	0.03359
ATA	TTA	AT	1.54368	0.03470	0.06811	-1.54368	0.16246	0.06811	0.00553	0.00553
ATA	CTA	AC	0.71943	0.01978	0.02774	-0.71943	0.04061	0.02774	0.00225	0.00225
ATA	ATT	AT	1.35509	0.03470	0.06336	-1.35509	0.13453	0.06336	0.06336	0.06336
ATA	ATC	AC	0.65489	0.01978	0.02696	-0.65489	0.03808	0.02696	0.02696	0.02696
ATG	TTG	AT	1.92383	0.02892	0.06514	-1.92383	0.19799	0.06514	0.00529	0.00529
ATG	CTG	AC	0.69411	0.01648	0.02286	-0.69411	0.03300	0.02286	0.00185	0.00185
ATG	ATT	GT	-0.14789	0.02892	0.02683	0.14789	0.02494	0.02683	0.00218	0.00218
ATG	ATC	GC	-0.84809	0.01648	0.01047	0.84809	0.00706	0.01047	0.00085	0.00085
ATG	ATA	GA	-1.50298	0.08835	0.03799	1.50298	0.01966	0.03799	0.00308	0.00308
ACT	TCT	AT	1.05170	0.02660	0.04300	-1.05170	0.07615	0.04300	0.00349	0.00349
ACT	CCT	AC	-1.78746	0.01516	0.00545	1.78746	0.00254	0.00545	0.00044	0.00044
ACT	ATT	CT	0.27275	0.03704	0.04232	-0.27275	0.04865	0.04232	0.00343	0.00343
ACC	TCC	AT	0.63184	0.01619	0.02184	-0.63184	0.03046	0.02184	0.00177	0.00177
ACC	CCC	AC	0.31842	0.00923	0.01078	-0.31842	0.01269	0.01078	0.00087	0.00087
ACC	ATC	CT	-0.49305	0.02255	0.01744	0.49305	0.01377	0.01744	0.00142	0.00142
ACC	ACT	CT	-0.06561	0.02255	0.02181	0.06561	0.02111	0.02181	0.02181	0.02181
ACA	TCA	AT	1.81050	0.01619	0.03505	-1.81050	0.09900	0.03505	0.00284	0.00284
ACA	CCA	AC	1.01157	0.00923	0.01467	-1.01157	0.02538	0.01467	0.00119	0.00119
ACA	ATA	CT	0.20010	0.02255	0.02488	-0.20010	0.02754	0.02488	0.00202	0.00202
ACA	ACT	AT	1.28243	0.01619	0.02874	-1.28243	0.05838	0.02874	0.02874	0.02874
ACA	ACC	AC	1.34804	0.00923	0.01681	-1.34804	0.03554	0.01681	0.01681	0.01681
ACG	TCG	AT	2.62427	0.00810	0.02291	-2.62427	0.11169	0.02291	0.00186	0.00186
ACG	CCG	AC	1.34804	0.00462	0.00840	-1.34804	0.01777	0.00840	0.00068	0.00068
ACG	ATG	CT	0.71092	0.01127	0.01575	-0.71092	0.02295	0.01575	0.00128	0.00128
ACG	ACT	GT	0.29028	0.00810	0.00933	-0.29028	0.01082	0.00933	0.00933	0.00933
ACG	ACC	GC	0.35588	0.00462	0.00549	-0.35588	0.00659	0.00549	0.00549	0.00549
ACG	ACA	GA	-0.99215	0.02474	0.01446	0.99215	0.00917	0.01446	0.01446	0.01446
AAT	TAT	AT	-0.14832	0.16193	0.15022	0.14832	0.13961	0.15022	0.01219	0.01219
AAT	CAT	AC	-0.45811	0.09231	0.07277	0.45811	0.05838	0.07277	0.00590	0.00590
AAT	ATT	AT	-0.18536	0.16193	0.14739	0.18536	0.13453	0.14739	0.01196	0.01196
AAT	ACT	AC	-0.45811	0.09231	0.07277	0.45811	0.05838	0.07277	0.00590	0.00590
AAC	TAC	AT	3.13737	0.00231	0.00759	-3.13737	0.05331	0.00759	0.00062	0.00062
AAC	CAC	AC	-5.49909	0.00132	0.00003	5.49909	0.00000	0.00000	0.00000	0.00000
AAC	ATC	AT	2.80090	0.00231	0.00690	-2.80090	0.03808	0.00690	0.00056	0.00056
AAC	ACC	AC	3.29395	0.00132	0.00451	-3.29395	0.03554	0.00451	0.00037	0.00037
AAC	AAT	CT	3.68645	0.00322	0.01218	-3.68645	0.12852	0.01218	0.01218	0.01218
AAA	CAA	AC	1.09672	0.08901	0.14657	-1.09672	0.26653	0.14657	0.01189	0.01189
AAA	ATA	AT	-0.71808	0.15615	0.10674	0.71808	0.07615	0.10674	0.00866	0.00866
AAA	ACA	AC	-0.91818	0.08901	0.05431	0.91818	0.03554	0.05431	0.00441	0.00441
AAA	AAT	AT	0.82236	0.15615	0.22906	-0.82236	0.35537	0.22906	0.01859	0.01859
AAA	AAC	AC	-2.86409	0.08901	0.01542	2.86409	0.00508	0.01542	0.00125	0.00125
AAG	CAG	AC	1.20828	0.01516	0.02613	-1.20828	0.05077	0.02613	0.00212	0.00212
AAG	ATG	AT	0.86938	0.02660	0.03982	-0.86938	0.06346	0.03982	0.00323	0.00323
AAG	ACG	AC	0.15845	0.01516	0.01640	-0.15845	0.01777	0.01640	0.00133	0.00133
AAG	AAT	GT	0.90684	0.02660	0.04046	-0.90684	0.06588	0.04046	0.00328	0.00328
AAG	AAC	GC	-2.77961	0.01516	0.00279	2.77961	0.00094	0.00279	0.00023	0.00023
AAG	AAA	GA	0.08448	0.08129	0.08477	-0.08448	0.08845	0.08477	0.08477	0.08477
AGT	TGT	AT	1.72249	0.05668	0.11885	-1.72249	0.31730	0.11885	0.00964	0.00964
AGT	CGT	AC	1.74668	0.03231	0.06835	-1.74668	0.18530	0.06835	0.00555	0.00555
AGT	ATT	GT	-0.82084	0.05668	0.03656	0.82084	0.02494	0.03656	0.00297	0.00297
AGT	ACT	GC	-1.09359	0.03231	0.01780	1.09359	0.01082	0.01780	0.00144	0.00144
AGT	AAT	GA	-0.63548	0.17317	0.12394	0.63548	0.09173	0.12394	0.01006	0.01006
AGC	TGC	AT	2.39543	0.00694	0.01829	-2.39543	0.07615	0.01829	0.00148	0.00148
AGC	CGC	AC	2.95748	0.00396	0.01234	-2.95748	0.07615	0.01234	0.00100	0.00100
AGC	ATC	GT	0.01698	0.00694	0.00700	-0.01698	0.00706	0.00700	0.00057	0.00057
AGC	ACC	GC	0.51003	0.00396	0.00505	-0.51003	0.00659	0.00505	0.00041	0.00041
AGC	AAC	GA	-2.78391	0.02120	0.00389	2.78391	0.00131	0.00389	0.00032	0.00032
AGC	AGT	CT	1.53802	0.00966	0.01893	-1.53802	0.04498	0.01893	0.01893	0.01893
AGA	CGA	AC	0.71552	0.02110	0.02954	-0.71552	0.04315	0.02954	0.02954	0.02954
AGA	ATA	GT	-0.96385	0.03701	0.02200	0.96385	0.01412	0.02200	0.00178	0.00178
AGA	ACA	GC	-1.16394	0.02110	0.01115	1.16394	0.00659	0.01115	0.00090	0.00090
AGA	AAA	GA	-0.24576	0.11309	0.09976	0.24576	0.08845	0.09976	0.00809	0.00809
AGA	AGT	AT	1.21208	0.03701	0.06387	-1.21208	0.12438	0.06387	0.00518	0.00518
AGA	AGC	AC	-0.32594	0.02110	0.01785	0.32594	0.01523	0.01785	0.00145	0.00145
AGG	TGG	AT	4.53550	0.00231	0.01061	-4.53550	0.21576	0.01061	0.00086	0.00086
AGG	CGG	AC	2.85212	0.00132	0.00399	-2.85212	0.02285	0.00399	0.00399	0.00399
AGG	ATG	GT	1.62642	0.00231	0.00468	-1.62642	0.01176	0.00468	0.00038	0.00038
AGG	ACG	GC	0.91550	0.00132	0.00201	-0.91550	0.00329	0.00201	0.00016	0.00016
AGG	AAG	GA	0.75704	0.00707	0.01008	-0.75704	0.01507	0.01008	0.00082	0.00082
AGG	AGT	GT	2.29937	0.00231	0.00591	-2.29937	0.02306	0.00591	0.00048	0.00048
AGG	AGC	GC	0.76135	0.00132	0.00188	-0.76135	0.00282	0.00188	0.00015	0.00015
AGG	AGA	GA	1.08729	0.00707	0.01159	-1.08729	0.02097	0.01159	0.01159	0.01159
GTT	TTT	GT	-0.53640	0.03701	0.02797	0.53640	0.02165	0.02797	0.00227	0.00227
GTT	CTT	GC	-0.80727	0.02110	0.01372	0.80727	0.00941	0.01372	0.00111	0.00111
GTT	ATT	GA	-1.18075	0.11309	0.05917	1.18075	0.03473	0.05917	0.00480	0.00480
GTC	TTC	GT	-1.71024	0.01041	0.00393	1.71024	0.00188	0.00393	0.00032	0.00032
GTC	CTC	GC	-0.04958	0.00593	0.00579	0.04958	0.00565	0.00579	0.00047	0.00047
GTC	ATC	GA	-1.17448	0.03181	0.01670	1.17448	0.00983	0.01670	0.00136	0.00136
GTC	GTT	CT	0.70647	0.01449	0.02021	-0.70647	0.02938	0.02021	0.02021	0.02021
GTA	TTA	GT	0.77467	0.01388	0.01994	-0.77467	0.03012	0.01994	0.00162	0.00162
GTA	CTA	GC	-0.04958	0.00791	0.00772	0.04958	0.00753	0.00772	0.00063	0.00063
GTA	ATA	GA	-0.76901	0.04241	0.02817	0.76901	0.01966	0.02817	0.00229	0.00229
GTA	GTT	AT	1.76682	0.01388	0.02958	-1.76682	0.08123	0.02958	0.02958	0.02958
GTA	GTC	AC	1.06036	0.00791	0.01283	-1.06036	0.02285	0.01283	0.01283	0.01283
GTG	TTG	GT	0.12520	0.03239	0.03446	-0.12520	0.03671	0.03446	0.00280	0.00280
GTG	CTG	GC	-1.10452	0.01846	0.01011	1.10452	0.00612	0.01011	0.00082	0.00082
GTG	ATG	GA	-1.79863	0.09896	0.03530	1.79863	0.01638	0.03530	0.00286	0.00286
GTG	GTT	GT	-0.76578	0.03239	0.02155	0.76578	0.01506	0.02155	0.02155	0.02155
GTG	GTC	GC	-1.47224	0.01846	0.00809	1.47224	0.00424	0.00809	0.00809	0.00809
GTG	GTA	GA	-2.53260	0.09896	0.02163	2.53260	0.00786	0.02163	0.02163	0.02163
GCT	TCT	GT	-1.85482	0.09022	0.03104	1.85482	0.01412	0.03104	0.00252	0.00252
GCT	CCT	GC	-4.69397	0.05143	0.00223	4.69397	0.00047	0.00223	0.00018	0.00018
GCT	ACT	GA	-2.90652	0.27566	0.04633	2.90652	0.01507	0.04633	0.00376	0.00376
GCT	GTT	CT	-1.45302	0.12561	0.05571	1.45302	0.02938	0.05571	0.00452	0.00452
GCC	TCC	GT	-2.55754	0.07287	0.01566	2.55754	0.00565	0.01566	0.00127	0.00127
GCC	CCC	GC	-2.87096	0.04154	0.00716	2.87096	0.00235	0.00716	0.00058	0.00058
GCC	ACC	GA	-3.18938	0.22265	0.03051	3.18938	0.00917	0.03051	0.00248	0.00248
GCC	GTC	CT	-2.50795	0.10145	0.02256	2.50795	0.00826	0.02256	0.00183	0.00183
GCC	GCT	CT	-0.34847	0.10145	0.08480	0.34847	0.07160	0.08480	0.08480	0.08480
GCA	TCA	GT	-0.81927	0.04164	0.02689	0.81927	0.01835	0.02689	0.00218	0.00218
GCA	CCA	GC	-1.61820	0.02374	0.00950	1.61820	0.00471	0.00950	0.00077	0.00077
GCA	ACA	GA	-2.62976	0.12723	0.02600	2.62976	0.00917	0.02600	0.00211	0.00211
GCA	GTA	CT	-1.66066	0.05797	0.02259	1.66066	0.01102	0.02259	0.00183	0.00183
GCA	GCT	AT	1.55918	0.04164	0.08221	-1.55918	0.19799	0.08221	0.08221	0.08221
GCA	GCC	AC	1.90765	0.02374	0.05317	-1.90765	0.15992	0.05317	0.05317	0.05317
GCG	TCG	GT	-0.11085	0.02313	0.02187	0.11085	0.02071	0.02187	0.00177	0.00177
GCG	CCG	GC	-1.38709	0.01319	0.00609	1.38709	0.00329	0.00609	0.00049	0.00049
GCG	ACG	GA	-2.73512	0.07068	0.01341	2.73512	0.00459	0.01341	0.00109	0.00109
GCG	GTG	CT	-0.22557	0.03221	0.02871	0.22557	0.02570	0.02871	0.00233	0.00233
GCG	GCT	GT	0.46167	0.02313	0.02888	-0.46167	0.03671	0.02888	0.02888	0.02888
GCG	GCC	GC	0.81014	0.01319	0.01924	-0.81014	0.02965	0.01924	0.01924	0.01924
GCG	GCA	GA	-1.09752	0.07068	0.03885	1.09752	0.02359	0.03885	0.03885	0.03885
GAT	TAT	GT	-0.96951	0.06824	0.04043	0.96951	0.02588	0.04043	0.00328	0.00328
GAT	CAT	GC	-1.27931	0.03890	0.01918	1.27931	0.01082	0.01918	0.00156	0.00156
GAT	AAT	GA	-0.82120	0.20851	0.13449	0.82120	0.09173	0.13449	0.01091	0.01091
GAT	GTT	AT	0.17419	0.06824	0.07436	-0.17419	0.08123	0.07436	0.00603	0.00603
GAT	GCT	AC	1.62721	0.03890	0.07878	-1.62721	0.19799	0.07878	0.00639	0.00639
GAC	TAC	GT	-0.49384	0.01619	0.01252	0.49384	0.00988	0.01252	0.00102	0.00102
GAC	CAC	GC	-9.13030	0.00923	0.00001	9.13030	0.00000	0.00000	0.00000	0.00000
GAC	AAC	GA	-3.63121	0.04948	0.00489	3.63121	0.00131	0.00489	0.00040	0.00040
GAC	GTC	AT	0.34416	0.01619	0.01914	-0.34416	0.02285	0.01914	0.00155	0.00155
GAC	GCC	AC	2.85212	0.00923	0.02794	-2.85212	0.15992	0.02794	0.00227	0.00227
GAC	GAT	CT	0.87644	0.02255	0.03385	-0.87644	0.05416	0.03385	0.03385	0.03385
GAA	CAA	GC	-0.16064	0.05802	0.05349	0.16064	0.04941	0.05349	0.00434	0.00434
GAA	AAA	GA	-1.25736	0.31100	0.15541	1.25736	0.08845	0.15541	0.01261	0.01261
GAA	GTA	AT	-1.20644	0.10179	0.05244	1.20644	0.03046	0.05244	0.00426	0.00426
GAA	GCA	AC	0.45422	0.05802	0.07219	-0.45422	0.09138	0.07219	0.00586	0.00586
GAA	GAT	AT	0.38619	0.10179	0.12270	-0.38619	0.14977	0.12270	0.00996	0.00996
GAA	GAC	AC	-0.49024	0.05802	0.04496	0.49024	0.03554	0.04496	0.00365	0.00365
GAG	CAG	GC	-0.33726	0.01319	0.01109	0.33726	0.00941	0.01109	0.00090	0.00090
GAG	AAG	GA	-1.54554	0.07068	0.02960	1.54554	0.01507	0.02960	0.00240	0.00240
GAG	GTG	AT	1.12247	0.02313	0.03850	-1.12247	0.07107	0.03850	0.00312	0.00312
GAG	GCG	AC	1.34804	0.01319	0.02401	-1.34804	0.05077	0.02401	0.00195	0.00195
GAG	GAT	GT	0.18250	0.02313	0.02531	-0.18250	0.02776	0.02531	0.00205	0.00205
GAG	GAC	GC	-0.69394	0.01319	0.00914	0.69394	0.00659	0.00914	0.00074	0.00074
GAG	GAA	GA	-0.20370	0.07068	0.06373	0.20370	0.05766	0.06373	0.06373	0.06373
GGT	TGT	GT	-0.21413	0.07287	0.06535	0.21413	0.05882	0.06535	0.00530	0.00530
GGT	CGT	GC	-0.18994	0.04154	0.03772	0.18994	0.03435	0.03772	0.00306	0.00306
GGT	AGT	GA	-1.93662	0.22265	0.07265	1.93662	0.03210	0.07265	0.00589	0.00589
GGT	GTT	GT	-1.57671	0.07287	0.02993	1.57671	0.01506	0.02993	0.00243	0.00243
GGT	GCT	GC	-0.12369	0.04154	0.03902	0.12369	0.03671	0.03902	0.00317	0.00317
GGT	GAT	GA	-1.75090	0.22265	0.08190	1.75090	0.03866	0.08190	0.00665	0.00665
GGC	TGC	GT	-0.58915	0.02545	0.01868	0.58915	0.01412	0.01868	0.00152	0.00152
GGC	CGC	GC	-0.02711	0.01451	0.01431	0.02711	0.01412	0.01431	0.00116	0.00116
GGC	AGC	GA	-2.98459	0.07775	0.01236	2.98459	0.00393	0.01236	0.00100	0.00100
GGC	GTC	GT	-1.79313	0.02545	0.00911	1.79313	0.00424	0.00911	0.00074	0.00074
GGC	GCC	GC	0.71483	0.01451	0.02030	-0.71483	0.02965	0.02030	0.00165	0.00165
GGC	GAC	GA	-2.13729	0.07775	0.02223	2.13729	0.00917	0.02223	0.00180	0.00180
GGC	GGT	CT	0.49005	0.03543	0.04482	-0.49005	0.05783	0.04482	0.04482	0.04482
GGA	CGA	GC	-0.33726	0.01121	0.00942	0.33726	0.00800	0.00942	0.00076	0.00076
GGA	AGA	GA	-1.05278	0.06008	0.03390	1.05278	0.02097	0.03390	0.00275	0.00275
GGA	GTA	GT	-1.24761	0.01966	0.00988	1.24761	0.00565	0.00988	0.00080	0.00080
GGA	GCA	GC	0.41304	0.01121	0.01368	-0.41304	0.01694	0.01368	0.00111	0.00111
GGA	GAA	GA	-0.04118	0.06008	0.05885	0.04118	0.05766	0.05885	0.00478	0.00478
GGA	GGT	AT	2.09592	0.01966	0.04699	-2.09592	0.15992	0.04699	0.04699	0.04699
GGA	GGC	AC	1.60587	0.01121	0.02252	-1.60587	0.05584	0.02252	0.02252	0.02252
GGG	TGG	GT	9.69733	0.00000	0.00000	-9.69733	0.04000	0.00002	0.00000	0.00000
GGG	CGG	GC	8.01394	0.00000	0.00000	-8.01394	0.00424	0.00001	0.00000	0.00000
GGG	AGG	GA	5.16183	0.00000	0.00000	-5.16183	0.00131	0.00004	0.00000	0.00000
GGG	GTG	GT	8.58688	0.00000	0.00000	-8.58688	0.01318	0.00002	0.00000	0.00000
GGG	GCG	GC	8.81245	0.00000	0.00000	-8.81245	0.00941	0.00001	0.00000	0.00000
GGG	GAG	GA	7.46441	0.00000	0.00000	-7.46441	0.01310	0.00006	0.00000	0.00000
GGG	GGT	GT	9.39781	0.00000	0.00000	-9.39781	0.02965	0.00002	0.00000	0.00002
GGG	GGC	GC	8.90776	0.00000	0.00000	-8.90776	0.01035	0.00001	0.00000	0.00001
GGG	GGA	GA	7.30189	0.00000	0.00000	-7.30189	0.01114	0.00005	0.00000	0.00005


Histograms
2Ns	FMut	FSub(CodonUsage)	FSubw(after w)

-10.70522	0.00467	0.00000	0.00000
-9.63470	0.00901	0.00001	0.00001
-8.56418	0.00323	0.00001	0.00001
-7.49366	0.00125	0.00001	0.00001
-6.42313	0.00000	0.00000	0.00000
-5.35261	0.00012	0.00000	0.00000
-4.28209	0.01389	0.00090	0.00025
-3.21157	0.07743	0.01646	0.00797
-2.14104	0.20968	0.08972	0.10590
-1.07052	0.28460	0.22104	0.21268
0.00000	0.25800	0.34375	0.34638
1.07052	0.10466	0.22104	0.21268
2.14104	0.02940	0.08972	0.10590
3.21157	0.00389	0.01646	0.00797
4.28209	0.00014	0.00090	0.00025
5.35261	0.00000	0.00000	0.00000
6.42313	0.00000	0.00000	0.00000
7.49366	0.00000	0.00000	0.00000
8.56418	0.00000	0.00000	0.00000
9.63470	0.00000	0.00000	0.00000
10.70522	0.00000	0.00000	0.00000

Proportion of advantageous (S > 0) mutations:
 0.25083

Proportions of good & bad mutations (|S| > 2.0000) among mutations:
0.01113  0.18509

mean |Ns| = 1.42638	mean Ns+ = 0.78342	mean Ns- = -1.64165


NSsites Model 1: NearlyNeutral
I	J	ij	2Ns_IJ	pMut_IJ	pSub_IJ	2Ns_JI	pMut_JI	pSub_JI

TTC	TTT	CT	1.58062	0.00882	0.01756	-1.58062	0.04286	0.01756
TTA	TTT	AT	0.43502	0.09023	0.11127	-0.43502	0.13940	0.11127
TTA	TTC	AC	-1.14559	0.03812	0.02036	1.14559	0.01212	0.02036
TTG	TTT	GT	-1.62530	0.10997	0.04381	1.62530	0.02165	0.04381
TTG	TTC	GC	-3.20591	0.04645	0.00629	3.20591	0.00188	0.00629
TTG	TTA	GA	-2.06032	0.36985	0.11127	2.06032	0.04712	0.11127
TCT	TTT	CT	-0.43429	0.06618	0.05284	0.43429	0.04286	0.05284
TCC	TTC	CT	-1.96034	0.02647	0.00850	1.96034	0.00373	0.00850
TCC	TCT	CT	0.05456	0.02647	0.02720	-0.05456	0.02795	0.02720
TCA	TTA	CT	-0.36641	0.08603	0.07123	0.36641	0.05964	0.07123
TCA	TCT	AT	0.50290	0.05498	0.06996	-0.50290	0.09091	0.06996
TCA	TCC	AC	0.44834	0.02323	0.02882	-0.44834	0.03637	0.02882
TCG	TTG	CT	-0.28921	0.09706	0.08370	0.28921	0.07268	0.08370
TCG	TCT	GT	-1.48022	0.06203	0.02705	1.48022	0.01412	0.02705
TCG	TCC	GC	-1.53478	0.02620	0.01105	1.53478	0.00565	0.01105
TCG	TCA	GA	-1.98312	0.20863	0.06604	1.98312	0.02872	0.06604
TAT	TTT	AT	0.58657	0.07754	0.10249	-0.58657	0.13940	0.10249
TAT	TCT	AC	1.02086	0.03276	0.05227	-1.02086	0.09091	0.05227
TAC	TTC	AT	-0.89296	0.02961	0.01833	0.89296	0.01212	0.01833
TAC	TCC	AC	1.06738	0.01251	0.02035	-1.06738	0.03637	0.02035
TAC	TAT	CT	0.10108	0.04632	0.04870	-0.10108	0.05125	0.04870
TGT	TTT	GT	-2.09690	0.17623	0.05175	2.09690	0.02165	0.05175
TGT	TCT	GC	-1.66262	0.07444	0.02897	1.66262	0.01412	0.02897
TGT	TAT	GA	-2.68348	0.59270	0.11664	2.68348	0.04050	0.11664
TGC	TTC	GT	-3.11213	0.04229	0.00613	3.11213	0.00188	0.00613
TGC	TCC	GC	-1.15179	0.01787	0.00951	1.15179	0.00565	0.00951
TGC	TAC	GA	-2.21917	0.14225	0.03850	2.21917	0.01546	0.03850
TGC	TGT	CT	0.56538	0.06618	0.08664	-0.56538	0.11648	0.08664
TGG	TTG	GT	-1.18317	0.11983	0.06261	1.18317	0.03671	0.06261
TGG	TCG	GC	-0.89396	0.05062	0.03132	0.89396	0.02071	0.03132
TGG	TGT	GT	-0.71157	0.11983	0.08221	0.71157	0.05882	0.08221
TGG	TGC	GC	-1.27695	0.05062	0.02500	1.27695	0.01412	0.02500
CTT	TTT	CT	-0.02882	0.04412	0.04348	0.02882	0.04286	0.04348
CTC	TTC	CT	-1.96034	0.02647	0.00850	1.96034	0.00373	0.00850
CTC	CTT	CT	-0.35091	0.02647	0.02210	0.35091	0.01864	0.02210
CTA	TTA	CT	0.52456	0.03529	0.04536	-0.52456	0.05964	0.04536
CTA	CTT	AT	0.98841	0.02256	0.03551	-0.98841	0.06061	0.03551
CTA	CTC	AC	1.33932	0.00953	0.01729	-1.33932	0.03637	0.01729
CTG	TTG	CT	0.93003	0.02868	0.04405	-0.93003	0.07268	0.04405
CTG	CTT	GT	-0.66645	0.01833	0.01289	0.66645	0.00941	0.01289
CTG	CTC	GC	-0.31554	0.00774	0.00658	0.31554	0.00565	0.00658
CTG	CTA	GA	-1.65486	0.06164	0.02410	1.65486	0.01178	0.02410
CCT	TCT	CT	2.53947	0.00221	0.00608	-2.53947	0.02795	0.00608
CCT	CTT	CT	2.13400	0.00221	0.00534	-2.13400	0.01864	0.00534
CCC	TCC	CT	0.01374	0.01103	0.01111	-0.01374	0.01118	0.01111
CCC	CTC	CT	0.01374	0.01103	0.01111	-0.01374	0.01118	0.01111
CCC	CCT	CT	-2.47117	0.01103	0.00252	2.47117	0.00093	0.00252
CCA	TCA	CT	0.49924	0.02206	0.02802	-0.49924	0.03634	0.02802
CCA	CTA	CT	-0.39173	0.02206	0.01802	0.39173	0.01491	0.01802
CCA	CCT	AT	-1.53732	0.01410	0.00593	1.53732	0.00303	0.00593
CCA	CCC	AC	0.93385	0.00596	0.00916	-0.93385	0.01515	0.00916
CCG	TCG	CT	0.97655	0.01544	0.02419	-0.97655	0.04100	0.02419
CCG	CTG	CT	-0.24269	0.01544	0.01364	0.24269	0.01211	0.01364
CCG	CCT	GT	-3.04314	0.00987	0.00150	3.04314	0.00047	0.00150
CCG	CCC	GC	-0.57197	0.00417	0.00309	0.57197	0.00235	0.00309
CCG	CCA	GA	-1.50582	0.03319	0.01425	1.50582	0.00736	0.01425
CAT	TAT	CT	0.01011	0.05073	0.05099	-0.01011	0.05125	0.05099
CAT	CTT	AT	0.62550	0.03243	0.04362	-0.62550	0.06061	0.04362
CAT	CCT	AC	-1.50850	0.01370	0.00587	1.50850	0.00303	0.00587
CAC	TAC	CT	8.33677	0.00000	0.00000	-8.33677	0.01957	0.00004
CAC	CTC	AT	9.40416	0.00000	0.00000	-9.40416	0.03637	0.00003
CAC	CCC	AC	9.39042	0.00000	0.00000	-9.39042	0.01515	0.00001
CAC	CAT	CT	8.42775	0.00000	0.00000	-8.42775	0.02143	0.00004
CAA	CTA	AT	-1.11611	0.14803	0.08048	1.11611	0.04849	0.08048
CAA	CCA	AC	-0.72438	0.06253	0.04259	0.72438	0.03030	0.04259
CAA	CAT	AT	-0.75320	0.14803	0.09922	0.75320	0.06970	0.09922
CAA	CAC	AC	-9.18095	0.06253	0.00006	9.18095	0.00000	0.00000
CAG	CTG	AT	0.33448	0.02820	0.03317	-0.33448	0.03940	0.03317
CAG	CCG	AC	0.57718	0.01191	0.01568	-0.57718	0.02121	0.01568
CAG	CAT	GT	-0.95747	0.02820	0.01682	0.95747	0.01082	0.01682
CAG	CAC	GC	-9.38522	0.01191	0.00001	9.38522	0.00000	0.00000
CAG	CAA	GA	-0.20427	0.09483	0.08548	0.20427	0.07731	0.08548
CGT	TGT	CT	-0.32388	0.16103	0.13636	0.32388	0.11648	0.13636
CGT	CTT	GT	-2.39196	0.10292	0.02478	2.39196	0.00941	0.02478
CGT	CCT	GC	-4.52596	0.04348	0.00215	4.52596	0.00047	0.00215
CGT	CAT	GA	-3.01746	0.34614	0.05373	3.01746	0.01693	0.05373
CGC	TGC	CT	-0.86173	0.06618	0.04171	0.86173	0.02795	0.04171
CGC	CTC	GT	-2.01352	0.04229	0.01312	2.01352	0.00565	0.01312
CGC	CCC	GC	-2.02726	0.01787	0.00549	2.02726	0.00235	0.00549
CGC	CAC	GA	-11.41768	0.14225	0.00002	11.41768	0.00000	0.00000
CGC	CGT	CT	0.02753	0.06618	0.06709	-0.02753	0.06802	0.06709
CGA	CTA	GT	-1.15786	0.02397	0.01271	1.15786	0.00753	0.01271
CGA	CCA	GC	-0.76613	0.01012	0.00674	0.76613	0.00471	0.00674
CGA	CAA	GA	-0.04175	0.08061	0.07894	0.04175	0.07731	0.07894
CGA	CGT	AT	2.22251	0.02397	0.05974	-2.22251	0.22123	0.05974
CGA	CGC	AC	2.19498	0.01012	0.02501	-2.19498	0.09091	0.02501
CGG	TGG	CT	1.38369	0.01985	0.03666	-1.38369	0.07920	0.03666
CGG	CTG	GT	-0.72951	0.01269	0.00862	0.72951	0.00612	0.00862
CGG	CCG	GC	-0.48681	0.00536	0.00416	0.48681	0.00329	0.00416
CGG	CAG	GA	-1.06399	0.04267	0.02392	1.06399	0.01473	0.02392
CGG	CGT	GT	0.99600	0.01269	0.02004	-0.99600	0.03435	0.02004
CGG	CGC	GC	0.96847	0.00536	0.00837	-0.96847	0.01412	0.00837
CGG	CGA	GA	-1.22651	0.04267	0.02172	1.22651	0.01252	0.02172
ATT	TTT	AT	0.62361	0.07472	0.10042	-0.62361	0.13940	0.10042
ATT	CTT	AC	0.65244	0.03156	0.04297	-0.65244	0.06061	0.04297
ATC	TTC	AT	-0.55649	0.02115	0.01581	0.55649	0.01212	0.01581
ATC	CTC	AC	1.40385	0.00893	0.01662	-1.40385	0.03637	0.01662
ATC	ATT	CT	0.40051	0.03309	0.04015	-0.40051	0.04939	0.04015
ATA	TTA	AT	1.52295	0.04229	0.08238	-1.52295	0.19395	0.08238
ATA	CTA	AC	0.99839	0.01787	0.02825	-0.99839	0.04849	0.02825
ATA	ATT	AT	1.33436	0.04229	0.07661	-1.33436	0.16062	0.07661
ATA	ATC	AC	0.93385	0.01787	0.02749	-0.93385	0.04546	0.02749
ATG	TTG	AT	1.90310	0.03525	0.07883	-1.90310	0.23638	0.07883
ATG	CTG	AC	0.97307	0.01489	0.02329	-0.97307	0.03940	0.02329
ATG	ATT	GT	-0.34582	0.03525	0.02950	0.34582	0.02494	0.02950
ATG	ATC	GC	-0.74633	0.01489	0.01002	0.74633	0.00706	0.01002
ATG	ATA	GA	-1.68018	0.11854	0.04561	1.68018	0.02209	0.04561
ACT	TCT	AT	1.03097	0.03243	0.05196	-1.03097	0.09091	0.05196
ACT	CCT	AC	-1.50850	0.01370	0.00587	1.50850	0.00303	0.00587
ACT	ATT	CT	-0.02693	0.05073	0.05005	0.02693	0.04939	0.05005
ACC	TCC	AT	0.61111	0.01974	0.02638	-0.61111	0.03637	0.02638
ACC	CCC	AC	0.59738	0.00834	0.01107	-0.59738	0.01515	0.01107
ACC	ATC	CT	-0.79274	0.03088	0.02024	0.79274	0.01398	0.02024
ACC	ACT	CT	-0.36529	0.03088	0.02558	0.36529	0.02143	0.02558
ACA	TCA	AT	1.78977	0.01974	0.04241	-1.78977	0.11819	0.04241
ACA	CCA	AC	1.29052	0.00834	0.01484	-1.29052	0.03030	0.01484
ACA	ATA	CT	-0.09959	0.03088	0.02937	0.09959	0.02795	0.02937
ACA	ACT	AT	1.26170	0.01974	0.03474	-1.26170	0.06970	0.03474
ACA	ACC	AC	1.62700	0.00834	0.01688	-1.62700	0.04243	0.01688
ACG	TCG	AT	2.60354	0.00987	0.02775	-2.60354	0.13334	0.02775
ACG	CCG	AC	1.62700	0.00417	0.00844	-1.62700	0.02121	0.00844
ACG	ATG	CT	0.41123	0.01544	0.01883	-0.41123	0.02330	0.01883
ACG	ACT	GT	0.09235	0.00987	0.01033	-0.09235	0.01082	0.01033
ACG	ACC	GC	0.45765	0.00417	0.00520	-0.45765	0.00659	0.00520
ACG	ACA	GA	-1.16935	0.03319	0.01748	1.16935	0.01031	0.01748
AAT	TAT	AT	-0.16904	0.19737	0.18116	0.16904	0.16668	0.18116
AAT	CAT	AC	-0.17915	0.08338	0.07613	0.17915	0.06970	0.07613
AAT	ATT	AT	-0.20609	0.19737	0.17773	0.20609	0.16062	0.17773
AAT	ACT	AC	-0.17915	0.08338	0.07613	0.17915	0.06970	0.07613
AAC	TAC	AT	3.11664	0.00282	0.00920	-3.11664	0.06364	0.00920
AAC	CAC	AC	-5.22013	0.00119	0.00003	5.22013	0.00000	0.00000
AAC	ATC	AT	2.78017	0.00282	0.00836	-2.78017	0.04546	0.00836
AAC	ACC	AC	3.57291	0.00119	0.00438	-3.57291	0.04243	0.00438
AAC	AAT	CT	3.38676	0.00441	0.01546	-3.38676	0.13045	0.01546
AAA	CAA	AC	1.37568	0.08040	0.14800	-1.37568	0.31820	0.14800
AAA	ATA	AT	-0.73881	0.19033	0.12860	0.73881	0.09091	0.12860
AAA	ACA	AC	-0.63922	0.08040	0.05742	0.63922	0.04243	0.05742
AAA	AAT	AT	0.80163	0.19033	0.27670	-0.80163	0.42427	0.27670
AAA	AAC	AC	-2.58513	0.08040	0.01695	2.58513	0.00606	0.01695
AAG	CAG	AC	1.48724	0.01370	0.02632	-1.48724	0.06061	0.02632
AAG	ATG	AT	0.84865	0.03243	0.04811	-0.84865	0.07576	0.04811
AAG	ACG	AC	0.43741	0.01370	0.01691	-0.43741	0.02121	0.01691
AAG	AAT	GT	0.70892	0.03243	0.04527	-0.70892	0.06588	0.04527
AAG	AAC	GC	-2.67785	0.01370	0.00271	2.67785	0.00094	0.00271
AAG	AAA	GA	-0.09272	0.10906	0.10408	0.09272	0.09940	0.10408
AGT	TGT	AT	1.70176	0.06908	0.14378	-1.70176	0.37881	0.14378
AGT	CGT	AC	2.02564	0.02918	0.06809	-2.02564	0.22123	0.06809
AGT	ATT	GT	-1.01876	0.06908	0.03977	1.01876	0.02494	0.03977
AGT	ACT	GC	-0.99183	0.02918	0.01706	0.99183	0.01082	0.01706
AGT	AAT	GA	-0.81267	0.23234	0.15058	0.81267	0.10308	0.15058
AGC	TGC	AT	2.37470	0.00846	0.02215	-2.37470	0.09091	0.02215
AGC	CGC	AC	3.23644	0.00357	0.01204	-3.23644	0.09091	0.01204
AGC	ATC	GT	-0.18094	0.00846	0.00772	0.18094	0.00706	0.00772
AGC	ACC	GC	0.61180	0.00357	0.00478	-0.61180	0.00659	0.00478
AGC	AAC	GA	-2.96111	0.02845	0.00460	2.96111	0.00147	0.00460
AGC	AGT	CT	1.23833	0.01324	0.02308	-1.23833	0.04566	0.02308
AGA	CGA	AC	0.99447	0.01906	0.03008	-0.99447	0.05152	0.03008
AGA	ATA	GT	-1.16177	0.04511	0.02387	1.16177	0.01412	0.02387
AGA	ACA	GC	-1.06218	0.01906	0.01070	1.06218	0.00659	0.01070
AGA	AAA	GA	-0.42296	0.15173	0.12190	0.42296	0.09940	0.12190
AGA	AGT	AT	1.19135	0.04511	0.07720	-1.19135	0.14849	0.07720
AGA	AGC	AC	-0.04698	0.01906	0.01861	0.04698	0.01818	0.01861
AGG	TGG	AT	4.51477	0.00282	0.01287	-4.51477	0.25759	0.01287
AGG	CGG	AC	3.13107	0.00119	0.00390	-3.13107	0.02727	0.00390
AGG	ATG	GT	1.42850	0.00282	0.00530	-1.42850	0.01176	0.00530
AGG	ACG	GC	1.01726	0.00119	0.00190	-1.01726	0.00329	0.00190
AGG	AAG	GA	0.57985	0.00948	0.01250	-0.57985	0.01693	0.01250
AGG	AGT	GT	2.10144	0.00282	0.00675	-2.10144	0.02306	0.00675
AGG	AGC	GC	0.86311	0.00119	0.00178	-0.86311	0.00282	0.00178
AGG	AGA	GA	0.91009	0.00948	0.01444	-0.91009	0.02356	0.01444
GTT	TTT	GT	-0.73433	0.04511	0.03056	0.73433	0.02165	0.03056
GTT	CTT	GC	-0.70550	0.01906	0.01312	0.70550	0.00941	0.01312
GTT	ATT	GA	-1.35794	0.15173	0.07134	1.35794	0.03902	0.07134
GTC	TTC	GT	-1.90816	0.01269	0.00422	1.90816	0.00188	0.00422
GTC	CTC	GC	0.05218	0.00536	0.00550	-0.05218	0.00565	0.00550
GTC	ATC	GA	-1.35167	0.04267	0.02014	1.35167	0.01104	0.02014
GTC	GTT	CT	0.40678	0.01985	0.02416	-0.40678	0.02982	0.02416
GTA	TTA	GT	0.57675	0.01692	0.02226	-0.57675	0.03012	0.02226
GTA	CTA	GC	0.05218	0.00715	0.00733	-0.05218	0.00753	0.00733
GTA	ATA	GA	-0.94621	0.05690	0.03416	0.94621	0.02209	0.03416
GTA	GTT	AT	1.74609	0.01692	0.03578	-1.74609	0.09698	0.03578
GTA	GTC	AC	1.33932	0.00715	0.01297	-1.33932	0.02727	0.01297
GTG	TTG	GT	-0.07273	0.03947	0.03806	0.07273	0.03671	0.03806
GTG	CTG	GC	-1.00275	0.01668	0.00969	1.00275	0.00612	0.00969
GTG	ATG	GA	-1.97583	0.13276	0.04222	1.97583	0.01841	0.04222
GTG	GTT	GT	-0.96370	0.03947	0.02346	0.96370	0.01506	0.02346
GTG	GTC	GC	-1.37048	0.01668	0.00778	1.37048	0.00424	0.00778
GTG	GTA	GA	-2.70979	0.13276	0.02565	2.70979	0.00884	0.02565
GCT	TCT	GT	-2.05274	0.10997	0.03325	2.05274	0.01412	0.03325
GCT	CCT	GC	-4.59221	0.04645	0.00218	4.59221	0.00047	0.00218
GCT	ACT	GA	-3.08371	0.36985	0.05473	3.08371	0.01693	0.05473
GCT	GTT	CT	-1.75270	0.17206	0.06322	1.75270	0.02982	0.06322
GCC	TCC	GT	-2.75546	0.08882	0.01662	2.75546	0.00565	0.01662
GCC	CCC	GC	-2.76920	0.03752	0.00695	2.76920	0.00235	0.00695
GCC	ACC	GA	-3.36657	0.29872	0.03594	3.36657	0.01031	0.03594
GCC	GTC	CT	-2.80764	0.13897	0.02506	2.80764	0.00839	0.02506
GCC	GCT	CT	-0.64816	0.13897	0.09876	0.64816	0.07268	0.09876
GCA	TCA	GT	-1.01719	0.05075	0.02924	1.01719	0.01835	0.02924
GCA	CCA	GC	-1.51643	0.02144	0.00914	1.51643	0.00471	0.00914
GCA	ACA	GA	-2.80696	0.17070	0.03079	2.80696	0.01031	0.03079
GCA	GTA	CT	-1.96034	0.07941	0.02551	1.96034	0.01118	0.02551
GCA	GCT	AT	1.53846	0.05075	0.09943	-1.53846	0.23638	0.09943
GCA	GCC	AC	2.18661	0.02144	0.05281	-2.18661	0.19092	0.05281
GCG	TCG	GT	-0.30877	0.02820	0.02407	0.30877	0.02071	0.02407
GCG	CCG	GC	-1.28532	0.01191	0.00585	1.28532	0.00329	0.00585
GCG	ACG	GA	-2.91232	0.09483	0.01587	2.91232	0.00515	0.01587
GCG	GTG	CT	-0.52526	0.04412	0.03354	0.52526	0.02609	0.03354
GCG	GCT	GT	0.26375	0.02820	0.03208	-0.26375	0.03671	0.03208
GCG	GCC	GC	0.91190	0.01191	0.01816	-0.91190	0.02965	0.01816
GCG	GCA	GA	-1.27471	0.09483	0.04690	1.27471	0.02651	0.04690
GAT	TAT	GT	-1.16744	0.08318	0.04387	1.16744	0.02588	0.04387
GAT	CAT	GC	-1.17754	0.03514	0.01842	1.17754	0.01082	0.01842
GAT	AAT	GA	-0.99839	0.27975	0.16296	0.99839	0.10308	0.16296
GAT	GTT	AT	0.15346	0.08318	0.08972	-0.15346	0.09698	0.08972
GAT	GCT	AC	1.90617	0.03514	0.07867	-1.90617	0.23638	0.07867
GAC	TAC	GT	-0.69177	0.01974	0.01369	0.69177	0.00988	0.01369
GAC	CAC	GC	-9.02854	0.00834	0.00001	9.02854	0.00000	0.00000
GAC	AAC	GA	-3.80841	0.06638	0.00574	3.80841	0.00147	0.00574
GAC	GTC	AT	0.32343	0.01974	0.02310	-0.32343	0.02727	0.02310
GAC	GCC	AC	3.13107	0.00834	0.02730	-3.13107	0.19092	0.02730
GAC	GAT	CT	0.57675	0.03088	0.04064	-0.57675	0.05498	0.04064
GAA	CAA	GC	-0.05888	0.05241	0.05088	0.05888	0.04941	0.05088
GAA	AAA	GA	-1.43456	0.41726	0.18719	1.43456	0.09940	0.18719
GAA	GTA	AT	-1.22716	0.12406	0.06313	1.22716	0.03637	0.06313
GAA	GCA	AC	0.73318	0.05241	0.07395	-0.73318	0.10910	0.07395
GAA	GAT	AT	0.36547	0.12406	0.14811	-0.36547	0.17880	0.14811
GAA	GAC	AC	-0.21128	0.05241	0.04707	0.21128	0.04243	0.04707
GAG	CAG	GC	-0.23550	0.01191	0.01056	0.23550	0.00941	0.01056
GAG	AAG	GA	-1.72273	0.09483	0.03552	1.72273	0.01693	0.03552
GAG	GTG	AT	1.10174	0.02820	0.04652	-1.10174	0.08485	0.04652
GAG	GCG	AC	1.62700	0.01191	0.02412	-1.62700	0.06061	0.02412
GAG	GAT	GT	-0.01543	0.02820	0.02798	0.01543	0.02776	0.02798
GAG	GAC	GC	-0.59217	0.01191	0.00873	0.59217	0.00659	0.00873
GAG	GAA	GA	-0.38089	0.09483	0.07792	0.38089	0.06479	0.07792
GGT	TGT	GT	-0.41205	0.08882	0.07177	0.41205	0.05882	0.07177
GGT	CGT	GC	-0.08817	0.03752	0.03589	0.08817	0.03435	0.03589
GGT	AGT	GA	-2.11381	0.29872	0.08674	2.11381	0.03608	0.08674
GGT	GTT	GT	-1.77463	0.08882	0.03218	1.77463	0.01506	0.03218
GGT	GCT	GC	-0.02193	0.03752	0.03711	0.02193	0.03671	0.03711
GGT	GAT	GA	-1.92809	0.29872	0.09801	1.92809	0.04344	0.09801
GGC	TGC	GT	-0.78708	0.03102	0.02039	0.78708	0.01412	0.02039
GGC	CGC	GC	0.07466	0.01310	0.01360	-0.07466	0.01412	0.01360
GGC	AGC	GA	-3.16178	0.10432	0.01459	3.16178	0.00442	0.01459
GGC	GTC	GT	-1.99105	0.03102	0.00977	1.99105	0.00424	0.00977
GGC	GCC	GC	0.81659	0.01310	0.01917	-0.81659	0.02965	0.01917
GGC	GAC	GA	-2.31448	0.10432	0.02647	2.31448	0.01031	0.02647
GGC	GGT	CT	0.19036	0.04853	0.05329	-0.19036	0.05870	0.05329
GGA	CGA	GC	-0.23550	0.01012	0.00898	0.23550	0.00800	0.00898
GGA	AGA	GA	-1.22997	0.08061	0.04095	1.22997	0.02356	0.04095
GGA	GTA	GT	-1.44554	0.02397	0.01068	1.44554	0.00565	0.01068
GGA	GCA	GC	0.51481	0.01012	0.01295	-0.51481	0.01694	0.01295
GGA	GAA	GA	-0.21837	0.08061	0.07213	0.21837	0.06479	0.07213
GGA	GGT	AT	2.07519	0.02397	0.05688	-2.07519	0.19092	0.05688
GGA	GGC	AC	1.88483	0.01012	0.02250	-1.88483	0.06667	0.02250
GGG	TGG	GT	9.49940	0.00000	0.00000	-9.49940	0.04000	0.00003
GGG	CGG	GC	8.11571	0.00000	0.00000	-8.11571	0.00424	0.00001
GGG	AGG	GA	4.98463	0.00000	0.00000	-4.98463	0.00147	0.00005
GGG	GTG	GT	8.38896	0.00000	0.00000	-8.38896	0.01318	0.00003
GGG	GCG	GC	8.91422	0.00000	0.00000	-8.91422	0.00941	0.00001
GGG	GAG	GA	7.28722	0.00000	0.00000	-7.28722	0.01473	0.00007
GGG	GGT	GT	9.19989	0.00000	0.00000	-9.19989	0.02965	0.00003
GGG	GGC	GC	9.00953	0.00000	0.00000	-9.00953	0.01035	0.00001
GGG	GGA	GA	7.12470	0.00000	0.00000	-7.12470	0.01252	0.00007


Histograms
2Ns	FMut	FSub(CodonUsage)	FSubw(after w)

-10.87398	0.00531	0.00000
-9.78658	0.00386	0.00000
-8.69918	0.00651	0.00001
-7.61178	0.00117	0.00001
-6.52439	0.00000	0.00000
-5.43699	0.00010	0.00000
-4.34959	0.01544	0.00119
-3.26219	0.08832	0.01840
-2.17480	0.22243	0.09269
-1.08740	0.28699	0.22716
0.00000	0.23335	0.32110
1.08740	0.10368	0.22716
2.17480	0.02853	0.09269
3.26219	0.00412	0.01840
4.34959	0.00020	0.00119
5.43699	0.00000	0.00000
6.52439	0.00000	0.00000
7.61178	0.00000	0.00000
8.69918	0.00000	0.00000
9.78658	0.00000	0.00000
10.87398	0.00000	0.00000

Proportion of advantageous (S > 0) mutations:
 0.23870

Proportions of good & bad mutations (|S| > 2.0000) among mutations:
0.01751  0.24765

mean |Ns| = 1.50724	mean Ns+ = 0.82091	mean Ns- = -1.72243


MLEs of dN/dS (w) for site classes (K=2)

p:   0.94233  0.05767
w:   0.06301  1.00000

Naive Empirical Bayes (NEB) probabilities for 2 classes & postmean_w
(amino acids refer to 1st sequence: Musdom_lysp)

   1 R   0.99981 0.00019 ( 1)  0.063
   2 I   1.00000 0.00000 ( 1)  0.063
   3 L   0.99997 0.00003 ( 1)  0.063
   4 N   0.99999 0.00001 ( 1)  0.063
   5 C   0.99879 0.00121 ( 1)  0.064
   6 C   0.99999 0.00001 ( 1)  0.063
   7 D   0.99977 0.00023 ( 1)  0.063
   8 L   0.99994 0.00006 ( 1)  0.063
   9 A   0.99963 0.00037 ( 1)  0.063
  10 R   0.99996 0.00004 ( 1)  0.063
  11 E   1.00000 0.00000 ( 1)  0.063
  12 M   1.00000 0.00000 ( 1)  0.063
  13 S   0.99920 0.00080 ( 1)  0.064
  14 R   0.99998 0.00002 ( 1)  0.063
  15 L   0.99994 0.00006 ( 1)  0.063
  16 G   1.00000 0.00000 ( 1)  0.063
  17 V   0.98948 0.01052 ( 1)  0.073
  18 A   0.00042 0.99958 ( 2)  1.000
  19 K   1.00000 0.00000 ( 1)  0.063
  20 S   0.99847 0.00153 ( 1)  0.064
  21 E   0.99996 0.00004 ( 1)  0.063
  22 L   0.99998 0.00002 ( 1)  0.063
  23 A   0.99872 0.00128 ( 1)  0.064
  24 T   1.00000 0.00000 ( 1)  0.063
  25 W   0.99973 0.00027 ( 1)  0.063
  26 C   0.99999 0.00001 ( 1)  0.063
  27 C   0.99999 0.00001 ( 1)  0.063
  28 I   1.00000 0.00000 ( 1)  0.063
  29 A   0.99939 0.00061 ( 1)  0.064
  30 Q   0.99998 0.00002 ( 1)  0.063
  31 F   0.97910 0.02090 ( 1)  0.083
  32 E   1.00000 0.00000 ( 1)  0.063
  33 S   1.00000 0.00000 ( 1)  0.063
  34 R   0.99991 0.00009 ( 1)  0.063
  35 Y   0.99999 0.00001 ( 1)  0.063
  36 N   1.00000 0.00000 ( 1)  0.063
  37 T   1.00000 0.00000 ( 1)  0.063
  38 T   0.95610 0.04390 ( 1)  0.104
  39 A   0.99996 0.00004 ( 1)  0.063
  40 I   0.99998 0.00002 ( 1)  0.063
  41 G   1.00000 0.00000 ( 1)  0.063
  42 R   0.96011 0.03989 ( 1)  0.100
  43 L   0.99997 0.00003 ( 1)  0.063
  44 N   1.00000 0.00000 ( 1)  0.063
  45 G   1.00000 0.00000 ( 1)  0.063
  46 N   1.00000 0.00000 ( 1)  0.063
  47 W   0.99973 0.00027 ( 1)  0.063
  48 S   1.00000 0.00000 ( 1)  0.063
  49 N   1.00000 0.00000 ( 1)  0.063
  50 D   1.00000 0.00000 ( 1)  0.063
  51 Y   1.00000 0.00000 ( 1)  0.063
  52 G   1.00000 0.00000 ( 1)  0.063
  53 L   1.00000 0.00000 ( 1)  0.063
  54 F   1.00000 0.00000 ( 1)  0.063
  55 Q   0.99998 0.00002 ( 1)  0.063
  56 F   0.99988 0.00012 ( 1)  0.063
  57 S   1.00000 0.00000 ( 1)  0.063
  58 D   1.00000 0.00000 ( 1)  0.063
  59 R   0.99996 0.00004 ( 1)  0.063
  60 Y   1.00000 0.00000 ( 1)  0.063
  61 W   0.99973 0.00027 ( 1)  0.063
  62 C   0.99999 0.00001 ( 1)  0.063
  63 Q   0.99998 0.00002 ( 1)  0.063
  64 S   0.99997 0.00003 ( 1)  0.063
  65 S   0.99985 0.00015 ( 1)  0.063
  66 A   0.00005 0.99995 ( 2)  1.000
  67 S   0.94930 0.05070 ( 1)  0.111
  68 R   1.00000 0.00000 ( 1)  0.063
  69 S   0.99143 0.00857 ( 1)  0.071
  70 S   0.99999 0.00001 ( 1)  0.063
  71 A   0.99974 0.00026 ( 1)  0.063
  72 N   1.00000 0.00000 ( 1)  0.063
  73 L   0.99999 0.00001 ( 1)  0.063
  74 C   0.99999 0.00001 ( 1)  0.063
  75 Q   0.02860 0.97140 ( 2)  0.973
  76 I   1.00000 0.00000 ( 1)  0.063
  77 N   0.00003 0.99997 ( 2)  1.000
  78 C   0.99999 0.00001 ( 1)  0.063
  79 Q   0.99999 0.00001 ( 1)  0.063
  80 H   0.00172 0.99828 ( 2)  0.998
  81 L   0.99998 0.00002 ( 1)  0.063
  82 V   0.98761 0.01239 ( 1)  0.075
  83 S   0.99989 0.00011 ( 1)  0.063
  84 D   1.00000 0.00000 ( 1)  0.063
  85 D   1.00000 0.00000 ( 1)  0.063
  86 V   1.00000 0.00000 ( 1)  0.063
  87 R   0.03275 0.96725 ( 2)  0.969
  88 E   0.99999 0.00001 ( 1)  0.063
  89 S   0.99663 0.00337 ( 1)  0.066
  90 I   1.00000 0.00000 ( 1)  0.063
  91 K   0.99999 0.00001 ( 1)  0.063
  92 C   0.99999 0.00001 ( 1)  0.063
  93 A   0.99978 0.00022 ( 1)  0.063
  94 Q   0.99976 0.00024 ( 1)  0.063
  95 K   0.99769 0.00231 ( 1)  0.065
  96 V   1.00000 0.00000 ( 1)  0.063
  97 K   1.00000 0.00000 ( 1)  0.063
  98 K   1.00000 0.00000 ( 1)  0.063
  99 L   0.99974 0.00026 ( 1)  0.063
 100 Q   0.99999 0.00001 ( 1)  0.063
 101 G   1.00000 0.00000 ( 1)  0.063
 102 W   0.99973 0.00027 ( 1)  0.063
 103 R   0.99779 0.00221 ( 1)  0.065
 104 A   0.99989 0.00011 ( 1)  0.063
 105 W   0.99973 0.00027 ( 1)  0.063
 106 S   0.97547 0.02453 ( 1)  0.086
 107 V   0.99959 0.00041 ( 1)  0.063
 108 Y   1.00000 0.00000 ( 1)  0.063
 109 N   1.00000 0.00000 ( 1)  0.063
 110 G   1.00000 0.00000 ( 1)  0.063
 111 R   0.99996 0.00004 ( 1)  0.063
 112 C   0.99999 0.00001 ( 1)  0.063
 113 K   0.99969 0.00031 ( 1)  0.063
 114 N   0.99999 0.00001 ( 1)  0.063
 115 A   0.17178 0.82822 ( 2)  0.839
 116 K   1.00000 0.00000 ( 1)  0.063
 117 L   0.78664 0.21336 ( 1)  0.263
 118 L   0.99968 0.00032 ( 1)  0.063
 119 P   1.00000 0.00000 ( 1)  0.063
 120 S   0.99999 0.00001 ( 1)  0.063
 121 I   1.00000 0.00000 ( 1)  0.063
 122 E   0.99999 0.00001 ( 1)  0.063
 123 E   0.99999 0.00001 ( 1)  0.063
 124 C   0.99999 0.00001 ( 1)  0.063
 125 F   1.00000 0.00000 ( 1)  0.063


lnL = -2375.166290


NSsites Model 2: PositiveSelection
I	J	ij	2Ns_IJ	pMut_IJ	pSub_IJ	2Ns_JI	pMut_JI	pSub_JI

TTC	TTT	CT	1.58062	0.00882	0.01756	-1.58062	0.04286	0.01756
TTA	TTT	AT	0.43502	0.09023	0.11127	-0.43502	0.13940	0.11127
TTA	TTC	AC	-1.14559	0.03812	0.02036	1.14559	0.01212	0.02036
TTG	TTT	GT	-1.62530	0.10997	0.04381	1.62530	0.02165	0.04381
TTG	TTC	GC	-3.20591	0.04645	0.00629	3.20591	0.00188	0.00629
TTG	TTA	GA	-2.06032	0.36985	0.11127	2.06032	0.04712	0.11127
TCT	TTT	CT	-0.43429	0.06618	0.05284	0.43429	0.04286	0.05284
TCC	TTC	CT	-1.96034	0.02647	0.00850	1.96034	0.00373	0.00850
TCC	TCT	CT	0.05456	0.02647	0.02720	-0.05456	0.02795	0.02720
TCA	TTA	CT	-0.36641	0.08603	0.07123	0.36641	0.05964	0.07123
TCA	TCT	AT	0.50290	0.05498	0.06996	-0.50290	0.09091	0.06996
TCA	TCC	AC	0.44834	0.02323	0.02882	-0.44834	0.03637	0.02882
TCG	TTG	CT	-0.28921	0.09706	0.08370	0.28921	0.07268	0.08370
TCG	TCT	GT	-1.48022	0.06203	0.02705	1.48022	0.01412	0.02705
TCG	TCC	GC	-1.53478	0.02620	0.01105	1.53478	0.00565	0.01105
TCG	TCA	GA	-1.98313	0.20863	0.06604	1.98313	0.02872	0.06604
TAT	TTT	AT	0.58657	0.07754	0.10249	-0.58657	0.13940	0.10249
TAT	TCT	AC	1.02086	0.03276	0.05227	-1.02086	0.09091	0.05227
TAC	TTC	AT	-0.89296	0.02961	0.01833	0.89296	0.01212	0.01833
TAC	TCC	AC	1.06738	0.01251	0.02035	-1.06738	0.03637	0.02035
TAC	TAT	CT	0.10108	0.04632	0.04870	-0.10108	0.05125	0.04870
TGT	TTT	GT	-2.09690	0.17623	0.05175	2.09690	0.02165	0.05175
TGT	TCT	GC	-1.66262	0.07444	0.02897	1.66262	0.01412	0.02897
TGT	TAT	GA	-2.68348	0.59270	0.11664	2.68348	0.04050	0.11664
TGC	TTC	GT	-3.11213	0.04229	0.00613	3.11213	0.00188	0.00613
TGC	TCC	GC	-1.15179	0.01787	0.00951	1.15179	0.00565	0.00951
TGC	TAC	GA	-2.21917	0.14225	0.03850	2.21917	0.01546	0.03850
TGC	TGT	CT	0.56538	0.06618	0.08664	-0.56538	0.11648	0.08664
TGG	TTG	GT	-1.18317	0.11983	0.06261	1.18317	0.03671	0.06261
TGG	TCG	GC	-0.89396	0.05062	0.03132	0.89396	0.02071	0.03132
TGG	TGT	GT	-0.71157	0.11983	0.08221	0.71157	0.05882	0.08221
TGG	TGC	GC	-1.27695	0.05062	0.02500	1.27695	0.01412	0.02500
CTT	TTT	CT	-0.02882	0.04412	0.04348	0.02882	0.04286	0.04348
CTC	TTC	CT	-1.96034	0.02647	0.00850	1.96034	0.00373	0.00850
CTC	CTT	CT	-0.35091	0.02647	0.02210	0.35091	0.01864	0.02210
CTA	TTA	CT	0.52456	0.03529	0.04536	-0.52456	0.05964	0.04536
CTA	CTT	AT	0.98841	0.02256	0.03551	-0.98841	0.06061	0.03551
CTA	CTC	AC	1.33932	0.00953	0.01729	-1.33932	0.03637	0.01729
CTG	TTG	CT	0.93003	0.02868	0.04405	-0.93003	0.07268	0.04405
CTG	CTT	GT	-0.66645	0.01833	0.01289	0.66645	0.00941	0.01289
CTG	CTC	GC	-0.31554	0.00774	0.00658	0.31554	0.00565	0.00658
CTG	CTA	GA	-1.65486	0.06164	0.02410	1.65486	0.01178	0.02410
CCT	TCT	CT	2.53947	0.00221	0.00608	-2.53947	0.02795	0.00608
CCT	CTT	CT	2.13400	0.00221	0.00534	-2.13400	0.01864	0.00534
CCC	TCC	CT	0.01374	0.01103	0.01111	-0.01374	0.01118	0.01111
CCC	CTC	CT	0.01374	0.01103	0.01111	-0.01374	0.01118	0.01111
CCC	CCT	CT	-2.47117	0.01103	0.00252	2.47117	0.00093	0.00252
CCA	TCA	CT	0.49924	0.02206	0.02802	-0.49924	0.03634	0.02802
CCA	CTA	CT	-0.39173	0.02206	0.01802	0.39173	0.01491	0.01802
CCA	CCT	AT	-1.53732	0.01410	0.00593	1.53732	0.00303	0.00593
CCA	CCC	AC	0.93385	0.00596	0.00916	-0.93385	0.01515	0.00916
CCG	TCG	CT	0.97655	0.01544	0.02419	-0.97655	0.04100	0.02419
CCG	CTG	CT	-0.24269	0.01544	0.01364	0.24269	0.01211	0.01364
CCG	CCT	GT	-3.04314	0.00987	0.00150	3.04314	0.00047	0.00150
CCG	CCC	GC	-0.57197	0.00417	0.00309	0.57197	0.00235	0.00309
CCG	CCA	GA	-1.50582	0.03319	0.01425	1.50582	0.00736	0.01425
CAT	TAT	CT	0.01011	0.05073	0.05099	-0.01011	0.05125	0.05099
CAT	CTT	AT	0.62550	0.03243	0.04362	-0.62550	0.06061	0.04362
CAT	CCT	AC	-1.50850	0.01370	0.00587	1.50850	0.00303	0.00587
CAC	TAC	CT	8.33677	0.00000	0.00000	-8.33677	0.01957	0.00004
CAC	CTC	AT	9.40416	0.00000	0.00000	-9.40416	0.03637	0.00003
CAC	CCC	AC	9.39042	0.00000	0.00000	-9.39042	0.01515	0.00001
CAC	CAT	CT	8.42775	0.00000	0.00000	-8.42775	0.02143	0.00004
CAA	CTA	AT	-1.11611	0.14803	0.08048	1.11611	0.04849	0.08048
CAA	CCA	AC	-0.72438	0.06253	0.04259	0.72438	0.03030	0.04259
CAA	CAT	AT	-0.75320	0.14803	0.09922	0.75320	0.06970	0.09922
CAA	CAC	AC	-9.18095	0.06253	0.00006	9.18095	0.00000	0.00000
CAG	CTG	AT	0.33448	0.02820	0.03317	-0.33448	0.03940	0.03317
CAG	CCG	AC	0.57718	0.01191	0.01568	-0.57718	0.02121	0.01568
CAG	CAT	GT	-0.95747	0.02820	0.01682	0.95747	0.01082	0.01682
CAG	CAC	GC	-9.38522	0.01191	0.00001	9.38522	0.00000	0.00000
CAG	CAA	GA	-0.20427	0.09483	0.08548	0.20427	0.07731	0.08548
CGT	TGT	CT	-0.32388	0.16103	0.13636	0.32388	0.11648	0.13636
CGT	CTT	GT	-2.39196	0.10292	0.02478	2.39196	0.00941	0.02478
CGT	CCT	GC	-4.52596	0.04348	0.00215	4.52596	0.00047	0.00215
CGT	CAT	GA	-3.01746	0.34614	0.05373	3.01746	0.01693	0.05373
CGC	TGC	CT	-0.86173	0.06618	0.04171	0.86173	0.02795	0.04171
CGC	CTC	GT	-2.01352	0.04229	0.01312	2.01352	0.00565	0.01312
CGC	CCC	GC	-2.02726	0.01787	0.00549	2.02726	0.00235	0.00549
CGC	CAC	GA	-11.41768	0.14225	0.00002	11.41768	0.00000	0.00000
CGC	CGT	CT	0.02753	0.06618	0.06709	-0.02753	0.06802	0.06709
CGA	CTA	GT	-1.15786	0.02397	0.01271	1.15786	0.00753	0.01271
CGA	CCA	GC	-0.76613	0.01012	0.00674	0.76613	0.00471	0.00674
CGA	CAA	GA	-0.04175	0.08061	0.07894	0.04175	0.07731	0.07894
CGA	CGT	AT	2.22251	0.02397	0.05974	-2.22251	0.22123	0.05974
CGA	CGC	AC	2.19498	0.01012	0.02501	-2.19498	0.09091	0.02501
CGG	TGG	CT	1.38369	0.01985	0.03666	-1.38369	0.07920	0.03666
CGG	CTG	GT	-0.72951	0.01269	0.00862	0.72951	0.00612	0.00862
CGG	CCG	GC	-0.48681	0.00536	0.00416	0.48681	0.00329	0.00416
CGG	CAG	GA	-1.06399	0.04267	0.02392	1.06399	0.01473	0.02392
CGG	CGT	GT	0.99600	0.01269	0.02004	-0.99600	0.03435	0.02004
CGG	CGC	GC	0.96847	0.00536	0.00837	-0.96847	0.01412	0.00837
CGG	CGA	GA	-1.22651	0.04267	0.02172	1.22651	0.01252	0.02172
ATT	TTT	AT	0.62362	0.07472	0.10042	-0.62362	0.13940	0.10042
ATT	CTT	AC	0.65244	0.03156	0.04297	-0.65244	0.06061	0.04297
ATC	TTC	AT	-0.55649	0.02115	0.01581	0.55649	0.01212	0.01581
ATC	CTC	AC	1.40385	0.00893	0.01662	-1.40385	0.03637	0.01662
ATC	ATT	CT	0.40051	0.03309	0.04015	-0.40051	0.04939	0.04015
ATA	TTA	AT	1.52295	0.04229	0.08238	-1.52295	0.19395	0.08238
ATA	CTA	AC	0.99839	0.01787	0.02825	-0.99839	0.04849	0.02825
ATA	ATT	AT	1.33436	0.04229	0.07661	-1.33436	0.16062	0.07661
ATA	ATC	AC	0.93385	0.01787	0.02749	-0.93385	0.04546	0.02749
ATG	TTG	AT	1.90310	0.03525	0.07883	-1.90310	0.23638	0.07883
ATG	CTG	AC	0.97307	0.01489	0.02329	-0.97307	0.03940	0.02329
ATG	ATT	GT	-0.34582	0.03525	0.02950	0.34582	0.02494	0.02950
ATG	ATC	GC	-0.74632	0.01489	0.01002	0.74632	0.00706	0.01002
ATG	ATA	GA	-1.68018	0.11854	0.04561	1.68018	0.02209	0.04561
ACT	TCT	AT	1.03097	0.03243	0.05196	-1.03097	0.09091	0.05196
ACT	CCT	AC	-1.50850	0.01370	0.00587	1.50850	0.00303	0.00587
ACT	ATT	CT	-0.02693	0.05073	0.05005	0.02693	0.04939	0.05005
ACC	TCC	AT	0.61112	0.01974	0.02638	-0.61112	0.03637	0.02638
ACC	CCC	AC	0.59738	0.00834	0.01107	-0.59738	0.01515	0.01107
ACC	ATC	CT	-0.79274	0.03088	0.02024	0.79274	0.01398	0.02024
ACC	ACT	CT	-0.36530	0.03088	0.02558	0.36530	0.02143	0.02558
ACA	TCA	AT	1.78977	0.01974	0.04241	-1.78977	0.11819	0.04241
ACA	CCA	AC	1.29053	0.00834	0.01484	-1.29053	0.03030	0.01484
ACA	ATA	CT	-0.09959	0.03088	0.02937	0.09959	0.02795	0.02937
ACA	ACT	AT	1.26170	0.01974	0.03474	-1.26170	0.06970	0.03474
ACA	ACC	AC	1.62700	0.00834	0.01688	-1.62700	0.04243	0.01688
ACG	TCG	AT	2.60355	0.00987	0.02775	-2.60355	0.13334	0.02775
ACG	CCG	AC	1.62700	0.00417	0.00844	-1.62700	0.02121	0.00844
ACG	ATG	CT	0.41123	0.01544	0.01883	-0.41123	0.02330	0.01883
ACG	ACT	GT	0.09235	0.00987	0.01033	-0.09235	0.01082	0.01033
ACG	ACC	GC	0.45765	0.00417	0.00520	-0.45765	0.00659	0.00520
ACG	ACA	GA	-1.16935	0.03319	0.01748	1.16935	0.01031	0.01748
AAT	TAT	AT	-0.16904	0.19737	0.18116	0.16904	0.16668	0.18116
AAT	CAT	AC	-0.17915	0.08338	0.07613	0.17915	0.06970	0.07613
AAT	ATT	AT	-0.20608	0.19737	0.17773	0.20608	0.16062	0.17773
AAT	ACT	AC	-0.17915	0.08338	0.07613	0.17915	0.06970	0.07613
AAC	TAC	AT	3.11664	0.00282	0.00920	-3.11664	0.06364	0.00920
AAC	CAC	AC	-5.22013	0.00119	0.00003	5.22013	0.00000	0.00000
AAC	ATC	AT	2.78017	0.00282	0.00836	-2.78017	0.04546	0.00836
AAC	ACC	AC	3.57291	0.00119	0.00438	-3.57291	0.04243	0.00438
AAC	AAT	CT	3.38676	0.00441	0.01546	-3.38676	0.13045	0.01546
AAA	CAA	AC	1.37568	0.08040	0.14800	-1.37568	0.31820	0.14800
AAA	ATA	AT	-0.73881	0.19033	0.12860	0.73881	0.09091	0.12860
AAA	ACA	AC	-0.63922	0.08040	0.05742	0.63922	0.04243	0.05742
AAA	AAT	AT	0.80163	0.19033	0.27670	-0.80163	0.42427	0.27670
AAA	AAC	AC	-2.58513	0.08040	0.01695	2.58513	0.00606	0.01695
AAG	CAG	AC	1.48724	0.01370	0.02632	-1.48724	0.06061	0.02632
AAG	ATG	AT	0.84865	0.03243	0.04811	-0.84865	0.07576	0.04811
AAG	ACG	AC	0.43741	0.01370	0.01691	-0.43741	0.02121	0.01691
AAG	AAT	GT	0.70892	0.03243	0.04527	-0.70892	0.06588	0.04527
AAG	AAC	GC	-2.67785	0.01370	0.00271	2.67785	0.00094	0.00271
AAG	AAA	GA	-0.09272	0.10906	0.10408	0.09272	0.09940	0.10408
AGT	TGT	AT	1.70176	0.06908	0.14378	-1.70176	0.37881	0.14378
AGT	CGT	AC	2.02564	0.02918	0.06809	-2.02564	0.22123	0.06809
AGT	ATT	GT	-1.01876	0.06908	0.03977	1.01876	0.02494	0.03977
AGT	ACT	GC	-0.99183	0.02918	0.01706	0.99183	0.01082	0.01706
AGT	AAT	GA	-0.81268	0.23234	0.15058	0.81268	0.10308	0.15058
AGC	TGC	AT	2.37470	0.00846	0.02215	-2.37470	0.09091	0.02215
AGC	CGC	AC	3.23644	0.00357	0.01204	-3.23644	0.09091	0.01204
AGC	ATC	GT	-0.18094	0.00846	0.00772	0.18094	0.00706	0.00772
AGC	ACC	GC	0.61180	0.00357	0.00478	-0.61180	0.00659	0.00478
AGC	AAC	GA	-2.96111	0.02845	0.00460	2.96111	0.00147	0.00460
AGC	AGT	CT	1.23833	0.01324	0.02308	-1.23833	0.04566	0.02308
AGA	CGA	AC	0.99448	0.01906	0.03008	-0.99448	0.05152	0.03008
AGA	ATA	GT	-1.16177	0.04511	0.02387	1.16177	0.01412	0.02387
AGA	ACA	GC	-1.06218	0.01906	0.01070	1.06218	0.00659	0.01070
AGA	AAA	GA	-0.42296	0.15173	0.12190	0.42296	0.09940	0.12190
AGA	AGT	AT	1.19135	0.04511	0.07720	-1.19135	0.14849	0.07720
AGA	AGC	AC	-0.04698	0.01906	0.01861	0.04698	0.01818	0.01861
AGG	TGG	AT	4.51477	0.00282	0.01287	-4.51477	0.25759	0.01287
AGG	CGG	AC	3.13108	0.00119	0.00390	-3.13108	0.02727	0.00390
AGG	ATG	GT	1.42850	0.00282	0.00530	-1.42850	0.01176	0.00530
AGG	ACG	GC	1.01726	0.00119	0.00190	-1.01726	0.00329	0.00190
AGG	AAG	GA	0.57985	0.00948	0.01250	-0.57985	0.01693	0.01250
AGG	AGT	GT	2.10144	0.00282	0.00675	-2.10144	0.02306	0.00675
AGG	AGC	GC	0.86311	0.00119	0.00178	-0.86311	0.00282	0.00178
AGG	AGA	GA	0.91009	0.00948	0.01444	-0.91009	0.02356	0.01444
GTT	TTT	GT	-0.73433	0.04511	0.03056	0.73433	0.02165	0.03056
GTT	CTT	GC	-0.70550	0.01906	0.01312	0.70550	0.00941	0.01312
GTT	ATT	GA	-1.35794	0.15173	0.07134	1.35794	0.03902	0.07134
GTC	TTC	GT	-1.90816	0.01269	0.00422	1.90816	0.00188	0.00422
GTC	CTC	GC	0.05218	0.00536	0.00550	-0.05218	0.00565	0.00550
GTC	ATC	GA	-1.35167	0.04267	0.02014	1.35167	0.01104	0.02014
GTC	GTT	CT	0.40678	0.01985	0.02416	-0.40678	0.02982	0.02416
GTA	TTA	GT	0.57675	0.01692	0.02226	-0.57675	0.03012	0.02226
GTA	CTA	GC	0.05218	0.00715	0.00733	-0.05218	0.00753	0.00733
GTA	ATA	GA	-0.94621	0.05690	0.03416	0.94621	0.02209	0.03416
GTA	GTT	AT	1.74610	0.01692	0.03578	-1.74610	0.09698	0.03578
GTA	GTC	AC	1.33932	0.00715	0.01297	-1.33932	0.02727	0.01297
GTG	TTG	GT	-0.07273	0.03947	0.03806	0.07273	0.03671	0.03806
GTG	CTG	GC	-1.00275	0.01668	0.00969	1.00275	0.00612	0.00969
GTG	ATG	GA	-1.97583	0.13277	0.04222	1.97583	0.01841	0.04222
GTG	GTT	GT	-0.96370	0.03947	0.02346	0.96370	0.01506	0.02346
GTG	GTC	GC	-1.37048	0.01668	0.00778	1.37048	0.00424	0.00778
GTG	GTA	GA	-2.70980	0.13277	0.02565	2.70980	0.00884	0.02565
GCT	TCT	GT	-2.05274	0.10997	0.03325	2.05274	0.01412	0.03325
GCT	CCT	GC	-4.59221	0.04645	0.00218	4.59221	0.00047	0.00218
GCT	ACT	GA	-3.08371	0.36985	0.05473	3.08371	0.01693	0.05473
GCT	GTT	CT	-1.75270	0.17206	0.06322	1.75270	0.02982	0.06322
GCC	TCC	GT	-2.75546	0.08882	0.01662	2.75546	0.00565	0.01662
GCC	CCC	GC	-2.76920	0.03752	0.00695	2.76920	0.00235	0.00695
GCC	ACC	GA	-3.36657	0.29872	0.03594	3.36657	0.01031	0.03594
GCC	GTC	CT	-2.80764	0.13897	0.02506	2.80764	0.00839	0.02506
GCC	GCT	CT	-0.64816	0.13897	0.09876	0.64816	0.07268	0.09876
GCA	TCA	GT	-1.01719	0.05075	0.02924	1.01719	0.01835	0.02924
GCA	CCA	GC	-1.51643	0.02144	0.00914	1.51643	0.00471	0.00914
GCA	ACA	GA	-2.80696	0.17070	0.03079	2.80696	0.01031	0.03079
GCA	GTA	CT	-1.96034	0.07941	0.02551	1.96034	0.01118	0.02551
GCA	GCT	AT	1.53846	0.05075	0.09943	-1.53846	0.23638	0.09943
GCA	GCC	AC	2.18661	0.02144	0.05281	-2.18661	0.19092	0.05281
GCG	TCG	GT	-0.30877	0.02820	0.02407	0.30877	0.02071	0.02407
GCG	CCG	GC	-1.28532	0.01191	0.00585	1.28532	0.00329	0.00585
GCG	ACG	GA	-2.91232	0.09483	0.01587	2.91232	0.00515	0.01587
GCG	GTG	CT	-0.52526	0.04412	0.03354	0.52526	0.02609	0.03354
GCG	GCT	GT	0.26375	0.02820	0.03208	-0.26375	0.03671	0.03208
GCG	GCC	GC	0.91190	0.01191	0.01816	-0.91190	0.02965	0.01816
GCG	GCA	GA	-1.27471	0.09483	0.04690	1.27471	0.02651	0.04690
GAT	TAT	GT	-1.16744	0.08318	0.04387	1.16744	0.02588	0.04387
GAT	CAT	GC	-1.17754	0.03514	0.01842	1.17754	0.01082	0.01842
GAT	AAT	GA	-0.99839	0.27975	0.16296	0.99839	0.10308	0.16296
GAT	GTT	AT	0.15346	0.08318	0.08972	-0.15346	0.09698	0.08972
GAT	GCT	AC	1.90617	0.03514	0.07867	-1.90617	0.23638	0.07867
GAC	TAC	GT	-0.69177	0.01974	0.01369	0.69177	0.00988	0.01369
GAC	CAC	GC	-9.02854	0.00834	0.00001	9.02854	0.00000	0.00000
GAC	AAC	GA	-3.80841	0.06638	0.00574	3.80841	0.00147	0.00574
GAC	GTC	AT	0.32343	0.01974	0.02310	-0.32343	0.02727	0.02310
GAC	GCC	AC	3.13108	0.00834	0.02730	-3.13108	0.19092	0.02730
GAC	GAT	CT	0.57675	0.03088	0.04064	-0.57675	0.05498	0.04064
GAA	CAA	GC	-0.05888	0.05241	0.05088	0.05888	0.04941	0.05088
GAA	AAA	GA	-1.43456	0.41726	0.18719	1.43456	0.09940	0.18719
GAA	GTA	AT	-1.22716	0.12406	0.06313	1.22716	0.03637	0.06313
GAA	GCA	AC	0.73318	0.05241	0.07395	-0.73318	0.10910	0.07395
GAA	GAT	AT	0.36547	0.12406	0.14811	-0.36547	0.17880	0.14811
GAA	GAC	AC	-0.21128	0.05241	0.04707	0.21128	0.04243	0.04707
GAG	CAG	GC	-0.23550	0.01191	0.01056	0.23550	0.00941	0.01056
GAG	AAG	GA	-1.72274	0.09483	0.03552	1.72274	0.01693	0.03552
GAG	GTG	AT	1.10174	0.02820	0.04652	-1.10174	0.08485	0.04652
GAG	GCG	AC	1.62700	0.01191	0.02412	-1.62700	0.06061	0.02412
GAG	GAT	GT	-0.01543	0.02820	0.02798	0.01543	0.02776	0.02798
GAG	GAC	GC	-0.59217	0.01191	0.00873	0.59217	0.00659	0.00873
GAG	GAA	GA	-0.38089	0.09483	0.07792	0.38089	0.06479	0.07792
GGT	TGT	GT	-0.41205	0.08882	0.07177	0.41205	0.05882	0.07177
GGT	CGT	GC	-0.08817	0.03752	0.03589	0.08817	0.03435	0.03589
GGT	AGT	GA	-2.11381	0.29872	0.08674	2.11381	0.03608	0.08674
GGT	GTT	GT	-1.77463	0.08882	0.03218	1.77463	0.01506	0.03218
GGT	GCT	GC	-0.02193	0.03752	0.03711	0.02193	0.03671	0.03711
GGT	GAT	GA	-1.92809	0.29872	0.09801	1.92809	0.04344	0.09801
GGC	TGC	GT	-0.78708	0.03102	0.02039	0.78708	0.01412	0.02039
GGC	CGC	GC	0.07466	0.01310	0.01360	-0.07466	0.01412	0.01360
GGC	AGC	GA	-3.16178	0.10432	0.01459	3.16178	0.00442	0.01459
GGC	GTC	GT	-1.99105	0.03102	0.00977	1.99105	0.00424	0.00977
GGC	GCC	GC	0.81659	0.01310	0.01917	-0.81659	0.02965	0.01917
GGC	GAC	GA	-2.31448	0.10432	0.02647	2.31448	0.01031	0.02647
GGC	GGT	CT	0.19036	0.04853	0.05329	-0.19036	0.05870	0.05329
GGA	CGA	GC	-0.23550	0.01012	0.00898	0.23550	0.00800	0.00898
GGA	AGA	GA	-1.22997	0.08061	0.04095	1.22997	0.02356	0.04095
GGA	GTA	GT	-1.44554	0.02397	0.01068	1.44554	0.00565	0.01068
GGA	GCA	GC	0.51481	0.01012	0.01295	-0.51481	0.01694	0.01295
GGA	GAA	GA	-0.21837	0.08061	0.07213	0.21837	0.06479	0.07213
GGA	GGT	AT	2.07519	0.02397	0.05688	-2.07519	0.19092	0.05688
GGA	GGC	AC	1.88483	0.01012	0.02250	-1.88483	0.06667	0.02250
GGG	TGG	GT	9.49940	0.00000	0.00000	-9.49940	0.04000	0.00003
GGG	CGG	GC	8.11571	0.00000	0.00000	-8.11571	0.00424	0.00001
GGG	AGG	GA	4.98463	0.00000	0.00000	-4.98463	0.00147	0.00005
GGG	GTG	GT	8.38896	0.00000	0.00000	-8.38896	0.01318	0.00003
GGG	GCG	GC	8.91422	0.00000	0.00000	-8.91422	0.00941	0.00001
GGG	GAG	GA	7.28722	0.00000	0.00000	-7.28722	0.01473	0.00007
GGG	GGT	GT	9.19989	0.00000	0.00000	-9.19989	0.02965	0.00003
GGG	GGC	GC	9.00953	0.00000	0.00000	-9.00953	0.01035	0.00001
GGG	GGA	GA	7.12470	0.00000	0.00000	-7.12470	0.01252	0.00007


Histograms
2Ns	FMut	FSub(CodonUsage)	FSubw(after w)

-10.87398	0.00531	0.00000
-9.78658	0.00386	0.00000
-8.69918	0.00651	0.00001
-7.61179	0.00117	0.00001
-6.52439	0.00000	0.00000
-5.43699	0.00010	0.00000
-4.34959	0.01544	0.00119
-3.26219	0.08832	0.01840
-2.17480	0.22243	0.09269
-1.08740	0.28699	0.22716
0.00000	0.23335	0.32110
1.08740	0.10368	0.22716
2.17480	0.02853	0.09269
3.26219	0.00412	0.01840
4.34959	0.00020	0.00119
5.43699	0.00000	0.00000
6.52439	0.00000	0.00000
7.61179	0.00000	0.00000
8.69918	0.00000	0.00000
9.78658	0.00000	0.00000
10.87398	0.00000	0.00000

Proportion of advantageous (S > 0) mutations:
 0.23870

Proportions of good & bad mutations (|S| > 2.0000) among mutations:
0.01751  0.24765

mean |Ns| = 1.50724	mean Ns+ = 0.82091	mean Ns- = -1.72243


MLEs of dN/dS (w) for site classes (K=3)

p:   0.94233  0.03889  0.01878
w:   0.06301  1.00000  1.00000

Naive Empirical Bayes (NEB) probabilities for 3 classes & postmean_w
(amino acids refer to 1st sequence: Musdom_lysp)

   1 R   0.99981 0.00013 0.00006 ( 1)  0.063
   2 I   1.00000 0.00000 0.00000 ( 1)  0.063
   3 L   0.99997 0.00002 0.00001 ( 1)  0.063
   4 N   0.99999 0.00001 0.00000 ( 1)  0.063
   5 C   0.99879 0.00082 0.00040 ( 1)  0.064
   6 C   0.99999 0.00001 0.00000 ( 1)  0.063
   7 D   0.99977 0.00016 0.00008 ( 1)  0.063
   8 L   0.99994 0.00004 0.00002 ( 1)  0.063
   9 A   0.99963 0.00025 0.00012 ( 1)  0.063
  10 R   0.99996 0.00003 0.00001 ( 1)  0.063
  11 E   1.00000 0.00000 0.00000 ( 1)  0.063
  12 M   1.00000 0.00000 0.00000 ( 1)  0.063
  13 S   0.99920 0.00054 0.00026 ( 1)  0.064
  14 R   0.99998 0.00002 0.00001 ( 1)  0.063
  15 L   0.99994 0.00004 0.00002 ( 1)  0.063
  16 G   1.00000 0.00000 0.00000 ( 1)  0.063
  17 V   0.98948 0.00710 0.00343 ( 1)  0.073
  18 A   0.00042 0.67406 0.32552 ( 2)  1.000
  19 K   1.00000 0.00000 0.00000 ( 1)  0.063
  20 S   0.99847 0.00103 0.00050 ( 1)  0.064
  21 E   0.99996 0.00003 0.00001 ( 1)  0.063
  22 L   0.99998 0.00001 0.00001 ( 1)  0.063
  23 A   0.99872 0.00086 0.00042 ( 1)  0.064
  24 T   1.00000 0.00000 0.00000 ( 1)  0.063
  25 W   0.99973 0.00019 0.00009 ( 1)  0.063
  26 C   0.99999 0.00001 0.00000 ( 1)  0.063
  27 C   0.99999 0.00000 0.00000 ( 1)  0.063
  28 I   1.00000 0.00000 0.00000 ( 1)  0.063
  29 A   0.99939 0.00041 0.00020 ( 1)  0.064
  30 Q   0.99998 0.00001 0.00001 ( 1)  0.063
  31 F   0.97910 0.01409 0.00681 ( 1)  0.083
  32 E   1.00000 0.00000 0.00000 ( 1)  0.063
  33 S   1.00000 0.00000 0.00000 ( 1)  0.063
  34 R   0.99991 0.00006 0.00003 ( 1)  0.063
  35 Y   0.99999 0.00001 0.00000 ( 1)  0.063
  36 N   1.00000 0.00000 0.00000 ( 1)  0.063
  37 T   1.00000 0.00000 0.00000 ( 1)  0.063
  38 T   0.95610 0.02960 0.01430 ( 1)  0.104
  39 A   0.99996 0.00002 0.00001 ( 1)  0.063
  40 I   0.99998 0.00001 0.00001 ( 1)  0.063
  41 G   1.00000 0.00000 0.00000 ( 1)  0.063
  42 R   0.96011 0.02690 0.01299 ( 1)  0.100
  43 L   0.99997 0.00002 0.00001 ( 1)  0.063
  44 N   1.00000 0.00000 0.00000 ( 1)  0.063
  45 G   1.00000 0.00000 0.00000 ( 1)  0.063
  46 N   1.00000 0.00000 0.00000 ( 1)  0.063
  47 W   0.99973 0.00019 0.00009 ( 1)  0.063
  48 S   1.00000 0.00000 0.00000 ( 1)  0.063
  49 N   1.00000 0.00000 0.00000 ( 1)  0.063
  50 D   1.00000 0.00000 0.00000 ( 1)  0.063
  51 Y   1.00000 0.00000 0.00000 ( 1)  0.063
  52 G   1.00000 0.00000 0.00000 ( 1)  0.063
  53 L   1.00000 0.00000 0.00000 ( 1)  0.063
  54 F   1.00000 0.00000 0.00000 ( 1)  0.063
  55 Q   0.99998 0.00001 0.00001 ( 1)  0.063
  56 F   0.99988 0.00008 0.00004 ( 1)  0.063
  57 S   1.00000 0.00000 0.00000 ( 1)  0.063
  58 D   1.00000 0.00000 0.00000 ( 1)  0.063
  59 R   0.99996 0.00003 0.00001 ( 1)  0.063
  60 Y   1.00000 0.00000 0.00000 ( 1)  0.063
  61 W   0.99973 0.00019 0.00009 ( 1)  0.063
  62 C   0.99999 0.00001 0.00000 ( 1)  0.063
  63 Q   0.99998 0.00001 0.00001 ( 1)  0.063
  64 S   0.99997 0.00002 0.00001 ( 1)  0.063
  65 S   0.99985 0.00010 0.00005 ( 1)  0.063
  66 A   0.00005 0.67431 0.32564 ( 2)  1.000
  67 S   0.94930 0.03419 0.01651 ( 1)  0.111
  68 R   1.00000 0.00000 0.00000 ( 1)  0.063
  69 S   0.99143 0.00578 0.00279 ( 1)  0.071
  70 S   0.99999 0.00001 0.00000 ( 1)  0.063
  71 A   0.99974 0.00017 0.00008 ( 1)  0.063
  72 N   1.00000 0.00000 0.00000 ( 1)  0.063
  73 L   0.99999 0.00001 0.00000 ( 1)  0.063
  74 C   0.99999 0.00001 0.00000 ( 1)  0.063
  75 Q   0.02860 0.65505 0.31634 ( 2)  0.973
  76 I   1.00000 0.00000 0.00000 ( 1)  0.063
  77 N   0.00003 0.67432 0.32565 ( 2)  1.000
  78 C   0.99999 0.00001 0.00000 ( 1)  0.063
  79 Q   0.99999 0.00001 0.00000 ( 1)  0.063
  80 H   0.00172 0.67318 0.32510 ( 2)  0.998
  81 L   0.99998 0.00001 0.00001 ( 1)  0.063
  82 V   0.98761 0.00836 0.00404 ( 1)  0.075
  83 S   0.99989 0.00008 0.00004 ( 1)  0.063
  84 D   1.00000 0.00000 0.00000 ( 1)  0.063
  85 D   1.00000 0.00000 0.00000 ( 1)  0.063
  86 V   1.00000 0.00000 0.00000 ( 1)  0.063
  87 R   0.03275 0.65225 0.31499 ( 2)  0.969
  88 E   0.99999 0.00001 0.00000 ( 1)  0.063
  89 S   0.99663 0.00227 0.00110 ( 1)  0.066
  90 I   1.00000 0.00000 0.00000 ( 1)  0.063
  91 K   0.99999 0.00001 0.00000 ( 1)  0.063
  92 C   0.99999 0.00001 0.00000 ( 1)  0.063
  93 A   0.99978 0.00015 0.00007 ( 1)  0.063
  94 Q   0.99976 0.00016 0.00008 ( 1)  0.063
  95 K   0.99769 0.00156 0.00075 ( 1)  0.065
  96 V   1.00000 0.00000 0.00000 ( 1)  0.063
  97 K   1.00000 0.00000 0.00000 ( 1)  0.063
  98 K   1.00000 0.00000 0.00000 ( 1)  0.063
  99 L   0.99974 0.00018 0.00008 ( 1)  0.063
 100 Q   0.99999 0.00001 0.00000 ( 1)  0.063
 101 G   1.00000 0.00000 0.00000 ( 1)  0.063
 102 W   0.99973 0.00019 0.00009 ( 1)  0.063
 103 R   0.99779 0.00149 0.00072 ( 1)  0.065
 104 A   0.99989 0.00007 0.00004 ( 1)  0.063
 105 W   0.99973 0.00019 0.00009 ( 1)  0.063
 106 S   0.97547 0.01654 0.00799 ( 1)  0.086
 107 V   0.99959 0.00028 0.00013 ( 1)  0.063
 108 Y   1.00000 0.00000 0.00000 ( 1)  0.063
 109 N   1.00000 0.00000 0.00000 ( 1)  0.063
 110 G   1.00000 0.00000 0.00000 ( 1)  0.063
 111 R   0.99996 0.00003 0.00001 ( 1)  0.063
 112 C   0.99999 0.00001 0.00000 ( 1)  0.063
 113 K   0.99969 0.00021 0.00010 ( 1)  0.063
 114 N   0.99999 0.00001 0.00000 ( 1)  0.063
 115 A   0.17178 0.55850 0.26972 ( 2)  0.839
 116 K   1.00000 0.00000 0.00000 ( 1)  0.063
 117 L   0.78664 0.14388 0.06948 ( 1)  0.263
 118 L   0.99968 0.00021 0.00010 ( 1)  0.063
 119 P   1.00000 0.00000 0.00000 ( 1)  0.063
 120 S   0.99999 0.00001 0.00000 ( 1)  0.063
 121 I   1.00000 0.00000 0.00000 ( 1)  0.063
 122 E   0.99999 0.00000 0.00000 ( 1)  0.063
 123 E   0.99999 0.00001 0.00000 ( 1)  0.063
 124 C   0.99999 0.00001 0.00000 ( 1)  0.063
 125 F   1.00000 0.00000 0.00000 ( 1)  0.063

Positively selected sites

	Prob(w>1)  mean w



lnL = -2375.166290

Bayes Empirical Bayes (BEB) probabilities for 3 classes (class) & postmean_w
(amino acids refer to 1st sequence: Musdom_lysp)

   1 R   0.99987 0.00012 0.00000 ( 1)  0.050 +-  0.011
   2 I   1.00000 0.00000 0.00000 ( 1)  0.050 +-  0.002
   3 L   0.99998 0.00002 0.00000 ( 1)  0.050 +-  0.004
   4 N   0.99999 0.00001 0.00000 ( 1)  0.050 +-  0.003
   5 C   0.99900 0.00097 0.00004 ( 1)  0.051 +-  0.031
   6 C   0.99999 0.00001 0.00000 ( 1)  0.050 +-  0.002
   7 D   0.99974 0.00026 0.00000 ( 1)  0.050 +-  0.015
   8 L   0.99996 0.00004 0.00000 ( 1)  0.050 +-  0.006
   9 A   0.99975 0.00024 0.00001 ( 1)  0.050 +-  0.016
  10 R   0.99997 0.00003 0.00000 ( 1)  0.050 +-  0.006
  11 E   1.00000 0.00000 0.00000 ( 1)  0.050 +-  0.000
  12 M   1.00000 0.00000 0.00000 ( 1)  0.050 +-  0.000
  13 S   0.99934 0.00064 0.00002 ( 1)  0.051 +-  0.025
  14 R   0.99999 0.00001 0.00000 ( 1)  0.050 +-  0.004
  15 L   0.99996 0.00004 0.00000 ( 1)  0.050 +-  0.006
  16 G   1.00000 0.00000 0.00000 ( 1)  0.050 +-  0.001
  17 V   0.98187 0.01794 0.00020 ( 1)  0.067 +-  0.128
  18 A   0.00014 0.76018 0.23968 ( 2)  1.137 +-  0.290
  19 K   1.00000 0.00000 0.00000 ( 1)  0.050 +-  0.001
  20 S   0.99688 0.00311 0.00001 ( 1)  0.053 +-  0.053
  21 E   0.99996 0.00004 0.00000 ( 1)  0.050 +-  0.006
  22 L   0.99999 0.00001 0.00000 ( 1)  0.050 +-  0.004
  23 A   0.99909 0.00084 0.00007 ( 1)  0.051 +-  0.030
  24 T   1.00000 0.00000 0.00000 ( 1)  0.050 +-  0.000
  25 W   0.99982 0.00018 0.00001 ( 1)  0.050 +-  0.013
  26 C   0.99999 0.00001 0.00000 ( 1)  0.050 +-  0.003
  27 C   1.00000 0.00000 0.00000 ( 1)  0.050 +-  0.002
  28 I   1.00000 0.00000 0.00000 ( 1)  0.050 +-  0.000
  29 A   0.99951 0.00048 0.00001 ( 1)  0.050 +-  0.021
  30 Q   0.99999 0.00001 0.00000 ( 1)  0.050 +-  0.003
  31 F   0.96487 0.03437 0.00076 ( 1)  0.084 +-  0.177
  32 E   1.00000 0.00000 0.00000 ( 1)  0.050 +-  0.000
  33 S   1.00000 0.00000 0.00000 ( 1)  0.050 +-  0.000
  34 R   0.99993 0.00007 0.00000 ( 1)  0.050 +-  0.008
  35 Y   0.99999 0.00001 0.00000 ( 1)  0.050 +-  0.003
  36 N   1.00000 0.00000 0.00000 ( 1)  0.050 +-  0.000
  37 T   1.00000 0.00000 0.00000 ( 1)  0.050 +-  0.000
  38 T   0.94559 0.05243 0.00197 ( 1)  0.103 +-  0.221
  39 A   0.99998 0.00002 0.00000 ( 1)  0.050 +-  0.005
  40 I   0.99999 0.00001 0.00000 ( 1)  0.050 +-  0.004
  41 G   1.00000 0.00000 0.00000 ( 1)  0.050 +-  0.000
  42 R   0.95053 0.04776 0.00171 ( 1)  0.098 +-  0.211
  43 L   0.99998 0.00002 0.00000 ( 1)  0.050 +-  0.004
  44 N   1.00000 0.00000 0.00000 ( 1)  0.050 +-  0.000
  45 G   1.00000 0.00000 0.00000 ( 1)  0.050 +-  0.002
  46 N   1.00000 0.00000 0.00000 ( 1)  0.050 +-  0.000
  47 W   0.99982 0.00018 0.00001 ( 1)  0.050 +-  0.013
  48 S   1.00000 0.00000 0.00000 ( 1)  0.050 +-  0.001
  49 N   1.00000 0.00000 0.00000 ( 1)  0.050 +-  0.000
  50 D   1.00000 0.00000 0.00000 ( 1)  0.050 +-  0.000
  51 Y   1.00000 0.00000 0.00000 ( 1)  0.050 +-  0.000
  52 G   1.00000 0.00000 0.00000 ( 1)  0.050 +-  0.001
  53 L   1.00000 0.00000 0.00000 ( 1)  0.050 +-  0.002
  54 F   1.00000 0.00000 0.00000 ( 1)  0.050 +-  0.000
  55 Q   0.99999 0.00001 0.00000 ( 1)  0.050 +-  0.003
  56 F   0.99987 0.00013 0.00000 ( 1)  0.050 +-  0.011
  57 S   1.00000 0.00000 0.00000 ( 1)  0.050 +-  0.000
  58 D   1.00000 0.00000 0.00000 ( 1)  0.050 +-  0.000
  59 R   0.99997 0.00003 0.00000 ( 1)  0.050 +-  0.005
  60 Y   1.00000 0.00000 0.00000 ( 1)  0.050 +-  0.000
  61 W   0.99982 0.00018 0.00001 ( 1)  0.050 +-  0.013
  62 C   0.99999 0.00001 0.00000 ( 1)  0.050 +-  0.003
  63 Q   0.99999 0.00001 0.00000 ( 1)  0.050 +-  0.003
  64 S   0.99998 0.00002 0.00000 ( 1)  0.050 +-  0.004
  65 S   0.99983 0.00017 0.00000 ( 1)  0.050 +-  0.012
  66 A   0.00001 0.71640 0.28359 ( 2)  1.190 +-  0.450
  67 S   0.93740 0.06027 0.00233 ( 1)  0.111 +-  0.236
  68 R   1.00000 0.00000 0.00000 ( 1)  0.050 +-  0.000
  69 S   0.98558 0.01434 0.00009 ( 1)  0.064 +-  0.114
  70 S   0.99999 0.00001 0.00000 ( 1)  0.050 +-  0.003
  71 A   0.99983 0.00017 0.00001 ( 1)  0.050 +-  0.013
  72 N   1.00000 0.00000 0.00000 ( 1)  0.050 +-  0.000
  73 L   0.99999 0.00001 0.00000 ( 1)  0.050 +-  0.003
  74 C   0.99999 0.00001 0.00000 ( 1)  0.050 +-  0.003
  75 Q   0.01444 0.85466 0.13090 ( 2)  1.054 +-  0.220
  76 I   1.00000 0.00000 0.00000 ( 1)  0.050 +-  0.001
  77 N   0.00001 0.76422 0.23577 ( 2)  1.135 +-  0.289
  78 C   0.99999 0.00001 0.00000 ( 1)  0.050 +-  0.003
  79 Q   0.99999 0.00001 0.00000 ( 1)  0.050 +-  0.003
  80 H   0.00058 0.87892 0.12050 ( 2)  1.061 +-  0.171
  81 L   0.99999 0.00001 0.00000 ( 1)  0.050 +-  0.003
  82 V   0.98451 0.01513 0.00036 ( 1)  0.065 +-  0.119
  83 S   0.99985 0.00015 0.00000 ( 1)  0.050 +-  0.012
  84 D   1.00000 0.00000 0.00000 ( 1)  0.050 +-  0.000
  85 D   1.00000 0.00000 0.00000 ( 1)  0.050 +-  0.001
  86 V   1.00000 0.00000 0.00000 ( 1)  0.050 +-  0.002
  87 R   0.01477 0.91440 0.07083 ( 2)  1.022 +-  0.178
  88 E   0.99999 0.00001 0.00000 ( 1)  0.050 +-  0.002
  89 S   0.99662 0.00330 0.00009 ( 1)  0.053 +-  0.056
  90 I   1.00000 0.00000 0.00000 ( 1)  0.050 +-  0.000
  91 K   0.99999 0.00001 0.00000 ( 1)  0.050 +-  0.003
  92 C   0.99999 0.00001 0.00000 ( 1)  0.050 +-  0.003
  93 A   0.99985 0.00014 0.00000 ( 1)  0.050 +-  0.012
  94 Q   0.99973 0.00026 0.00000 ( 1)  0.050 +-  0.016
  95 K   0.99658 0.00340 0.00002 ( 1)  0.053 +-  0.056
  96 V   1.00000 0.00000 0.00000 ( 1)  0.050 +-  0.000
  97 K   1.00000 0.00000 0.00000 ( 1)  0.050 +-  0.000
  98 K   1.00000 0.00000 0.00000 ( 1)  0.050 +-  0.001
  99 L   0.99979 0.00020 0.00001 ( 1)  0.050 +-  0.014
 100 Q   0.99999 0.00001 0.00000 ( 1)  0.050 +-  0.003
 101 G   1.00000 0.00000 0.00000 ( 1)  0.050 +-  0.001
 102 W   0.99982 0.00018 0.00001 ( 1)  0.050 +-  0.013
 103 R   0.99788 0.00206 0.00006 ( 1)  0.052 +-  0.044
 104 A   0.99993 0.00007 0.00000 ( 1)  0.050 +-  0.008
 105 W   0.99982 0.00018 0.00001 ( 1)  0.050 +-  0.013
 106 S   0.97405 0.02457 0.00138 ( 1)  0.075 +-  0.156
 107 V   0.99967 0.00032 0.00001 ( 1)  0.050 +-  0.018
 108 Y   1.00000 0.00000 0.00000 ( 1)  0.050 +-  0.002
 109 N   1.00000 0.00000 0.00000 ( 1)  0.050 +-  0.000
 110 G   1.00000 0.00000 0.00000 ( 1)  0.050 +-  0.001
 111 R   0.99997 0.00003 0.00000 ( 1)  0.050 +-  0.005
 112 C   0.99999 0.00001 0.00000 ( 1)  0.050 +-  0.002
 113 K   0.99965 0.00035 0.00000 ( 1)  0.050 +-  0.018
 114 N   0.99999 0.00001 0.00000 ( 1)  0.050 +-  0.003
 115 A   0.08857 0.88446 0.02697 ( 2)  0.929 +-  0.286
 116 K   1.00000 0.00000 0.00000 ( 1)  0.050 +-  0.001
 117 L   0.67980 0.31493 0.00527 ( 1)  0.357 +-  0.449
 118 L   0.99975 0.00025 0.00001 ( 1)  0.050 +-  0.015
 119 P   1.00000 0.00000 0.00000 ( 1)  0.050 +-  0.001
 120 S   0.99999 0.00001 0.00000 ( 1)  0.050 +-  0.002
 121 I   1.00000 0.00000 0.00000 ( 1)  0.050 +-  0.000
 122 E   1.00000 0.00000 0.00000 ( 1)  0.050 +-  0.002
 123 E   0.99999 0.00001 0.00000 ( 1)  0.050 +-  0.002
 124 C   0.99999 0.00001 0.00000 ( 1)  0.050 +-  0.003
 125 F   1.00000 0.00000 0.00000 ( 1)  0.050 +-  0.000

Positively selected sites

	Prob(w>1)  mean w



NSsites Model 7: beta
I	J	ij	2Ns_IJ	pMut_IJ	pSub_IJ	2Ns_JI	pMut_JI	pSub_JI

TTC	TTT	CT	1.68167	0.00633	0.01309	-1.68167	0.03405	0.01309
TTA	TTT	AT	0.38921	0.07219	0.08715	-0.38921	0.10654	0.08715
TTA	TTC	AC	-1.29246	0.03374	0.01651	1.29246	0.00926	0.01651
TTG	TTT	GT	-1.40228	0.08798	0.04026	1.40228	0.02165	0.04026
TTG	TTC	GC	-3.08395	0.04112	0.00608	3.08395	0.00188	0.00608
TTG	TTA	GA	-1.79149	0.25364	0.09091	1.79149	0.04229	0.09091
TCT	TTT	CT	-0.33323	0.04751	0.04003	0.33323	0.03405	0.04003
TCC	TTC	CT	-1.85929	0.01900	0.00652	1.85929	0.00296	0.00652
TCC	TCT	CT	0.15561	0.01900	0.02052	-0.15561	0.02220	0.02052
TCA	TTA	CT	-0.26535	0.06176	0.05393	0.26535	0.04737	0.05393
TCA	TCT	AT	0.45709	0.04399	0.05481	-0.45709	0.06948	0.05481
TCA	TCC	AC	0.30147	0.02056	0.02381	-0.30147	0.02779	0.02381
TCG	TTG	CT	-0.18816	0.06968	0.06333	0.18816	0.05773	0.06333
TCG	TCT	GT	-1.25720	0.04963	0.02480	1.25720	0.01412	0.02480
TCG	TCC	GC	-1.41282	0.02320	0.01055	1.41282	0.00565	0.01055
TCG	TCA	GA	-1.71429	0.14308	0.05388	1.71429	0.02577	0.05388
TAT	TTT	AT	0.54076	0.06204	0.08032	-0.54076	0.10654	0.08032
TAT	TCT	AC	0.87399	0.02899	0.04349	-0.87399	0.06948	0.04349
TAC	TTC	AT	-0.93878	0.02369	0.01428	0.93878	0.00926	0.01428
TAC	TCC	AC	0.92051	0.01107	0.01694	-0.92051	0.02779	0.01694
TAC	TAT	CT	0.20213	0.03326	0.03673	-0.20213	0.04071	0.03673
TGT	TTT	GT	-1.87388	0.14100	0.04792	1.87388	0.02165	0.04792
TGT	TCT	GC	-1.54065	0.06590	0.02768	1.54065	0.01412	0.02768
TGT	TAT	GA	-2.41464	0.40648	0.09636	2.41464	0.03634	0.09636
TGC	TTC	GT	-2.88911	0.03384	0.00576	2.88911	0.00188	0.00576
TGC	TCC	GC	-1.02982	0.01581	0.00905	1.02982	0.00565	0.00905
TGC	TAC	GA	-1.95033	0.09756	0.03155	1.95033	0.01387	0.03155
TGC	TGT	CT	0.66644	0.04751	0.06509	-0.66644	0.09252	0.06509
TGG	TTG	GT	-0.96015	0.09588	0.05710	0.96015	0.03671	0.05710
TGG	TCG	GC	-0.77199	0.04481	0.02972	0.77199	0.02071	0.02972
TGG	TGT	GT	-0.48855	0.09588	0.07436	0.48855	0.05882	0.07436
TGG	TGC	GC	-1.15499	0.04481	0.02381	1.15499	0.01412	0.02381
CTT	TTT	CT	0.07223	0.03167	0.03283	-0.07223	0.03405	0.03283
CTC	TTC	CT	-1.85929	0.01900	0.00652	1.85929	0.00296	0.00652
CTC	CTT	CT	-0.24985	0.01900	0.01673	0.24985	0.01480	0.01673
CTA	TTA	CT	0.62562	0.02534	0.03409	-0.62562	0.04737	0.03409
CTA	CTT	AT	0.94259	0.01805	0.02787	-0.94259	0.04632	0.02787
CTA	CTC	AC	1.19244	0.00843	0.01444	-1.19244	0.02779	0.01444
CTG	TTG	CT	1.03108	0.02059	0.03299	-1.03108	0.05773	0.03299
CTG	CTT	GT	-0.44343	0.01466	0.01165	0.44343	0.00941	0.01165
CTG	CTC	GC	-0.19358	0.00685	0.00621	0.19358	0.00565	0.00621
CTG	CTA	GA	-1.38602	0.04227	0.01954	1.38602	0.01057	0.01954
CCT	TCT	CT	2.64052	0.00158	0.00450	-2.64052	0.02220	0.00450
CCT	CTT	CT	2.23506	0.00158	0.00396	-2.23506	0.01480	0.00396
CCC	TCC	CT	0.11479	0.00792	0.00838	-0.11479	0.00888	0.00838
CCC	CTC	CT	0.11479	0.00792	0.00838	-0.11479	0.00888	0.00838
CCC	CCT	CT	-2.37011	0.00792	0.00194	2.37011	0.00074	0.00194
CCA	TCA	CT	0.60030	0.01584	0.02106	-0.60030	0.02887	0.02106
CCA	CTA	CT	-0.29067	0.01584	0.01365	0.29067	0.01184	0.01365
CCA	CCT	AT	-1.58313	0.01128	0.00461	1.58313	0.00232	0.00461
CCA	CCC	AC	0.78698	0.00527	0.00762	-0.78698	0.01158	0.00762
CCG	TCG	CT	1.07760	0.01109	0.01811	-1.07760	0.03257	0.01811
CCG	CTG	CT	-0.14164	0.01109	0.01032	0.14164	0.00962	0.01032
CCG	CCT	GT	-2.82012	0.00790	0.00141	2.82012	0.00047	0.00141
CCG	CCC	GC	-0.45001	0.00369	0.00292	0.45001	0.00235	0.00292
CCG	CCA	GA	-1.23698	0.02276	0.01152	1.23698	0.00661	0.01152
CAT	TAT	CT	0.11116	0.03643	0.03849	-0.11116	0.04071	0.03849
CAT	CTT	AT	0.57969	0.02594	0.03419	-0.57969	0.04632	0.03419
CAT	CCT	AC	-1.65537	0.01212	0.00474	1.65537	0.00232	0.00474
CAC	TAC	CT	8.43783	0.00000	0.00000	-8.43783	0.01554	0.00003
CAC	CTC	AT	9.35834	0.00000	0.00000	-9.35834	0.02779	0.00002
CAC	CCC	AC	9.24355	0.00000	0.00000	-9.24355	0.01158	0.00001
CAC	CAT	CT	8.52880	0.00000	0.00000	-8.52880	0.01702	0.00003
CAA	CTA	AT	-1.16192	0.11844	0.06267	1.16192	0.03706	0.06267
CAA	CCA	AC	-0.87125	0.05535	0.03470	0.87125	0.02316	0.03470
CAA	CAT	AT	-0.79902	0.11844	0.07736	0.79902	0.05327	0.07736
CAA	CAC	AC	-9.32782	0.05535	0.00005	9.32782	0.00000	0.00000
CAG	CTG	AT	0.28867	0.02256	0.02597	-0.28867	0.03011	0.02597
CAG	CCG	AC	0.43030	0.01054	0.01297	-0.43030	0.01621	0.01297
CAG	CAT	GT	-0.73445	0.02256	0.01528	0.73445	0.01082	0.01528
CAG	CAC	GC	-9.26325	0.01054	0.00001	9.26325	0.00000	0.00000
CAG	CAA	GA	0.06457	0.06504	0.06716	-0.06457	0.06937	0.06716
CGT	TGT	CT	-0.22282	0.11561	0.10321	0.22282	0.09252	0.10321
CGT	CTT	GT	-2.16894	0.08234	0.02305	2.16894	0.00941	0.02305
CGT	CCT	GC	-4.40399	0.03848	0.00210	4.40399	0.00047	0.00210
CGT	CAT	GA	-2.74862	0.23739	0.04463	2.74862	0.01520	0.04463
CGC	TGC	CT	-0.76068	0.04751	0.03171	0.76068	0.02220	0.03171
CGC	CTC	GT	-1.79050	0.03384	0.01214	1.79050	0.00565	0.01214
CGC	CCC	GC	-1.90529	0.01581	0.00527	1.90529	0.00235	0.00527
CGC	CAC	GA	-11.14884	0.09756	0.00002	11.14884	0.00000	0.00000
CGC	CGT	CT	0.12859	0.04751	0.05063	-0.12859	0.05403	0.05063
CGA	CTA	GT	-0.93483	0.01918	0.01159	0.93483	0.00753	0.01159
CGA	CCA	GC	-0.64416	0.00896	0.00638	0.64416	0.00471	0.00638
CGA	CAA	GA	0.22709	0.05528	0.06180	-0.22709	0.06937	0.06180
CGA	CGT	AT	2.17670	0.01918	0.04708	-2.17670	0.16908	0.04708
CGA	CGC	AC	2.04811	0.00896	0.02107	-2.04811	0.06948	0.02107
CGG	TGG	CT	1.48475	0.01425	0.02736	-1.48475	0.06291	0.02736
CGG	CTG	GT	-0.50648	0.01015	0.00780	0.50648	0.00612	0.00780
CGG	CCG	GC	-0.36485	0.00474	0.00393	0.36485	0.00329	0.00393
CGG	CAG	GA	-0.79515	0.02927	0.01916	0.79515	0.01321	0.01916
CGG	CGT	GT	1.21903	0.01015	0.01757	-1.21903	0.03435	0.01757
CGG	CGC	GC	1.09044	0.00474	0.00779	-1.09044	0.01412	0.00779
CGG	CGA	GA	-0.95767	0.02927	0.01746	0.95767	0.01123	0.01746
ATT	TTT	AT	0.57780	0.05978	0.07871	-0.57780	0.10654	0.07871
ATT	CTT	AC	0.50557	0.02794	0.03560	-0.50557	0.04632	0.03560
ATC	TTC	AT	-0.60231	0.01692	0.01233	0.60231	0.00926	0.01233
ATC	CTC	AC	1.25698	0.00791	0.01389	-1.25698	0.02779	0.01389
ATC	ATT	CT	0.50157	0.02376	0.03021	-0.50157	0.03923	0.03021
ATA	TTA	AT	1.47714	0.03384	0.06477	-1.47714	0.14823	0.06477
ATA	CTA	AC	0.85152	0.01581	0.02349	-0.85152	0.03706	0.02349
ATA	ATT	AT	1.28855	0.03384	0.06020	-1.28855	0.12275	0.06020
ATA	ATC	AC	0.78698	0.01581	0.02285	-0.78698	0.03474	0.02285
ATG	TTG	AT	1.85728	0.02820	0.06206	-1.85728	0.18066	0.06206
ATG	CTG	AC	0.82620	0.01318	0.01936	-0.82620	0.03011	0.01936
ATG	ATT	GT	-0.12279	0.02820	0.02650	0.12279	0.02494	0.02650
ATG	ATC	GC	-0.62436	0.01318	0.00949	0.62436	0.00706	0.00949
ATG	ATA	GA	-1.41134	0.08130	0.03699	1.41134	0.01982	0.03699
ACT	TCT	AT	0.98515	0.02594	0.04079	-0.98515	0.06948	0.04079
ACT	CCT	AC	-1.65537	0.01212	0.00474	1.65537	0.00232	0.00474
ACT	ATT	CT	0.07412	0.03643	0.03779	-0.07412	0.03923	0.03779
ACC	TCC	AT	0.56530	0.01579	0.02067	-0.56530	0.02779	0.02067
ACC	CCC	AC	0.45051	0.00738	0.00917	-0.45051	0.01158	0.00917
ACC	ATC	CT	-0.69168	0.02217	0.01538	0.69168	0.01110	0.01538
ACC	ACT	CT	-0.26424	0.02217	0.01937	0.26424	0.01702	0.01937
ACA	TCA	AT	1.74395	0.01579	0.03338	-1.74395	0.09033	0.03338
ACA	CCA	AC	1.14365	0.00738	0.01239	-1.14365	0.02316	0.01239
ACA	ATA	CT	0.00146	0.02217	0.02219	-0.00146	0.02220	0.02219
ACA	ACT	AT	1.21589	0.01579	0.02729	-1.21589	0.05327	0.02729
ACA	ACC	AC	1.48013	0.00738	0.01414	-1.48013	0.03243	0.01414
ACG	TCG	AT	2.55773	0.00790	0.02189	-2.55773	0.10191	0.02189
ACG	CCG	AC	1.48013	0.00369	0.00707	-1.48013	0.01621	0.00707
ACG	ATG	CT	0.51229	0.01109	0.01417	-0.51229	0.01850	0.01417
ACG	ACT	GT	0.31538	0.00790	0.00921	-0.31538	0.01082	0.00921
ACG	ACC	GC	0.57961	0.00369	0.00486	-0.57961	0.00659	0.00486
ACG	ACA	GA	-0.90051	0.02276	0.01403	0.90051	0.00925	0.01403
AAT	TAT	AT	-0.21486	0.15792	0.14156	0.21486	0.12739	0.14156
AAT	CAT	AC	-0.32602	0.07380	0.06243	0.32602	0.05327	0.06243
AAT	ATT	AT	-0.25190	0.15792	0.13886	0.25190	0.12275	0.13886
AAT	ACT	AC	-0.32602	0.07380	0.06243	0.32602	0.05327	0.06243
AAC	TAC	AT	3.07083	0.00226	0.00726	-3.07083	0.04864	0.00726
AAC	CAC	AC	-5.36700	0.00105	0.00003	5.36700	0.00000	0.00000
AAC	ATC	AT	2.73435	0.00226	0.00660	-2.73435	0.03474	0.00660
AAC	ACC	AC	3.42604	0.00105	0.00373	-3.42604	0.03243	0.00373
AAC	AAT	CT	3.48782	0.00317	0.01140	-3.48782	0.10362	0.01140
AAA	CAA	AC	1.22881	0.07117	0.12363	-1.22881	0.24319	0.12363
AAA	ATA	AT	-0.78463	0.15228	0.10027	0.78463	0.06948	0.10027
AAA	ACA	AC	-0.78609	0.07117	0.04682	0.78609	0.03243	0.04682
AAA	AAT	AT	0.75582	0.15228	0.21701	-0.75582	0.32425	0.21701
AAA	AAC	AC	-2.73200	0.07117	0.01354	2.73200	0.00463	0.01354
AAG	CAG	AC	1.34036	0.01212	0.02201	-1.34036	0.04632	0.02201
AAG	ATG	AT	0.80283	0.02594	0.03774	-0.80283	0.05790	0.03774
AAG	ACG	AC	0.29054	0.01212	0.01397	-0.29054	0.01621	0.01397
AAG	AAT	GT	0.93194	0.02594	0.03988	-0.93194	0.06588	0.03988
AAG	AAC	GC	-2.55588	0.01212	0.00261	2.55588	0.00094	0.00261
AAG	AAA	GA	0.17612	0.07479	0.08157	-0.17612	0.08920	0.08157
AGT	TGT	AT	1.65594	0.05527	0.11312	-1.65594	0.28951	0.11312
AGT	CGT	AC	1.87877	0.02583	0.05728	-1.87877	0.16908	0.05728
AGT	ATT	GT	-0.79574	0.05527	0.03617	0.79574	0.02494	0.03617
AGT	ACT	GC	-0.86986	0.02583	0.01621	0.86986	0.01082	0.01621
AGT	AAT	GA	-0.54384	0.15934	0.11992	0.54384	0.09250	0.11992
AGC	TGC	AT	2.32889	0.00677	0.01746	-2.32889	0.06948	0.01746
AGC	CGC	AC	3.08956	0.00316	0.01024	-3.08956	0.06948	0.01024
AGC	ATC	GT	0.04208	0.00677	0.00691	-0.04208	0.00706	0.00691
AGC	ACC	GC	0.73376	0.00316	0.00446	-0.73376	0.00659	0.00446
AGC	AAC	GA	-2.69227	0.01951	0.00382	2.69227	0.00132	0.00382
AGC	AGT	CT	1.33938	0.00950	0.01725	-1.33938	0.03627	0.01725
AGA	CGA	AC	0.84760	0.01687	0.02502	-0.84760	0.03937	0.02502
AGA	ATA	GT	-0.93875	0.03610	0.02177	0.93875	0.01412	0.02177
AGA	ACA	GC	-0.94021	0.01687	0.01016	0.94021	0.00659	0.01016
AGA	AAA	GA	-0.15412	0.10406	0.09625	0.15412	0.08920	0.09625
AGA	AGT	AT	1.14554	0.03610	0.06063	-1.14554	0.11349	0.06063
AGA	AGC	AC	-0.19385	0.01687	0.01529	0.19385	0.01390	0.01529
AGG	TGG	AT	4.46895	0.00226	0.01020	-4.46895	0.19687	0.01020
AGG	CGG	AC	2.98420	0.00105	0.00331	-2.98420	0.02084	0.00331
AGG	ATG	GT	1.65152	0.00226	0.00461	-1.65152	0.01176	0.00461
AGG	ACG	GC	1.13923	0.00105	0.00177	-1.13923	0.00329	0.00177
AGG	AAG	GA	0.84869	0.00650	0.00965	-0.84869	0.01520	0.00965
AGG	AGT	GT	2.32446	0.00226	0.00581	-2.32446	0.02306	0.00581
AGG	AGC	GC	0.98508	0.00105	0.00166	-0.98508	0.00282	0.00166
AGG	AGA	GA	1.17893	0.00650	0.01107	-1.17893	0.02114	0.01107
GTT	TTT	GT	-0.51130	0.03610	0.02765	0.51130	0.02165	0.02765
GTT	CTT	GC	-0.58354	0.01687	0.01242	0.58354	0.00941	0.01242
GTT	ATT	GA	-1.08910	0.10406	0.05748	1.08910	0.03502	0.05748
GTC	TTC	GT	-1.68514	0.01015	0.00389	1.68514	0.00188	0.00389
GTC	CTC	GC	0.17415	0.00474	0.00517	-0.17415	0.00565	0.00517
GTC	ATC	GA	-1.08283	0.02927	0.01623	1.08283	0.00991	0.01623
GTC	GTT	CT	0.50784	0.01425	0.01818	-0.50784	0.02368	0.01818
GTA	TTA	GT	0.79977	0.01354	0.01966	-0.79977	0.03012	0.01966
GTA	CTA	GC	0.17415	0.00633	0.00689	-0.17415	0.00753	0.00689
GTA	ATA	GA	-0.67737	0.03902	0.02729	0.67737	0.01982	0.02729
GTA	GTT	AT	1.70028	0.01354	0.02816	-1.70028	0.07412	0.02816
GTA	GTC	AC	1.19244	0.00633	0.01083	-1.19244	0.02084	0.01083
GTG	TTG	GT	0.15030	0.03158	0.03402	-0.15030	0.03671	0.03402
GTG	CTG	GC	-0.88079	0.01476	0.00920	0.88079	0.00612	0.00920
GTG	ATG	GA	-1.70699	0.09105	0.03444	1.70699	0.01652	0.03444
GTG	GTT	GT	-0.74068	0.03158	0.02132	0.74068	0.01506	0.02132
GTG	GTC	GC	-1.24851	0.01476	0.00742	1.24851	0.00424	0.00742
GTG	GTA	GA	-2.44096	0.09105	0.02120	2.44096	0.00793	0.02120
GCT	TCT	GT	-1.82972	0.08798	0.03077	1.82972	0.01412	0.03077
GCT	CCT	GC	-4.47024	0.04112	0.00213	4.47024	0.00047	0.00213
GCT	ACT	GA	-2.81487	0.25364	0.04550	2.81487	0.01520	0.04550
GCT	GTT	CT	-1.65165	0.12353	0.04840	1.65165	0.02368	0.04840
GCC	TCC	GT	-2.53244	0.07106	0.01554	2.53244	0.00565	0.01554
GCC	CCC	GC	-2.64723	0.03321	0.00670	2.64723	0.00235	0.00670
GCC	ACC	GA	-3.09774	0.20487	0.03001	3.09774	0.00925	0.03001
GCC	GTC	CT	-2.70659	0.09977	0.01932	2.70659	0.00666	0.01932
GCC	GCT	CT	-0.54710	0.09977	0.07496	0.54710	0.05773	0.07496
GCA	TCA	GT	-0.79417	0.04061	0.02660	0.79417	0.01835	0.02660
GCA	CCA	GC	-1.39447	0.01898	0.00873	1.39447	0.00471	0.00873
GCA	ACA	GA	-2.53812	0.11707	0.02549	2.53812	0.00925	0.02549
GCA	GTA	CT	-1.85929	0.05701	0.01956	1.85929	0.00888	0.01956
GCA	GCT	AT	1.49264	0.04061	0.07819	-1.49264	0.18066	0.07819
GCA	GCC	AC	2.03974	0.01898	0.04450	-2.03974	0.14591	0.04450
GCG	TCG	GT	-0.08575	0.02256	0.02161	0.08575	0.02071	0.02161
GCG	CCG	GC	-1.16336	0.01054	0.00557	1.16336	0.00329	0.00557
GCG	ACG	GA	-2.64348	0.06504	0.01316	2.64348	0.00462	0.01316
GCG	GTG	CT	-0.42420	0.03167	0.02543	0.42420	0.02072	0.02543
GCG	GCT	GT	0.48677	0.02256	0.02849	-0.48677	0.03671	0.02849
GCG	GCC	GC	1.03387	0.01054	0.01692	-1.03387	0.02965	0.01692
GCG	GCA	GA	-1.00587	0.06504	0.03772	1.00587	0.02379	0.03772
GAT	TAT	GT	-0.94441	0.06655	0.04000	0.94441	0.02588	0.04000
GAT	CAT	GC	-1.05558	0.03110	0.01752	1.05558	0.01082	0.01752
GAT	AAT	GA	-0.72955	0.19186	0.13031	0.72955	0.09250	0.13031
GAT	GTT	AT	0.10765	0.06655	0.07020	-0.10765	0.07412	0.07020
GAT	GCT	AC	1.75930	0.03110	0.06610	-1.75930	0.18066	0.06610
GAC	TAC	GT	-0.46874	0.01579	0.01238	0.46874	0.00988	0.01238
GAC	CAC	GC	-8.90657	0.00738	0.00001	8.90657	0.00000	0.00000
GAC	AAC	GA	-3.53957	0.04553	0.00482	3.53957	0.00132	0.00482
GAC	GTC	AT	0.27762	0.01579	0.01809	-0.27762	0.02084	0.01809
GAC	GCC	AC	2.98420	0.00738	0.02320	-2.98420	0.14591	0.02320
GAC	GAT	CT	0.67780	0.02217	0.03053	-0.67780	0.04367	0.03053
GAA	CAA	GC	0.06309	0.04639	0.04787	-0.06309	0.04941	0.04787
GAA	AAA	GA	-1.16572	0.28616	0.15106	1.16572	0.08920	0.15106
GAA	GTA	AT	-1.27298	0.09926	0.04914	1.27298	0.02779	0.04914
GAA	GCA	AC	0.58631	0.04639	0.06131	-0.58631	0.08338	0.06131
GAA	GAT	AT	0.31965	0.09926	0.11597	-0.31965	0.13665	0.11597
GAA	GAC	AC	-0.35815	0.04639	0.03858	0.35815	0.03243	0.03858
GAG	CAG	GC	-0.11353	0.01054	0.00996	0.11353	0.00941	0.00996
GAG	AAG	GA	-1.45390	0.06504	0.02883	1.45390	0.01520	0.02883
GAG	GTG	AT	1.05592	0.02256	0.03653	-1.05592	0.06485	0.03653
GAG	GCG	AC	1.48013	0.01054	0.02020	-1.48013	0.04632	0.02020
GAG	GAT	GT	0.20760	0.02256	0.02498	-0.20760	0.02776	0.02498
GAG	GAC	GC	-0.47021	0.01054	0.00826	0.47021	0.00659	0.00826
GAG	GAA	GA	-0.11205	0.06504	0.06146	0.11205	0.05814	0.06146
GGT	TGT	GT	-0.18903	0.07106	0.06456	0.18903	0.05882	0.06456
GGT	CGT	GC	0.03379	0.03321	0.03378	-0.03379	0.03435	0.03378
GGT	AGT	GA	-1.84497	0.20487	0.07094	1.84497	0.03237	0.07094
GGT	GTT	GT	-1.55161	0.07106	0.02965	1.55161	0.01506	0.02965
GGT	GCT	GC	0.10004	0.03321	0.03490	-0.10004	0.03671	0.03490
GGT	GAT	GA	-1.65926	0.20487	0.07988	1.65926	0.03898	0.07988
GGC	TGC	GT	-0.56405	0.02482	0.01847	0.56405	0.01412	0.01847
GGC	CGC	GC	0.19662	0.01160	0.01278	-0.19662	0.01412	0.01278
GGC	AGC	GA	-2.89294	0.07154	0.01214	2.89294	0.00396	0.01214
GGC	GTC	GT	-1.76803	0.02482	0.00903	1.76803	0.00424	0.00903
GGC	GCC	GC	0.93856	0.01160	0.01788	-0.93856	0.02965	0.01788
GGC	GAC	GA	-2.04564	0.07154	0.02173	2.04564	0.00925	0.02173
GGC	GGT	CT	0.29142	0.03484	0.04016	-0.29142	0.04663	0.04016
GGA	CGA	GC	-0.11353	0.00896	0.00846	0.11353	0.00800	0.00846
GGA	AGA	GA	-0.96114	0.05528	0.03291	0.96114	0.02114	0.03291
GGA	GTA	GT	-1.22252	0.01918	0.00979	1.22252	0.00565	0.00979
GGA	GCA	GC	0.63677	0.00896	0.01212	-0.63677	0.01694	0.01212
GGA	GAA	GA	0.05046	0.05528	0.05669	-0.05046	0.05814	0.05669
GGA	GGT	AT	2.02937	0.01918	0.04480	-2.02937	0.14591	0.04480
GGA	GGC	AC	1.73796	0.00896	0.01890	-1.73796	0.05095	0.01890
GGG	TGG	GT	9.72243	0.00000	0.00000	-9.72243	0.04000	0.00002
GGG	CGG	GC	8.23768	0.00000	0.00000	-8.23768	0.00424	0.00001
GGG	AGG	GA	5.25347	0.00000	0.00000	-5.25347	0.00132	0.00004
GGG	GTG	GT	8.61198	0.00000	0.00000	-8.61198	0.01318	0.00002
GGG	GCG	GC	9.03618	0.00000	0.00000	-9.03618	0.00941	0.00001
GGG	GAG	GA	7.55606	0.00000	0.00000	-7.55606	0.01321	0.00005
GGG	GGT	GT	9.42291	0.00000	0.00000	-9.42291	0.02965	0.00002
GGG	GGC	GC	9.13149	0.00000	0.00000	-9.13149	0.01035	0.00001
GGG	GGA	GA	7.39354	0.00000	0.00000	-7.39354	0.01123	0.00005


Histograms
2Ns	FMut	FSub(CodonUsage)	FSubw(after w)

-10.61794	0.00468	0.00000
-9.55615	0.00933	0.00001
-8.49435	0.00275	0.00001
-7.43256	0.00117	0.00001
-6.37077	0.00000	0.00000
-5.30897	0.00011	0.00000
-4.24718	0.01326	0.00092
-3.18538	0.07393	0.01619
-2.12359	0.20867	0.08947
-1.06179	0.28976	0.22763
0.00000	0.25131	0.33154
1.06179	0.11107	0.22763
2.12359	0.02987	0.08947
3.18538	0.00394	0.01619
4.24718	0.00015	0.00092
5.30897	0.00000	0.00000
6.37077	0.00000	0.00000
7.43256	0.00000	0.00000
8.49435	0.00000	0.00000
9.55615	0.00000	0.00000
10.61794	0.00000	0.00000

Proportion of advantageous (S > 0) mutations:
 0.25550

Proportions of good & bad mutations (|S| > 2.0000) among mutations:
0.01238  0.18768

mean |Ns| = 1.38778	mean Ns+ = 0.77014	mean Ns- = -1.59973


MLEs of dN/dS (w) for site classes (K=10)

p:   0.10000  0.10000  0.10000  0.10000  0.10000  0.10000  0.10000  0.10000  0.10000  0.10000
w:   0.00007  0.00128  0.00514  0.01297  0.02626  0.04703  0.07849  0.12662  0.20567  0.37314

Naive Empirical Bayes (NEB) probabilities for 10 classes & postmean_w
(amino acids refer to 1st sequence: Musdom_lysp)

   1 R   0.15179 0.15038 0.14599 0.13749 0.12420 0.10604 0.08358 0.05827 0.03251 0.00977 ( 1)  0.035
   2 I   0.00000 0.00036 0.00537 0.02893 0.08957 0.18572 0.26875 0.26065 0.14137 0.01926 ( 7)  0.102
   3 L   0.16586 0.16372 0.15711 0.14455 0.12557 0.10096 0.07286 0.04465 0.02045 0.00426 ( 1)  0.028
   4 N   0.00062 0.01180 0.04450 0.09902 0.16219 0.20907 0.21321 0.16401 0.08168 0.01390 ( 7)  0.075
   5 C   0.00034 0.00655 0.02534 0.05945 0.10648 0.15762 0.19754 0.20666 0.16704 0.07299 ( 8)  0.114
   6 C   0.17385 0.17124 0.16322 0.14811 0.12567 0.09736 0.06637 0.03723 0.01471 0.00225 ( 1)  0.025
   7 D   0.00000 0.00000 0.00021 0.00288 0.01847 0.07107 0.18139 0.30933 0.31396 0.10269 ( 9)  0.160
   8 L   0.16208 0.16015 0.15419 0.14280 0.12543 0.10257 0.07587 0.04820 0.02331 0.00538 ( 1)  0.030
   9 A   0.14938 0.14806 0.14396 0.13602 0.12356 0.10642 0.08507 0.06066 0.03522 0.01165 ( 1)  0.037
  10 R   0.00063 0.01201 0.04516 0.10008 0.16293 0.20838 0.21085 0.16179 0.08220 0.01597 ( 7)  0.076
  11 E   0.19133 0.18741 0.17553 0.15375 0.12289 0.08679 0.05154 0.02352 0.00671 0.00054 ( 1)  0.019
  12 M   0.00000 0.00052 0.00754 0.03947 0.11629 0.22302 0.28617 0.22998 0.09080 0.00621 ( 7)  0.087
  13 S   0.00034 0.00667 0.02582 0.06061 0.10855 0.16043 0.20006 0.20683 0.16305 0.06764 ( 8)  0.112
  14 R   0.16508 0.16300 0.15659 0.14438 0.12583 0.10160 0.07364 0.04523 0.02057 0.00407 ( 1)  0.028
  15 L   0.16260 0.16064 0.15459 0.14304 0.12545 0.10235 0.07546 0.04771 0.02292 0.00523 ( 1)  0.030
  16 G   0.18193 0.17878 0.16914 0.15118 0.12499 0.09295 0.05952 0.03028 0.01015 0.00108 ( 1)  0.022
  17 V   0.00000 0.00000 0.00000 0.00002 0.00061 0.00722 0.04816 0.19297 0.43293 0.31809 ( 9)  0.236
  18 A   0.00000 0.00000 0.00000 0.00000 0.00000 0.00004 0.00075 0.00905 0.09014 0.90001 (10)  0.356
  19 K   0.18730 0.18371 0.17278 0.15261 0.12374 0.08938 0.05494 0.02646 0.00826 0.00081 ( 1)  0.020
  20 S   0.00000 0.00000 0.00000 0.00000 0.00022 0.00425 0.04012 0.20157 0.48600 0.26783 ( 9)  0.229
  21 E   0.00000 0.00026 0.00391 0.02157 0.06956 0.15377 0.24509 0.27522 0.18913 0.04150 ( 8)  0.118
  22 L   0.00000 0.00029 0.00433 0.02374 0.07573 0.16449 0.25489 0.27322 0.17251 0.03080 ( 8)  0.112
  23 A   0.13942 0.13849 0.13557 0.12986 0.12074 0.10782 0.09097 0.07040 0.04661 0.02012 ( 1)  0.044
  24 T   0.00085 0.01626 0.06017 0.12885 0.19776 0.23015 0.20087 0.12153 0.04061 0.00294 ( 6)  0.059
  25 W   0.15085 0.14948 0.14523 0.13698 0.12406 0.10632 0.08427 0.05921 0.03339 0.01020 ( 1)  0.036
  26 C   0.17229 0.16978 0.16206 0.14749 0.12576 0.09817 0.06768 0.03860 0.01565 0.00250 ( 1)  0.025
  27 C   0.17660 0.17382 0.16527 0.14923 0.12555 0.09596 0.06406 0.03477 0.01299 0.00175 ( 1)  0.024
  28 I   0.21406 0.20792 0.18957 0.15724 0.11460 0.07010 0.03355 0.01105 0.00187 0.00005 ( 1)  0.014
  29 A   0.00037 0.00722 0.02783 0.06483 0.11471 0.16661 0.20297 0.20349 0.15362 0.05835 ( 8)  0.107
  30 Q   0.17004 0.16765 0.16031 0.14642 0.12564 0.09910 0.06949 0.04078 0.01742 0.00316 ( 1)  0.026
  31 F   0.00000 0.00000 0.00000 0.00003 0.00080 0.00914 0.05749 0.21195 0.42671 0.29387 ( 9)  0.229
  32 E   0.19222 0.18823 0.17613 0.15397 0.12266 0.08618 0.05078 0.02290 0.00641 0.00050 ( 1)  0.019
  33 S   0.22588 0.21830 0.19590 0.15733 0.10852 0.06088 0.02552 0.00685 0.00082 0.00001 ( 1)  0.012
  34 R   0.00051 0.00977 0.03711 0.08399 0.14167 0.19150 0.21057 0.18288 0.11223 0.02978 ( 7)  0.088
  35 Y   0.00000 0.00001 0.00054 0.00699 0.04041 0.13279 0.26840 0.32551 0.19803 0.02734 ( 8)  0.121
  36 N   0.20441 0.19924 0.18371 0.15594 0.11833 0.07728 0.04106 0.01608 0.00372 0.00023 ( 1)  0.016
  37 T   0.21748 0.21096 0.19152 0.15748 0.11304 0.06746 0.03103 0.00957 0.00143 0.00003 ( 1)  0.013
  38 T   0.00000 0.00000 0.00005 0.00072 0.00513 0.02342 0.07687 0.19037 0.34693 0.35651 (10)  0.236
  39 A   0.16275 0.16081 0.15479 0.14328 0.12571 0.10255 0.07549 0.04745 0.02240 0.00478 ( 1)  0.029
  40 I   0.00059 0.01133 0.04284 0.09580 0.15822 0.20648 0.21422 0.16864 0.08655 0.01533 ( 7)  0.077
  41 G   0.19298 0.18895 0.17672 0.15433 0.12268 0.08581 0.05009 0.02214 0.00591 0.00039 ( 1)  0.019
  42 R   0.00000 0.00000 0.00005 0.00071 0.00512 0.02343 0.07712 0.19142 0.34863 0.35350 (10)  0.235
  43 L   0.17233 0.16977 0.16191 0.14714 0.12523 0.09764 0.06747 0.03895 0.01647 0.00310 ( 1)  0.026
  44 N   0.20703 0.20156 0.18520 0.15613 0.11716 0.07531 0.03917 0.01492 0.00333 0.00019 ( 1)  0.016
  45 G   0.17715 0.17434 0.16570 0.14950 0.12559 0.09574 0.06362 0.03423 0.01254 0.00158 ( 1)  0.023
  46 N   0.19730 0.19285 0.17939 0.15499 0.12107 0.08257 0.04662 0.01979 0.00508 0.00034 ( 1)  0.018
  47 W   0.15085 0.14948 0.14523 0.13698 0.12406 0.10632 0.08427 0.05921 0.03339 0.01020 ( 1)  0.036
  48 S   0.17984 0.17682 0.16758 0.15032 0.12509 0.09403 0.06129 0.03216 0.01145 0.00143 ( 1)  0.023
  49 N   0.19730 0.19285 0.17939 0.15499 0.12107 0.08257 0.04662 0.01979 0.00508 0.00034 ( 1)  0.018
  50 D   0.22104 0.21407 0.19338 0.15742 0.11113 0.06467 0.02868 0.00841 0.00118 0.00002 ( 1)  0.013
  51 Y   0.00078 0.01492 0.05566 0.12110 0.19047 0.22912 0.20807 0.13126 0.04537 0.00326 ( 6)  0.061
  52 G   0.18142 0.17831 0.16878 0.15101 0.12508 0.09327 0.05997 0.03068 0.01037 0.00111 ( 1)  0.022
  53 L   0.18283 0.17957 0.16963 0.15118 0.12447 0.09210 0.05873 0.02995 0.01029 0.00125 ( 1)  0.022
  54 F   0.22360 0.21631 0.19473 0.15739 0.10977 0.06267 0.02699 0.00755 0.00098 0.00002 ( 1)  0.012
  55 Q   0.17017 0.16777 0.16041 0.14648 0.12565 0.09904 0.06938 0.04065 0.01732 0.00312 ( 1)  0.026
  56 F   0.00000 0.00000 0.00025 0.00343 0.02164 0.08111 0.19889 0.31928 0.29467 0.08072 ( 8)  0.151
  57 S   0.22759 0.21977 0.19673 0.15719 0.10752 0.05955 0.02450 0.00640 0.00074 0.00001 ( 1)  0.012
  58 D   0.22098 0.21401 0.19335 0.15742 0.11116 0.06471 0.02873 0.00844 0.00119 0.00002 ( 1)  0.013
  59 R   0.16133 0.15946 0.15367 0.14258 0.12560 0.10310 0.07660 0.04883 0.02356 0.00525 ( 1)  0.030
  60 Y   0.20728 0.20188 0.18568 0.15676 0.11769 0.07535 0.03854 0.01399 0.00273 0.00010 ( 1)  0.015
  61 W   0.15085 0.14948 0.14523 0.13698 0.12406 0.10632 0.08427 0.05921 0.03339 0.01020 ( 1)  0.036
  62 C   0.17229 0.16978 0.16206 0.14749 0.12576 0.09817 0.06768 0.03860 0.01565 0.00250 ( 1)  0.025
  63 Q   0.16990 0.16752 0.16020 0.14636 0.12565 0.09917 0.06961 0.04090 0.01751 0.00319 ( 1)  0.026
  64 S   0.16419 0.16216 0.15589 0.14394 0.12576 0.10193 0.07433 0.04609 0.02131 0.00439 ( 1)  0.029
  65 S   0.00000 0.00000 0.00020 0.00275 0.01777 0.06908 0.17862 0.30927 0.31854 0.10376 ( 9)  0.161
  66 A   0.00000 0.00000 0.00000 0.00000 0.00000 0.00001 0.00025 0.00451 0.06420 0.93103 (10)  0.361
  67 S   0.00000 0.00000 0.00005 0.00070 0.00501 0.02287 0.07513 0.18670 0.34377 0.36577 (10)  0.238
  68 R   0.21028 0.20454 0.18738 0.15693 0.11629 0.07302 0.03637 0.01274 0.00238 0.00008 ( 1)  0.015
  69 S   0.00000 0.00000 0.00000 0.00003 0.00082 0.00932 0.05849 0.21579 0.43478 0.28076 ( 9)  0.227
  70 S   0.16894 0.16663 0.15953 0.14607 0.12582 0.09979 0.07046 0.04166 0.01789 0.00320 ( 1)  0.027
  71 A   0.15257 0.15111 0.14658 0.13783 0.12419 0.10564 0.08288 0.05749 0.03196 0.00974 ( 1)  0.035
  72 N   0.19730 0.19285 0.17939 0.15499 0.12107 0.08257 0.04662 0.01979 0.00508 0.00034 ( 1)  0.018
  73 L   0.17733 0.17445 0.16563 0.14914 0.12497 0.09508 0.06332 0.03457 0.01338 0.00213 ( 1)  0.024
  74 C   0.17242 0.16990 0.16216 0.14754 0.12576 0.09810 0.06757 0.03849 0.01558 0.00248 ( 1)  0.025
  75 Q   0.00000 0.00000 0.00000 0.00000 0.00004 0.00058 0.00539 0.03619 0.18794 0.76987 (10)  0.331
  76 I   0.00071 0.01352 0.05058 0.11082 0.17682 0.21885 0.21000 0.14739 0.06334 0.00796 ( 6)  0.068
  77 N   0.00000 0.00000 0.00000 0.00000 0.00000 0.00000 0.00014 0.00334 0.05950 0.93702 (10)  0.362
  78 C   0.17278 0.17024 0.16243 0.14769 0.12573 0.09791 0.06726 0.03817 0.01536 0.00243 ( 1)  0.025
  79 Q   0.17234 0.16981 0.16204 0.14739 0.12559 0.09798 0.06759 0.03869 0.01589 0.00267 ( 1)  0.025
  80 H   0.00000 0.00000 0.00000 0.00000 0.00000 0.00004 0.00090 0.01250 0.12039 0.86616 (10)  0.350
  81 L   0.17114 0.16869 0.16116 0.14693 0.12567 0.09862 0.06860 0.03974 0.01660 0.00286 ( 1)  0.026
  82 V   0.00000 0.00000 0.00006 0.00084 0.00610 0.02807 0.09171 0.21967 0.36434 0.28921 ( 9)  0.219
  83 S   0.00000 0.00000 0.00002 0.00061 0.00739 0.04536 0.16186 0.33917 0.35839 0.08720 ( 9)  0.164
  84 D   0.22056 0.21365 0.19312 0.15741 0.11137 0.06504 0.02901 0.00859 0.00122 0.00003 ( 1)  0.013
  85 D   0.00082 0.01569 0.05815 0.12499 0.19313 0.22738 0.20246 0.12710 0.04597 0.00430 ( 6)  0.061
  86 V   0.00000 0.00035 0.00522 0.02820 0.08775 0.18334 0.26802 0.26317 0.14445 0.01951 ( 7)  0.103
  87 R   0.00000 0.00000 0.00000 0.00000 0.00001 0.00026 0.00356 0.03181 0.19640 0.76796 (10)  0.331
  88 E   0.00065 0.01237 0.04650 0.10296 0.16723 0.21272 0.21261 0.15855 0.07499 0.01143 ( 6)  0.072
  89 S   0.00000 0.00010 0.00162 0.00942 0.03327 0.08466 0.16641 0.25537 0.28664 0.16251 ( 9)  0.170
  90 I   0.00091 0.01730 0.06373 0.13534 0.20476 0.23296 0.19634 0.11244 0.03422 0.00201 ( 6)  0.056
  91 K   0.00063 0.01214 0.04568 0.10129 0.16498 0.21086 0.21244 0.16072 0.07827 0.01300 ( 7)  0.074
  92 C   0.17229 0.16978 0.16206 0.14749 0.12576 0.09817 0.06768 0.03860 0.01565 0.00250 ( 1)  0.025
  93 A   0.15186 0.15044 0.14603 0.13749 0.12416 0.10595 0.08348 0.05820 0.03252 0.00987 ( 1)  0.035
  94 Q   0.00000 0.00000 0.00028 0.00384 0.02398 0.08843 0.21101 0.32370 0.27777 0.07098 ( 8)  0.146
  95 K   0.00000 0.00000 0.00000 0.00013 0.00192 0.01510 0.07403 0.23293 0.42485 0.25103 ( 9)  0.217
  96 V   0.20717 0.20179 0.18564 0.15679 0.11777 0.07544 0.03860 0.01399 0.00272 0.00010 ( 1)  0.015
  97 K   0.19473 0.19052 0.17777 0.15453 0.12194 0.08443 0.04870 0.02129 0.00568 0.00041 ( 1)  0.018
  98 K   0.18858 0.18488 0.17364 0.15296 0.12345 0.08855 0.05386 0.02554 0.00779 0.00074 ( 1)  0.020
  99 L   0.00046 0.00889 0.03397 0.07770 0.13333 0.18477 0.21007 0.19051 0.12380 0.03649 ( 7)  0.093
 100 Q   0.17214 0.16962 0.16189 0.14731 0.12560 0.09809 0.06776 0.03887 0.01602 0.00271 ( 1)  0.025
 101 G   0.18235 0.17917 0.16944 0.15132 0.12493 0.09271 0.05916 0.02994 0.00995 0.00104 ( 1)  0.022
 102 W   0.15085 0.14948 0.14523 0.13698 0.12406 0.10632 0.08427 0.05921 0.03339 0.01020 ( 1)  0.036
 103 R   0.00000 0.00016 0.00246 0.01391 0.04670 0.11009 0.19454 0.25968 0.24731 0.12514 ( 8)  0.152
 104 A   0.15655 0.15492 0.14985 0.14009 0.12499 0.10467 0.08016 0.05354 0.02790 0.00733 ( 1)  0.033
 105 W   0.15085 0.14948 0.14523 0.13698 0.12406 0.10632 0.08427 0.05921 0.03339 0.01020 ( 1)  0.036
 106 S   0.00000 0.00006 0.00101 0.00602 0.02206 0.05939 0.12699 0.22117 0.30396 0.25933 ( 9)  0.201
 107 V   0.00043 0.00823 0.03156 0.07272 0.12633 0.17833 0.20824 0.19612 0.13459 0.04344 ( 7)  0.098
 108 Y   0.17542 0.17271 0.16438 0.14874 0.12560 0.09656 0.06508 0.03585 0.01372 0.00193 ( 1)  0.024
 109 N   0.19730 0.19285 0.17939 0.15499 0.12107 0.08257 0.04662 0.01979 0.00508 0.00034 ( 1)  0.018
 110 G   0.18382 0.18053 0.17047 0.15178 0.12469 0.09180 0.05790 0.02879 0.00930 0.00092 ( 1)  0.021
 111 R   0.16636 0.16419 0.15748 0.14474 0.12553 0.10068 0.07242 0.04420 0.02017 0.00422 ( 1)  0.028
 112 C   0.17273 0.17019 0.16239 0.14767 0.12575 0.09795 0.06732 0.03821 0.01538 0.00242 ( 1)  0.025
 113 K   0.00000 0.00000 0.00018 0.00255 0.01659 0.06512 0.17080 0.30249 0.32445 0.11781 ( 9)  0.166
 114 N   0.00065 0.01239 0.04657 0.10302 0.16710 0.21227 0.21198 0.15836 0.07564 0.01203 ( 6)  0.073
 115 A   0.00000 0.00000 0.00000 0.00000 0.00002 0.00040 0.00535 0.04500 0.24614 0.70310 (10)  0.319
 116 K   0.18849 0.18480 0.17358 0.15294 0.12348 0.08861 0.05394 0.02561 0.00782 0.00074 ( 1)  0.020
 117 L   0.00000 0.00000 0.00000 0.00001 0.00020 0.00259 0.02020 0.10290 0.34011 0.53400 (10)  0.284
 118 L   0.00042 0.00803 0.03081 0.07111 0.12393 0.17589 0.20715 0.19779 0.13875 0.04613 ( 7)  0.100
 119 P   0.00000 0.00001 0.00046 0.00603 0.03592 0.12298 0.26202 0.33670 0.21170 0.02418 ( 8)  0.123
 120 S   0.00061 0.01172 0.04424 0.09860 0.16195 0.20946 0.21430 0.16493 0.08126 0.01293 ( 7)  0.075
 121 I   0.00115 0.02173 0.07863 0.16094 0.22884 0.23662 0.17311 0.08051 0.01786 0.00061 ( 6)  0.047
 122 E   0.00067 0.01292 0.04847 0.10680 0.17204 0.21605 0.21171 0.15313 0.06883 0.00939 ( 6)  0.070
 123 E   0.00063 0.01216 0.04578 0.10159 0.16559 0.21177 0.21321 0.16055 0.07686 0.01185 ( 7)  0.073
 124 C   0.17229 0.16978 0.16206 0.14749 0.12576 0.09817 0.06768 0.03860 0.01565 0.00250 ( 1)  0.025
 125 F   0.00108 0.02041 0.07419 0.15332 0.22169 0.23559 0.18011 0.09002 0.02262 0.00098 ( 6)  0.050


lnL = -2357.103476


NSsites Model 8: beta&w>1
I	J	ij	2Ns_IJ	pMut_IJ	pSub_IJ	2Ns_JI	pMut_JI	pSub_JI

TTC	TTT	CT	1.56559	0.00740	0.01464	-1.56559	0.03539	0.01464
TTA	TTT	AT	0.41861	0.07982	0.09769	-0.41861	0.12131	0.09769
TTA	TTC	AC	-1.14698	0.03322	0.01773	1.14698	0.01055	0.01773
TTG	TTT	GT	-1.50273	0.09728	0.04184	1.50273	0.02165	0.04184
TTG	TTC	GC	-3.06833	0.04048	0.00606	3.06833	0.00188	0.00606
TTG	TTA	GA	-1.92135	0.30495	0.10050	1.92135	0.04465	0.10050
TCT	TTT	CT	-0.44931	0.05547	0.04394	0.44931	0.03539	0.04394
TCC	TTC	CT	-1.97537	0.02219	0.00706	1.97537	0.00308	0.00706
TCC	TCT	CT	0.03954	0.02219	0.02263	-0.03954	0.02308	0.02263
TCA	TTA	CT	-0.38143	0.07211	0.05923	0.38143	0.04924	0.05923
TCA	TCT	AT	0.48649	0.04864	0.06143	-0.48649	0.07912	0.06143
TCA	TCC	AC	0.44696	0.02024	0.02510	-0.44696	0.03165	0.02510
TCG	TTG	CT	-0.30423	0.08135	0.06960	0.30423	0.06001	0.06960
TCG	TCT	GT	-1.35766	0.05488	0.02581	1.35766	0.01412	0.02581
TCG	TCC	GC	-1.39719	0.02284	0.01048	1.39719	0.00565	0.01048
TCG	TCA	GA	-1.84415	0.17202	0.05960	1.84415	0.02721	0.05960
TAT	TTT	AT	0.57016	0.06860	0.09000	-0.57016	0.12131	0.09000
TAT	TCT	AC	1.01947	0.02854	0.04553	-1.01947	0.07912	0.04553
TAC	TTC	AT	-0.90937	0.02619	0.01606	0.90937	0.01055	0.01606
TAC	TCC	AC	1.06599	0.01090	0.01772	-1.06599	0.03165	0.01772
TAC	TAT	CT	0.08606	0.03883	0.04052	-0.08606	0.04232	0.04052
TGT	TTT	GT	-1.97434	0.15590	0.04963	1.97434	0.02165	0.04963
TGT	TCT	GC	-1.52503	0.06487	0.02752	1.52503	0.01412	0.02752
TGT	TAT	GA	-2.54450	0.48870	0.10595	2.54450	0.03837	0.10595
TGC	TTC	GT	-2.98957	0.03742	0.00593	2.98957	0.00188	0.00593
TGC	TCC	GC	-1.01420	0.01557	0.00899	1.01420	0.00565	0.00899
TGC	TAC	GA	-2.08020	0.11729	0.03482	2.08020	0.01465	0.03482
TGC	TGT	CT	0.55036	0.05547	0.07212	-0.55036	0.09617	0.07212
TGG	TTG	GT	-1.06061	0.10601	0.05955	1.06061	0.03671	0.05955
TGG	TCG	GC	-0.75637	0.04411	0.02951	0.75637	0.02071	0.02951
TGG	TGT	GT	-0.58900	0.10601	0.07784	0.58900	0.05882	0.07784
TGG	TGC	GC	-1.13936	0.04411	0.02366	1.13936	0.01412	0.02366
CTT	TTT	CT	-0.04384	0.03698	0.03617	0.04384	0.03539	0.03617
CTC	TTC	CT	-1.97537	0.02219	0.00706	1.97537	0.00308	0.00706
CTC	CTT	CT	-0.36593	0.02219	0.01837	0.36593	0.01539	0.01837
CTA	TTA	CT	0.50954	0.02958	0.03776	-0.50954	0.04924	0.03776
CTA	CTT	AT	0.97200	0.01996	0.03120	-0.97200	0.05275	0.03120
CTA	CTC	AC	1.33793	0.00830	0.01506	-1.33793	0.03165	0.01506
CTG	TTG	CT	0.91501	0.02404	0.03669	-0.91501	0.06001	0.03669
CTG	CTT	GT	-0.54388	0.01621	0.01220	0.54388	0.00941	0.01220
CTG	CTC	GC	-0.17795	0.00675	0.00616	0.17795	0.00565	0.00616
CTG	CTA	GA	-1.51588	0.05082	0.02168	1.51588	0.01116	0.02168
CCT	TCT	CT	2.52444	0.00185	0.00507	-2.52444	0.02308	0.00507
CCT	CTT	CT	2.11898	0.00185	0.00445	-2.11898	0.01539	0.00445
CCC	TCC	CT	-0.00128	0.00924	0.00924	0.00128	0.00923	0.00924
CCC	CTC	CT	-0.00128	0.00924	0.00924	0.00128	0.00923	0.00924
CCC	CCT	CT	-2.48619	0.00924	0.00209	2.48619	0.00077	0.00209
CCA	TCA	CT	0.48422	0.01849	0.02332	-0.48422	0.03001	0.02332
CCA	CTA	CT	-0.40675	0.01849	0.01498	0.40675	0.01231	0.01498
CCA	CCT	AT	-1.55373	0.01247	0.00520	1.55373	0.00264	0.00520
CCA	CCC	AC	0.93246	0.00519	0.00798	-0.93246	0.01319	0.00798
CCG	TCG	CT	0.96153	0.01294	0.02015	-0.96153	0.03385	0.02015
CCG	CTG	CT	-0.25771	0.01294	0.01135	0.25771	0.01000	0.01135
CCG	CCT	GT	-2.92057	0.00873	0.00145	2.92057	0.00047	0.00145
CCG	CCC	GC	-0.43438	0.00363	0.00290	0.43438	0.00235	0.00290
CCG	CCA	GA	-1.36685	0.02737	0.01280	1.36685	0.00698	0.01280
CAT	TAT	CT	-0.00491	0.04252	0.04242	0.00491	0.04232	0.04242
CAT	CTT	AT	0.60909	0.02869	0.03830	-0.60909	0.05275	0.03830
CAT	CCT	AC	-1.50988	0.01194	0.00511	1.50988	0.00264	0.00511
CAC	TAC	CT	8.32175	0.00000	0.00000	-8.32175	0.01616	0.00003
CAC	CTC	AT	9.38775	0.00000	0.00000	-9.38775	0.03165	0.00002
CAC	CCC	AC	9.38903	0.00000	0.00000	-9.38903	0.01319	0.00001
CAC	CAT	CT	8.41272	0.00000	0.00000	-8.41272	0.01770	0.00003
CAA	CTA	AT	-1.13252	0.13095	0.07051	1.13252	0.04220	0.07051
CAA	CCA	AC	-0.72577	0.05449	0.03709	0.72577	0.02637	0.03709
CAA	CAT	AT	-0.76961	0.13095	0.08696	0.76961	0.06066	0.08696
CAA	CAC	AC	-9.18233	0.05449	0.00005	9.18233	0.00000	0.00000
CAG	CTG	AT	0.31807	0.02494	0.02912	-0.31807	0.03428	0.02912
CAG	CCG	AC	0.57579	0.01038	0.01365	-0.57579	0.01846	0.01365
CAG	CAT	GT	-0.83490	0.02494	0.01596	0.83490	0.01082	0.01596
CAG	CAC	GC	-9.24763	0.01038	0.00001	9.24763	0.00000	0.00000
CAG	CAA	GA	-0.06529	0.07819	0.07567	0.06529	0.07325	0.07567
CGT	TGT	CT	-0.33890	0.13497	0.11339	0.33890	0.09617	0.11339
CGT	CTT	GT	-2.26939	0.09104	0.02382	2.26939	0.00941	0.02382
CGT	CCT	GC	-4.38837	0.03789	0.00209	4.38837	0.00047	0.00209
CGT	CAT	GA	-2.87849	0.28540	0.04894	2.87849	0.01605	0.04894
CGC	TGC	CT	-0.87675	0.05547	0.03466	0.87675	0.02308	0.03466
CGC	CTC	GT	-1.89096	0.03742	0.01258	1.89096	0.00565	0.01258
CGC	CCC	GC	-1.88967	0.01557	0.00524	1.88967	0.00235	0.00524
CGC	CAC	GA	-11.27870	0.11729	0.00002	11.27870	0.00000	0.00000
CGC	CGT	CT	0.01251	0.05547	0.05581	-0.01251	0.05616	0.05581
CGA	CTA	GT	-1.03529	0.02120	0.01209	1.03529	0.00753	0.01209
CGA	CCA	GC	-0.62854	0.00882	0.00634	0.62854	0.00471	0.00634
CGA	CAA	GA	0.09723	0.06646	0.06975	-0.09723	0.07325	0.06975
CGA	CGT	AT	2.20610	0.02120	0.05256	-2.20610	0.19252	0.05256
CGA	CGC	AC	2.19359	0.00882	0.02178	-2.19359	0.07912	0.02178
CGG	TGG	CT	1.36867	0.01664	0.03055	-1.36867	0.06540	0.03055
CGG	CTG	GT	-0.60694	0.01122	0.00816	0.60694	0.00612	0.00816
CGG	CCG	GC	-0.34923	0.00467	0.00390	0.34923	0.00329	0.00390
CGG	CAG	GA	-0.92501	0.03519	0.02139	0.92501	0.01395	0.02139
CGG	CGT	GT	1.11857	0.01122	0.01865	-1.11857	0.03435	0.01865
CGG	CGC	GC	1.10606	0.00467	0.00772	-1.10606	0.01412	0.00772
CGG	CGA	GA	-1.08753	0.03519	0.01945	1.08753	0.01186	0.01945
ATT	TTT	AT	0.60721	0.06610	0.08819	-0.60721	0.12131	0.08819
ATT	CTT	AC	0.65105	0.02751	0.03743	-0.65105	0.05275	0.03743
ATC	TTC	AT	-0.57290	0.01871	0.01386	0.57290	0.01055	0.01386
ATC	CTC	AC	1.40247	0.00778	0.01448	-1.40247	0.03165	0.01448
ATC	ATT	CT	0.38549	0.02773	0.03342	-0.38549	0.04078	0.03342
ATA	TTA	AT	1.50654	0.03742	0.07242	-1.50654	0.16879	0.07242
ATA	CTA	AC	0.99700	0.01557	0.02460	-0.99700	0.04220	0.02460
ATA	ATT	AT	1.31795	0.03742	0.06734	-1.31795	0.13978	0.06734
ATA	ATC	AC	0.93246	0.01557	0.02394	-0.93246	0.03956	0.02394
ATG	TTG	AT	1.88669	0.03118	0.06934	-1.88669	0.20571	0.06934
ATG	CTG	AC	0.97168	0.01297	0.02028	-0.97168	0.03428	0.02028
ATG	ATT	GT	-0.22325	0.03118	0.02783	0.22325	0.02494	0.02783
ATG	ATC	GC	-0.60874	0.01297	0.00942	0.60874	0.00706	0.00942
ATG	ATA	GA	-1.54120	0.09774	0.04104	1.54120	0.02093	0.04104
ACT	TCT	AT	1.01456	0.02869	0.04566	-1.01456	0.07912	0.04566
ACT	CCT	AC	-1.50988	0.01194	0.00511	1.50988	0.00264	0.00511
ACT	ATT	CT	-0.04196	0.04252	0.04164	0.04196	0.04078	0.04164
ACC	TCC	AT	0.59471	0.01746	0.02316	-0.59471	0.03165	0.02316
ACC	CCC	AC	0.59599	0.00727	0.00964	-0.59599	0.01319	0.00964
ACC	ATC	CT	-0.80776	0.02588	0.01682	0.80776	0.01154	0.01682
ACC	ACT	CT	-0.38032	0.02588	0.02127	0.38032	0.01770	0.02127
ACA	TCA	AT	1.77336	0.01746	0.03730	-1.77336	0.10285	0.03730
ACA	CCA	AC	1.28914	0.00727	0.01293	-1.28914	0.02637	0.01293
ACA	ATA	CT	-0.11461	0.02588	0.02443	0.11461	0.02308	0.02443
ACA	ACT	AT	1.24529	0.01746	0.03053	-1.24529	0.06066	0.03053
ACA	ACC	AC	1.62561	0.00727	0.01471	-1.62561	0.03692	0.01471
ACG	TCG	AT	2.58714	0.00873	0.02442	-2.58714	0.11604	0.02442
ACG	CCG	AC	1.62561	0.00363	0.00735	-1.62561	0.01846	0.00735
ACG	ATG	CT	0.39621	0.01294	0.01567	-0.39621	0.01923	0.01567
ACG	ACT	GT	0.21492	0.00873	0.00970	-0.21492	0.01082	0.00970
ACG	ACC	GC	0.59524	0.00363	0.00482	-0.59524	0.00659	0.00482
ACG	ACA	GA	-1.03037	0.02737	0.01565	1.03037	0.00977	0.01565
AAT	TAT	AT	-0.18545	0.17461	0.15892	0.18545	0.14505	0.15892
AAT	CAT	AC	-0.18054	0.07266	0.06630	0.18054	0.06066	0.06630
AAT	ATT	AT	-0.22249	0.17461	0.15590	0.22249	0.13978	0.15590
AAT	ACT	AC	-0.18054	0.07266	0.06630	0.18054	0.06066	0.06630
AAC	TAC	AT	3.10023	0.00249	0.00810	-3.10023	0.05538	0.00810
AAC	CAC	AC	-5.22152	0.00104	0.00003	5.22152	0.00000	0.00000
AAC	ATC	AT	2.76376	0.00249	0.00736	-2.76376	0.03956	0.00736
AAC	ACC	AC	3.57152	0.00104	0.00381	-3.57152	0.03692	0.00381
AAC	AAT	CT	3.37174	0.00370	0.01291	-3.37174	0.10771	0.01291
AAA	CAA	AC	1.37430	0.07006	0.12890	-1.37430	0.27691	0.12890
AAA	ATA	AT	-0.75522	0.16837	0.11272	0.75522	0.07912	0.11272
AAA	ACA	AC	-0.64061	0.07006	0.05000	0.64061	0.03692	0.05000
AAA	AAT	AT	0.78522	0.16837	0.24304	-0.78522	0.36922	0.24304
AAA	AAC	AC	-2.58652	0.07006	0.01475	2.58652	0.00527	0.01475
AAG	CAG	AC	1.48585	0.01194	0.02292	-1.48585	0.05275	0.02292
AAG	ATG	AT	0.83224	0.02869	0.04226	-0.83224	0.06593	0.04226
AAG	ACG	AC	0.43603	0.01194	0.01473	-0.43603	0.01846	0.01473
AAG	AAT	GT	0.83148	0.02869	0.04225	-0.83148	0.06588	0.04225
AAG	AAC	GC	-2.54026	0.01194	0.00260	2.54026	0.00094	0.00260
AAG	AAA	GA	0.04626	0.08992	0.09202	-0.04626	0.09418	0.09202
AGT	TGT	AT	1.68535	0.06111	0.12643	-1.68535	0.32966	0.12643
AGT	CGT	AC	2.02425	0.02543	0.05931	-2.02425	0.19252	0.05931
AGT	ATT	GT	-0.89619	0.06111	0.03776	0.89619	0.02494	0.03776
AGT	ACT	GC	-0.85424	0.02543	0.01610	0.85424	0.01082	0.01610
AGT	AAT	GA	-0.67370	0.19157	0.13423	0.67370	0.09767	0.13423
AGC	TGC	AT	2.35829	0.00748	0.01949	-2.35829	0.07912	0.01949
AGC	CGC	AC	3.23505	0.00311	0.01049	-3.23505	0.07912	0.01049
AGC	ATC	GT	-0.05837	0.00748	0.00727	0.05837	0.00706	0.00727
AGC	ACC	GC	0.74939	0.00311	0.00443	-0.74939	0.00659	0.00443
AGC	AAC	GA	-2.82213	0.02346	0.00419	2.82213	0.00140	0.00419
AGC	AGT	CT	1.22331	0.01109	0.01923	-1.22331	0.03770	0.01923
AGA	CGA	AC	0.99309	0.01661	0.02620	-0.99309	0.04483	0.02620
AGA	ATA	GT	-1.03920	0.03991	0.02270	1.03920	0.01412	0.02270
AGA	ACA	GC	-0.92459	0.01661	0.01010	0.92459	0.00659	0.01010
AGA	AAA	GA	-0.28398	0.12511	0.10818	0.28398	0.09418	0.10818
AGA	AGT	AT	1.17494	0.03991	0.06785	-1.17494	0.12923	0.06785
AGA	AGC	AC	-0.04837	0.01661	0.01621	0.04837	0.01582	0.01621
AGG	TGG	AT	4.49836	0.00249	0.01135	-4.49836	0.22417	0.01135
AGG	CGG	AC	3.12969	0.00104	0.00340	-3.12969	0.02374	0.00340
AGG	ATG	GT	1.55106	0.00249	0.00491	-1.55106	0.01176	0.00491
AGG	ACG	GC	1.15485	0.00104	0.00175	-1.15485	0.00329	0.00175
AGG	AAG	GA	0.71883	0.00782	0.01096	-0.71883	0.01605	0.01096
AGG	AGT	GT	2.22401	0.00249	0.00622	-2.22401	0.02306	0.00622
AGG	AGC	GC	1.00070	0.00104	0.00164	-1.00070	0.00282	0.00164
AGG	AGA	GA	1.04907	0.00782	0.01262	-1.04907	0.02232	0.01262
GTT	TTT	GT	-0.61176	0.03991	0.02894	0.61176	0.02165	0.02894
GTT	CTT	GC	-0.56791	0.01661	0.01234	0.56791	0.00941	0.01234
GTT	ATT	GA	-1.21896	0.12511	0.06398	1.21896	0.03697	0.06398
GTC	TTC	GT	-1.78559	0.01122	0.00404	1.78559	0.00188	0.00404
GTC	CTC	GC	0.18977	0.00467	0.00513	-0.18977	0.00565	0.00513
GTC	ATC	GA	-1.21270	0.03519	0.01806	1.21270	0.01046	0.01806
GTC	GTT	CT	0.39176	0.01664	0.02011	-0.39176	0.02462	0.02011
GTA	TTA	GT	0.69931	0.01497	0.02080	-0.69931	0.03012	0.02080
GTA	CTA	GC	0.18977	0.00623	0.00684	-0.18977	0.00753	0.00684
GTA	ATA	GA	-0.80723	0.04691	0.03050	0.80723	0.02093	0.03050
GTA	GTT	AT	1.72969	0.01497	0.03147	-1.72969	0.08439	0.03147
GTA	GTC	AC	1.33793	0.00623	0.01130	-1.33793	0.02374	0.01130
GTG	TTG	GT	0.04984	0.03492	0.03580	-0.04984	0.03671	0.03580
GTG	CTG	GC	-0.86517	0.01453	0.00914	0.86517	0.00612	0.00914
GTG	ATG	GA	-1.83685	0.10947	0.03811	1.83685	0.01744	0.03811
GTG	GTT	GT	-0.84113	0.03492	0.02227	0.84113	0.01506	0.02227
GTG	GTC	GC	-1.23289	0.01453	0.00737	1.23289	0.00424	0.00737
GTG	GTA	GA	-2.57082	0.10947	0.02330	2.57082	0.00837	0.02330
GCT	TCT	GT	-1.93018	0.09728	0.03188	1.93018	0.01412	0.03188
GCT	CCT	GC	-4.45462	0.04048	0.00212	4.45462	0.00047	0.00212
GCT	ACT	GA	-2.94474	0.30495	0.04987	2.94474	0.01605	0.04987
GCT	GTT	CT	-1.76773	0.14421	0.05248	1.76773	0.02462	0.05248
GCC	TCC	GT	-2.63289	0.07857	0.01602	2.63289	0.00565	0.01602
GCC	CCC	GC	-2.63161	0.03270	0.00667	2.63161	0.00235	0.00667
GCC	ACC	GA	-3.22760	0.24630	0.03282	3.22760	0.00977	0.03282
GCC	GTC	CT	-2.82266	0.11648	0.02078	2.82266	0.00692	0.02078
GCC	GCT	CT	-0.66318	0.11648	0.08209	0.66318	0.06001	0.08209
GCA	TCA	GT	-0.89462	0.04490	0.02777	0.89462	0.01835	0.02777
GCA	CCA	GC	-1.37884	0.01868	0.00867	1.37884	0.00471	0.00867
GCA	ACA	GA	-2.66798	0.14074	0.02800	2.66798	0.00977	0.02800
GCA	GTA	CT	-1.97537	0.06656	0.02117	1.97537	0.00923	0.02117
GCA	GCT	AT	1.52205	0.04490	0.08742	-1.52205	0.20571	0.08742
GCA	GCC	AC	2.18523	0.01868	0.04600	-2.18523	0.16615	0.04600
GCG	TCG	GT	-0.18621	0.02494	0.02269	0.18621	0.02071	0.02269
GCG	CCG	GC	-1.14773	0.01038	0.00554	1.14773	0.00329	0.00554
GCG	ACG	GA	-2.77334	0.07819	0.01445	2.77334	0.00488	0.01445
GCG	GTG	CT	-0.54028	0.03698	0.02788	0.54028	0.02154	0.02788
GCG	GCT	GT	0.38631	0.02494	0.03007	-0.38631	0.03671	0.03007
GCG	GCC	GC	1.04949	0.01038	0.01676	-1.04949	0.02965	0.01676
GCG	GCA	GA	-1.13573	0.07819	0.04202	1.13573	0.02511	0.04202
GAT	TAT	GT	-1.04487	0.07358	0.04172	1.04487	0.02588	0.04172
GAT	CAT	GC	-1.03995	0.03062	0.01741	1.03995	0.01082	0.01741
GAT	AAT	GA	-0.85942	0.23066	0.14557	0.85942	0.09767	0.14557
GAT	GTT	AT	0.13705	0.07358	0.07874	-0.13705	0.08439	0.07874
GAT	GCT	AC	1.90478	0.03062	0.06853	-1.90478	0.20571	0.06853
GAC	TAC	GT	-0.56920	0.01746	0.01296	0.56920	0.00988	0.01296
GAC	CAC	GC	-8.89095	0.00727	0.00001	8.89095	0.00000	0.00000
GAC	AAC	GA	-3.66943	0.05473	0.00525	3.66943	0.00140	0.00525
GAC	GTC	AT	0.30702	0.01746	0.02028	-0.30702	0.02374	0.02028
GAC	GCC	AC	3.12969	0.00727	0.02378	-3.12969	0.16615	0.02378
GAC	GAT	CT	0.56173	0.02588	0.03383	-0.56173	0.04539	0.03383
GAA	CAA	GC	0.07871	0.04567	0.04749	-0.07871	0.04941	0.04749
GAA	AAA	GA	-1.29558	0.34404	0.16800	1.29558	0.09418	0.16800
GAA	GTA	AT	-1.24357	0.10975	0.05530	1.24357	0.03165	0.05530
GAA	GCA	AC	0.73179	0.04567	0.06440	-0.73179	0.09494	0.06440
GAA	GAT	AT	0.34906	0.10975	0.13002	-0.34906	0.15560	0.13002
GAA	GAC	AC	-0.21267	0.04567	0.04099	0.21267	0.03692	0.04099
GAG	CAG	GC	-0.09791	0.01038	0.00988	0.09791	0.00941	0.00988
GAG	AAG	GA	-1.58376	0.07819	0.03197	1.58376	0.01605	0.03197
GAG	GTG	AT	1.08533	0.02494	0.04088	-1.08533	0.07384	0.04088
GAG	GCG	AC	1.62561	0.01038	0.02101	-1.62561	0.05275	0.02101
GAG	GAT	GT	0.10714	0.02494	0.02630	-0.10714	0.02776	0.02630
GAG	GAC	GC	-0.45459	0.01038	0.00820	0.45459	0.00659	0.00820
GAG	GAA	GA	-0.24192	0.07819	0.06911	0.24192	0.06139	0.06911
GGT	TGT	GT	-0.28949	0.07857	0.06775	0.28949	0.05882	0.06775
GGT	CGT	GC	0.04941	0.03270	0.03351	-0.04941	0.03435	0.03351
GGT	AGT	GA	-1.97484	0.24630	0.07838	1.97484	0.03418	0.07838
GGT	GTT	GT	-1.65206	0.07857	0.03078	1.65206	0.01506	0.03078
GGT	GCT	GC	0.11566	0.03270	0.03462	-0.11566	0.03671	0.03462
GGT	GAT	GA	-1.78912	0.24630	0.08841	1.78912	0.04116	0.08841
GGC	TGC	GT	-0.66451	0.02744	0.01932	0.66451	0.01412	0.01932
GGC	CGC	GC	0.21224	0.01142	0.01267	-0.21224	0.01412	0.01267
GGC	AGC	GA	-3.02280	0.08601	0.01330	3.02280	0.00419	0.01330
GGC	GTC	GT	-1.86848	0.02744	0.00936	1.86848	0.00424	0.00936
GGC	GCC	GC	0.95418	0.01142	0.01772	-0.95418	0.02965	0.01772
GGC	GAC	GA	-2.17551	0.08601	0.02397	2.17551	0.00977	0.02397
GGC	GGT	CT	0.17534	0.04067	0.04435	-0.17534	0.04847	0.04435
GGA	CGA	GC	-0.09791	0.00882	0.00840	0.09791	0.00800	0.00840
GGA	AGA	GA	-1.09100	0.06646	0.03667	1.09100	0.02232	0.03667
GGA	GTA	GT	-1.32297	0.02120	0.01018	1.32297	0.00565	0.01018
GGA	GCA	GC	0.65239	0.00882	0.01201	-0.65239	0.01694	0.01201
GGA	GAA	GA	-0.07940	0.06646	0.06386	0.07940	0.06139	0.06386
GGA	GGT	AT	2.05878	0.02120	0.05004	-2.05878	0.16615	0.05004
GGA	GGC	AC	1.88344	0.00882	0.01960	-1.88344	0.05802	0.01960
GGG	TGG	GT	9.62197	0.00000	0.00000	-9.62197	0.04000	0.00003
GGG	CGG	GC	8.25330	0.00000	0.00000	-8.25330	0.00424	0.00001
GGG	AGG	GA	5.12361	0.00000	0.00000	-5.12361	0.00140	0.00004
GGG	GTG	GT	8.51152	0.00000	0.00000	-8.51152	0.01318	0.00002
GGG	GCG	GC	9.05181	0.00000	0.00000	-9.05181	0.00941	0.00001
GGG	GAG	GA	7.42619	0.00000	0.00000	-7.42619	0.01395	0.00006
GGG	GGT	GT	9.32245	0.00000	0.00000	-9.32245	0.02965	0.00002
GGG	GGC	GC	9.14712	0.00000	0.00000	-9.14712	0.01035	0.00001
GGG	GGA	GA	7.26368	0.00000	0.00000	-7.26368	0.01186	0.00006


Histograms
2Ns	FMut	FSub(CodonUsage)	FSubw(after w)

-10.74162	0.00505	0.00000
-9.66746	0.00816	0.00001
-8.59330	0.00292	0.00001
-7.51913	0.00111	0.00001
-6.44497	0.00000	0.00000
-5.37081	0.00010	0.00000
-4.29665	0.01302	0.00092
-3.22249	0.07704	0.01606
-2.14832	0.22117	0.09199
-1.07416	0.29624	0.23473
0.00000	0.23125	0.31259
1.07416	0.11092	0.23473
2.14832	0.02917	0.09199
3.22249	0.00370	0.01606
4.29665	0.00015	0.00092
5.37081	0.00000	0.00000
6.44497	0.00000	0.00000
7.51913	0.00000	0.00000
8.59330	0.00000	0.00000
9.66746	0.00000	0.00000
10.74162	0.00000	0.00000

Proportion of advantageous (S > 0) mutations:
 0.24652

Proportions of good & bad mutations (|S| > 2.0000) among mutations:
0.01344  0.20587

mean |Ns| = 1.44962	mean Ns+ = 0.79484	mean Ns- = -1.66386


MLEs of dN/dS (w) for site classes (K=11)

p:   0.09691  0.09691  0.09691  0.09691  0.09691  0.09691  0.09691  0.09691  0.09691  0.09691  0.03087
w:   0.00029  0.00274  0.00782  0.01590  0.02755  0.04378  0.06642  0.09912  0.15112  0.26246  1.00000

Naive Empirical Bayes (NEB) probabilities for 11 classes & postmean_w
(amino acids refer to 1st sequence: Musdom_lysp)

   1 R   0.14358 0.14103 0.13587 0.12807 0.11761 0.10450 0.08868 0.07007 0.04835 0.02217 0.00006 ( 1)  0.037
   2 I   0.00002 0.00138 0.01016 0.03537 0.08308 0.14927 0.21431 0.24313 0.19668 0.06659 0.00000 ( 8)  0.095
   3 L   0.15965 0.15554 0.14733 0.13522 0.11955 0.10082 0.07967 0.05696 0.03377 0.01147 0.00001 ( 1)  0.031
   4 N   0.00235 0.02095 0.05521 0.09862 0.14195 0.17446 0.18549 0.16669 0.11518 0.03911 0.00001 ( 7)  0.070
   5 C   0.00133 0.01205 0.03292 0.06226 0.09729 0.13394 0.16651 0.18683 0.18204 0.12415 0.00067 ( 8)  0.100
   6 C   0.16659 0.16174 0.15209 0.13797 0.11994 0.09876 0.07546 0.05135 0.02809 0.00801 0.00000 ( 1)  0.028
   7 D   0.00000 0.00003 0.00065 0.00468 0.01946 0.05727 0.13016 0.23461 0.32009 0.23296 0.00007 ( 9)  0.145
   8 L   0.15472 0.15113 0.14392 0.13321 0.11920 0.10219 0.08260 0.06095 0.03790 0.01416 0.00002 ( 1)  0.032
   9 A   0.14099 0.13864 0.13387 0.12665 0.11694 0.10470 0.08983 0.07214 0.05116 0.02498 0.00012 ( 1)  0.039
  10 R   0.00236 0.02109 0.05548 0.09882 0.14178 0.17364 0.18408 0.16544 0.11551 0.04178 0.00003 ( 7)  0.071
  11 E   0.18672 0.17920 0.16450 0.14366 0.11825 0.09029 0.06217 0.03649 0.01588 0.00284 0.00000 ( 1)  0.022
  12 M   0.00002 0.00189 0.01364 0.04615 0.10403 0.17637 0.23330 0.23458 0.15588 0.03414 0.00000 ( 8)  0.083
  13 S   0.00138 0.01252 0.03419 0.06454 0.10054 0.13771 0.16970 0.18758 0.17778 0.11358 0.00049 ( 8)  0.097
  14 R   0.15714 0.15334 0.14571 0.13438 0.11961 0.10176 0.08131 0.05894 0.03553 0.01228 0.00001 ( 1)  0.031
  15 L   0.15514 0.15150 0.14421 0.13338 0.11923 0.10207 0.08235 0.06061 0.03755 0.01394 0.00002 ( 1)  0.032
  16 G   0.17471 0.16889 0.15738 0.14073 0.11980 0.09580 0.07024 0.04499 0.02232 0.00513 0.00000 ( 1)  0.025
  17 V   0.00000 0.00000 0.00000 0.00007 0.00082 0.00591 0.02958 0.11110 0.31507 0.53682 0.00064 (10)  0.202
  18 A   0.00000 0.00000 0.00000 0.00000 0.00000 0.00001 0.00015 0.00127 0.01083 0.13092 0.85681 (11)  0.893
  19 K   0.18278 0.17582 0.16217 0.14270 0.11875 0.09209 0.06481 0.03927 0.01800 0.00362 0.00000 ( 1)  0.023
  20 S   0.00000 0.00000 0.00000 0.00001 0.00029 0.00302 0.02048 0.09749 0.32538 0.55328 0.00005 (10)  0.206
  21 E   0.00001 0.00101 0.00752 0.02689 0.06559 0.12421 0.19188 0.24180 0.23079 0.11029 0.00002 ( 8)  0.108
  22 L   0.00001 0.00108 0.00804 0.02860 0.06931 0.13001 0.19801 0.24405 0.22396 0.09691 0.00001 ( 8)  0.105
  23 A   0.13181 0.13014 0.12673 0.12152 0.11440 0.10521 0.09369 0.07935 0.06116 0.03553 0.00046 ( 1)  0.044
  24 T   0.00314 0.02769 0.07130 0.12276 0.16756 0.19119 0.18315 0.14140 0.07654 0.01527 0.00000 ( 6)  0.057
  25 W   0.14232 0.13988 0.13493 0.12744 0.11738 0.10470 0.08933 0.07111 0.04962 0.02323 0.00007 ( 1)  0.038
  26 C   0.16520 0.16052 0.15118 0.13748 0.11994 0.09924 0.07634 0.05244 0.02911 0.00854 0.00000 ( 1)  0.028
  27 C   0.16912 0.16398 0.15378 0.13890 0.11998 0.09791 0.07387 0.04933 0.02617 0.00697 0.00000 ( 1)  0.027
  28 I   0.21368 0.20152 0.17839 0.14707 0.11141 0.07581 0.04449 0.02077 0.00631 0.00054 0.00000 ( 1)  0.017
  29 A   0.00144 0.01306 0.03552 0.06671 0.10320 0.14011 0.17085 0.18648 0.17399 0.10832 0.00032 ( 8)  0.095
  30 Q   0.16291 0.15845 0.14956 0.13650 0.11972 0.09984 0.07769 0.05434 0.03112 0.00986 0.00001 ( 1)  0.029
  31 F   0.00000 0.00000 0.00000 0.00009 0.00110 0.00765 0.03650 0.12836 0.33162 0.49301 0.00167 (10)  0.197
  32 E   0.18746 0.17983 0.16493 0.14382 0.11813 0.08993 0.06168 0.03599 0.01551 0.00272 0.00000 ( 1)  0.022
  33 S   0.22712 0.21217 0.18413 0.14707 0.10642 0.06791 0.03642 0.01490 0.00366 0.00020 0.00000 ( 1)  0.015
  34 R   0.00197 0.01765 0.04703 0.08551 0.12633 0.16117 0.18086 0.17625 0.13935 0.06383 0.00005 ( 7)  0.080
  35 Y   0.00000 0.00008 0.00157 0.01059 0.04021 0.10435 0.19963 0.28223 0.26611 0.09523 0.00001 ( 8)  0.112
  36 N   0.20239 0.19223 0.17273 0.14587 0.11450 0.08200 0.05183 0.02710 0.00999 0.00136 0.00000 ( 1)  0.019
  37 T   0.21611 0.20350 0.17956 0.14725 0.11067 0.07444 0.04293 0.01949 0.00563 0.00042 0.00000 ( 1)  0.016
  38 T   0.00000 0.00001 0.00019 0.00143 0.00658 0.02214 0.06052 0.14155 0.28826 0.47096 0.00836 (10)  0.195
  39 A   0.15447 0.15093 0.14383 0.13324 0.11936 0.10245 0.08287 0.06113 0.03787 0.01385 0.00001 ( 1)  0.032
  40 I   0.00224 0.02001 0.05295 0.09516 0.13815 0.17176 0.18543 0.17010 0.12101 0.04318 0.00001 ( 7)  0.072
  41 G   0.18767 0.18005 0.16517 0.14405 0.11829 0.08997 0.06153 0.03566 0.01511 0.00249 0.00000 ( 1)  0.022
  42 R   0.00000 0.00001 0.00019 0.00146 0.00668 0.02247 0.06138 0.14328 0.29040 0.46710 0.00704 (10)  0.193
  43 L   0.16590 0.16106 0.15143 0.13738 0.11950 0.09859 0.07569 0.05206 0.02925 0.00914 0.00001 ( 1)  0.028
  44 N   0.20525 0.19454 0.17406 0.14602 0.11359 0.08039 0.05006 0.02567 0.00923 0.00120 0.00000 ( 1)  0.019
  45 G   0.16912 0.16399 0.15382 0.13896 0.12006 0.09799 0.07391 0.04930 0.02605 0.00681 0.00000 ( 1)  0.027
  46 N   0.19451 0.18575 0.16878 0.14503 0.11665 0.08632 0.05696 0.03152 0.01257 0.00191 0.00000 ( 1)  0.020
  47 W   0.14232 0.13988 0.13493 0.12744 0.11738 0.10470 0.08933 0.07111 0.04962 0.02323 0.00007 ( 1)  0.038
  48 S   0.17314 0.16749 0.15632 0.14013 0.11975 0.09630 0.07122 0.04627 0.02356 0.00582 0.00000 ( 1)  0.026
  49 N   0.19451 0.18575 0.16878 0.14503 0.11665 0.08632 0.05696 0.03152 0.01257 0.00191 0.00000 ( 1)  0.020
  50 D   0.22100 0.20736 0.18161 0.14720 0.10880 0.07154 0.04001 0.01742 0.00474 0.00032 0.00000 ( 1)  0.016
  51 Y   0.00292 0.02591 0.06734 0.11753 0.16330 0.19035 0.18679 0.14786 0.08176 0.01625 0.00000 ( 6)  0.059
  52 G   0.17405 0.16832 0.15698 0.14055 0.11986 0.09608 0.07068 0.04548 0.02271 0.00528 0.00000 ( 1)  0.026
  53 L   0.17604 0.16999 0.15805 0.14084 0.11937 0.09496 0.06926 0.04420 0.02200 0.00529 0.00000 ( 1)  0.025
  54 F   0.22434 0.20999 0.18300 0.14715 0.10752 0.06956 0.03804 0.01602 0.00413 0.00025 0.00000 ( 1)  0.015
  55 Q   0.16303 0.15856 0.14964 0.13655 0.11973 0.09981 0.07762 0.05424 0.03102 0.00980 0.00001 ( 1)  0.029
  56 F   0.00000 0.00004 0.00075 0.00533 0.02189 0.06336 0.14065 0.24499 0.31663 0.20633 0.00004 ( 9)  0.139
  57 S   0.22892 0.21355 0.18480 0.14694 0.10565 0.06684 0.03543 0.01427 0.00343 0.00018 0.00000 ( 1)  0.015
  58 D   0.22086 0.20725 0.18155 0.14719 0.10885 0.07161 0.04010 0.01749 0.00477 0.00033 0.00000 ( 1)  0.016
  59 R   0.15317 0.14976 0.14290 0.13267 0.11921 0.10276 0.08362 0.06220 0.03903 0.01466 0.00001 ( 1)  0.033
  60 Y   0.20531 0.19475 0.17449 0.14662 0.11413 0.08062 0.04979 0.02496 0.00844 0.00088 0.00000 ( 1)  0.018
  61 W   0.14232 0.13988 0.13493 0.12744 0.11738 0.10470 0.08933 0.07111 0.04962 0.02323 0.00007 ( 1)  0.038
  62 C   0.16520 0.16052 0.15118 0.13748 0.11994 0.09924 0.07634 0.05244 0.02911 0.00854 0.00000 ( 1)  0.028
  63 Q   0.16275 0.15831 0.14946 0.13645 0.11972 0.09989 0.07779 0.05446 0.03124 0.00993 0.00001 ( 1)  0.029
  64 S   0.15665 0.15289 0.14535 0.13415 0.11954 0.10185 0.08158 0.05935 0.03600 0.01265 0.00001 ( 1)  0.032
  65 S   0.00000 0.00003 0.00063 0.00456 0.01905 0.05639 0.12911 0.23454 0.32220 0.23345 0.00004 ( 9)  0.145
  66 A   0.00000 0.00000 0.00000 0.00000 0.00000 0.00000 0.00002 0.00026 0.00315 0.05915 0.93742 (11)  0.953
  67 S   0.00000 0.00001 0.00019 0.00144 0.00658 0.02212 0.06035 0.14092 0.28689 0.47217 0.00933 (10)  0.196
  68 R   0.20874 0.19752 0.17607 0.14677 0.11299 0.07864 0.04764 0.02329 0.00761 0.00075 0.00000 ( 1)  0.018
  69 S   0.00000 0.00000 0.00000 0.00008 0.00100 0.00704 0.03397 0.12176 0.32489 0.51061 0.00065 (10)  0.198
  70 S   0.16187 0.15755 0.14893 0.13622 0.11983 0.10031 0.07842 0.05512 0.03172 0.01003 0.00000 ( 1)  0.030
  71 A   0.14422 0.14160 0.13630 0.12830 0.11762 0.10427 0.08825 0.06952 0.04784 0.02200 0.00008 ( 1)  0.037
  72 N   0.19451 0.18575 0.16878 0.14503 0.11665 0.08632 0.05696 0.03152 0.01257 0.00191 0.00000 ( 1)  0.020
  73 L   0.17135 0.16586 0.15502 0.13930 0.11950 0.09670 0.07226 0.04780 0.02526 0.00696 0.00000 ( 1)  0.027
  74 C   0.16532 0.16062 0.15125 0.13752 0.11994 0.09920 0.07627 0.05235 0.02903 0.00850 0.00000 ( 1)  0.028
  75 Q   0.00000 0.00000 0.00000 0.00000 0.00007 0.00056 0.00361 0.01929 0.09560 0.52802 0.35285 (10)  0.508
  76 I   0.00261 0.02320 0.06066 0.10696 0.15113 0.18104 0.18575 0.15861 0.10111 0.02893 0.00000 ( 7)  0.065
  77 N   0.00000 0.00000 0.00000 0.00000 0.00000 0.00000 0.00001 0.00021 0.00335 0.07704 0.91938 (11)  0.940
  78 C   0.16566 0.16091 0.15147 0.13764 0.11993 0.09908 0.07605 0.05208 0.02878 0.00838 0.00000 ( 1)  0.028
  79 Q   0.16521 0.16050 0.15111 0.13737 0.11978 0.09910 0.07626 0.05250 0.02933 0.00884 0.00000 ( 1)  0.029
  80 H   0.00000 0.00000 0.00000 0.00000 0.00000 0.00003 0.00041 0.00414 0.03752 0.39720 0.56070 (11)  0.671
  81 L   0.16411 0.15952 0.15039 0.13699 0.11980 0.09950 0.07698 0.05336 0.03012 0.00923 0.00000 ( 1)  0.029
  82 V   0.00000 0.00001 0.00020 0.00158 0.00734 0.02500 0.06866 0.15871 0.30812 0.42777 0.00262 (10)  0.183
  83 S   0.00000 0.00000 0.00008 0.00118 0.00798 0.03419 0.10423 0.23436 0.36596 0.25201 0.00002 ( 9)  0.153
  84 D   0.21965 0.20629 0.18103 0.14719 0.10930 0.07233 0.04083 0.01802 0.00501 0.00036 0.00000 ( 1)  0.016
  85 D   0.00310 0.02737 0.07052 0.12149 0.16602 0.18988 0.18277 0.14253 0.07905 0.01727 0.00000 ( 6)  0.058
  86 V   0.00002 0.00135 0.00991 0.03460 0.08163 0.14749 0.21331 0.24414 0.19955 0.06800 0.00000 ( 8)  0.096
  87 R   0.00000 0.00000 0.00000 0.00000 0.00002 0.00030 0.00267 0.01871 0.11511 0.71530 0.14789 (10)  0.355
  88 E   0.00243 0.02169 0.05701 0.10141 0.14509 0.17683 0.18581 0.16414 0.11033 0.03527 0.00000 ( 7)  0.068
  89 S   0.00001 0.00044 0.00340 0.01288 0.03411 0.07234 0.13063 0.20543 0.27609 0.26338 0.00128 ( 9)  0.146
  90 I   0.00335 0.02950 0.07553 0.12882 0.17344 0.19412 0.18099 0.13429 0.06816 0.01179 0.00000 ( 6)  0.055
  91 K   0.00240 0.02140 0.05629 0.10025 0.14371 0.17565 0.18540 0.16499 0.11248 0.03744 0.00001 ( 7)  0.069
  92 C   0.16520 0.16052 0.15118 0.13748 0.11994 0.09924 0.07634 0.05244 0.02911 0.00854 0.00000 ( 1)  0.028
  93 A   0.14343 0.14089 0.13574 0.12796 0.11754 0.10447 0.08871 0.07018 0.04856 0.02245 0.00007 ( 1)  0.037
  94 Q   0.00000 0.00004 0.00086 0.00610 0.02476 0.07039 0.15227 0.25514 0.30991 0.18044 0.00010 ( 9)  0.134
  95 K   0.00000 0.00000 0.00002 0.00033 0.00254 0.01303 0.04959 0.14761 0.33742 0.44923 0.00024 (10)  0.188
  96 V   0.20450 0.19411 0.17413 0.14659 0.11441 0.08109 0.05030 0.02535 0.00863 0.00091 0.00000 ( 1)  0.018
  97 K   0.19032 0.18225 0.16653 0.14437 0.11759 0.08850 0.05975 0.03411 0.01422 0.00234 0.00000 ( 1)  0.021
  98 K   0.18405 0.17691 0.16292 0.14300 0.11857 0.09149 0.06395 0.03838 0.01733 0.00339 0.00000 ( 1)  0.023
  99 L   0.00175 0.01578 0.04242 0.07818 0.11770 0.15396 0.17846 0.18150 0.15233 0.07776 0.00015 ( 8)  0.085
 100 Q   0.16499 0.16030 0.15096 0.13729 0.11978 0.09917 0.07640 0.05267 0.02950 0.00893 0.00000 ( 1)  0.029
 101 G   0.17517 0.16929 0.15768 0.14087 0.11978 0.09562 0.06994 0.04464 0.02202 0.00500 0.00000 ( 1)  0.025
 102 W   0.14232 0.13988 0.13493 0.12744 0.11738 0.10470 0.08933 0.07111 0.04962 0.02323 0.00007 ( 1)  0.038
 103 R   0.00001 0.00068 0.00516 0.01888 0.04764 0.09473 0.15708 0.22081 0.25534 0.19855 0.00112 ( 9)  0.130
 104 A   0.14805 0.14511 0.13917 0.13026 0.11843 0.10376 0.08638 0.06641 0.04393 0.01848 0.00003 ( 1)  0.035
 105 W   0.14232 0.13988 0.13493 0.12744 0.11738 0.10470 0.08933 0.07111 0.04962 0.02323 0.00007 ( 1)  0.038
 106 S   0.00000 0.00029 0.00231 0.00893 0.02442 0.05413 0.10387 0.17814 0.27407 0.34582 0.00801 (10)  0.168
 107 V   0.00164 0.01477 0.03989 0.07404 0.11260 0.14932 0.17629 0.18386 0.16007 0.08731 0.00023 ( 8)  0.088
 108 Y   0.16926 0.16409 0.15384 0.13890 0.11993 0.09783 0.07378 0.04926 0.02614 0.00696 0.00000 ( 1)  0.027
 109 N   0.19451 0.18575 0.16878 0.14503 0.11665 0.08632 0.05696 0.03152 0.01257 0.00191 0.00000 ( 1)  0.020
 110 G   0.17697 0.17085 0.15879 0.14139 0.11963 0.09485 0.06874 0.04330 0.02092 0.00455 0.00000 ( 1)  0.025
 111 R   0.15879 0.15477 0.14672 0.13484 0.11944 0.10100 0.08014 0.05765 0.03455 0.01208 0.00001 ( 1)  0.031
 112 C   0.16559 0.16086 0.15144 0.13763 0.11994 0.09911 0.07610 0.05213 0.02882 0.00838 0.00000 ( 1)  0.028
 113 K   0.00000 0.00003 0.00061 0.00439 0.01838 0.05462 0.12570 0.23031 0.32153 0.24433 0.00009 ( 9)  0.147
 114 N   0.00246 0.02190 0.05750 0.10209 0.14570 0.17703 0.18537 0.16318 0.10947 0.03529 0.00001 ( 7)  0.068
 115 A   0.00000 0.00000 0.00000 0.00000 0.00004 0.00047 0.00402 0.02701 0.15374 0.78305 0.03167 (10)  0.263
 116 K   0.18396 0.17683 0.16286 0.14298 0.11859 0.09154 0.06401 0.03844 0.01738 0.00340 0.00000 ( 1)  0.023
 117 L   0.00000 0.00000 0.00000 0.00003 0.00033 0.00255 0.01431 0.06332 0.23273 0.67944 0.00730 (10)  0.228
 118 L   0.00161 0.01452 0.03925 0.07296 0.11120 0.14794 0.17548 0.18430 0.16228 0.09029 0.00016 ( 8)  0.089
 119 P   0.00000 0.00006 0.00123 0.00849 0.03336 0.09058 0.18365 0.27963 0.28941 0.11358 0.00000 ( 9)  0.118
 120 S   0.00227 0.02028 0.05361 0.09622 0.13944 0.17290 0.18591 0.16941 0.11902 0.04095 0.00000 ( 7)  0.071
 121 I   0.00429 0.03730 0.09305 0.15235 0.19347 0.19977 0.16677 0.10591 0.04243 0.00466 0.00000 ( 6)  0.047
 122 E   0.00250 0.02226 0.05841 0.10357 0.14751 0.17863 0.18600 0.16211 0.10658 0.03242 0.00000 ( 7)  0.067
 123 E   0.00240 0.02141 0.05636 0.10043 0.14405 0.17616 0.18593 0.16519 0.11190 0.03617 0.00000 ( 7)  0.069
 124 C   0.16520 0.16052 0.15118 0.13748 0.11994 0.09924 0.07634 0.05244 0.02911 0.00854 0.00000 ( 1)  0.028
 125 F   0.00398 0.03470 0.08723 0.14458 0.18693 0.19806 0.17163 0.11531 0.05074 0.00683 0.00000 ( 6)  0.049

Positively selected sites

	Prob(w>1)  mean w



lnL = -2355.692169

Bayes Empirical Bayes (BEB) probabilities for 11 classes (class) & postmean_w
(amino acids refer to 1st sequence: Musdom_lysp)

   1 R   0.95536 0.03089 0.00885 0.00304 0.00113 0.00044 0.00018 0.00007 0.00003 0.00001 0.00000 ( 1)  0.057 +-  0.036
   2 I   0.91046 0.06994 0.01565 0.00316 0.00063 0.00013 0.00003 0.00001 0.00000 0.00000 0.00000 ( 1)  0.061 +-  0.040
   3 L   0.96974 0.02322 0.00507 0.00136 0.00041 0.00013 0.00004 0.00001 0.00000 0.00000 0.00000 ( 1)  0.054 +-  0.026
   4 N   0.94784 0.04043 0.00894 0.00210 0.00052 0.00013 0.00004 0.00001 0.00000 0.00000 0.00000 ( 1)  0.057 +-  0.032
   5 C   0.87448 0.07298 0.03027 0.01278 0.00545 0.00234 0.00101 0.00043 0.00017 0.00006 0.00003 ( 1)  0.072 +-  0.070
   6 C   0.97505 0.02005 0.00374 0.00086 0.00022 0.00006 0.00002 0.00001 0.00000 0.00000 0.00000 ( 1)  0.053 +-  0.022
   7 D   0.68214 0.19041 0.08597 0.02917 0.00881 0.00253 0.00071 0.00020 0.00005 0.00001 0.00000 ( 1)  0.100 +-  0.089
   8 L   0.96590 0.02543 0.00605 0.00176 0.00056 0.00019 0.00007 0.00002 0.00001 0.00000 0.00000 ( 1)  0.055 +-  0.029
   9 A   0.95177 0.03238 0.00981 0.00358 0.00142 0.00060 0.00026 0.00011 0.00005 0.00002 0.00001 ( 1)  0.057 +-  0.040
  10 R   0.94635 0.04070 0.00950 0.00245 0.00069 0.00021 0.00007 0.00002 0.00001 0.00000 0.00000 ( 1)  0.057 +-  0.034
  11 E   0.98516 0.01295 0.00159 0.00025 0.00004 0.00001 0.00000 0.00000 0.00000 0.00000 0.00000 ( 1)  0.052 +-  0.015
  12 M   0.94145 0.04983 0.00754 0.00102 0.00014 0.00002 0.00000 0.00000 0.00000 0.00000 0.00000 ( 1)  0.057 +-  0.030
  13 S   0.88375 0.07027 0.02749 0.01096 0.00444 0.00183 0.00076 0.00032 0.00013 0.00004 0.00003 ( 1)  0.069 +-  0.065
  14 R   0.96851 0.02409 0.00535 0.00143 0.00042 0.00013 0.00004 0.00001 0.00000 0.00000 0.00000 ( 1)  0.054 +-  0.026
  15 L   0.96620 0.02525 0.00597 0.00173 0.00055 0.00019 0.00007 0.00002 0.00001 0.00000 0.00000 ( 1)  0.055 +-  0.028
  16 G   0.98008 0.01673 0.00257 0.00048 0.00010 0.00002 0.00001 0.00000 0.00000 0.00000 0.00000 ( 1)  0.052 +-  0.018
  17 V   0.14757 0.30052 0.29979 0.15783 0.06271 0.02167 0.00696 0.00214 0.00063 0.00015 0.00002 ( 2)  0.230 +-  0.129
  18 A   0.00019 0.00424 0.02495 0.06145 0.09845 0.12169 0.12576 0.11263 0.08714 0.05078 0.31272 (11)  0.915 +-  0.485
  19 K   0.98337 0.01427 0.00194 0.00034 0.00007 0.00001 0.00000 0.00000 0.00000 0.00000 0.00000 ( 1)  0.052 +-  0.016
  20 S   0.09247 0.34310 0.34692 0.15488 0.04747 0.01187 0.00263 0.00054 0.00010 0.00002 0.00000 ( 3)  0.227 +-  0.108
  21 E   0.86960 0.09198 0.02806 0.00763 0.00201 0.00053 0.00014 0.00004 0.00001 0.00000 0.00000 ( 1)  0.068 +-  0.054
  22 L   0.88114 0.08682 0.02425 0.00596 0.00140 0.00033 0.00008 0.00002 0.00000 0.00000 0.00000 ( 1)  0.066 +-  0.050
  23 A   0.93848 0.03753 0.01329 0.00564 0.00260 0.00125 0.00062 0.00031 0.00015 0.00006 0.00008 ( 1)  0.061 +-  0.052
  24 T   0.96988 0.02595 0.00356 0.00052 0.00008 0.00001 0.00000 0.00000 0.00000 0.00000 0.00000 ( 1)  0.054 +-  0.021
  25 W   0.95404 0.03154 0.00920 0.00321 0.00121 0.00048 0.00019 0.00008 0.00003 0.00001 0.00000 ( 1)  0.057 +-  0.037
  26 C   0.97418 0.02061 0.00395 0.00093 0.00024 0.00007 0.00002 0.00001 0.00000 0.00000 0.00000 ( 1)  0.053 +-  0.022
  27 C   0.97677 0.01895 0.00333 0.00072 0.00017 0.00004 0.00001 0.00000 0.00000 0.00000 0.00000 ( 1)  0.053 +-  0.021
  28 I   0.99304 0.00651 0.00041 0.00003 0.00000 0.00000 0.00000 0.00000 0.00000 0.00000 0.00000 ( 1)  0.051 +-  0.009
  29 A   0.88898 0.06822 0.02607 0.01015 0.00399 0.00158 0.00063 0.00025 0.00009 0.00003 0.00001 ( 1)  0.068 +-  0.062
  30 Q   0.97216 0.02178 0.00447 0.00113 0.00032 0.00010 0.00003 0.00001 0.00000 0.00000 0.00000 ( 1)  0.054 +-  0.024
  31 F   0.18495 0.31097 0.27301 0.13767 0.05735 0.02247 0.00865 0.00328 0.00119 0.00036 0.00012 ( 2)  0.220 +-  0.135
  32 E   0.98546 0.01272 0.00153 0.00023 0.00004 0.00001 0.00000 0.00000 0.00000 0.00000 0.00000 ( 1)  0.052 +-  0.015
  33 S   0.99546 0.00435 0.00018 0.00001 0.00000 0.00000 0.00000 0.00000 0.00000 0.00000 0.00000 ( 1)  0.050 +-  0.007
  34 R   0.92771 0.05091 0.01473 0.00451 0.00144 0.00047 0.00016 0.00005 0.00002 0.00000 0.00000 ( 1)  0.060 +-  0.043
  35 Y   0.85143 0.11468 0.02720 0.00536 0.00105 0.00022 0.00005 0.00001 0.00000 0.00000 0.00000 ( 1)  0.069 +-  0.051
  36 N   0.98972 0.00927 0.00088 0.00011 0.00002 0.00000 0.00000 0.00000 0.00000 0.00000 0.00000 ( 1)  0.051 +-  0.012
  37 T   0.99369 0.00595 0.00033 0.00002 0.00000 0.00000 0.00000 0.00000 0.00000 0.00000 0.00000 ( 1)  0.051 +-  0.009
  38 T   0.33386 0.20411 0.19083 0.12781 0.07291 0.03788 0.01845 0.00849 0.00363 0.00127 0.00075 ( 1)  0.217 +-  0.174
  39 A   0.96630 0.02535 0.00592 0.00167 0.00051 0.00017 0.00006 0.00002 0.00001 0.00000 0.00000 ( 1)  0.055 +-  0.028
  40 I   0.94411 0.04276 0.00990 0.00240 0.00061 0.00016 0.00004 0.00001 0.00000 0.00000 0.00000 ( 1)  0.057 +-  0.034
  41 G   0.98594 0.01241 0.00141 0.00020 0.00003 0.00001 0.00000 0.00000 0.00000 0.00000 0.00000 ( 1)  0.052 +-  0.014
  42 R   0.34108 0.20705 0.19096 0.12561 0.07018 0.03565 0.01697 0.00763 0.00319 0.00109 0.00058 ( 1)  0.212 +-  0.170
  43 L   0.97340 0.02084 0.00421 0.00108 0.00032 0.00010 0.00003 0.00001 0.00000 0.00000 0.00000 ( 1)  0.053 +-  0.024
  44 N   0.99031 0.00877 0.00080 0.00010 0.00002 0.00000 0.00000 0.00000 0.00000 0.00000 0.00000 ( 1)  0.051 +-  0.011
  45 G   0.97700 0.01886 0.00326 0.00068 0.00016 0.00004 0.00001 0.00000 0.00000 0.00000 0.00000 ( 1)  0.053 +-  0.020
  46 N   0.98776 0.01090 0.00115 0.00016 0.00003 0.00000 0.00000 0.00000 0.00000 0.00000 0.00000 ( 1)  0.051 +-  0.013
  47 W   0.95404 0.03154 0.00920 0.00321 0.00121 0.00048 0.00019 0.00008 0.00003 0.00001 0.00000 ( 1)  0.057 +-  0.037
  48 S   0.97887 0.01750 0.00287 0.00058 0.00013 0.00003 0.00001 0.00000 0.00000 0.00000 0.00000 ( 1)  0.053 +-  0.019
  49 N   0.98776 0.01090 0.00115 0.00016 0.00003 0.00000 0.00000 0.00000 0.00000 0.00000 0.00000 ( 1)  0.051 +-  0.013
  50 D   0.99445 0.00527 0.00027 0.00002 0.00000 0.00000 0.00000 0.00000 0.00000 0.00000 0.00000 ( 1)  0.051 +-  0.008
  51 Y   0.96802 0.02758 0.00378 0.00053 0.00008 0.00001 0.00000 0.00000 0.00000 0.00000 0.00000 ( 1)  0.054 +-  0.022
  52 G   0.97978 0.01695 0.00263 0.00050 0.00010 0.00002 0.00001 0.00000 0.00000 0.00000 0.00000 ( 1)  0.052 +-  0.018
  53 L   0.97997 0.01666 0.00266 0.00054 0.00013 0.00003 0.00001 0.00000 0.00000 0.00000 0.00000 ( 1)  0.052 +-  0.019
  54 F   0.99501 0.00476 0.00022 0.00001 0.00000 0.00000 0.00000 0.00000 0.00000 0.00000 0.00000 ( 1)  0.051 +-  0.008
  55 Q   0.97226 0.02172 0.00444 0.00112 0.00032 0.00010 0.00003 0.00001 0.00000 0.00000 0.00000 ( 1)  0.054 +-  0.024
  56 F   0.71523 0.17990 0.07352 0.02277 0.00632 0.00168 0.00044 0.00011 0.00003 0.00001 0.00000 ( 1)  0.093 +-  0.081
  57 S   0.99567 0.00415 0.00017 0.00001 0.00000 0.00000 0.00000 0.00000 0.00000 0.00000 0.00000 ( 1)  0.050 +-  0.007
  58 D   0.99441 0.00530 0.00027 0.00002 0.00000 0.00000 0.00000 0.00000 0.00000 0.00000 0.00000 ( 1)  0.051 +-  0.008
  59 R   0.96518 0.02597 0.00621 0.00179 0.00056 0.00019 0.00006 0.00002 0.00001 0.00000 0.00000 ( 1)  0.055 +-  0.029
  60 Y   0.99129 0.00804 0.00060 0.00006 0.00001 0.00000 0.00000 0.00000 0.00000 0.00000 0.00000 ( 1)  0.051 +-  0.010
  61 W   0.95404 0.03154 0.00920 0.00321 0.00121 0.00048 0.00019 0.00008 0.00003 0.00001 0.00000 ( 1)  0.057 +-  0.037
  62 C   0.97418 0.02061 0.00395 0.00093 0.00024 0.00007 0.00002 0.00001 0.00000 0.00000 0.00000 ( 1)  0.053 +-  0.022
  63 Q   0.97206 0.02184 0.00449 0.00114 0.00032 0.00010 0.00003 0.00001 0.00000 0.00000 0.00000 ( 1)  0.054 +-  0.024
  64 S   0.96799 0.02436 0.00549 0.00150 0.00045 0.00014 0.00005 0.00002 0.00001 0.00000 0.00000 ( 1)  0.054 +-  0.027
  65 S   0.67920 0.19338 0.08708 0.02892 0.00839 0.00227 0.00059 0.00015 0.00003 0.00001 0.00000 ( 1)  0.100 +-  0.088
  66 A   0.00002 0.00129 0.01147 0.03644 0.06990 0.09906 0.11406 0.11157 0.09295 0.05779 0.40545 (11)  1.059 +-  0.615
  67 S   0.33106 0.20171 0.18972 0.12865 0.07457 0.03942 0.01954 0.00914 0.00396 0.00140 0.00083 ( 1)  0.220 +-  0.176
  68 R   0.99193 0.00748 0.00054 0.00005 0.00001 0.00000 0.00000 0.00000 0.00000 0.00000 0.00000 ( 1)  0.051 +-  0.010
  69 S   0.17244 0.30763 0.28446 0.14576 0.05860 0.02100 0.00705 0.00224 0.00066 0.00016 0.00001 ( 2)  0.222 +-  0.130
  70 S   0.97186 0.02205 0.00452 0.00113 0.00031 0.00009 0.00003 0.00001 0.00000 0.00000 0.00000 ( 1)  0.054 +-  0.024
  71 A   0.95553 0.03066 0.00880 0.00305 0.00116 0.00047 0.00020 0.00008 0.00003 0.00001 0.00001 ( 1)  0.057 +-  0.037
  72 N   0.98776 0.01090 0.00115 0.00016 0.00003 0.00000 0.00000 0.00000 0.00000 0.00000 0.00000 ( 1)  0.051 +-  0.013
  73 L   0.97700 0.01858 0.00335 0.00078 0.00021 0.00006 0.00002 0.00001 0.00000 0.00000 0.00000 ( 1)  0.053 +-  0.021
  74 C   0.97425 0.02057 0.00393 0.00092 0.00024 0.00007 0.00002 0.00001 0.00000 0.00000 0.00000 ( 1)  0.053 +-  0.022
  75 Q   0.00659 0.03926 0.11237 0.16457 0.17453 0.15302 0.11778 0.08148 0.05010 0.02377 0.07653 ( 5)  0.573 +-  0.333
  76 I   0.95676 0.03492 0.00662 0.00133 0.00028 0.00006 0.00001 0.00000 0.00000 0.00000 0.00000 ( 1)  0.055 +-  0.028
  77 N   0.00001 0.00133 0.01432 0.04717 0.08827 0.11908 0.12946 0.11945 0.09405 0.05528 0.33159 (11)  0.948 +-  0.482
  78 C   0.97444 0.02043 0.00389 0.00091 0.00024 0.00007 0.00002 0.00001 0.00000 0.00000 0.00000 ( 1)  0.053 +-  0.022
  79 Q   0.97377 0.02079 0.00407 0.00099 0.00027 0.00008 0.00002 0.00001 0.00000 0.00000 0.00000 ( 1)  0.053 +-  0.023
  80 H   0.00039 0.01292 0.06801 0.13675 0.17550 0.17387 0.14477 0.10501 0.06604 0.03127 0.08547 ( 5)  0.629 +-  0.323
  81 L   0.97312 0.02121 0.00422 0.00104 0.00028 0.00008 0.00003 0.00001 0.00000 0.00000 0.00000 ( 1)  0.053 +-  0.023
  82 V   0.39478 0.22830 0.18499 0.10458 0.05022 0.02214 0.00927 0.00372 0.00141 0.00044 0.00016 ( 1)  0.182 +-  0.148
  83 S   0.56448 0.27290 0.11886 0.03343 0.00799 0.00181 0.00041 0.00010 0.00002 0.00000 0.00000 ( 1)  0.116 +-  0.090
  84 D   0.99419 0.00549 0.00029 0.00002 0.00000 0.00000 0.00000 0.00000 0.00000 0.00000 0.00000 ( 1)  0.051 +-  0.008
  85 D   0.96831 0.02690 0.00399 0.00065 0.00012 0.00002 0.00001 0.00000 0.00000 0.00000 0.00000 ( 1)  0.054 +-  0.022
  86 V   0.90840 0.07149 0.01610 0.00323 0.00063 0.00012 0.00002 0.00000 0.00000 0.00000 0.00000 ( 1)  0.062 +-  0.041
  87 R   0.00403 0.04846 0.15652 0.21913 0.20616 0.15428 0.09931 0.05691 0.02892 0.01141 0.01487 ( 4)  0.466 +-  0.219
  88 E   0.95111 0.03848 0.00806 0.00179 0.00042 0.00010 0.00003 0.00001 0.00000 0.00000 0.00000 ( 1)  0.056 +-  0.031
  89 S   0.70180 0.14488 0.08244 0.03999 0.01796 0.00772 0.00321 0.00129 0.00049 0.00016 0.00006 ( 1)  0.107 +-  0.110
  90 I   0.97376 0.02305 0.00278 0.00035 0.00005 0.00001 0.00000 0.00000 0.00000 0.00000 0.00000 ( 1)  0.053 +-  0.019
  91 K   0.94943 0.03937 0.00855 0.00199 0.00049 0.00013 0.00004 0.00001 0.00000 0.00000 0.00000 ( 1)  0.057 +-  0.032
  92 C   0.97418 0.02061 0.00395 0.00093 0.00024 0.00007 0.00002 0.00001 0.00000 0.00000 0.00000 ( 1)  0.053 +-  0.022
  93 A   0.95499 0.03101 0.00895 0.00310 0.00117 0.00046 0.00019 0.00008 0.00003 0.00001 0.00000 ( 1)  0.057 +-  0.037
  94 Q   0.74643 0.16681 0.06145 0.01803 0.00511 0.00150 0.00046 0.00015 0.00005 0.00001 0.00000 ( 1)  0.088 +-  0.076
  95 K   0.28155 0.30628 0.24298 0.11145 0.03999 0.01265 0.00372 0.00104 0.00027 0.00006 0.00000 ( 2)  0.188 +-  0.124
  96 V   0.99115 0.00816 0.00062 0.00006 0.00001 0.00000 0.00000 0.00000 0.00000 0.00000 0.00000 ( 1)  0.051 +-  0.011
  97 K   0.98648 0.01193 0.00136 0.00020 0.00003 0.00001 0.00000 0.00000 0.00000 0.00000 0.00000 ( 1)  0.052 +-  0.014
  98 K   0.98390 0.01387 0.00184 0.00031 0.00006 0.00001 0.00000 0.00000 0.00000 0.00000 0.00000 ( 1)  0.052 +-  0.016
  99 L   0.91549 0.05690 0.01816 0.00609 0.00213 0.00077 0.00029 0.00011 0.00004 0.00001 0.00001 ( 1)  0.063 +-  0.049
 100 Q   0.97363 0.02088 0.00411 0.00100 0.00027 0.00008 0.00002 0.00001 0.00000 0.00000 0.00000 ( 1)  0.053 +-  0.023
 101 G   0.98033 0.01656 0.00252 0.00047 0.00010 0.00002 0.00000 0.00000 0.00000 0.00000 0.00000 ( 1)  0.052 +-  0.018
 102 W   0.95404 0.03154 0.00920 0.00321 0.00121 0.00048 0.00019 0.00008 0.00003 0.00001 0.00000 ( 1)  0.057 +-  0.037
 103 R   0.78331 0.11737 0.05513 0.02469 0.01103 0.00490 0.00214 0.00090 0.00036 0.00012 0.00004 ( 1)  0.089 +-  0.093
 104 A   0.96010 0.02858 0.00757 0.00241 0.00084 0.00031 0.00012 0.00004 0.00002 0.00001 0.00000 ( 1)  0.056 +-  0.033
 105 W   0.95404 0.03154 0.00920 0.00321 0.00121 0.00048 0.00019 0.00008 0.00003 0.00001 0.00000 ( 1)  0.057 +-  0.037
 106 S   0.57901 0.15537 0.11365 0.07017 0.03975 0.02134 0.01099 0.00542 0.00251 0.00096 0.00082 ( 1)  0.150 +-  0.157
 107 V   0.90715 0.06073 0.02058 0.00726 0.00265 0.00100 0.00039 0.00015 0.00006 0.00002 0.00001 ( 1)  0.064 +-  0.053
 108 Y   0.97678 0.01895 0.00333 0.00071 0.00017 0.00004 0.00001 0.00000 0.00000 0.00000 0.00000 ( 1)  0.053 +-  0.021
 109 N   0.98776 0.01090 0.00115 0.00016 0.00003 0.00000 0.00000 0.00000 0.00000 0.00000 0.00000 ( 1)  0.051 +-  0.013
 110 G   0.98123 0.01592 0.00233 0.00042 0.00008 0.00002 0.00000 0.00000 0.00000 0.00000 0.00000 ( 1)  0.052 +-  0.017
 111 R   0.96888 0.02366 0.00530 0.00147 0.00045 0.00015 0.00005 0.00002 0.00001 0.00000 0.00000 ( 1)  0.054 +-  0.027
 112 C   0.97443 0.02045 0.00389 0.00091 0.00023 0.00007 0.00002 0.00001 0.00000 0.00000 0.00000 ( 1)  0.053 +-  0.022
 113 K   0.66665 0.19520 0.09164 0.03225 0.01009 0.00299 0.00086 0.00024 0.00007 0.00002 0.00000 ( 1)  0.104 +-  0.092
 114 N   0.95135 0.03819 0.00806 0.00182 0.00044 0.00011 0.00003 0.00001 0.00000 0.00000 0.00000 ( 1)  0.056 +-  0.031
 115 A   0.00799 0.08383 0.22714 0.26030 0.19748 0.11825 0.06075 0.02782 0.01135 0.00364 0.00146 ( 4)  0.390 +-  0.166
 116 K   0.98387 0.01389 0.00184 0.00031 0.00006 0.00001 0.00000 0.00000 0.00000 0.00000 0.00000 ( 1)  0.052 +-  0.016
 117 L   0.05198 0.17413 0.28189 0.23354 0.14013 0.06968 0.03058 0.01217 0.00437 0.00125 0.00028 ( 3)  0.317 +-  0.155
 118 L   0.90480 0.06188 0.02137 0.00760 0.00275 0.00101 0.00038 0.00014 0.00005 0.00002 0.00000 ( 1)  0.065 +-  0.054
 119 P   0.82059 0.13598 0.03533 0.00675 0.00113 0.00018 0.00003 0.00000 0.00000 0.00000 0.00000 ( 1)  0.073 +-  0.055
 120 S   0.94582 0.04192 0.00940 0.00218 0.00052 0.00013 0.00003 0.00001 0.00000 0.00000 0.00000 ( 1)  0.057 +-  0.033
 121 I   0.98411 0.01460 0.00117 0.00010 0.00001 0.00000 0.00000 0.00000 0.00000 0.00000 0.00000 ( 1)  0.052 +-  0.014
 122 E   0.95355 0.03701 0.00742 0.00157 0.00035 0.00008 0.00002 0.00000 0.00000 0.00000 0.00000 ( 1)  0.056 +-  0.029
 123 E   0.95022 0.03909 0.00827 0.00185 0.00043 0.00010 0.00003 0.00001 0.00000 0.00000 0.00000 ( 1)  0.056 +-  0.031
 124 C   0.97418 0.02061 0.00395 0.00093 0.00024 0.00007 0.00002 0.00001 0.00000 0.00000 0.00000 ( 1)  0.053 +-  0.022
 125 F   0.98079 0.01734 0.00167 0.00018 0.00002 0.00000 0.00000 0.00000 0.00000 0.00000 0.00000 ( 1)  0.052 +-  0.016

Positively selected sites

	Prob(w>1)  mean w

