

NSsites Model 0: one-ratio

TREE # 1

  0  0.0000   2626.805386  x:  0.24963   0.62865   0.28502   0.17330   0.06923   0.09998   0.00000   0.04429   0.09897   0.07393   0.09518   0.04926   0.17704   0.03206   0.05926   0.05334   0.09217   0.04371   0.09503   0.25024   0.04299   0.13222   0.14847   0.11917   0.13518   0.10248   0.10844   0.04298   0.09073   0.05675   0.05382   0.95466   1.25822   0.65650   1.16472   0.48821  
  1 99.0000   2481.182484  x:  0.26818   0.62675   0.31914   0.19304   0.05597   0.13611   0.17115   0.21387   0.13660   0.09984   0.11639   0.05471   0.22422   0.13481   0.04075   0.02472   0.05621   0.09387   0.12884   0.28242   0.10956   0.17806   0.18263   0.13373   0.15103   0.09504   0.07935   0.03762   0.12358   0.02452   0.00000   1.00550   1.26143   0.67370   1.17106   0.21707  
  2 556.0701   2433.426225  x:  0.27658   0.62603   0.33498   0.20145   0.04959   0.15270   0.24716   0.28955   0.15366   0.11154   0.12599   0.05661   0.24591   0.18035   0.03231   0.01250   0.03975   0.11606   0.14381   0.29723   0.13917   0.19911   0.19834   0.14030   0.15822   0.09169   0.06613   0.03549   0.13877   0.01345   0.02108   1.02913   1.26287   0.68165   1.17411   0.08637  
  3 9337.5283   2430.769731  x:  0.27872   0.62824   0.34062   0.20041   0.04701   0.15604   0.24977   0.29383   0.15600   0.11258   0.12707   0.05381   0.25056   0.18067   0.03517   0.02676   0.04162   0.11510   0.14384   0.30047   0.13988   0.20333   0.20165   0.14073   0.16021   0.09070   0.06682   0.03750   0.14035   0.03230   0.01954   1.03273   1.26259   0.68248   1.17574   0.07498  
  4 240.9191   2428.308087  x:  0.28559   0.63521   0.35805   0.19808   0.03972   0.16635   0.26024   0.30915   0.16360   0.11628   0.13044   0.04619   0.26482   0.18305   0.03712   0.03787   0.04322   0.11301   0.14472   0.31049   0.14298   0.21630   0.21157   0.14243   0.16573   0.08909   0.06765   0.04208   0.14547   0.04241   0.02306   1.04313   1.26172   0.68487   1.18072   0.09042  
  5 152.5236   2419.995611  x:  0.31237   0.67172   0.43502   0.17460   0.00750   0.20290   0.24484   0.32037   0.18622   0.12263   0.13572   0.00000   0.31772   0.15087   0.03776   0.04366   0.05598   0.08045   0.13194   0.34809   0.12884   0.26212   0.24623   0.14255   0.18356   0.08373   0.08039   0.05475   0.15639   0.02559   0.02222   1.08296   1.25647   0.69245   1.20543   0.08347  
  6 150.0657   2416.179634  x:  0.33577   0.70745   0.50773   0.15141   0.04151   0.23293   0.22849   0.33018   0.20889   0.12604   0.13606   0.00000   0.36318   0.12142   0.03805   0.02180   0.05314   0.06830   0.11641   0.38118   0.11159   0.29756   0.27067   0.13744   0.19347   0.07682   0.07431   0.03863   0.16172   0.03606   0.02057   1.12187   1.25154   0.70038   1.23155   0.08087  
  7 186.8255   2414.809383  x:  0.34347   0.72611   0.54188   0.13894   0.04693   0.23006   0.22033   0.33299   0.21804   0.12333   0.13149   0.00000   0.37808   0.11123   0.04784   0.03396   0.04522   0.09472   0.10818   0.39381   0.10018   0.30431   0.27114   0.12921   0.18886   0.07696   0.06303   0.03168   0.15848   0.02611   0.02073   1.14295   1.24886   0.70534   1.24891   0.08014  
  8 78.5712   2413.771844  x:  0.34779   0.74478   0.57382   0.12786   0.04187   0.21552   0.21570   0.33633   0.22530   0.11977   0.12534   0.00000   0.38665   0.10645   0.04432   0.02380   0.03907   0.11882   0.10204   0.40380   0.09012   0.30398   0.26454   0.11981   0.17906   0.07929   0.06339   0.04662   0.15257   0.03325   0.02006   1.16504   1.24612   0.71133   1.26953   0.08024  
  9 79.5500   2413.034240  x:  0.34718   0.76267   0.60196   0.12163   0.03789   0.19462   0.21728   0.34056   0.22955   0.11864   0.12164   0.00000   0.38718   0.11038   0.03405   0.02328   0.04941   0.11996   0.10108   0.41036   0.08617   0.29697   0.25284   0.11585   0.16582   0.08378   0.07049   0.03409   0.14738   0.03577   0.02025   1.18728   1.24366   0.71846   1.29450   0.08120  
 10 48.9188   2412.223654  x:  0.34106   0.78785   0.63867   0.11728   0.04837   0.16970   0.22139   0.34328   0.23171   0.12018   0.11995   0.00000   0.38021   0.11934   0.04225   0.02905   0.04720   0.10020   0.10355   0.41642   0.08669   0.28258   0.23515   0.11899   0.14892   0.08896   0.07385   0.04127   0.14174   0.03129   0.02065   1.21854   1.24062   0.72967   1.33536   0.08129  
 11 57.4423   2411.800354  x:  0.33081   0.80369   0.65805   0.11704   0.04098   0.16751   0.22206   0.33717   0.22671   0.12079   0.12358   0.00000   0.36899   0.12088   0.04211   0.02649   0.04103   0.09461   0.10807   0.41637   0.09201   0.27237   0.22855   0.12929   0.14831   0.08758   0.05984   0.03830   0.14283   0.03442   0.02030   1.23703   1.23955   0.73817   1.36899   0.08198  
 12 33.7522   2411.018019  x:  0.30098   0.83696   0.69426   0.11907   0.04539   0.18480   0.22512   0.31974   0.21149   0.11987   0.13271   0.00000   0.33974   0.12447   0.03905   0.02709   0.04972   0.10623   0.11843   0.41070   0.10581   0.25111   0.21994   0.15064   0.15738   0.08255   0.06416   0.04228   0.15022   0.03321   0.02017   1.27508   1.23939   0.75911   1.45208   0.08201  
 13 53.3684   2410.784169  x:  0.28833   0.84566   0.70034   0.11915   0.04274   0.18930   0.22736   0.31413   0.20809   0.11813   0.13198   0.00000   0.33367   0.12857   0.04263   0.02595   0.04069   0.10674   0.11974   0.40552   0.10652   0.24929   0.22171   0.14680   0.16292   0.08339   0.07364   0.03732   0.15157   0.03439   0.02009   1.28367   1.24175   0.76748   1.48445   0.08241  
 14 32.0976   2410.178389  x:  0.24859   0.86469   0.70387   0.11764   0.04312   0.19529   0.23602   0.30071   0.20435   0.11284   0.12492   0.00000   0.32763   0.14402   0.04172   0.02650   0.04523   0.10123   0.11877   0.38518   0.10011   0.25516   0.23527   0.11722   0.17880   0.08749   0.06602   0.03968   0.14912   0.03401   0.02009   1.29781   1.25475   0.79433   1.58688   0.08302  
 15 37.8190   2409.551484  x:  0.21455   0.87787   0.68780   0.11358   0.04595   0.18015   0.24127   0.29144   0.21037   0.12295   0.13708   0.00000   0.34226   0.14122   0.03826   0.02795   0.04353   0.10360   0.11912   0.36855   0.09063   0.27090   0.25598   0.12749   0.17300   0.07562   0.06831   0.04064   0.14201   0.03328   0.01990   1.29270   1.28319   0.82984   1.72192   0.08302  
 16 27.9534   2408.997130  x:  0.20305   0.88611   0.66687   0.11267   0.04448   0.17546   0.24355   0.28950   0.21429   0.11775   0.13594   0.00000   0.35812   0.12788   0.05167   0.02150   0.05106   0.10585   0.12361   0.36724   0.09370   0.28146   0.25708   0.13559   0.16277   0.09143   0.06771   0.03927   0.15449   0.03570   0.01959   1.27737   1.31913   0.86680   1.85750   0.08250  
 17 47.2086   2408.274098  x:  0.20681   0.89323   0.64021   0.11378   0.04752   0.18166   0.24284   0.29110   0.21590   0.10532   0.12998   0.00000   0.37484   0.11075   0.03652   0.02911   0.04228   0.10225   0.12778   0.37457   0.10123   0.28757   0.24464   0.13598   0.15253   0.09753   0.06762   0.04204   0.16208   0.03421   0.01939   1.25328   1.37019   0.91453   2.02954   0.08233  
 18 89.2703   2407.323122  x:  0.23634   0.89707   0.60736   0.11704   0.04183   0.19539   0.23447   0.29811   0.21692   0.10785   0.12553   0.00000   0.38559   0.10521   0.04655   0.02534   0.04743   0.09928   0.12586   0.39178   0.10691   0.28568   0.22056   0.12637   0.15026   0.07330   0.06822   0.04047   0.14974   0.03527   0.01966   1.21725   1.44851   0.98041   2.26405   0.08191  
 19 93.2781   2406.482492  x:  0.28899   0.88860   0.58612   0.12046   0.04193   0.19621   0.21245   0.30411   0.21546   0.12891   0.13361   0.00000   0.37557   0.12262   0.04226   0.02665   0.04556   0.10022   0.10848   0.40935   0.09221   0.27442   0.22441   0.13133   0.16983   0.09286   0.06756   0.04143   0.14628   0.03549   0.01949   1.18504   1.53644   1.04300   2.48469   0.08088  
 20 63.3947   2406.161353  x:  0.31241   0.87334   0.58592   0.12622   0.04283   0.18718   0.20590   0.30817   0.21013   0.11080   0.12496   0.00000   0.36281   0.12669   0.04340   0.02654   0.04681   0.09913   0.10681   0.41452   0.08451   0.27356   0.24293   0.13960   0.17507   0.08683   0.06781   0.04170   0.14722   0.03537   0.01954   1.18072   1.57974   1.06541   2.56396   0.08099  
 21 32.3874   2405.861327  x:  0.32909   0.83379   0.59797   0.13109   0.04392   0.18056   0.19990   0.30418   0.20692   0.11011   0.14100   0.00000   0.34568   0.11589   0.04385   0.02673   0.04681   0.09910   0.11970   0.41370   0.08553   0.28056   0.25354   0.12398   0.16617   0.08372   0.06790   0.04209   0.15546   0.03540   0.01919   1.19280   1.64415   1.08371   2.63427   0.08150  
 22 16.2392   2405.457911  x:  0.33478   0.76330   0.61878   0.12081   0.04221   0.19039   0.18826   0.28750   0.21517   0.11707   0.12585   0.00000   0.34320   0.12039   0.04268   0.02726   0.04642   0.09869   0.12779   0.40247   0.09073   0.29135   0.24898   0.13160   0.15459   0.08808   0.06764   0.04211   0.14779   0.03618   0.01851   1.22392   1.75316   1.10385   2.72152   0.08292  
 23 20.2433   2405.281290  x:  0.32829   0.74049   0.62544   0.12011   0.04243   0.18449   0.18552   0.28292   0.21335   0.10959   0.13311   0.00000   0.35778   0.12065   0.04350   0.02721   0.04700   0.09725   0.11928   0.39967   0.08798   0.28690   0.23451   0.13525   0.17022   0.08488   0.06804   0.04220   0.15413   0.03609   0.01826   1.24195   1.81601   1.11014   2.75511   0.08365  
 24 13.2025   2405.111077  x:  0.31754   0.74780   0.62638   0.13377   0.04111   0.18835   0.18939   0.27922   0.20292   0.11047   0.13334   0.00000   0.37011   0.11267   0.04466   0.02710   0.04743   0.09606   0.11452   0.40710   0.08333   0.27196   0.23912   0.13522   0.16960   0.08996   0.06818   0.04177   0.14363   0.03675   0.01821   1.25915   1.89473   1.11265   2.77955   0.08415  
 25  9.0974   2404.818180  x:  0.29871   0.79331   0.62051   0.12969   0.03985   0.18782   0.17597   0.27054   0.20403   0.11633   0.12686   0.00000   0.37023   0.12055   0.04327   0.02796   0.04703   0.09516   0.10990   0.42033   0.09128   0.26395   0.24772   0.13163   0.16248   0.08218   0.06812   0.04218   0.15984   0.03693   0.01775   1.28075   2.04563   1.11348   2.81600   0.08458  
 26 15.2363   2404.581318  x:  0.28835   0.84080   0.61925   0.12194   0.03947   0.18754   0.16869   0.26849   0.21155   0.10699   0.13416   0.00000   0.35647   0.12173   0.04351   0.02811   0.04727   0.09443   0.12038   0.42046   0.09238   0.28064   0.24072   0.13557   0.16977   0.08763   0.06849   0.04202   0.14756   0.03729   0.01770   1.29140   2.16908   1.11204   2.84472   0.08435  
 27 22.0868   2404.520643  x:  0.28912   0.85377   0.62559   0.12345   0.03889   0.18904   0.17310   0.26848   0.20891   0.11013   0.13065   0.00000   0.35274   0.11956   0.04324   0.02844   0.04720   0.09384   0.12202   0.41063   0.08274   0.28629   0.23465   0.13776   0.16919   0.08618   0.06824   0.04214   0.15207   0.03745   0.01779   1.28805   2.19747   1.10990   2.85339   0.08421  
 28  7.8901   2404.468701  x:  0.29113   0.86280   0.64196   0.12138   0.03902   0.18650   0.17599   0.26542   0.20478   0.11057   0.12988   0.00000   0.35611   0.11838   0.04327   0.02847   0.04727   0.09404   0.12021   0.39750   0.09198   0.28517   0.23614   0.13709   0.17033   0.08657   0.06850   0.04218   0.15081   0.03748   0.01799   1.27401   2.21521   1.10504   2.86505   0.08362  
 29  3.5145   2404.418958  x:  0.28526   0.86527   0.65740   0.11913   0.03789   0.19067   0.17461   0.26594   0.21040   0.10592   0.13395   0.00000   0.35825   0.12196   0.04357   0.02828   0.04729   0.09337   0.12480   0.39566   0.08822   0.27723   0.23767   0.13671   0.16748   0.08652   0.06833   0.04220   0.15125   0.03761   0.01811   1.25898   2.22378   1.09865   2.88016   0.08302  
 30  3.2946   2404.321327  x:  0.26859   0.86406   0.68047   0.11935   0.03809   0.18622   0.17373   0.26685   0.21196   0.11151   0.12721   0.00000   0.35427   0.11811   0.04286   0.02887   0.04724   0.09334   0.13189   0.41252   0.08624   0.27726   0.23703   0.13629   0.17618   0.08589   0.06876   0.04233   0.15122   0.03728   0.01829   1.23884   2.22915   1.08679   2.91467   0.08200  
 31  4.4163   2404.160171  x:  0.25858   0.86329   0.69744   0.11400   0.03622   0.19087   0.17565   0.26401   0.19947   0.10775   0.13300   0.00000   0.34726   0.12096   0.04347   0.02897   0.04783   0.09128   0.11340   0.43012   0.08424   0.28975   0.23487   0.13732   0.16723   0.08683   0.06867   0.04223   0.14968   0.03776   0.01839   1.23329   2.22401   1.07364   2.97428   0.08159  
 32  4.9789   2403.324440  x:  0.29365   0.88583   0.72453   0.13711   0.02992   0.19428   0.15960   0.22030   0.21506   0.10548   0.13528   0.00000   0.36819   0.11907   0.04442   0.03042   0.05039   0.08464   0.12033   0.43886   0.08192   0.30080   0.24088   0.13418   0.17174   0.08547   0.07019   0.04257   0.15211   0.03843   0.01810   1.29743   2.16223   1.03827   3.29778   0.07935  
 33  8.7311   2403.089017  x:  0.29854   0.89009   0.72761   0.11777   0.02801   0.19724   0.14858   0.23508   0.20679   0.10900   0.13295   0.00000   0.37111   0.10605   0.04546   0.03146   0.05144   0.08025   0.12622   0.43139   0.07917   0.29228   0.24644   0.13259   0.17591   0.08571   0.07079   0.04248   0.15113   0.03868   0.01808   1.31859   2.14545   1.03990   3.38493   0.07962  
 34 19.9408   2402.857987  x:  0.28518   0.89543   0.75755   0.13183   0.02497   0.20075   0.13309   0.23900   0.20916   0.10929   0.13391   0.00000   0.37311   0.10404   0.04561   0.03225   0.05208   0.07846   0.12040   0.42942   0.08009   0.29838   0.24543   0.13384   0.17408   0.08525   0.07093   0.04276   0.15094   0.03869   0.01781   1.31760   2.14313   1.17967   3.45877   0.08044  
 35  2.7093   2402.804125  x:  0.28786   0.89704   0.76192   0.11878   0.02512   0.20052   0.14678   0.22640   0.20683   0.10867   0.13497   0.00000   0.37497   0.10410   0.04604   0.03234   0.05243   0.07776   0.12550   0.43600   0.07609   0.29563   0.24699   0.13378   0.17609   0.08461   0.07098   0.04281   0.15133   0.03856   0.01781   1.31676   2.14537   1.20927   3.47793   0.08074  
 36  4.2363   2402.614165  x:  0.28698   0.90911   0.77797   0.11904   0.02485   0.20160   0.14804   0.23838   0.18878   0.10839   0.13711   0.00000   0.39002   0.11852   0.04572   0.03181   0.05264   0.07940   0.13972   0.44011   0.07520   0.30589   0.24803   0.13344   0.17535   0.08490   0.07114   0.04376   0.15229   0.03784   0.01799   1.33110   2.18041   1.21707   3.61588   0.08191  
 37  0.9971   2402.391361  x:  0.28398   0.92145   0.79434   0.11905   0.02201   0.20519   0.16979   0.25693   0.20955   0.10829   0.13636   0.00000   0.38396   0.10856   0.04586   0.03230   0.05347   0.07812   0.12351   0.43893   0.07986   0.30440   0.25212   0.13296   0.17851   0.08430   0.07174   0.04472   0.15353   0.03683   0.01850   1.34979   2.22328   1.22283   3.78158   0.08388  
 38 16.3034   2401.978112  x:  0.25584   0.96469   0.81766   0.10936   0.02827   0.19770   0.18216   0.25770   0.20711   0.10590   0.13729   0.00000   0.37928   0.10836   0.04607   0.03345   0.05522   0.08972   0.12634   0.42547   0.07900   0.30047   0.25259   0.13414   0.17907   0.08678   0.07292   0.04770   0.15316   0.03654   0.01940   1.35930   2.24274   1.30549   4.37783   0.07994  
 39  0.3024   2401.797502  x:  0.24874   0.97045   0.80754   0.11160   0.02329   0.19934   0.18070   0.25360   0.20787   0.10577   0.13733   0.00000   0.37483   0.11689   0.04526   0.03330   0.05222   0.08109   0.12977   0.42560   0.08147   0.30249   0.24945   0.13531   0.17622   0.08559   0.07034   0.04578   0.15397   0.03835   0.01974   1.38232   2.40500   1.36178   4.95450   0.08049  
 40  0.3164   2401.742379  x:  0.25995   0.95376   0.79311   0.11310   0.02672   0.19945   0.17774   0.25337   0.20790   0.10579   0.13860   0.00000   0.37767   0.11154   0.04566   0.03267   0.05164   0.08515   0.12782   0.43128   0.08072   0.30260   0.25031   0.13620   0.17738   0.08546   0.07044   0.04535   0.15486   0.03809   0.01993   1.39437   2.45131   1.39737   5.29128   0.08128  
 41  0.1967   2401.736421  x:  0.25766   0.95339   0.79534   0.11215   0.02640   0.19856   0.17756   0.25264   0.20734   0.10514   0.13813   0.00000   0.37733   0.11312   0.04583   0.03216   0.05231   0.08374   0.12843   0.42987   0.07991   0.30156   0.24992   0.13569   0.17811   0.08588   0.07076   0.04549   0.15390   0.03779   0.02013   1.39284   2.45891   1.40396   5.38879   0.08103  
 42  0.0648   2401.735620  x:  0.25741   0.95385   0.79646   0.11241   0.02608   0.19884   0.17736   0.25228   0.20735   0.10523   0.13829   0.00000   0.37727   0.11269   0.04586   0.03195   0.05247   0.08412   0.12864   0.42972   0.08024   0.30199   0.25002   0.13579   0.17800   0.08581   0.07076   0.04559   0.15418   0.03755   0.02024   1.39261   2.46143   1.40295   5.41352   0.08113  
 43  0.0161   2401.735350  x:  0.25745   0.95452   0.79627   0.11242   0.02644   0.19873   0.17741   0.25206   0.20732   0.10522   0.13837   0.00000   0.37706   0.11266   0.04585   0.03198   0.05244   0.08385   0.12864   0.42984   0.08019   0.30195   0.25012   0.13583   0.17800   0.08576   0.07079   0.04562   0.15420   0.03731   0.02037   1.39219   2.45803   1.40073   5.40880   0.08114  
 44  0.0033   2401.735019  x:  0.25721   0.95541   0.79568   0.11219   0.02629   0.19861   0.17724   0.25176   0.20734   0.10515   0.13825   0.00000   0.37690   0.11282   0.04582   0.03196   0.05230   0.08410   0.12864   0.42994   0.07993   0.30165   0.25007   0.13571   0.17807   0.08571   0.07076   0.04551   0.15401   0.03725   0.02062   1.39170   2.45499   1.39858   5.39242   0.08114  
 45  0.0060   2401.734798  x:  0.25718   0.95444   0.79569   0.11248   0.02630   0.19870   0.17711   0.25199   0.20735   0.10525   0.13825   0.00000   0.37717   0.11262   0.04584   0.03194   0.05234   0.08397   0.12868   0.42980   0.08024   0.30183   0.25005   0.13570   0.17803   0.08570   0.07076   0.04550   0.15412   0.03726   0.02083   1.39211   2.45756   1.40108   5.39265   0.08115  
 46  0.0016   2401.734779  x:  0.25743   0.95415   0.79585   0.11236   0.02629   0.19873   0.17720   0.25205   0.20739   0.10522   0.13829   0.00000   0.37713   0.11269   0.04583   0.03193   0.05238   0.08400   0.12859   0.42989   0.08013   0.30187   0.25011   0.13573   0.17807   0.08566   0.07078   0.04554   0.15412   0.03724   0.02086   1.39225   2.45781   1.40131   5.39404   0.08115  
 47  0.0012   2401.734778  x:  0.25745   0.95413   0.79589   0.11237   0.02628   0.19873   0.17723   0.25204   0.20738   0.10522   0.13829   0.00000   0.37713   0.11268   0.04583   0.03194   0.05238   0.08400   0.12860   0.42989   0.08013   0.30188   0.25011   0.13572   0.17807   0.08566   0.07078   0.04554   0.15412   0.03723   0.02086   1.39227   2.45783   1.40112   5.39394   0.08114  
 48  0.0002   2401.734778  x:  0.25745   0.95413   0.79589   0.11236   0.02629   0.19873   0.17723   0.25204   0.20739   0.10522   0.13829   0.00000   0.37713   0.11268   0.04583   0.03194   0.05238   0.08400   0.12860   0.42989   0.08013   0.30188   0.25011   0.13572   0.17807   0.08566   0.07078   0.04554   0.15412   0.03723   0.02086   1.39228   2.45790   1.40111   5.39404   0.08114  
 49  0.0001   2401.734778  x:  0.25745   0.95413   0.79589   0.11236   0.02629   0.19873   0.17723   0.25204   0.20739   0.10522   0.13829   0.00000   0.37713   0.11268   0.04583   0.03194   0.05238   0.08400   0.12860   0.42989   0.08013   0.30188   0.25011   0.13572   0.17807   0.08566   0.07078   0.04554   0.15412   0.03723   0.02086   1.39228   2.45790   1.40111   5.39408   0.08114  
 50  0.0000   2401.734778  x:  0.25745   0.95413   0.79589   0.11236   0.02629   0.19873   0.17723   0.25204   0.20739   0.10522   0.13829   0.00000   0.37713   0.11268   0.04583   0.03194   0.05238   0.08400   0.12860   0.42989   0.08013   0.30188   0.25011   0.13572   0.17807   0.08566   0.07078   0.04554   0.15412   0.03723   0.02086   1.39228   2.45790   1.40111   5.39408   0.08114  
 51  0.0000   2401.734778  x:  0.25745   0.95413   0.79589   0.11236   0.02629   0.19873   0.17723   0.25204   0.20739   0.10522   0.13829   0.00000   0.37713   0.11268   0.04583   0.03194   0.05238   0.08400   0.12860   0.42989   0.08013   0.30188   0.25011   0.13572   0.17807   0.08566   0.07078   0.04554   0.15412   0.03723   0.02086   1.39228   2.45790   1.40111   5.39408   0.08114  
 52  0.0000   2401.734778  x:  0.25745   0.95413   0.79589   0.11236   0.02629   0.19873   0.17723   0.25204   0.20739   0.10522   0.13829   0.00000   0.37713   0.11268   0.04583   0.03194   0.05238   0.08400   0.12860   0.42989   0.08013   0.30188   0.25011   0.13572   0.17807   0.08566   0.07078   0.04554   0.15412   0.03723   0.02086   1.39228   2.45790   1.40111   5.39408   0.08114  

NSsites Model 1: NearlyNeutral

TREE # 1

  0  0.0000   2591.870164  x:  0.17686   0.56580   0.23600   0.12363   0.04895   0.10257   0.00000   0.05548   0.11923   0.07172   0.08129   0.03665   0.18101   0.06957   0.08172   0.02865   0.06399   0.07202   0.09024   0.24674   0.07194   0.15792   0.11302   0.10278   0.14145   0.05247   0.05041   0.02271   0.11954   0.03887   0.07659   1.28882   2.09875   1.39191   4.98337   0.57375   0.27861  
  1 99.0000   2438.238683  x:  0.24169   0.58675   0.30726   0.19034   0.06893   0.15346   0.24536   0.19937   0.15362   0.10734   0.13440   0.05534   0.23419   0.11480   0.05486   0.04020   0.05115   0.08884   0.14171   0.29210   0.11570   0.20136   0.19652   0.14795   0.16545   0.09822   0.10323   0.11550   0.14972   0.03046   0.03013   1.31509   2.10346   1.39643   4.98140   0.74866   0.05088  
  2 604.4125   2412.215144  x:  0.27110   0.60830   0.34535   0.20282   0.06340   0.17331   0.28105   0.22883   0.17016   0.11736   0.14879   0.05408   0.26478   0.12258   0.04121   0.04297   0.05147   0.09585   0.15277   0.31700   0.12918   0.22399   0.22629   0.16239   0.17886   0.10504   0.10045   0.10533   0.16254   0.04853   0.01442   1.32852   2.10571   1.39699   4.98042   0.87938   0.11328  
  3 360.5282   2397.215803  x:  0.28646   0.62606   0.36987   0.19910   0.05072   0.18162   0.26361   0.22762   0.17860   0.11808   0.14998   0.04640   0.28452   0.11907   0.03442   0.04215   0.05363   0.09743   0.15012   0.33245   0.13126   0.23660   0.23666   0.16501   0.18587   0.10113   0.08413   0.07150   0.16724   0.06044   0.01690   1.33745   2.10726   1.39664   4.97985   0.97230   0.09497  
  4 420.9556   2394.530072  x:  0.29673   0.63752   0.38889   0.19654   0.04092   0.18591   0.26242   0.23262   0.18336   0.11711   0.15023   0.03926   0.29748   0.11643   0.02918   0.03957   0.05010   0.09523   0.14775   0.34187   0.13082   0.24340   0.24380   0.16465   0.18887   0.09711   0.07488   0.05363   0.16735   0.05612   0.00309   1.34378   2.10858   1.39604   4.97950   0.97028   0.09247  
  5 116.9978   2391.150151  x:  0.31684   0.65961   0.42627   0.19225   0.02287   0.19458   0.26402   0.24444   0.19264   0.11549   0.15104   0.02579   0.32245   0.11197   0.02116   0.03564   0.04344   0.09106   0.14349   0.36003   0.13004   0.25643   0.25801   0.16406   0.19439   0.09045   0.06000   0.02469   0.16799   0.04944   0.01195   1.35626   2.11122   1.39485   4.97881   0.96102   0.09061  
  6 438.9778   2386.575815  x:  0.34210   0.69290   0.47899   0.17968   0.00000   0.20593   0.24720   0.25222   0.20457   0.11083   0.14674   0.00487   0.35481   0.10280   0.03661   0.03954   0.04384   0.08606   0.13068   0.38394   0.12439   0.27203   0.27152   0.15818   0.19982   0.07980   0.05781   0.03832   0.16653   0.04350   0.01424   1.37469   2.11539   1.39244   4.97783   0.95387   0.08837  
  7 160.3213   2385.285596  x:  0.34833   0.70323   0.49490   0.17572   0.00577   0.21163   0.24044   0.25483   0.20789   0.10994   0.14462   0.00000   0.36242   0.10102   0.03371   0.03653   0.04696   0.08601   0.12441   0.39021   0.12179   0.27537   0.27353   0.15531   0.20022   0.07912   0.06493   0.03969   0.16654   0.04554   0.01449   1.38082   2.11712   1.39145   4.97749   0.95104   0.08743  
  8 135.0094   2384.388525  x:  0.34993   0.72472   0.52421   0.16694   0.01318   0.21328   0.23184   0.26744   0.21697   0.11902   0.14275   0.00000   0.36239   0.11739   0.04549   0.04854   0.04915   0.09473   0.10602   0.39658   0.11504   0.27246   0.26495   0.14644   0.19205   0.09896   0.06728   0.03144   0.17002   0.04175   0.01403   1.39639   2.12393   1.38721   4.97658   0.94797   0.08694  
  9 41.4503   2383.509463  x:  0.34455   0.75074   0.55594   0.15598   0.00429   0.20600   0.22147   0.28235   0.22548   0.12918   0.14226   0.00000   0.35483   0.13629   0.03245   0.04213   0.04244   0.09881   0.08463   0.40190   0.10938   0.26613   0.25025   0.13980   0.18022   0.11728   0.05850   0.04105   0.17055   0.04529   0.01409   1.41646   2.13409   1.38061   4.97537   0.94700   0.08635  
 10 54.4867   2383.183770  x:  0.33987   0.75818   0.56372   0.15481   0.00000   0.20453   0.22080   0.28721   0.22534   0.12845   0.14158   0.00000   0.35000   0.13800   0.03219   0.04193   0.04428   0.09624   0.08001   0.40277   0.11064   0.26492   0.24663   0.14229   0.17746   0.11492   0.06167   0.03980   0.16799   0.04562   0.01403   1.42292   2.13817   1.37790   4.97495   0.94727   0.08634  
 11 29.2693   2382.346843  x:  0.31273   0.79400   0.59929   0.15493   0.00374   0.21285   0.21712   0.30819   0.21982   0.11888   0.13659   0.00000   0.32706   0.13532   0.03665   0.04318   0.03747   0.08664   0.05691   0.40578   0.12012   0.26206   0.23297   0.15541   0.16943   0.09722   0.05049   0.04108   0.15683   0.04286   0.01438   1.45504   2.16064   1.36328   4.97271   0.94903   0.08634  
 12 65.5663   2382.018397  x:  0.30340   0.80240   0.60608   0.15700   0.00000   0.21708   0.21519   0.31026   0.21741   0.11676   0.13653   0.00000   0.32433   0.12961   0.03540   0.04398   0.03921   0.09217   0.05283   0.40570   0.12291   0.26279   0.23252   0.15549   0.17121   0.09703   0.04955   0.04152   0.15893   0.04074   0.01451   1.46312   2.16806   1.35864   4.97203   0.94827   0.08613  
 13 30.9631   2381.629941  x:  0.28107   0.82059   0.61908   0.16425   0.00000   0.22641   0.20975   0.31197   0.21369   0.11588   0.13760   0.00000   0.32334   0.11670   0.03856   0.04406   0.02890   0.09580   0.04506   0.40477   0.12779   0.26508   0.23442   0.15165   0.17733   0.09969   0.05431   0.03977   0.16542   0.04618   0.01392   1.48065   2.18699   1.34706   4.97040   0.94552   0.08502  
 14 60.2198   2381.179545  x:  0.25517   0.84052   0.63052   0.17765   0.00000   0.23427   0.20355   0.31070   0.21448   0.12239   0.13996   0.00000   0.33283   0.10750   0.04457   0.03961   0.03738   0.08235   0.03973   0.40312   0.12984   0.26779   0.24136   0.14210   0.18566   0.10455   0.04888   0.03945   0.17097   0.05206   0.01336   1.49912   2.21335   1.33142   4.96830   0.94106   0.08353  
 15 39.6482   2380.838635  x:  0.24050   0.85346   0.63542   0.18807   0.00000   0.23371   0.19541   0.30582   0.21801   0.12648   0.13952   0.00000   0.34703   0.10781   0.04332   0.03856   0.03493   0.07438   0.03961   0.40252   0.12764   0.26884   0.24764   0.13606   0.18992   0.10331   0.05183   0.04029   0.16936   0.03845   0.01442   1.50909   2.23467   1.31899   4.96679   0.94130   0.08336  
 16 34.1246   2380.332399  x:  0.22789   0.87252   0.64070   0.20474   0.00000   0.22367   0.18380   0.29679   0.22646   0.12699   0.13510   0.00000   0.37762   0.11774   0.04170   0.04627   0.03373   0.08274   0.04643   0.40428   0.12033   0.26959   0.25954   0.13295   0.19289   0.09023   0.05041   0.04126   0.15619   0.04275   0.01450   1.52011   2.27337   1.29700   4.96428   0.93589   0.08100  
 17 33.2113   2380.037644  x:  0.23987   0.88157   0.64206   0.20744   0.00000   0.21980   0.17670   0.29142   0.22690   0.11636   0.13151   0.00000   0.38996   0.12023   0.05120   0.03302   0.03360   0.08695   0.05550   0.40903   0.11705   0.27003   0.26021   0.14178   0.18959   0.09456   0.04962   0.04044   0.15673   0.04133   0.01450   1.51847   2.30136   1.28185   4.96281   0.93313   0.07988  
 18 15.8398   2379.640264  x:  0.27077   0.89248   0.64332   0.20347   0.00000   0.22151   0.16442   0.28255   0.22184   0.10261   0.13536   0.00000   0.40137   0.11708   0.04781   0.04281   0.03334   0.07856   0.06879   0.41833   0.11439   0.27084   0.25454   0.15241   0.18429   0.10286   0.04827   0.04178   0.16245   0.04192   0.01432   1.50928   2.34625   1.25819   4.96073   0.92802   0.07773  
 19 27.6808   2379.277722  x:  0.30734   0.89858   0.64446   0.19332   0.00000   0.23362   0.15626   0.27630   0.21590   0.11675   0.14876   0.00000   0.40127   0.11375   0.05109   0.04020   0.03318   0.08140   0.07504   0.42701   0.11493   0.27366   0.24520   0.14656   0.18272   0.09106   0.04841   0.04154   0.16031   0.03962   0.01465   1.49322   2.39341   1.23437   4.95896   0.92461   0.07595  
 20 22.6625   2379.087513  x:  0.32395   0.89626   0.64746   0.18626   0.00000   0.23609   0.15835   0.27705   0.21609   0.11471   0.13053   0.00000   0.39154   0.11454   0.05011   0.04060   0.03333   0.08043   0.06727   0.42976   0.11669   0.27943   0.25062   0.13165   0.19149   0.08803   0.04830   0.04120   0.15841   0.03877   0.01480   1.47839   2.42406   1.22092   4.95822   0.92541   0.07555  
 21 10.6606   2378.938029  x:  0.32666   0.88913   0.65544   0.18086   0.00000   0.22808   0.15637   0.27828   0.22404   0.11904   0.13145   0.00000   0.38260   0.10696   0.04994   0.04145   0.03338   0.08067   0.05381   0.43158   0.11265   0.28336   0.26504   0.13925   0.19593   0.08959   0.04852   0.04127   0.15640   0.03816   0.01498   1.46137   2.45506   1.20972   4.95795   0.92574   0.07486  
 22  7.2918   2378.471954  x:  0.30231   0.86813   0.69690   0.18945   0.00000   0.22183   0.15235   0.29100   0.24432   0.10250   0.14328   0.00000   0.37807   0.09691   0.04969   0.04031   0.03462   0.08219   0.05125   0.44743   0.11821   0.27853   0.25780   0.12658   0.18741   0.08743   0.05046   0.04091   0.15704   0.03809   0.01531   1.40956   2.56868   1.17496   4.95757   0.93093   0.07330  
 23  8.9323   2378.020803  x:  0.27462   0.85894   0.73303   0.19201   0.00000   0.23664   0.14827   0.29089   0.23075   0.11524   0.12617   0.00000   0.38311   0.10860   0.04569   0.04125   0.03656   0.08330   0.05464   0.45145   0.12372   0.27778   0.24812   0.14622   0.18756   0.08829   0.05311   0.04206   0.16272   0.03909   0.01556   1.37851   2.68329   1.14506   4.95723   0.93295   0.07100  
 24 19.5116   2377.511554  x:  0.26660   0.87528   0.75068   0.17847   0.00000   0.21725   0.16508   0.28318   0.18860   0.11440   0.13146   0.00000   0.38472   0.10749   0.04565   0.03944   0.03767   0.08268   0.06370   0.43662   0.11235   0.27740   0.24549   0.13952   0.19634   0.09566   0.05511   0.04059   0.14983   0.03967   0.01581   1.38877   2.80318   1.12867   4.95733   0.94134   0.06993  
 25 12.8941   2376.842231  x:  0.26103   0.91160   0.73408   0.13930   0.00000   0.21978   0.18858   0.26530   0.20666   0.10293   0.13770   0.00000   0.37346   0.11677   0.04306   0.03808   0.03992   0.08190   0.07625   0.40840   0.10514   0.27055   0.25075   0.13743   0.19586   0.08219   0.05873   0.03981   0.16937   0.04015   0.01613   1.44218   2.96095   1.12320   4.95867   0.94834   0.06741  
 26 17.6320   2376.602882  x:  0.26335   0.92589   0.71735   0.13586   0.00000   0.22089   0.19242   0.26336   0.22120   0.11007   0.12822   0.00000   0.36956   0.10288   0.04120   0.03928   0.04033   0.08287   0.08140   0.41339   0.11637   0.27179   0.24712   0.13824   0.18727   0.09141   0.06005   0.03954   0.15427   0.03998   0.01642   1.46896   3.01381   1.12835   4.96062   0.95002   0.06653  
 27 14.9134   2376.392394  x:  0.27251   0.93298   0.68496   0.15985   0.00000   0.21658   0.18172   0.28550   0.21593   0.11152   0.12613   0.00000   0.37158   0.10084   0.03992   0.03968   0.04175   0.08400   0.05671   0.43625   0.11615   0.28058   0.24152   0.13896   0.18093   0.08752   0.06167   0.04000   0.16233   0.03967   0.01661   1.49812   3.05111   1.14691   4.96677   0.95021   0.06571  
 28  6.8088   2376.356539  x:  0.27380   0.93267   0.68110   0.16286   0.00000   0.22184   0.17670   0.29000   0.21520   0.10726   0.13070   0.00000   0.37215   0.10527   0.03972   0.03913   0.04226   0.08434   0.05109   0.43769   0.11909   0.27878   0.24275   0.13999   0.18606   0.09027   0.06224   0.04014   0.15645   0.03953   0.01675   1.50255   3.05387   1.15352   4.96971   0.94981   0.06546  
 29  4.3170   2376.303068  x:  0.27956   0.92850   0.69150   0.16672   0.00000   0.21800   0.17172   0.29323   0.21574   0.10913   0.12896   0.00000   0.37422   0.10220   0.04013   0.03903   0.04247   0.08431   0.05116   0.43429   0.12512   0.26379   0.24204   0.14129   0.19484   0.08831   0.06263   0.04023   0.15882   0.03926   0.01687   1.50529   3.03955   1.17768   4.98322   0.94961   0.06504  
 30  2.0081   2376.207465  x:  0.28008   0.92063   0.71410   0.17064   0.00000   0.22497   0.17379   0.28672   0.21477   0.10714   0.12688   0.00000   0.37596   0.09670   0.03977   0.03879   0.04323   0.08471   0.04774   0.42914   0.11436   0.26155   0.24207   0.14075   0.18643   0.08744   0.06313   0.03996   0.15579   0.03858   0.01700   1.50591   3.00299   1.22274   5.01411   0.95085   0.06486  
 31  4.9741   2376.097414  x:  0.27450   0.91415   0.73780   0.16217   0.00000   0.22066   0.17136   0.27913   0.21358   0.10580   0.12954   0.00000   0.37634   0.10012   0.04049   0.03833   0.04374   0.08423   0.05279   0.43251   0.11929   0.28300   0.24083   0.13965   0.18375   0.08649   0.06397   0.04040   0.15684   0.03828   0.01725   1.50293   2.95238   1.27283   5.05471   0.94961   0.06388  
 32 10.8433   2376.039042  x:  0.26555   0.92399   0.73959   0.14895   0.00000   0.22235   0.17059   0.28780   0.21203   0.10639   0.12783   0.00000   0.37885   0.09729   0.04086   0.03805   0.04396   0.08396   0.05977   0.44299   0.11101   0.28191   0.24265   0.13919   0.18682   0.08606   0.06429   0.04029   0.15629   0.03819   0.01735   1.49457   2.91879   1.28117   5.08326   0.95001   0.06365  
 33  3.8168   2375.862886  x:  0.25693   0.98559   0.74604   0.14579   0.00000   0.22212   0.18341   0.27269   0.21098   0.10449   0.12959   0.00000   0.38560   0.09681   0.04123   0.03707   0.04581   0.08443   0.04610   0.46161   0.11815   0.27221   0.24353   0.14047   0.19085   0.08527   0.06667   0.04060   0.15766   0.03829   0.01771   1.46048   2.80475   1.26606   5.18503   0.94936   0.06258  
 34  6.0643   2375.767777  x:  0.26290   1.00969   0.75607   0.16016   0.00000   0.22328   0.17468   0.27987   0.21712   0.10534   0.12918   0.00000   0.37725   0.09558   0.04049   0.03732   0.04671   0.08481   0.05493   0.44881   0.11212   0.28217   0.24169   0.14157   0.19669   0.08553   0.06798   0.04134   0.15673   0.03833   0.01799   1.45593   2.74223   1.23842   5.24590   0.94817   0.06168  
 35  6.2595   2375.707194  x:  0.26671   1.00922   0.76230   0.15848   0.00000   0.22397   0.16834   0.28835   0.21374   0.10551   0.12867   0.00000   0.38136   0.09429   0.04023   0.03712   0.04724   0.08502   0.05527   0.43868   0.11999   0.28307   0.25057   0.13877   0.18519   0.08507   0.06861   0.04168   0.15742   0.03830   0.01813   1.46360   2.70523   1.21222   5.28692   0.94829   0.06149  
 36  6.0161   2375.636585  x:  0.27023   0.98945   0.77207   0.15226   0.00000   0.22302   0.17278   0.28607   0.21656   0.10408   0.12852   0.00000   0.38908   0.09147   0.04036   0.03661   0.04799   0.08491   0.04913   0.44310   0.11911   0.28348   0.24120   0.14056   0.19122   0.08457   0.06945   0.04161   0.15640   0.03812   0.01833   1.48857   2.66806   1.17481   5.33785   0.94901   0.06178  
 37  4.7075   2375.611874  x:  0.27182   0.98319   0.77782   0.15410   0.00000   0.22338   0.17213   0.28031   0.21506   0.10418   0.12931   0.00000   0.38262   0.09430   0.04035   0.03641   0.04824   0.08466   0.05284   0.45387   0.11779   0.27972   0.24633   0.13950   0.19166   0.08442   0.06985   0.04184   0.15685   0.03802   0.01846   1.49999   2.65919   1.16365   5.35682   0.94854   0.06172  
 38  3.6293   2375.359184  x:  0.27396   1.02252   0.80178   0.14643   0.00000   0.22331   0.17621   0.28637   0.21846   0.10499   0.13118   0.00000   0.37949   0.09733   0.03881   0.03592   0.05207   0.08480   0.05604   0.45708   0.11980   0.28568   0.24688   0.14320   0.19011   0.08401   0.07442   0.04492   0.15818   0.03808   0.02005   1.53748   2.81876   1.21893   5.60036   0.94461   0.06530  
 39  0.6591   2375.231974  x:  0.26670   1.05117   0.83957   0.13727   0.00000   0.22273   0.19276   0.29472   0.22273   0.10845   0.13316   0.00000   0.38721   0.10100   0.03877   0.03570   0.05302   0.08428   0.05103   0.46197   0.11824   0.28485   0.24599   0.14121   0.19000   0.08933   0.07362   0.04639   0.15987   0.03885   0.02176   1.55989   2.95660   1.23437   5.99948   0.94480   0.06311  
 40  0.2290   2375.175524  x:  0.27105   1.05753   0.85528   0.13644   0.00000   0.22646   0.20544   0.29928   0.22359   0.10605   0.13332   0.00000   0.39111   0.09627   0.04063   0.03702   0.05229   0.08516   0.05106   0.46661   0.12034   0.28822   0.25165   0.14355   0.19388   0.08542   0.07268   0.04598   0.16069   0.03768   0.02269   1.56481   2.99133   1.25624   6.28372   0.94244   0.06287  
 41  0.1802   2375.167708  x:  0.27587   1.05150   0.85506   0.13478   0.00000   0.22643   0.20965   0.30173   0.22390   0.10684   0.13382   0.00000   0.39167   0.09779   0.04006   0.03682   0.05153   0.08489   0.04974   0.46757   0.11972   0.28976   0.25253   0.14294   0.19411   0.08683   0.07227   0.04572   0.16107   0.03807   0.02257   1.56158   2.98209   1.26171   6.37142   0.94225   0.06308  
 42  0.0655   2375.166755  x:  0.27649   1.05033   0.85241   0.13404   0.00000   0.22619   0.21086   0.30216   0.22397   0.10677   0.13388   0.00000   0.39120   0.09772   0.03977   0.03674   0.05127   0.08508   0.04987   0.46737   0.11982   0.28944   0.25199   0.14333   0.19364   0.08674   0.07255   0.04571   0.16091   0.03796   0.02239   1.56328   2.98895   1.26206   6.39728   0.94218   0.06298  
 43  0.0176   2375.166428  x:  0.27597   1.05044   0.85165   0.13446   0.00000   0.22621   0.21068   0.30200   0.22398   0.10671   0.13386   0.00000   0.39125   0.09765   0.03983   0.03677   0.05121   0.08518   0.04983   0.46726   0.11986   0.28939   0.25212   0.14329   0.19380   0.08673   0.07281   0.04576   0.16101   0.03810   0.02218   1.56417   2.99183   1.26454   6.41822   0.94238   0.06302  
 44  0.0105   2375.166311  x:  0.27598   1.05094   0.85215   0.13449   0.00000   0.22629   0.21024   0.30187   0.22392   0.10673   0.13383   0.00000   0.39137   0.09774   0.03991   0.03678   0.05124   0.08506   0.04981   0.46726   0.11977   0.28947   0.25211   0.14324   0.19375   0.08679   0.07274   0.04585   0.16098   0.03809   0.02206   1.56447   2.99432   1.26535   6.43277   0.94228   0.06301  
 45  0.0083   2375.166293  x:  0.27593   1.05098   0.85240   0.13444   0.00000   0.22623   0.21022   0.30185   0.22389   0.10669   0.13387   0.00000   0.39126   0.09773   0.03987   0.03677   0.05126   0.08505   0.04989   0.46729   0.11983   0.28949   0.25208   0.14326   0.19374   0.08677   0.07265   0.04586   0.16096   0.03809   0.02204   1.56450   2.99551   1.26528   6.43707   0.94233   0.06300  
 46  0.0035   2375.166291  x:  0.27597   1.05094   0.85230   0.13446   0.00000   0.22622   0.21019   0.30183   0.22390   0.10669   0.13387   0.00000   0.39125   0.09773   0.03988   0.03676   0.05128   0.08508   0.04989   0.46729   0.11982   0.28947   0.25205   0.14328   0.19373   0.08678   0.07264   0.04584   0.16097   0.03811   0.02204   1.56460   2.99563   1.26540   6.43800   0.94233   0.06301  
 47  0.0006   2375.166290  x:  0.27595   1.05094   0.85222   0.13447   0.00000   0.22622   0.21017   0.30182   0.22390   0.10669   0.13386   0.00000   0.39125   0.09774   0.03987   0.03676   0.05128   0.08507   0.04989   0.46728   0.11982   0.28947   0.25206   0.14327   0.19373   0.08677   0.07264   0.04583   0.16097   0.03809   0.02205   1.56463   2.99569   1.26551   6.43893   0.94233   0.06301  
 48  0.0005   2375.166290  x:  0.27594   1.05093   0.85220   0.13447   0.00000   0.22622   0.21016   0.30182   0.22389   0.10669   0.13387   0.00000   0.39125   0.09773   0.03987   0.03676   0.05128   0.08506   0.04989   0.46727   0.11982   0.28947   0.25206   0.14327   0.19373   0.08677   0.07264   0.04583   0.16097   0.03810   0.02205   1.56463   2.99582   1.26553   6.43963   0.94233   0.06301  
 49  0.0004   2375.166290  x:  0.27594   1.05092   0.85221   0.13447   0.00000   0.22622   0.21015   0.30181   0.22389   0.10669   0.13386   0.00000   0.39125   0.09773   0.03987   0.03676   0.05128   0.08507   0.04990   0.46728   0.11982   0.28947   0.25205   0.14327   0.19373   0.08678   0.07264   0.04583   0.16097   0.03810   0.02205   1.56463   2.99586   1.26554   6.43980   0.94233   0.06301  
 50  0.0001   2375.166290  x:  0.27594   1.05092   0.85221   0.13447   0.00000   0.22622   0.21015   0.30181   0.22389   0.10669   0.13386   0.00000   0.39124   0.09773   0.03987   0.03676   0.05128   0.08507   0.04989   0.46728   0.11982   0.28947   0.25205   0.14327   0.19373   0.08677   0.07264   0.04583   0.16097   0.03810   0.02205   1.56463   2.99586   1.26554   6.43980   0.94233   0.06301  
 51  0.0000   2375.166290  x:  0.27594   1.05092   0.85221   0.13447   0.00000   0.22622   0.21015   0.30181   0.22389   0.10669   0.13386   0.00000   0.39124   0.09773   0.03987   0.03676   0.05128   0.08507   0.04989   0.46728   0.11982   0.28947   0.25205   0.14327   0.19373   0.08677   0.07264   0.04583   0.16097   0.03810   0.02205   1.56463   2.99586   1.26554   6.43979   0.94233   0.06301  
 52  0.0000   2375.166290  x:  0.27594   1.05092   0.85221   0.13447   0.00000   0.22622   0.21015   0.30181   0.22389   0.10669   0.13386   0.00000   0.39124   0.09773   0.03987   0.03676   0.05128   0.08507   0.04989   0.46728   0.11982   0.28947   0.25205   0.14327   0.19373   0.08677   0.07264   0.04583   0.16097   0.03810   0.02205   1.56463   2.99586   1.26554   6.43979   0.94233   0.06301  

NSsites Model 2: PositiveSelection

TREE # 1

  0  0.0000   2615.655408  x:  0.20492   0.57978   0.23219   0.16516   0.05029   0.09983   0.00000   0.05075   0.09536   0.04690   0.10331   0.02181   0.18935   0.05743   0.04737   0.03409   0.09355   0.02194   0.08846   0.22577   0.04753   0.13338   0.15913   0.08945   0.13719   0.09387   0.08629   0.05332   0.10772   0.06927   0.04539   1.35282   2.43029   1.24328   5.79690   1.13106   0.53243   0.14015   2.34175  
  1 99.0000   2527.603304  x:  0.25551   0.60369   0.29456   0.20428   0.07084   0.14893   0.16574   0.17638   0.14981   0.11404   0.13758   0.06814   0.23806   0.12150   0.06442   0.04860   0.08460   0.16806   0.14190   0.27939   0.12328   0.18663   0.20036   0.14411   0.16643   0.10774   0.08885   0.05717   0.14153   0.05328   0.02282   1.37381   2.43264   1.24956   5.79528   1.18471   0.51971   0.02684   2.31961  
  2 578.1576   2509.721789  x:  0.28624   0.62778   0.33478   0.21737   0.07609   0.17520   0.20703   0.21655   0.17578   0.13686   0.15492   0.07960   0.27025   0.14189   0.06271   0.05193   0.07458   0.19517   0.16451   0.31477   0.15111   0.21887   0.22864   0.17141   0.18597   0.11721   0.09358   0.06180   0.16369   0.05225   0.02287   1.39065   2.43438   1.25366   5.79396   1.22677   0.51045   0.12425   2.30331  
  3 416.3051   2455.250265  x:  0.43273   0.79438   0.52941   0.23485   0.06803   0.27297   0.12042   0.22761   0.25952   0.15161   0.21441   0.04723   0.43046   0.13943   0.01164   0.05586   0.03816   0.03865   0.20942   0.48327   0.18834   0.35783   0.36461   0.25431   0.27934   0.16599   0.14012   0.09883   0.26596   0.11283   0.10983   1.49186   2.44432   1.27806   5.78602   1.49633   0.43444   0.10601   2.21327  
  4 233.4995   2434.712378  x:  0.51694   0.91291   0.64855   0.23921   0.05122   0.31287   0.00000   0.19667   0.29566   0.13485   0.23392   0.01325   0.51834   0.12445   0.14051   0.08098   0.10674   0.07327   0.21425   0.57922   0.17661   0.42703   0.43313   0.27594   0.32460   0.17614   0.15048   0.09640   0.30861   0.11461   0.11586   1.55952   2.45207   1.29355   5.78048   1.69856   0.37211   0.10367   2.15236  
  5 315.7269   2427.643254  x:  0.53156   0.94196   0.67387   0.25778   0.05125   0.30979   0.00512   0.19206   0.29408   0.12236   0.23073   0.00000   0.53071   0.12264   0.13937   0.06492   0.11542   0.06648   0.20776   0.59417   0.16006   0.43131   0.43595   0.26344   0.32465   0.16517   0.13838   0.08122   0.30240   0.08946   0.08476   1.57316   2.45524   1.29697   5.77902   1.75647   0.35205   0.10338   2.13916  
  6 122.0456   2427.643254  x:  0.53156   0.94196   0.67387   0.25778   0.05125   0.30979   0.00512   0.19206   0.29408   0.12236   0.23073   0.00000   0.53071   0.12264   0.13937   0.06492   0.11542   0.06648   0.20776   0.59417   0.16006   0.43131   0.43595   0.26344   0.32465   0.16517   0.13838   0.08122   0.30240   0.08946   0.08476   1.57316   2.45524   1.29697   5.77902   1.75647   0.35205   0.10338   2.13916  
  7 94.1062   2421.957044  x:  0.53294   0.94372   0.67622   0.26173   0.05240   0.30957   0.01547   0.19755   0.29475   0.12393   0.23088   0.00086   0.53152   0.12550   0.13678   0.06326   0.11495   0.07203   0.20821   0.59511   0.16080   0.43133   0.43525   0.26235   0.32403   0.16354   0.13665   0.07989   0.30096   0.08574   0.07927   1.57399   2.45562   1.29736   5.77890   1.76218   0.34971   0.06875   2.13809  
  8 260.5995   2409.841089  x:  0.55191   0.96843   0.70750   0.30628   0.06233   0.30803   0.12479   0.26205   0.30375   0.14299   0.23296   0.01121   0.54283   0.15818   0.10505   0.04410   0.10821   0.13162   0.21406   0.60825   0.17066   0.43316   0.42817   0.25042   0.31854   0.14345   0.11620   0.06447   0.28522   0.04254   0.01484   1.58220   2.45962   1.30050   5.77758   1.83489   0.32240   0.07669   2.12289  
  9 132.6607   2404.268050  x:  0.57429   1.00585   0.74977   0.34010   0.05513   0.30738   0.21046   0.32831   0.31516   0.16300   0.23360   0.01908   0.55850   0.18617   0.06317   0.04021   0.08899   0.16854   0.21467   0.62604   0.18083   0.43530   0.41853   0.23596   0.31126   0.12507   0.10245   0.06589   0.26761   0.07651   0.08339   1.59297   2.46485   1.30411   5.77590   1.94096   0.28220   0.08077   2.10139  
 10 132.7341   2397.894517  x:  0.59783   1.06797   0.81132   0.33227   0.00000   0.31215   0.21604   0.37668   0.32670   0.17123   0.22389   0.00447   0.57750   0.18366   0.04353   0.09942   0.05554   0.13438   0.19223   0.64896   0.18430   0.43705   0.40525   0.21784   0.30345   0.11581   0.12658   0.09138   0.25200   0.07084   0.07092   1.60344   2.47257   1.30579   5.77401   2.09632   0.22251   0.07861   2.07541  
 11 72.5641   2397.894517  x:  0.59783   1.06797   0.81132   0.33227   0.00000   0.31215   0.21604   0.37668   0.32670   0.17123   0.22389   0.00447   0.57750   0.18366   0.04353   0.09942   0.05554   0.13438   0.19223   0.64896   0.18430   0.43705   0.40525   0.21784   0.30345   0.11581   0.12658   0.09138   0.25200   0.07084   0.07092   1.60344   2.47257   1.30579   5.77401   2.09632   0.22251   0.07861   2.07541  
 12 98.5842   2396.870068  x:  0.59779   1.06855   0.81190   0.33189   0.00024   0.31261   0.21579   0.37688   0.32666   0.17098   0.22347   0.00415   0.57742   0.18328   0.04397   0.09776   0.05693   0.13436   0.19149   0.64895   0.18406   0.43693   0.40500   0.21765   0.30320   0.11589   0.12577   0.08992   0.25188   0.06937   0.06819   1.60347   2.47272   1.30577   5.77399   2.09772   0.22194   0.06711   2.07533  
 13 155.9502   2394.309458  x:  0.59849   1.07842   0.82174   0.32720   0.00268   0.32010   0.21300   0.38088   0.32697   0.16794   0.21778   0.00000   0.57714   0.17820   0.05088   0.07377   0.07674   0.13440   0.18131   0.64979   0.18150   0.43596   0.40198   0.21542   0.30023   0.11768   0.11428   0.06913   0.25071   0.04890   0.02874   1.60300   2.47480   1.30501   5.77381   2.12131   0.21291   0.06786   2.07294  
 14 66.1062   2392.563853  x:  0.59894   1.09618   0.83933   0.31814   0.00000   0.32960   0.20773   0.38727   0.32648   0.16230   0.20842   0.00000   0.57662   0.16876   0.05963   0.04240   0.08322   0.12972   0.16236   0.65076   0.17676   0.43330   0.39565   0.21125   0.29402   0.12202   0.10355   0.05714   0.24810   0.06316   0.03371   1.60277   2.47866   1.30371   5.77342   2.16751   0.19558   0.06741   2.06739  
 15 48.9776   2387.976375  x:  0.59587   1.19043   0.93279   0.26973   0.00000   0.36400   0.18274   0.41809   0.31742   0.13314   0.16890   0.00000   0.57344   0.11870   0.09789   0.04120   0.07108   0.10513   0.05931   0.65349   0.15306   0.41513   0.35862   0.18912   0.26006   0.13761   0.09912   0.10399   0.22723   0.05193   0.02242   1.60104   2.50032   1.29590   5.77143   2.42239   0.10167   0.06396   2.03602  
 16 79.6639   2385.586003  x:  0.58307   1.24412   0.98600   0.24697   0.00000   0.35445   0.18320   0.43235   0.30709   0.13293   0.16855   0.00000   0.56690   0.09756   0.06103   0.07669   0.07486   0.10673   0.00858   0.65156   0.14950   0.40069   0.33444   0.18009   0.24172   0.12671   0.09117   0.06271   0.20760   0.03402   0.04082   1.59662   2.51531   1.28916   5.77052   2.57540   0.04776   0.06207   2.01846  
 17 76.6469   2384.679491  x:  0.57454   1.25968   1.00131   0.24282   0.00000   0.34136   0.18999   0.43561   0.30331   0.13655   0.17090   0.00000   0.56178   0.09691   0.04290   0.07959   0.06711   0.10738   0.00000   0.64956   0.15334   0.39489   0.32687   0.17837   0.23809   0.11819   0.09576   0.05717   0.20015   0.04454   0.02912   1.59433   2.52081   1.28640   5.77029   2.62429   0.03155   0.06135   2.01288  
 18 75.6771   2383.600456  x:  0.54739   1.28324   1.02400   0.24113   0.00000   0.29742   0.21609   0.43808   0.29671   0.14683   0.17437   0.00000   0.54375   0.11445   0.03551   0.06275   0.05438   0.11401   0.00283   0.64120   0.16937   0.38153   0.31413   0.17859   0.23488   0.10371   0.09646   0.06062   0.18984   0.02860   0.03214   1.58834   2.53261   1.27967   5.77007   2.71143   0.00541   0.06013   2.00292  
 19 54.3412   2383.061239  x:  0.52328   1.29473   1.03481   0.23810   0.00000   0.26630   0.23439   0.43533   0.29085   0.14877   0.17395   0.00000   0.52771   0.12546   0.05038   0.06966   0.06462   0.11815   0.00801   0.63238   0.17830   0.37116   0.30754   0.17914   0.23464   0.09848   0.09196   0.05841   0.18787   0.03496   0.03011   1.58336   2.54107   1.27415   5.77012   2.76329  -0.00823   0.05950   1.99716  
 20 59.4666   2382.401322  x:  0.46557   1.29947   1.03820   0.21952   0.00000   0.23820   0.25783   0.41358   0.27453   0.12970   0.16267   0.00000   0.49231   0.12145   0.03949   0.07022   0.07049   0.09965   0.01819   0.60739   0.17781   0.35032   0.30445   0.17940   0.23858   0.11416   0.08458   0.05855   0.20199   0.03393   0.02848   1.57231   2.55661   1.26175   5.77084   2.82310  -0.01661   0.05978   1.99180  
 21 25.9922   2381.573667  x:  0.36880   1.29604   1.03293   0.17936   0.00000   0.24014   0.28244   0.37154   0.25610   0.12144   0.15970   0.00000   0.44135   0.11357   0.04868   0.06813   0.05553   0.10297   0.02962   0.56488   0.16323   0.32052   0.30215   0.17616   0.24106   0.10344   0.09268   0.04432   0.20260   0.03076   0.02656   1.55440   2.58151   1.24077   5.77241   2.89969  -0.01999   0.06060   1.98402  
 22 36.6093   2381.184964  x:  0.31647   1.29176   1.02807   0.15647   0.00000   0.24749   0.29296   0.34924   0.25033   0.12439   0.16218   0.00000   0.41938   0.11160   0.04210   0.06478   0.06645   0.10876   0.03699   0.54315   0.15415   0.30723   0.30052   0.17320   0.24174   0.09348   0.08913   0.05299   0.19726   0.03100   0.02760   1.54473   2.59556   1.22921   5.77333   2.94069  -0.02007   0.06103   1.97870  
 23 64.8312   2381.029387  x:  0.29316   1.28510   1.02241   0.14636   0.00000   0.25207   0.29447   0.34152   0.25581   0.13036   0.16340   0.00000   0.42159   0.11784   0.04167   0.06707   0.06281   0.10000   0.04621   0.53636   0.15030   0.30806   0.29900   0.17043   0.24080   0.09534   0.07898   0.05231   0.19183   0.03156   0.02616   1.54011   2.60410   1.22309   5.77388   2.96275  -0.01686   0.06102   1.97315  
 24 16.3057   2380.888474  x:  0.27160   1.27390   1.01380   0.13746   0.00000   0.25291   0.29292   0.33538   0.26320   0.13027   0.16048   0.00000   0.43195   0.12258   0.04036   0.06665   0.06625   0.09756   0.05887   0.53178   0.14625   0.31431   0.29709   0.16774   0.23791   0.10200   0.08883   0.04952   0.18792   0.03124   0.02686   1.53526   2.61525   1.21585   5.77460   2.98925  -0.01011   0.06091   1.96429  
 25 16.9188   2380.756281  x:  0.25662   1.25724   1.00229   0.13223   0.00000   0.24629   0.28783   0.32984   0.26425   0.12034   0.15552   0.00000   0.44424   0.11687   0.03894   0.06618   0.06239   0.10725   0.06988   0.52851   0.14127   0.32338   0.29580   0.16723   0.23310   0.10014   0.08352   0.04960   0.18678   0.03168   0.02603   1.53012   2.62959   1.20719   5.77556   3.01727   0.00271   0.06093   1.95247  
 26 13.5519   2380.569172  x:  0.25063   1.22484   0.98205   0.13324   0.00000   0.23473   0.27692   0.32218   0.25379   0.12129   0.16080   0.00000   0.45035   0.10408   0.04187   0.06255   0.06332   0.09586   0.07511   0.52195   0.13362   0.33135   0.29399   0.16672   0.22381   0.08671   0.08452   0.04977   0.19096   0.03057   0.02683   1.52247   2.65637   1.19261   5.77738   3.06157   0.03211   0.06112   1.92963  
 27 12.1123   2380.081931  x:  0.26155   1.12835   0.92363   0.15023   0.00000   0.23205   0.25182   0.30533   0.22182   0.13039   0.16488   0.00000   0.43516   0.10995   0.03901   0.05894   0.05712   0.10245   0.07325   0.49933   0.12640   0.32897   0.28609   0.15660   0.20863   0.09873   0.08076   0.04899   0.20098   0.03269   0.02576   1.50517   2.73746   1.15395   5.78263   3.19001   0.12739   0.06119   1.85670  
 28 21.2298   2379.629704  x:  0.27749   1.04222   0.86939   0.16105   0.00000   0.23282   0.23058   0.29670   0.21189   0.11297   0.14699   0.00000   0.41006   0.12286   0.03387   0.05764   0.05554   0.09310   0.07147   0.48061   0.13047   0.31593   0.27946   0.15384   0.20590   0.08655   0.07954   0.04627   0.18254   0.03328   0.02748   1.49471   2.81266   1.12296   5.78737   3.30351   0.22161   0.06154   1.78669  
 29 48.0299   2379.356821  x:  0.28762   0.99663   0.83496   0.15365   0.00000   0.22205   0.21715   0.29640   0.23274   0.11367   0.14993   0.00000   0.38826   0.10591   0.03369   0.05508   0.05244   0.09346   0.07037   0.47394   0.13558   0.29763   0.27556   0.15829   0.21565   0.09183   0.07852   0.04554   0.17169   0.03338   0.02778   1.49808   2.86101   1.11214   5.79009   3.37269   0.28934   0.06170   1.73572  
 30 24.9290   2379.138457  x:  0.28783   0.98571   0.81143   0.14414   0.00000   0.22529   0.23132   0.30303   0.24355   0.11240   0.14526   0.00000   0.38561   0.10433   0.03155   0.05469   0.05035   0.09305   0.07002   0.47700   0.13183   0.28091   0.27011   0.14959   0.21832   0.07992   0.07756   0.04489   0.19380   0.03376   0.02843   1.52033   2.90262   1.12376   5.79178   3.42478   0.36231   0.06168   1.67720  
 31 10.1848   2378.627851  x:  0.27883   0.99050   0.77172   0.12368   0.00000   0.22506   0.27705   0.29812   0.21976   0.10941   0.14430   0.00000   0.38951   0.09559   0.03247   0.04950   0.04741   0.08835   0.05587   0.47953   0.12168   0.27169   0.27516   0.16083   0.21463   0.08451   0.07575   0.04409   0.17636   0.03506   0.02880   1.58177   2.99961   1.16815   5.79593   3.53025   0.54988   0.06193   1.52596  
 32 20.8493   2378.397258  x:  0.27185   1.00479   0.77496   0.11553   0.00000   0.21532   0.26777   0.28154   0.21863   0.10453   0.14638   0.00000   0.38172   0.09969   0.03234   0.04604   0.04600   0.08712   0.04574   0.46928   0.12560   0.28356   0.26362   0.14344   0.21403   0.08359   0.07512   0.04389   0.17269   0.03531   0.02843   1.59552   3.04272   1.18950   5.79948   3.56642   0.64033   0.06226   1.45002  
 33 15.8759   2378.013052  x:  0.25658   1.04030   0.80575   0.13264   0.00000   0.22578   0.23673   0.26492   0.22183   0.10220   0.14489   0.00000   0.36015   0.09709   0.03030   0.04478   0.04440   0.08559   0.06505   0.45076   0.13755   0.30063   0.25870   0.15970   0.20785   0.07888   0.07387   0.04294   0.18125   0.03662   0.02815   1.59914   3.11751   1.22395   5.80800   3.63297   0.79386   0.06164   1.30570  
 34 23.7514   2377.733421  x:  0.24350   1.06271   0.83470   0.14226   0.00000   0.21854   0.20866   0.27809   0.21750   0.10293   0.14080   0.00000   0.35516   0.09926   0.02916   0.04201   0.04347   0.08534   0.08054   0.43970   0.11595   0.28114   0.26746   0.15433   0.20003   0.07907   0.07321   0.04211   0.17441   0.03723   0.02717   1.58336   3.16855   1.24021   5.81670   3.66879   0.89893   0.06148   1.19807  
 35 21.4114   2377.507373  x:  0.23377   1.06986   0.85778   0.14044   0.00000   0.22535   0.20874   0.28987   0.20572   0.09816   0.14708   0.00000   0.36911   0.09167   0.03197   0.03878   0.04431   0.08361   0.07905   0.44444   0.13274   0.26734   0.27077   0.14550   0.21900   0.07901   0.07293   0.04194   0.17205   0.03696   0.02692   1.54423   3.20749   1.23699   5.82851   3.69177   0.96929   0.06077   1.09345  
 36 10.7521   2377.223962  x:  0.23044   1.07208   0.87401   0.13395   0.00000   0.22345   0.21557   0.28942   0.20875   0.10091   0.14111   0.00000   0.37590   0.09387   0.03240   0.03611   0.04470   0.08364   0.06213   0.45084   0.13112   0.26430   0.27323   0.15501   0.22677   0.07720   0.07264   0.04195   0.17568   0.03688   0.02591   1.50911   3.23722   1.22817   5.83994   3.70643   1.01898   0.06026   1.00000  
 37 23.5744   2376.238841  x:  0.26025   1.10125   0.87306   0.13829   0.00000   0.22718   0.21274   0.30682   0.22531   0.11600   0.13873   0.00000   0.40864   0.10912   0.03549   0.04267   0.04423   0.09046   0.05407   0.46587   0.14265   0.28613   0.27214   0.17126   0.22100   0.08472   0.07868   0.04950   0.18383   0.03987   0.02989   1.56726   3.15610   1.25180   5.81886   3.65882   0.88487   0.06314   1.00000  
 38  1.4776   2376.062152  x:  0.26701   1.10446   0.88397   0.15025   0.00000   0.23146   0.23497   0.30375   0.23868   0.11650   0.13622   0.00000   0.40871   0.10108   0.03728   0.04174   0.04587   0.09022   0.04848   0.48444   0.13425   0.29149   0.25914   0.16739   0.21255   0.08803   0.07880   0.05032   0.17845   0.04001   0.02927   1.54578   3.16395   1.24845   5.82621   3.66555   0.90215   0.06314   1.00000  
 39  7.9152   2375.944462  x:  0.28091   1.10058   0.88316   0.13498   0.00000   0.23427   0.23832   0.30820   0.23955   0.10984   0.14543   0.00000   0.39698   0.10639   0.03769   0.04012   0.04861   0.09021   0.05324   0.50258   0.12972   0.30422   0.26755   0.16587   0.20432   0.08852   0.07830   0.04969   0.17931   0.03940   0.02700   1.53814   3.16389   1.24839   5.83524   3.68278   0.91377   0.06288   1.00000  
 40  3.1662   2375.864937  x:  0.29153   1.09483   0.87653   0.12857   0.00000   0.23448   0.23526   0.30704   0.23453   0.11945   0.13283   0.00000   0.39498   0.10209   0.03766   0.03964   0.05097   0.09060   0.06008   0.50394   0.13080   0.30847   0.26673   0.16204   0.20443   0.08795   0.07766   0.04821   0.17774   0.03836   0.02522   1.54504   3.15524   1.25087   5.84196   3.69549   0.91414   0.06287   1.00000  
 41  3.7165   2375.752754  x:  0.30210   1.08290   0.86086   0.13772   0.00000   0.23589   0.22709   0.30116   0.23570   0.11468   0.13837   0.00000   0.40635   0.10323   0.03887   0.03694   0.05506   0.09013   0.05971   0.48503   0.12721   0.30172   0.25798   0.16555   0.20627   0.08789   0.07657   0.04649   0.17681   0.03695   0.02179   1.56876   3.13074   1.25711   5.85269   3.71592   0.90360   0.06295   1.00000  
 42  4.3830   2375.723474  x:  0.29401   1.07754   0.85527   0.14679   0.00000   0.23545   0.22355   0.30462   0.23913   0.11519   0.13686   0.00000   0.40549   0.10149   0.03895   0.03647   0.05556   0.09005   0.05135   0.48388   0.13251   0.30267   0.26667   0.16154   0.20089   0.08792   0.07618   0.04625   0.17639   0.03675   0.02120   1.57487   3.11673   1.25952   5.85902   3.72243   0.89842   0.06303   1.00000  
 43  1.9853   2375.678077  x:  0.27990   1.06980   0.84795   0.15254   0.00000   0.23486   0.21480   0.31731   0.23506   0.11525   0.13603   0.00000   0.39926   0.10210   0.03918   0.03560   0.05538   0.08960   0.04421   0.48971   0.13165   0.30624   0.25590   0.16390   0.20197   0.08853   0.07580   0.04618   0.17485   0.03689   0.02076   1.57866   3.08600   1.26321   5.87413   3.73308   0.88911   0.06326   1.00000  
 44  2.2655   2375.417007  x:  0.28047   1.05154   0.83793   0.15333   0.00000   0.23222   0.19611   0.28906   0.22711   0.10999   0.13395   0.00000   0.39619   0.10197   0.04123   0.03208   0.05198   0.08587   0.04999   0.49973   0.12055   0.28883   0.25799   0.15284   0.20620   0.08620   0.07423   0.04676   0.16636   0.03839   0.02137   1.55692   2.89071   1.28087   5.98031   3.81815   0.83126   0.06362   1.00000  
 45  3.1291   2375.333487  x:  0.28670   1.04498   0.84000   0.14138   0.00000   0.23282   0.20401   0.30036   0.22819   0.10881   0.13229   0.00000   0.39473   0.09777   0.04164   0.03129   0.05070   0.08479   0.05119   0.47326   0.12312   0.29140   0.25410   0.15054   0.19239   0.08660   0.07343   0.04737   0.16380   0.03934   0.02135   1.54197   2.83292   1.27970   6.01740   3.84329   0.82085   0.06371   1.00000  
 46  6.0763   2375.324205  x:  0.28761   1.04442   0.84215   0.14214   0.00000   0.23306   0.20657   0.30291   0.22884   0.10876   0.13222   0.00000   0.39358   0.09706   0.04160   0.03145   0.05057   0.08474   0.05123   0.46895   0.11970   0.29563   0.25627   0.14879   0.19739   0.08630   0.07344   0.04736   0.16349   0.03935   0.02152   1.54168   2.82822   1.27713   6.02189   3.84715   0.81979   0.06364   1.00000  
 47  1.9761   2375.279837  x:  0.28382   1.04188   0.87057   0.13703   0.00000   0.23257   0.21033   0.30237   0.22838   0.10783   0.13281   0.00000   0.39365   0.09707   0.04140   0.03310   0.05076   0.08446   0.05111   0.47183   0.12003   0.29296   0.25590   0.14674   0.19621   0.08644   0.07309   0.04696   0.16233   0.03945   0.02152   1.56503   2.83273   1.22740   6.04671   3.85978   0.81914   0.06346   1.00000  
 48  0.6215   2375.232683  x:  0.28265   1.07164   0.84387   0.13958   0.00000   0.23068   0.20630   0.30412   0.22762   0.10718   0.13286   0.00000   0.39165   0.09717   0.04064   0.03627   0.05134   0.08457   0.04877   0.46958   0.12036   0.29069   0.25461   0.14453   0.19564   0.08654   0.07256   0.04603   0.16067   0.03916   0.02155   1.55358   2.85883   1.21041   6.07179   3.87795   0.79973   0.06317   1.00000  
 49  0.5923   2375.199562  x:  0.27856   1.04889   0.85479   0.13639   0.00000   0.22853   0.20860   0.30280   0.22596   0.10699   0.13304   0.00000   0.39062   0.09706   0.04009   0.03881   0.05182   0.08475   0.04732   0.46716   0.11913   0.28859   0.25281   0.14352   0.19429   0.08638   0.07210   0.04517   0.15972   0.03867   0.02172   1.54694   2.88857   1.24976   6.08758   3.89147   0.76845   0.06323   1.00000  
 50  0.7090   2375.177951  x:  0.27560   1.05237   0.85553   0.13515   0.00000   0.22605   0.20872   0.30304   0.22367   0.10674   0.13356   0.00000   0.39086   0.09746   0.04001   0.03656   0.05146   0.08507   0.04983   0.46594   0.11992   0.28753   0.25211   0.14188   0.19399   0.08650   0.07246   0.04553   0.15988   0.03837   0.02223   1.55408   2.97141   1.24606   6.13091   3.90051   0.72716   0.06312   1.00000  
 51  0.1788   2375.172820  x:  0.27494   1.04939   0.85183   0.13421   0.00000   0.22555   0.21103   0.30156   0.22335   0.10709   0.13374   0.00000   0.39082   0.09773   0.03978   0.03680   0.05129   0.08528   0.05060   0.46631   0.11966   0.28862   0.25185   0.14277   0.19342   0.08685   0.07281   0.04576   0.16122   0.03796   0.02218   1.55551   2.94991   1.24610   6.17392   3.91150   0.72379   0.06289   1.00000  
 52  0.0837   2375.169687  x:  0.27627   1.04711   0.84918   0.13466   0.00000   0.22626   0.20870   0.30152   0.22379   0.10665   0.13364   0.00000   0.39153   0.09732   0.03976   0.03683   0.05103   0.08484   0.04981   0.46700   0.11948   0.28977   0.25188   0.14324   0.19324   0.08664   0.07271   0.04587   0.16071   0.03797   0.02185   1.56038   2.96751   1.25349   6.25971   3.91834   0.71768   0.06314   1.00000  
 53  0.0675   2375.167863  x:  0.27633   1.04915   0.85046   0.13496   0.00000   0.22639   0.20933   0.30170   0.22410   0.10687   0.13380   0.00000   0.39126   0.09764   0.03990   0.03661   0.05148   0.08509   0.04932   0.46708   0.11999   0.28923   0.25192   0.14333   0.19364   0.08656   0.07248   0.04550   0.16052   0.03798   0.02235   1.56312   2.97449   1.25992   6.34773   3.91866   0.71944   0.06311   1.00000  
 54  0.0680   2375.166572  x:  0.27610   1.05110   0.85248   0.13467   0.00000   0.22631   0.21011   0.30176   0.22404   0.10673   0.13364   0.00000   0.39074   0.09788   0.04012   0.03672   0.05133   0.08505   0.04976   0.46702   0.12000   0.28886   0.25202   0.14313   0.19384   0.08677   0.07261   0.04592   0.16075   0.03815   0.02200   1.56404   2.99058   1.26492   6.42004   3.91730   0.72452   0.06299   1.00000  
 55  0.0874   2375.166301  x:  0.27599   1.05110   0.85250   0.13447   0.00000   0.22619   0.21021   0.30183   0.22391   0.10672   0.13386   0.00000   0.39126   0.09768   0.03985   0.03676   0.05128   0.08507   0.04987   0.46727   0.11980   0.28947   0.25202   0.14322   0.19369   0.08680   0.07263   0.04583   0.16102   0.03814   0.02203   1.56433   2.99539   1.26554   6.43820   3.91565   0.72720   0.06300   1.00000  
 56  0.0220   2375.166290  x:  0.27594   1.05090   0.85222   0.13447   0.00000   0.22622   0.21015   0.30180   0.22389   0.10668   0.13386   0.00000   0.39125   0.09773   0.03988   0.03676   0.05128   0.08507   0.04991   0.46725   0.11981   0.28948   0.25205   0.14327   0.19371   0.08677   0.07264   0.04583   0.16097   0.03810   0.02206   1.56459   2.99593   1.26554   6.43956   3.91563   0.72784   0.06301   1.00000  
 57  0.0021   2375.166290  x:  0.27594   1.05092   0.85220   0.13447   0.00000   0.22622   0.21016   0.30181   0.22389   0.10669   0.13387   0.00000   0.39124   0.09773   0.03987   0.03676   0.05128   0.08507   0.04990   0.46727   0.11982   0.28947   0.25205   0.14327   0.19373   0.08677   0.07264   0.04583   0.16096   0.03810   0.02205   1.56462   2.99587   1.26554   6.43975   3.91559   0.72787   0.06301   1.00000  
 58  0.0003   2375.166290  x:  0.27594   1.05092   0.85220   0.13447   0.00000   0.22622   0.21015   0.30181   0.22389   0.10669   0.13386   0.00000   0.39124   0.09773   0.03987   0.03676   0.05128   0.08507   0.04989   0.46727   0.11982   0.28947   0.25205   0.14327   0.19373   0.08677   0.07264   0.04583   0.16097   0.03810   0.02205   1.56463   2.99586   1.26554   6.43979   3.91558   0.72788   0.06301   1.00000  
 59  0.0001   2375.166290  x:  0.27594   1.05092   0.85220   0.13447   0.00000   0.22622   0.21015   0.30181   0.22389   0.10669   0.13386   0.00000   0.39124   0.09773   0.03987   0.03676   0.05128   0.08507   0.04989   0.46727   0.11982   0.28947   0.25205   0.14327   0.19373   0.08677   0.07264   0.04583   0.16097   0.03810   0.02205   1.56463   2.99586   1.26554   6.43979   3.91558   0.72788   0.06301   1.00000  
 60  0.0000   2375.166290  x:  0.27594   1.05092   0.85220   0.13447   0.00000   0.22622   0.21015   0.30181   0.22389   0.10669   0.13386   0.00000   0.39124   0.09773   0.03987   0.03676   0.05128   0.08507   0.04989   0.46728   0.11982   0.28947   0.25205   0.14327   0.19373   0.08677   0.07264   0.04583   0.16097   0.03810   0.02205   1.56463   2.99586   1.26554   6.43979   3.91558   0.72788   0.06301   1.00000  
 61  0.0000   2375.166290  x:  0.27594   1.05092   0.85221   0.13447   0.00000   0.22622   0.21015   0.30181   0.22389   0.10669   0.13386   0.00000   0.39124   0.09773   0.03987   0.03676   0.05128   0.08507   0.04989   0.46728   0.11982   0.28947   0.25205   0.14327   0.19373   0.08677   0.07264   0.04583   0.16097   0.03810   0.02205   1.56463   2.99586   1.26554   6.43980   3.91558   0.72788   0.06301   1.00000  
 62  0.0000   2375.166290  x:  0.27594   1.05092   0.85221   0.13447   0.00000   0.22622   0.21015   0.30181   0.22389   0.10669   0.13386   0.00000   0.39124   0.09773   0.03987   0.03676   0.05128   0.08507   0.04989   0.46728   0.11982   0.28947   0.25205   0.14327   0.19373   0.08677   0.07264   0.04583   0.16097   0.03810   0.02205   1.56463   2.99586   1.26554   6.43980   3.91558   0.72788   0.06301   1.00000  
 63  0.0000   2375.166290  x:  0.27594   1.05092   0.85221   0.13447   0.00000   0.22622   0.21015   0.30181   0.22389   0.10669   0.13386   0.00000   0.39124   0.09773   0.03987   0.03676   0.05128   0.08507   0.04989   0.46728   0.11982   0.28947   0.25205   0.14327   0.19373   0.08677   0.07264   0.04583   0.16097   0.03810   0.02205   1.56463   2.99586   1.26554   6.43980   3.91558   0.72788   0.06301   1.00000  
check convergence!


NSsites Model 7: beta

TREE # 1

  0  0.0000   2457.789654  x:  0.20479   0.55928   0.24720   0.15723   0.07678   0.11490   0.00000   0.03992   0.10625   0.09434   0.07613   0.04530   0.19357   0.07294   0.03190   0.05750   0.08458   0.04156   0.08173   0.23486   0.06995   0.14155   0.16228   0.08437   0.09609   0.07864   0.06899   0.04534   0.10976   0.03201   0.02226   1.65529   2.50657   1.16247   5.82973   0.35920   1.10213  
  1 99.0000   2385.754281  x:  0.26961   0.58853   0.33558   0.21359   0.06041   0.15369   0.11999   0.30586   0.16892   0.11096   0.14861   0.06809   0.25320   0.12374   0.04865   0.03174   0.05068   0.12799   0.16048   0.29980   0.13379   0.21965   0.21305   0.15938   0.16505   0.09965   0.07530   0.04762   0.15177   0.06325   0.01295   1.65700   2.50908   1.17039   5.82821   0.17223   1.16121  
  2 419.6260   2378.330649  x:  0.30154   0.62741   0.39656   0.20730   0.02104   0.17795   0.12001   0.30879   0.17615   0.10350   0.14479   0.03987   0.29310   0.11588   0.02100   0.03856   0.03740   0.09335   0.15249   0.32907   0.13242   0.24882   0.23124   0.15760   0.17901   0.09249   0.06497   0.03915   0.15828   0.01831   0.02529   1.65176   2.51029   1.17298   5.82744   0.17368   1.18084  
  3 96.9082   2374.530456  x:  0.32007   0.65266   0.43449   0.20163   0.00000   0.19359   0.11752   0.30504   0.18095   0.10047   0.14054   0.02189   0.31589   0.11077   0.02491   0.04449   0.04064   0.07510   0.14392   0.34628   0.12896   0.26472   0.24089   0.15352   0.18572   0.08552   0.06465   0.04022   0.16066   0.03401   0.03149   1.64802   2.51119   1.17462   5.82691   0.17763   1.19365  
  4 198.8608   2374.530456  x:  0.32007   0.65266   0.43449   0.20163   0.00000   0.19359   0.11752   0.30504   0.18095   0.10047   0.14054   0.02189   0.31589   0.11077   0.02491   0.04449   0.04064   0.07510   0.14392   0.34628   0.12896   0.26472   0.24089   0.15352   0.18572   0.08552   0.06465   0.04022   0.16066   0.03401   0.03149   1.64802   2.51119   1.17462   5.82691   0.17763   1.19365  
  5 158.0219   2372.916119  x:  0.32585   0.66459   0.45083   0.19992   0.00369   0.20308   0.11709   0.30193   0.18542   0.10381   0.13864   0.01750   0.32208   0.11130   0.04440   0.03920   0.05260   0.08535   0.13606   0.35221   0.12488   0.26823   0.24242   0.14947   0.18540   0.08290   0.07263   0.04831   0.16032   0.03736   0.01251   1.64570   2.51194   1.17549   5.82657   0.17932   1.20114  
  6 67.3186   2371.442208  x:  0.33857   0.69204   0.48776   0.19621   0.00849   0.22038   0.11678   0.29483   0.19460   0.10948   0.13555   0.00630   0.33680   0.11113   0.05863   0.02632   0.06265   0.09710   0.11925   0.36595   0.11615   0.27624   0.24592   0.14189   0.18411   0.08164   0.07927   0.05287   0.16095   0.05222   0.03024   1.64020   2.51363   1.17752   5.82581   0.18566   1.21846  
  7 88.7519   2370.267785  x:  0.34502   0.70688   0.50733   0.19438   0.00693   0.22654   0.11745   0.29138   0.19938   0.11128   0.13489   0.00000   0.34490   0.11086   0.05659   0.02616   0.06123   0.09740   0.11136   0.37368   0.11243   0.28061   0.24814   0.13908   0.18383   0.08189   0.07784   0.04945   0.16163   0.04900   0.02976   1.63702   2.51455   1.17863   5.82538   0.19025   1.22804  
  8 108.4804   2369.142931  x:  0.35238   0.72837   0.53474   0.19351   0.00000   0.22996   0.12241   0.28984   0.20709   0.11194   0.13534   0.00000   0.35530   0.11315   0.05381   0.03627   0.05967   0.09325   0.10384   0.38530   0.11122   0.28667   0.25197   0.13898   0.18474   0.08269   0.07903   0.05728   0.16294   0.04782   0.03105   1.63194   2.51611   1.18059   5.82464   0.18154   1.24550  
  9 110.9238   2368.484525  x:  0.35352   0.75133   0.56175   0.19643   0.00000   0.22333   0.13753   0.29801   0.21332   0.10698   0.13670   0.00000   0.35994   0.11668   0.04759   0.02230   0.05863   0.08276   0.10315   0.39667   0.11811   0.29075   0.25495   0.14598   0.18728   0.08097   0.07938   0.06520   0.16273   0.05287   0.02658   1.62415   2.51847   1.18297   5.82357   0.18161   1.26977  
 10 48.8972   2367.666822  x:  0.34652   0.78764   0.60133   0.20106   0.00000   0.20647   0.16736   0.31977   0.21861   0.09600   0.14018   0.00000   0.35974   0.12180   0.05589   0.03084   0.06501   0.07857   0.10677   0.41116   0.13302   0.29274   0.25626   0.15992   0.19137   0.07819   0.07682   0.06186   0.16159   0.06285   0.02708   1.60873   2.52306   1.18663   5.82161   0.20322   1.31458  
 11 59.7151   2367.079782  x:  0.32962   0.81622   0.62701   0.19817   0.00000   0.20211   0.18982   0.34308   0.21785   0.09894   0.14852   0.00000   0.35346   0.12113   0.06020   0.02660   0.06763   0.09620   0.11049   0.41641   0.14251   0.28887   0.25389   0.16829   0.19479   0.08584   0.08151   0.05195   0.16615   0.05052   0.03191   1.59309   2.52803   1.18933   5.81966   0.20066   1.36272  
 12 39.9103   2366.281992  x:  0.28474   0.85690   0.65363   0.17349   0.00000   0.22136   0.21011   0.37952   0.20832   0.11236   0.15336   0.00000   0.33742   0.11078   0.05485   0.02975   0.05514   0.10250   0.10699   0.40892   0.14212   0.27325   0.24390   0.16443   0.19856   0.08438   0.08614   0.06823   0.16670   0.04889   0.03226   1.56315   2.53757   1.19162   5.81616   0.21818   1.45204  
 13 34.8777   2365.667928  x:  0.24513   0.88645   0.66847   0.14808   0.00000   0.23407   0.21812   0.40282   0.20374   0.11588   0.14486   0.00000   0.32857   0.10694   0.05212   0.03091   0.06293   0.09511   0.09962   0.39784   0.13527   0.26315   0.24026   0.15763   0.20095   0.07905   0.07724   0.05626   0.16554   0.06105   0.02756   1.53773   2.54599   1.19261   5.81307   0.21222   1.53224  
 14 53.8829   2365.276818  x:  0.21907   0.90128   0.67138   0.13212   0.00000   0.22623   0.21597   0.40682   0.20510   0.10663   0.12827   0.00000   0.32928   0.10987   0.06045   0.02749   0.06516   0.08655   0.09181   0.38630   0.12532   0.26243   0.24323   0.15199   0.19911   0.08082   0.08104   0.05715   0.16323   0.05048   0.03217   1.51935   2.55240   1.19210   5.81059   0.21625   1.59454  
 15 32.1370   2364.829249  x:  0.19637   0.90952   0.66423   0.12981   0.00000   0.20412   0.20673   0.38861   0.20945   0.10607   0.13058   0.00000   0.33844   0.10937   0.05541   0.02648   0.06001   0.10161   0.08777   0.37289   0.11391   0.27296   0.25153   0.14696   0.19268   0.07860   0.07960   0.05938   0.15564   0.05836   0.02859   1.49488   2.56198   1.18978   5.80657   0.22408   1.68987  
 16 23.2010   2364.006922  x:  0.18017   0.90905   0.63872   0.15962   0.00000   0.21241   0.19089   0.33559   0.20854   0.11432   0.14730   0.00000   0.34482   0.10365   0.06509   0.02383   0.06693   0.08469   0.10304   0.36010   0.11463   0.29467   0.25423   0.14325   0.17895   0.08725   0.07881   0.05717   0.15685   0.05730   0.02939   1.44976   2.58221   1.18424   5.79734   0.24434   1.89345  
 17 32.9825   2363.450842  x:  0.19430   0.90092   0.62088   0.17560   0.00000   0.22770   0.17520   0.30621   0.19909   0.09403   0.13329   0.00000   0.34112   0.10659   0.05953   0.02383   0.06532   0.09442   0.11607   0.36325   0.12162   0.29662   0.24704   0.14487   0.17799   0.07567   0.07938   0.05707   0.15730   0.05546   0.02911   1.42657   2.59596   1.18106   5.79013   0.25473   2.03790  
 18 43.1115   2362.861162  x:  0.23947   0.87861   0.60237   0.17208   0.00000   0.21804   0.14695   0.29374   0.19400   0.10739   0.12546   0.00000   0.32890   0.12715   0.06463   0.02176   0.05517   0.09214   0.12159   0.37655   0.11988   0.27796   0.23586   0.14612   0.18820   0.07719   0.07701   0.05343   0.16196   0.05894   0.02700   1.41625   2.61092   1.17856   5.78059   0.26909   2.20462  
 19 33.9766   2362.642167  x:  0.25872   0.86500   0.59568   0.16844   0.00000   0.21379   0.13872   0.29539   0.19287   0.10871   0.12875   0.00000   0.32592   0.12663   0.05608   0.02236   0.06898   0.09089   0.12072   0.38141   0.11441   0.27028   0.23606   0.14644   0.19083   0.07896   0.07799   0.05616   0.15923   0.05529   0.02753   1.41843   2.61635   1.17777   5.77644   0.27777   2.26859  
 20 39.2553   2362.289612  x:  0.28716   0.83081   0.58586   0.16460   0.00000   0.21513   0.14149   0.31187   0.19539   0.09795   0.13924   0.00000   0.32930   0.10756   0.06051   0.02224   0.06287   0.08594   0.11382   0.38662   0.10014   0.26551   0.24843   0.14598   0.18994   0.07972   0.07858   0.05225   0.14797   0.05365   0.02707   1.43768   2.62398   1.17725   5.76855   0.28319   2.36968  
 21 24.8245   2362.016185  x:  0.29843   0.79478   0.57900   0.16428   0.00000   0.21860   0.15922   0.32675   0.20375   0.10121   0.13055   0.00000   0.34043   0.10713   0.05690   0.02347   0.06222   0.08827   0.10246   0.38510   0.10197   0.27428   0.25245   0.13748   0.18615   0.08371   0.06819   0.05506   0.15633   0.05145   0.02579   1.46537   2.62868   1.17810   5.76099   0.29139   2.44737  
 22 20.1571   2361.912315  x:  0.30025   0.78098   0.57790   0.16297   0.00000   0.21919   0.16547   0.33065   0.20626   0.10500   0.12759   0.00000   0.34461   0.10847   0.05273   0.02527   0.06139   0.08674   0.09685   0.38371   0.10527   0.27940   0.25172   0.13593   0.18418   0.08016   0.07714   0.05099   0.15831   0.05166   0.02497   1.47860   2.63003   1.17887   5.75769   0.29463   2.47649  
 23 27.1747   2361.836879  x:  0.29705   0.77433   0.58162   0.15888   0.00000   0.21784   0.16503   0.32790   0.20430   0.10758   0.12946   0.00000   0.34437   0.10864   0.05352   0.02499   0.06142   0.08554   0.09226   0.38214   0.11065   0.28366   0.24676   0.14087   0.18307   0.07278   0.07431   0.05098   0.15481   0.04748   0.02614   1.49262   2.62984   1.18051   5.75446   0.29501   2.49454  
 24  8.4776   2361.721836  x:  0.28835   0.76895   0.59163   0.15261   0.00000   0.21515   0.16069   0.31865   0.19829   0.10234   0.13139   0.00000   0.34032   0.10629   0.05160   0.02565   0.05982   0.08436   0.08882   0.37988   0.11615   0.28654   0.23711   0.14705   0.18225   0.08146   0.07376   0.05035   0.15528   0.04912   0.02375   1.51782   2.62833   1.18445   5.74845   0.29645   2.51903  
 25 11.1370   2361.548393  x:  0.27194   0.77272   0.60778   0.15901   0.00000   0.21319   0.15928   0.30620   0.19870   0.09976   0.13326   0.00000   0.33340   0.11597   0.04849   0.02631   0.05794   0.08328   0.10535   0.37892   0.10568   0.27490   0.23440   0.14004   0.17789   0.08068   0.07263   0.04882   0.15103   0.04653   0.02264   1.55525   2.62420   1.19281   5.73746   0.29765   2.54831  
 26  7.3196   2361.402041  x:  0.26363   0.78613   0.61398   0.15760   0.00000   0.21359   0.15301   0.30022   0.19871   0.10408   0.12873   0.00000   0.33471   0.11120   0.04752   0.02705   0.05751   0.08330   0.11722   0.37955   0.10494   0.27080   0.25249   0.14630   0.18598   0.07605   0.07248   0.04865   0.16210   0.04536   0.02248   1.57576   2.61952   1.20058   5.72661   0.30134   2.56629  
 27  5.8662   2360.910272  x:  0.26629   0.84810   0.61756   0.14926   0.00000   0.21712   0.14677   0.30189   0.20282   0.10155   0.13609   0.00000   0.35692   0.10977   0.04856   0.02709   0.05730   0.08337   0.12252   0.38181   0.12563   0.27924   0.25878   0.12137   0.20690   0.07917   0.07297   0.04687   0.15220   0.04243   0.02307   1.60000   2.60285   1.22312   5.68771   0.30736   2.60874  
 28  5.5075   2359.720368  x:  0.28672   0.98563   0.63656   0.15645   0.00000   0.23362   0.16323   0.30798   0.20798   0.10445   0.13787   0.00000   0.38745   0.12033   0.04611   0.02973   0.05641   0.08580   0.08622   0.38125   0.09811   0.29549   0.24459   0.15268   0.18108   0.08619   0.07238   0.04570   0.15276   0.04124   0.02060   1.61834   2.56283   1.26622   5.59223   0.31864   2.70053  
 29 17.0289   2359.271697  x:  0.28777   1.00843   0.66652   0.15904   0.00000   0.22063   0.17275   0.30079   0.20731   0.11034   0.12944   0.00000   0.37819   0.09539   0.04744   0.03051   0.05699   0.08404   0.07256   0.40457   0.09257   0.30066   0.23666   0.13760   0.16655   0.07828   0.07214   0.04574   0.16477   0.03896   0.02078   1.60077   2.54963   1.27157   5.55827   0.31741   2.72911  
 30 12.9210   2358.468781  x:  0.26673   0.99069   0.75821   0.13993   0.00000   0.23446   0.18630   0.28192   0.22940   0.11262   0.12826   0.00000   0.35592   0.10455   0.04380   0.03289   0.05468   0.08826   0.05620   0.45135   0.09257   0.31260   0.26356   0.13637   0.17005   0.08776   0.07222   0.04417   0.14840   0.03594   0.02061   1.52200   2.52759   1.25871   5.49560   0.32246   2.77407  
 31 13.3913   2358.039682  x:  0.26025   0.96861   0.82465   0.12403   0.00000   0.23622   0.18683   0.28264   0.22361   0.10499   0.14173   0.00000   0.38622   0.10970   0.04484   0.03266   0.05398   0.08708   0.07381   0.45115   0.07935   0.31591   0.25385   0.13654   0.18243   0.08128   0.07199   0.04349   0.16496   0.03347   0.02077   1.46559   2.51663   1.23865   5.46234   0.32449   2.79641  
 32 14.9690   2357.933686  x:  0.26382   0.96453   0.84581   0.12535   0.00000   0.23466   0.18867   0.28256   0.21557   0.11232   0.13215   0.00000   0.39691   0.10422   0.04407   0.03336   0.05383   0.08690   0.08152   0.44009   0.08168   0.31154   0.25423   0.13853   0.18269   0.08562   0.07178   0.04311   0.15527   0.03313   0.02029   1.45104   2.51426   1.22777   5.45418   0.32368   2.80225  
 33  9.0637   2357.895938  x:  0.26847   0.96624   0.85589   0.12814   0.00000   0.23407   0.18655   0.28313   0.21576   0.11054   0.13455   0.00000   0.39394   0.10508   0.04370   0.03352   0.05333   0.08673   0.07805   0.42637   0.08851   0.30608   0.25958   0.13547   0.17893   0.08436   0.07155   0.04306   0.15824   0.03287   0.02018   1.44758   2.51353   1.21432   5.45079   0.32328   2.80574  
 34  3.4013   2357.859363  x:  0.27051   0.97270   0.86347   0.13169   0.00000   0.23424   0.18247   0.28756   0.22489   0.11100   0.13269   0.00000   0.38682   0.10234   0.04310   0.03388   0.05307   0.08720   0.08096   0.41955   0.08727   0.31301   0.25657   0.13567   0.18397   0.08400   0.07163   0.04313   0.15842   0.03292   0.02034   1.45086   2.51287   1.18325   5.44612   0.32376   2.81271  
 35  2.2624   2357.800313  x:  0.26747   0.98554   0.86968   0.13054   0.00000   0.23473   0.18006   0.29282   0.21715   0.11161   0.13302   0.00000   0.38836   0.10636   0.04335   0.03373   0.05306   0.08740   0.08371   0.42904   0.08862   0.31764   0.26045   0.13409   0.17849   0.08482   0.07174   0.04363   0.15863   0.03403   0.02038   1.46052   2.51202   1.12343   5.43689   0.32504   2.82701  
 36  3.9320   2357.775649  x:  0.26451   0.99099   0.86909   0.13016   0.00000   0.23453   0.18768   0.28669   0.21924   0.11123   0.13381   0.00000   0.39277   0.10497   0.04381   0.03362   0.05321   0.08727   0.07927   0.43291   0.08933   0.30827   0.25849   0.13549   0.18489   0.08444   0.07198   0.04357   0.15899   0.03414   0.02067   1.46320   2.51194   1.10147   5.43116   0.32558   2.83468  
 37  2.6069   2357.732393  x:  0.26664   1.00167   0.86658   0.11651   0.00000   0.23366   0.19669   0.28246   0.22590   0.11053   0.13432   0.00000   0.39040   0.10331   0.04274   0.03407   0.05232   0.08701   0.08800   0.43425   0.09272   0.30629   0.25719   0.13685   0.17845   0.08424   0.07160   0.04349   0.15990   0.03451   0.02040   1.45655   2.51163   1.09875   5.41202   0.32709   2.85469  
 38  0.7171   2357.625312  x:  0.26710   1.02490   0.86674   0.11129   0.00000   0.22901   0.21339   0.28078   0.21345   0.10995   0.13606   0.00000   0.37748   0.10760   0.03982   0.03555   0.05022   0.08498   0.08983   0.43507   0.08912   0.31296   0.26064   0.13396   0.18938   0.08289   0.07082   0.04367   0.16133   0.03454   0.02027   1.43966   2.51042   1.10508   5.36127   0.32991   2.90770  
 39  4.7457   2357.459460  x:  0.24853   1.04961   0.88244   0.12979   0.00000   0.22595   0.19702   0.30100   0.21956   0.10938   0.13454   0.00000   0.38168   0.10612   0.03708   0.03721   0.04739   0.08380   0.08374   0.45070   0.09977   0.30228   0.25640   0.13723   0.19127   0.08296   0.06987   0.04440   0.16197   0.03693   0.02025   1.42081   2.50642   1.12986   5.27813   0.33657   2.99768  
 40  6.0590   2357.381319  x:  0.24979   1.05406   0.91287   0.12516   0.00000   0.22804   0.20266   0.29597   0.21849   0.10989   0.13486   0.00000   0.38239   0.10625   0.04074   0.03583   0.04915   0.08517   0.08760   0.44804   0.09977   0.30269   0.25753   0.13518   0.19304   0.08192   0.07094   0.04590   0.16273   0.04092   0.02200   1.43174   2.50165   1.15103   5.23478   0.34206   3.05040  
 41  2.8081   2357.223363  x:  0.23684   1.09007   0.93442   0.12380   0.00000   0.22442   0.20066   0.29323   0.21738   0.10843   0.13313   0.00000   0.38132   0.10767   0.04340   0.03479   0.05172   0.08449   0.08915   0.44784   0.09586   0.29911   0.25621   0.13545   0.19021   0.08290   0.07089   0.04527   0.15983   0.03494   0.02346   1.41753   2.34575   1.13092   5.06047   0.35809   3.32623  
 42  0.2924   2357.170723  x:  0.23173   1.09806   0.93931   0.12394   0.00000   0.22367   0.19619   0.29084   0.21712   0.10805   0.13307   0.00000   0.38141   0.10802   0.04319   0.03456   0.05202   0.08485   0.08957   0.44444   0.09324   0.30020   0.25537   0.13592   0.18781   0.08303   0.07089   0.04498   0.15880   0.03486   0.02264   1.41817   2.46512   1.12230   4.95372   0.36335   3.43701  
 43  0.3701   2357.130425  x:  0.23121   1.08838   0.93416   0.12343   0.00000   0.22516   0.19592   0.28863   0.21692   0.10872   0.13437   0.00000   0.38135   0.10692   0.04194   0.03425   0.05123   0.08567   0.08897   0.43841   0.09047   0.30213   0.25554   0.13530   0.18644   0.08290   0.07086   0.04455   0.15775   0.03806   0.02067   1.40529   2.39825   1.11642   4.90111   0.36796   3.56150  
 44  0.1785   2357.106464  x:  0.23376   1.07115   0.91697   0.12434   0.00000   0.22609   0.19736   0.29194   0.21732   0.10912   0.13497   0.00000   0.37994   0.10606   0.04245   0.03413   0.05070   0.08551   0.08895   0.43787   0.09319   0.30325   0.25628   0.13511   0.18714   0.08293   0.07142   0.04541   0.15837   0.03670   0.02202   1.40243   2.38719   1.11710   4.87680   0.37034   3.64939  
 45  0.0738   2357.104132  x:  0.23559   1.06865   0.91466   0.12409   0.00000   0.22509   0.19709   0.29201   0.21701   0.10909   0.13385   0.00000   0.38056   0.10647   0.04255   0.03419   0.05146   0.08506   0.08882   0.43835   0.09316   0.30196   0.25573   0.13492   0.18732   0.08285   0.07095   0.04488   0.15855   0.03680   0.02191   1.40271   2.39008   1.11756   4.88265   0.37031   3.66648  
 46  0.0181   2357.103692  x:  0.23680   1.06853   0.91582   0.12402   0.00000   0.22487   0.19692   0.29150   0.21700   0.10901   0.13371   0.00000   0.38086   0.10668   0.04246   0.03428   0.05124   0.08522   0.08900   0.43877   0.09283   0.30178   0.25560   0.13493   0.18723   0.08285   0.07099   0.04522   0.15854   0.03678   0.02182   1.40351   2.39245   1.11793   4.89366   0.37015   3.67142  
 47  0.0101   2357.103519  x:  0.23695   1.06934   0.91750   0.12396   0.00000   0.22507   0.19711   0.29158   0.21707   0.10897   0.13394   0.00000   0.38066   0.10668   0.04246   0.03432   0.05123   0.08525   0.08903   0.43924   0.09286   0.30207   0.25568   0.13502   0.18732   0.08286   0.07105   0.04505   0.15857   0.03679   0.02185   1.40365   2.39461   1.11901   4.90882   0.36977   3.67126  
 48  0.0098   2357.103484  x:  0.23650   1.06987   0.91772   0.12384   0.00000   0.22509   0.19721   0.29166   0.21707   0.10899   0.13393   0.00000   0.38066   0.10664   0.04244   0.03429   0.05129   0.08518   0.08894   0.43913   0.09291   0.30200   0.25568   0.13501   0.18735   0.08287   0.07101   0.04512   0.15855   0.03678   0.02185   1.40387   2.39586   1.11987   4.91702   0.36964   3.67080  
 49  0.0056   2357.103478  x:  0.23640   1.07000   0.91757   0.12388   0.00000   0.22504   0.19718   0.29161   0.21706   0.10897   0.13391   0.00000   0.38069   0.10665   0.04247   0.03427   0.05125   0.08519   0.08898   0.43905   0.09289   0.30202   0.25569   0.13500   0.18733   0.08287   0.07101   0.04510   0.15855   0.03678   0.02185   1.40397   2.39656   1.12008   4.91982   0.36965   3.67101  
 50  0.0024   2357.103476  x:  0.23642   1.07001   0.91752   0.12389   0.00000   0.22504   0.19717   0.29161   0.21706   0.10896   0.13392   0.00000   0.38070   0.10666   0.04246   0.03427   0.05127   0.08521   0.08901   0.43905   0.09289   0.30204   0.25570   0.13500   0.18733   0.08287   0.07102   0.04511   0.15856   0.03678   0.02185   1.40400   2.39689   1.12016   4.92113   0.36972   3.67147  
 51  0.0010   2357.103476  x:  0.23645   1.06999   0.91752   0.12388   0.00000   0.22505   0.19717   0.29162   0.21706   0.10897   0.13393   0.00000   0.38069   0.10666   0.04246   0.03428   0.05126   0.08520   0.08900   0.43906   0.09289   0.30203   0.25569   0.13500   0.18734   0.08287   0.07101   0.04511   0.15856   0.03678   0.02185   1.40401   2.39698   1.12022   4.92170   0.36977   3.67189  
 52  0.0005   2357.103476  x:  0.23644   1.06997   0.91753   0.12389   0.00000   0.22505   0.19718   0.29162   0.21706   0.10897   0.13392   0.00000   0.38069   0.10666   0.04246   0.03428   0.05126   0.08520   0.08899   0.43906   0.09289   0.30203   0.25569   0.13500   0.18733   0.08287   0.07101   0.04511   0.15856   0.03678   0.02185   1.40402   2.39697   1.12023   4.92172   0.36977   3.67196  
 53  0.0001   2357.103476  x:  0.23644   1.06997   0.91753   0.12389   0.00000   0.22505   0.19718   0.29162   0.21706   0.10897   0.13392   0.00000   0.38069   0.10666   0.04246   0.03428   0.05126   0.08520   0.08899   0.43906   0.09289   0.30203   0.25569   0.13500   0.18733   0.08287   0.07101   0.04511   0.15856   0.03678   0.02185   1.40402   2.39698   1.12023   4.92173   0.36977   3.67195  
 54  0.0000   2357.103476  x:  0.23644   1.06997   0.91753   0.12389   0.00000   0.22505   0.19718   0.29162   0.21706   0.10897   0.13392   0.00000   0.38069   0.10666   0.04246   0.03428   0.05126   0.08520   0.08899   0.43906   0.09289   0.30203   0.25569   0.13500   0.18733   0.08287   0.07101   0.04511   0.15856   0.03678   0.02185   1.40402   2.39698   1.12023   4.92173   0.36977   3.67195  
 55  0.0000   2357.103476  x:  0.23644   1.06997   0.91753   0.12389   0.00000   0.22505   0.19718   0.29162   0.21706   0.10897   0.13392   0.00000   0.38069   0.10666   0.04246   0.03428   0.05126   0.08520   0.08899   0.43906   0.09289   0.30203   0.25569   0.13500   0.18733   0.08287   0.07101   0.04511   0.15856   0.03678   0.02185   1.40402   2.39698   1.12023   4.92173   0.36977   3.67195  

NSsites Model 8: beta&w>1

TREE # 1

  0  0.0000   2503.267742  x:  0.21364   0.55946   0.24746   0.13714   0.06316   0.07717   0.00000   0.07774   0.08625   0.04468   0.06167   0.02263   0.16581   0.04989   0.03736   0.06167   0.06129   0.04659   0.05749   0.23030   0.03539   0.12984   0.15071   0.09151   0.09974   0.07542   0.08379   0.01220   0.09576   0.03623   0.06758   1.39848   2.11727   1.02820   4.20419   0.90000   0.27226   1.68617   2.05506  
  1 99.0000   2415.609463  x:  0.22317   0.56441   0.26020   0.14849   0.06405   0.09333   0.01879   0.09750   0.10138   0.06461   0.07919   0.03294   0.17920   0.06457   0.03899   0.05728   0.06015   0.05722   0.07484   0.24194   0.06035   0.14323   0.15987   0.10151   0.11161   0.08036   0.08373   0.04756   0.10436   0.03571   0.05806   1.40081   2.11782   1.02954   4.20389   0.99999   0.26009   1.68858   2.04968  
  2 826.5397   2398.715782  x:  0.23417   0.57235   0.28329   0.15572   0.05701   0.11174   0.05595   0.12177   0.11801   0.07520   0.09404   0.03452   0.20121   0.07660   0.03469   0.04194   0.05107   0.06442   0.09001   0.25841   0.06892   0.16461   0.17312   0.11140   0.12531   0.07934   0.07161   0.00776   0.11416   0.03002   0.02853   1.40019   2.11826   1.03116   4.20360   0.99999   0.22484   1.69470   2.05430  
  3 351.2848   2393.004233  x:  0.23826   0.57906   0.30135   0.14975   0.04538   0.11684   0.07445   0.12920   0.12197   0.06500   0.09195   0.02357   0.21590   0.07429   0.02889   0.02906   0.04160   0.06169   0.08815   0.26812   0.05103   0.17748   0.18050   0.11232   0.13022   0.07487   0.06246   0.01900   0.11720   0.02858   0.00622   1.39695   2.11824   1.03199   4.20350   0.99999   0.19356   1.70013   2.06631  
  4 243.9982   2390.105061  x:  0.24257   0.58724   0.32154   0.14225   0.03366   0.12255   0.08961   0.13643   0.12660   0.05768   0.09082   0.01419   0.23156   0.07291   0.02855   0.02233   0.03581   0.06064   0.08601   0.27915   0.03575   0.19066   0.18782   0.11290   0.13485   0.07180   0.05613   0.02407   0.12076   0.03749   0.02480   1.39344   2.11822   1.03302   4.20336   0.99999   0.16575   1.70559   2.07908  
  5 273.0691   2387.551898  x:  0.24746   0.60616   0.36162   0.11845   0.01834   0.13037   0.09659   0.14173   0.13384   0.05758   0.08940   0.00293   0.25679   0.07113   0.05159   0.05038   0.05089   0.06262   0.07640   0.30052   0.02303   0.20961   0.19658   0.10691   0.14009   0.06574   0.06347   0.02529   0.12288   0.03382   0.02583   1.38449   2.11809   1.03513   4.20312   0.99999   0.16367   1.71290   2.10727  
  6 103.7769   2386.515099  x:  0.24794   0.61204   0.37289   0.11170   0.02002   0.13226   0.09734   0.14213   0.13522   0.05811   0.08889   0.00000   0.26255   0.06989   0.05151   0.04815   0.05239   0.06016   0.07388   0.30625   0.02436   0.21373   0.19816   0.10466   0.14100   0.06486   0.06459   0.02547   0.12292   0.03294   0.02671   1.38143   2.11804   1.03581   4.20305   0.99999   0.16938   1.71483   2.11675  
  7 116.4488   2386.515099  x:  0.24794   0.61204   0.37289   0.11170   0.02002   0.13226   0.09734   0.14213   0.13522   0.05811   0.08889   0.00000   0.26255   0.06989   0.05151   0.04815   0.05239   0.06016   0.07388   0.30625   0.02436   0.21373   0.19816   0.10466   0.14100   0.06486   0.06459   0.02547   0.12292   0.03294   0.02671   1.38143   2.11804   1.03581   4.20305   0.99999   0.16938   1.71483   2.11675  
  8 295.4621   2375.921153  x:  0.25963   0.62519   0.39695   0.12842   0.04463   0.15683   0.11819   0.16968   0.15953   0.10143   0.12047   0.01196   0.27926   0.09500   0.04225   0.02133   0.05150   0.07147   0.10414   0.32594   0.09161   0.22986   0.20909   0.11803   0.15794   0.07734   0.06788   0.07276   0.13467   0.02809   0.00996   1.38214   2.11889   1.03872   4.20247   0.99999   0.18646   1.71820   2.11674  
  9 181.9255   2373.269929  x:  0.26929   0.63736   0.41681   0.13712   0.04502   0.16849   0.12781   0.18632   0.17238   0.11461   0.13233   0.01642   0.29183   0.10626   0.03992   0.02986   0.04982   0.07959   0.11753   0.33854   0.11407   0.24001   0.21730   0.12636   0.16593   0.08327   0.06599   0.06744   0.14266   0.04647   0.04263   1.38307   2.11954   1.04069   4.20207   0.99999   0.20274   1.72109   2.11674  
 10 163.7285   2369.497741  x:  0.28822   0.66311   0.45556   0.14775   0.02923   0.18252   0.13808   0.21119   0.18922   0.11864   0.13984   0.01504   0.31388   0.11600   0.03793   0.04834   0.04692   0.08938   0.13054   0.35929   0.12753   0.25640   0.23227   0.13749   0.17627   0.08596   0.06421   0.02848   0.15366   0.04024   0.03060   1.38533   2.12087   1.04401   4.20137   0.99999   0.23164   1.72716   2.11674  
 11 121.2518   2366.511297  x:  0.31472   0.70379   0.51184   0.15564   0.00000   0.19616   0.14292   0.23745   0.20305   0.10256   0.13282   0.00354   0.34129   0.11563   0.03513   0.05504   0.04704   0.09198   0.13131   0.38375   0.11158   0.27486   0.25011   0.14489   0.18375   0.08283   0.08073   0.04583   0.16266   0.04073   0.02795   1.39052   2.12313   1.04874   4.20027   0.99999   0.24302   1.73969   2.11673  
 12 84.4135   2365.208131  x:  0.32386   0.72047   0.53409   0.15895   0.00073   0.20598   0.14487   0.24734   0.20722   0.10026   0.13066   0.00000   0.34997   0.11489   0.03704   0.04614   0.04862   0.08992   0.12677   0.39185   0.10287   0.28063   0.25457   0.14443   0.18497   0.08115   0.07749   0.04411   0.16391   0.04144   0.02888   1.39301   2.12434   1.05066   4.19980   0.99999   0.23807   1.74610   2.11673  
 13 103.8317   2364.440961  x:  0.33271   0.74919   0.56965   0.15756   0.02577   0.20599   0.14558   0.25648   0.20975   0.10659   0.13291   0.00000   0.35908   0.11091   0.04588   0.05740   0.04892   0.08746   0.11150   0.40163   0.08943   0.28540   0.25426   0.13645   0.18372   0.08110   0.07677   0.04875   0.16098   0.03479   0.03039   1.39714   2.12702   1.05365   4.19904   0.99999   0.24319   1.75839   2.11673  
 14 53.0565   2363.798208  x:  0.33399   0.78178   0.60557   0.14707   0.03083   0.18339   0.14429   0.25534   0.20947   0.12189   0.14043   0.00000   0.36302   0.10344   0.03513   0.05218   0.05105   0.08636   0.09492   0.41041   0.08674   0.28699   0.24805   0.12549   0.18149   0.08419   0.07462   0.04730   0.15506   0.04400   0.02714   1.40185   2.13076   1.05701   4.19818   0.99999   0.25047   1.77564   2.11673  
 15 37.9096   2363.476473  x:  0.32783   0.80434   0.62745   0.13840   0.02715   0.16758   0.14614   0.24951   0.20845   0.12621   0.14076   0.00000   0.36167   0.10250   0.04326   0.04873   0.04896   0.08865   0.09026   0.41515   0.09525   0.28664   0.24378   0.12539   0.17965   0.08908   0.07450   0.04558   0.15285   0.03612   0.03198   1.40552   2.13408   1.05944   4.19753   0.99999   0.24451   1.79211   2.11673  
 16 30.2551   2363.044056  x:  0.30177   0.84489   0.66123   0.12248   0.03603   0.16462   0.15572   0.23190   0.20250   0.11429   0.13125   0.00000   0.35237   0.10321   0.04161   0.05315   0.05021   0.08881   0.09345   0.41895   0.11387   0.28095   0.23752   0.13570   0.17624   0.08784   0.07727   0.04261   0.14929   0.04375   0.02788   1.41186   2.14185   1.06341   4.19634   0.99999   0.23798   1.82974   2.11672  
 17 24.2584   2362.781619  x:  0.27835   0.87059   0.68004   0.11260   0.03679   0.16921   0.16265   0.22020   0.19991   0.10875   0.12945   0.00000   0.34523   0.10564   0.03531   0.05023   0.04853   0.08543   0.09888   0.41780   0.11572   0.27458   0.23398   0.13896   0.17344   0.08585   0.07167   0.04404   0.14956   0.03675   0.03209   1.41518   2.14793   1.06535   4.19567   0.99999   0.24806   1.85755   2.11672  
 18 34.4294   2362.469785  x:  0.24070   0.90233   0.69965   0.10240   0.03143   0.17737   0.17246   0.20874   0.20079   0.11293   0.13712   0.00000   0.33634   0.11304   0.04531   0.04825   0.05098   0.08587   0.10973   0.41224   0.10584   0.26531   0.23220   0.13680   0.17228   0.08244   0.07227   0.04537   0.15423   0.04110   0.02925   1.41849   2.15752   1.06714   4.19494   0.99999   0.25763   1.90096   2.11672  
 19 34.4742   2362.306643  x:  0.21853   0.91742   0.70618   0.10197   0.03190   0.17777   0.17841   0.20869   0.20136   0.11584   0.14268   0.00000   0.33512   0.11416   0.03865   0.05057   0.05047   0.08770   0.11736   0.40776   0.09745   0.26326   0.23507   0.13441   0.17583   0.08500   0.07790   0.04353   0.15766   0.03807   0.03001   1.41916   2.16416   1.06762   4.19467   0.99999   0.25263   1.93127   2.11671  
 20 24.5488   2362.175275  x:  0.20163   0.92720   0.70701   0.10477   0.03253   0.17118   0.18102   0.21498   0.20143   0.11421   0.14104   0.00000   0.33804   0.11241   0.03892   0.05213   0.04531   0.08762   0.12304   0.40328   0.09378   0.26628   0.24021   0.13263   0.18228   0.08428   0.07059   0.04568   0.15570   0.03993   0.02813   1.41745   2.17154   1.06709   4.19471   0.99999   0.25337   1.96417   2.11671  
 21 17.2063   2362.041850  x:  0.18808   0.93540   0.70474   0.10716   0.03450   0.16592   0.17917   0.22253   0.20117   0.11183   0.13565   0.00000   0.34259   0.10955   0.04082   0.04863   0.05415   0.08800   0.12521   0.39820   0.09364   0.27130   0.24446   0.13092   0.18733   0.08277   0.07227   0.04496   0.15217   0.03864   0.02922   1.41357   2.18099   1.06568   4.19502   0.99999   0.26069   2.00566   2.11671  
 22 23.5334   2361.867694  x:  0.18078   0.94354   0.69945   0.10801   0.03481   0.16817   0.17031   0.22747   0.20072   0.11196   0.13134   0.00000   0.34836   0.10613   0.04300   0.04438   0.04710   0.08311   0.12146   0.39292   0.09608   0.27691   0.24597   0.12973   0.18809   0.08293   0.08080   0.04259   0.15133   0.03935   0.02941   1.40649   2.19490   1.06299   4.19572   0.99999   0.26970   2.06690   2.11670  
 23 25.7583   2361.346361  x:  0.17807   0.96434   0.68216   0.11211   0.02359   0.18365   0.14019   0.23268   0.19947   0.11584   0.12872   0.00000   0.36160   0.10097   0.04038   0.05334   0.04960   0.08540   0.10414   0.38174   0.10317   0.28845   0.24368   0.12964   0.18011   0.08624   0.07492   0.04682   0.15490   0.03800   0.02606   1.38350   2.23927   1.05408   4.19824   0.99999   0.28224   2.26398   2.11668  
 24 52.5913   2360.738909  x:  0.20411   0.97869   0.66442   0.14441   0.02053   0.17668   0.14107   0.23424   0.19775   0.10594   0.13337   0.00000   0.35568   0.11382   0.03836   0.05126   0.04660   0.09233   0.09782   0.38283   0.09675   0.28507   0.23269   0.13337   0.15829   0.07884   0.07792   0.04797   0.15113   0.03798   0.02319   1.35880   2.29427   1.04394   4.20169   0.99999   0.30430   2.50983   2.11665  
 25 46.4877   2360.430583  x:  0.22640   0.97563   0.65791   0.14413   0.02104   0.17274   0.14536   0.23198   0.19701   0.10252   0.13481   0.00000   0.34396   0.11084   0.04098   0.05124   0.05152   0.07725   0.10467   0.39406   0.08989   0.27890   0.23418   0.13584   0.16624   0.09118   0.07648   0.04832   0.15628   0.03920   0.02118   1.35235   2.32168   1.04066   4.20370   0.99999   0.31608   2.63693   2.11664  
 26 39.1714   2360.087521  x:  0.25456   0.96139   0.65355   0.12415   0.02535   0.17364   0.14932   0.22612   0.19687   0.10334   0.13371   0.00000   0.33195   0.10234   0.04170   0.04647   0.04844   0.08992   0.11570   0.41279   0.07940   0.27122   0.24164   0.13575   0.18590   0.08599   0.07661   0.04772   0.15344   0.03778   0.02184   1.35167   2.35197   1.03882   4.20645   0.99999   0.32933   2.78361   2.11662  
 27 45.9635   2359.960580  x:  0.26212   0.94833   0.65538   0.11320   0.02461   0.17266   0.15479   0.22372   0.19954   0.10699   0.13156   0.00000   0.33608   0.10903   0.04010   0.04853   0.04946   0.08345   0.11909   0.41889   0.07874   0.27118   0.24386   0.13093   0.18859   0.07542   0.07668   0.04722   0.15053   0.03604   0.02278   1.35618   2.36181   1.03966   4.20794   0.99999   0.33030   2.83816   2.11661  
 28 22.7316   2359.793008  x:  0.26560   0.91828   0.66485   0.10048   0.02739   0.17168   0.16844   0.21901   0.20100   0.10438   0.12650   0.00000   0.35126   0.11478   0.03991   0.04581   0.04912   0.08681   0.11890   0.42188   0.07767   0.27596   0.24460   0.12302   0.18093   0.08113   0.07488   0.04705   0.15777   0.03738   0.02197   1.36990   2.37270   1.04332   4.21100   0.99999   0.33745   2.91282   2.11660  
 29 17.6282   2359.635268  x:  0.26495   0.88475   0.68014   0.09835   0.02617   0.17420   0.17987   0.21657   0.19825   0.10621   0.13542   0.00000   0.36089   0.10308   0.04194   0.04465   0.05024   0.08460   0.11709   0.42054   0.07869   0.28288   0.24566   0.13165   0.17197   0.08039   0.07406   0.04685   0.15377   0.03744   0.02236   1.38763   2.38056   1.04897   4.21489   0.99999   0.34399   2.98370   2.11658  
 30 19.7703   2359.474872  x:  0.26201   0.85070   0.70380   0.10976   0.02130   0.18087   0.17367   0.22805   0.20058   0.10637   0.13530   0.00000   0.34897   0.10625   0.04092   0.04532   0.04947   0.08559   0.10881   0.41223   0.08654   0.28051   0.23463   0.12843   0.18131   0.08329   0.07401   0.04648   0.14882   0.03761   0.02295   1.41007   2.38293   1.06048   4.22129   0.99999   0.35088   3.05589   2.11656  
 31  9.8338   2359.425233  x:  0.26152   0.84461   0.70819   0.11204   0.02301   0.17856   0.16695   0.23263   0.20212   0.10968   0.13329   0.00000   0.34471   0.10960   0.04005   0.04410   0.04943   0.08576   0.10672   0.40977   0.08769   0.27684   0.23946   0.13454   0.17949   0.08103   0.07311   0.04616   0.15519   0.03796   0.02329   1.41522   2.38121   1.06574   4.22448   0.99999   0.35303   3.07731   2.11655  
 32  7.0979   2359.349334  x:  0.26411   0.84918   0.70533   0.11748   0.02432   0.18035   0.15881   0.23510   0.20309   0.11129   0.13382   0.00000   0.34454   0.10590   0.04058   0.04314   0.04970   0.08546   0.11641   0.41149   0.09437   0.27175   0.24606   0.12632   0.17110   0.08064   0.07169   0.04505   0.15571   0.03833   0.02441   1.41602   2.37271   1.07707   4.23245   0.99999   0.35494   3.10661   2.11653  
 33  3.8485   2359.223877  x:  0.26901   0.86629   0.69103   0.11968   0.02684   0.18408   0.15694   0.23080   0.20486   0.11407   0.13852   0.00000   0.35117   0.11571   0.04074   0.03981   0.05020   0.08597   0.11904   0.41158   0.09519   0.27973   0.24512   0.13194   0.17596   0.08710   0.06953   0.04344   0.14735   0.03943   0.02576   1.40929   2.35288   1.09652   4.24915   0.99999   0.35926   3.15170   2.11648  
 34  5.9873   2359.153721  x:  0.27031   0.87642   0.68330   0.12016   0.02621   0.18621   0.16638   0.23434   0.20274   0.11613   0.13955   0.00000   0.35232   0.11211   0.04132   0.03894   0.05062   0.08581   0.11468   0.41279   0.09890   0.28449   0.23692   0.13183   0.18149   0.08128   0.06860   0.04294   0.15737   0.03915   0.02690   1.40240   2.33943   1.10564   4.26029   0.99999   0.36104   3.17435   2.11644  
 35  6.8309   2359.052449  x:  0.26737   0.88679   0.67990   0.11305   0.01996   0.19366   0.18793   0.25152   0.20839   0.12095   0.13474   0.00000   0.34846   0.10834   0.04069   0.04020   0.05018   0.08657   0.09843   0.41561   0.10339   0.27619   0.24108   0.13304   0.17778   0.08501   0.06869   0.04325   0.15235   0.03899   0.02690   1.38849   2.31504   1.11274   4.28066   0.99999   0.36288   3.20047   2.11639  
 36  4.3317   2358.805729  x:  0.25805   0.89713   0.70856   0.10793   0.01786   0.19670   0.18818   0.25979   0.21545   0.10098   0.15434   0.00000   0.35271   0.11077   0.04227   0.03651   0.05101   0.08533   0.08727   0.42163   0.10619   0.27340   0.25040   0.12954   0.18182   0.08206   0.06856   0.04257   0.15491   0.03807   0.02638   1.36242   2.24768   1.11360   4.33734   0.99999   0.36323   3.24714   2.11623  
 37  3.7309   2358.107286  x:  0.23837   0.92768   0.80304   0.12736   0.00581   0.21174   0.18842   0.25734   0.21219   0.11378   0.13251   0.00000   0.36727   0.10742   0.04338   0.03219   0.05175   0.08502   0.09407   0.43633   0.09214   0.28166   0.25464   0.13177   0.18725   0.08205   0.06883   0.04239   0.15587   0.03582   0.02283   1.30469   2.05530   1.11010   4.50137   0.99999   0.36613   3.37447   2.11576  
 38 24.3888   2357.936330  x:  0.24645   0.95090   0.81222   0.11517   0.00249   0.21509   0.18778   0.27934   0.20408   0.11201   0.13371   0.00000   0.36326   0.11017   0.04298   0.03155   0.05152   0.08514   0.10595   0.42266   0.08742   0.29422   0.24749   0.13418   0.17782   0.08351   0.06899   0.04238   0.15474   0.03566   0.02113   1.33300   2.02227   1.10562   4.53960   0.99999   0.36655   3.40142   2.11564  
 39  5.9918   2357.813383  x:  0.25077   0.96821   0.81113   0.12079   0.00000   0.21777   0.19199   0.27518   0.21135   0.11102   0.13261   0.00000   0.36351   0.10760   0.04306   0.03170   0.05168   0.08501   0.09953   0.41532   0.08918   0.29732   0.25579   0.13115   0.18077   0.08224   0.06942   0.04242   0.15625   0.03516   0.02072   1.36326   2.01655   1.10129   4.55846   0.99999   0.36818   3.41320   2.11557  
 40  5.6480   2357.813383  x:  0.25077   0.96821   0.81113   0.12079   0.00000   0.21777   0.19199   0.27518   0.21135   0.11102   0.13261   0.00000   0.36351   0.10760   0.04306   0.03170   0.05168   0.08501   0.09953   0.41532   0.08918   0.29732   0.25579   0.13115   0.18077   0.08224   0.06942   0.04242   0.15625   0.03516   0.02072   1.36326   2.01655   1.10129   4.55846   0.99999   0.36818   3.41320   2.11557  
 41  3.5330   2357.744894  x:  0.25139   0.96925   0.81247   0.12177   0.00011   0.21946   0.19244   0.27624   0.21186   0.11074   0.13287   0.00000   0.36476   0.10772   0.04318   0.03462   0.05160   0.08520   0.09900   0.41662   0.08988   0.29760   0.25596   0.13169   0.18160   0.08270   0.07109   0.04563   0.15670   0.03797   0.02393   1.36381   2.01746   1.10135   4.55832   0.99999   0.36381   3.41369   2.11557  
 42 16.3238   2357.719053  x:  0.25170   0.96976   0.81313   0.12220   0.00000   0.22018   0.19264   0.27675   0.21210   0.11064   0.13297   0.00000   0.36534   0.10774   0.04302   0.03502   0.05152   0.08524   0.09872   0.41723   0.09017   0.29773   0.25604   0.13191   0.18197   0.08280   0.07139   0.04599   0.15685   0.03779   0.02322   1.36405   2.01791   1.10138   4.55825   0.99999   0.36205   3.41390   2.11557  
 43 17.4768   2357.655298  x:  0.25384   0.97366   0.81814   0.12474   0.00000   0.22406   0.19373   0.28027   0.21360   0.11012   0.13324   0.00000   0.36913   0.10757   0.04163   0.03207   0.05089   0.08510   0.09619   0.42130   0.09140   0.29840   0.25619   0.13286   0.18391   0.08295   0.06982   0.04230   0.15740   0.03793   0.02492   1.36569   2.02126   1.10145   4.55775   0.99999   0.35324   3.41513   2.11557  
 44 19.4079   2357.604990  x:  0.25726   0.98147   0.82804   0.12663   0.00000   0.22494   0.19415   0.28556   0.21502   0.10974   0.13244   0.00000   0.37429   0.10625   0.04637   0.03225   0.05226   0.08486   0.09005   0.42705   0.09053   0.29836   0.25515   0.13189   0.18509   0.08087   0.06698   0.04325   0.15579   0.03509   0.02636   1.36824   2.02789   1.10117   4.55684   0.99999   0.35289   3.41637   2.11557  
 45  8.1604   2357.534275  x:  0.26243   0.99506   0.84518   0.12884   0.00000   0.22429   0.19468   0.29340   0.21670   0.10954   0.13172   0.00000   0.38198   0.10299   0.04553   0.03033   0.05298   0.08382   0.08042   0.43599   0.08893   0.29805   0.25364   0.13033   0.18663   0.07906   0.06942   0.04422   0.15407   0.03861   0.02460   1.37247   2.03966   1.10055   4.55525   0.99999   0.35698   3.41825   2.11556  
 46 19.8656   2357.497745  x:  0.26453   1.00347   0.85564   0.12977   0.00000   0.22311   0.19546   0.29692   0.21730   0.11025   0.13220   0.00000   0.38534   0.10163   0.04291   0.03383   0.05217   0.08423   0.07694   0.44039   0.08915   0.29792   0.25354   0.13076   0.18717   0.08167   0.07072   0.04202   0.15506   0.03717   0.02547   1.37503   2.04738   1.10007   4.55423   0.99999   0.36042   3.41945   2.11556  
 47 17.0783   2357.472006  x:  0.26468   1.01085   0.86457   0.12998   0.00000   0.22207   0.19684   0.29827   0.21768   0.11195   0.13302   0.00000   0.38605   0.10214   0.04222   0.03212   0.05096   0.08572   0.07754   0.44263   0.09107   0.29809   0.25459   0.13281   0.18727   0.08494   0.06998   0.04437   0.15691   0.03628   0.02585   1.37727   2.05495   1.09950   4.55327   0.99999   0.36280   3.42069   2.11556  
 48 10.3991   2357.444207  x:  0.26349   1.01995   0.87537   0.12940   0.00000   0.22148   0.19858   0.29859   0.21796   0.11360   0.13365   0.00000   0.38535   0.10392   0.04447   0.03274   0.05155   0.08712   0.08027   0.44396   0.09366   0.29842   0.25627   0.13537   0.18697   0.08621   0.06872   0.04332   0.15829   0.03891   0.02439   1.37996   2.06497   1.09862   4.55205   0.99999   0.36459   3.42243   2.11555  
 49 14.4165   2357.388605  x:  0.25759   1.04015   0.89876   0.12545   0.00000   0.22287   0.20136   0.29603   0.21757   0.11322   0.13325   0.00000   0.38105   0.10769   0.04378   0.03235   0.05429   0.08466   0.08812   0.44324   0.09649   0.29910   0.25901   0.13779   0.18493   0.08157   0.07214   0.04291   0.15758   0.03698   0.02567   1.38576   2.08911   1.09611   4.54926   0.99999   0.36554   3.42683   2.11554  
 50 13.3692   2357.343840  x:  0.25055   1.05660   0.91743   0.12014   0.00000   0.22466   0.20199   0.29184   0.21657   0.11075   0.13279   0.00000   0.37699   0.10799   0.04223   0.03364   0.04983   0.08387   0.09246   0.44031   0.09443   0.29941   0.25921   0.13502   0.18368   0.07961   0.06915   0.04373   0.15726   0.03762   0.02523   1.39014   2.11065   1.09353   4.54690   0.99999   0.36417   3.43093   2.11554  
 51 17.1549   2357.312587  x:  0.24378   1.06802   0.93012   0.11587   0.00000   0.22513   0.20172   0.28792   0.21591   0.10964   0.13307   0.00000   0.37428   0.10682   0.04268   0.03293   0.05219   0.08676   0.09371   0.43679   0.09063   0.29965   0.25802   0.13116   0.18344   0.08211   0.06975   0.04355   0.15826   0.03756   0.02513   1.39275   2.12766   1.09129   4.54517   0.99999   0.36145   3.43433   2.11553  
 52 16.6378   2357.302755  x:  0.23981   1.07087   0.93292   0.11589   0.00000   0.22368   0.20201   0.28661   0.21611   0.11095   0.13395   0.00000   0.37452   0.10626   0.04428   0.03251   0.05124   0.08467   0.09292   0.43493   0.08953   0.30013   0.25715   0.13136   0.18441   0.08322   0.07093   0.04313   0.15806   0.03744   0.02516   1.39262   2.13495   1.09010   4.54460   0.99999   0.36032   3.43587   2.11553  
 53  5.1028   2357.290700  x:  0.23346   1.07352   0.93499   0.11737   0.00000   0.22141   0.20278   0.28535   0.21640   0.11198   0.13458   0.00000   0.37604   0.10548   0.04298   0.03296   0.05274   0.08363   0.09137   0.43245   0.08923   0.30089   0.25591   0.13305   0.18627   0.08304   0.06936   0.04364   0.15687   0.03763   0.02499   1.39144   2.14586   1.08819   4.54388   0.99999   0.35951   3.43822   2.11552  
 54  6.6019   2357.278349  x:  0.22625   1.07531   0.93554   0.11965   0.00000   0.22074   0.20347   0.28517   0.21659   0.11065   0.13327   0.00000   0.37834   0.10531   0.04326   0.03283   0.05143   0.08636   0.08979   0.43049   0.09037   0.30130   0.25474   0.13466   0.18768   0.08189   0.07033   0.04334   0.15619   0.03739   0.02514   1.38920   2.15921   1.08587   4.54313   0.99999   0.36000   3.44112   2.11552  
 55  6.5856   2357.264497  x:  0.21934   1.07599   0.93358   0.12110   0.00000   0.22398   0.20245   0.28738   0.21684   0.10925   0.13198   0.00000   0.38052   0.10623   0.04342   0.03282   0.05212   0.08455   0.08879   0.43036   0.09255   0.30026   0.25434   0.13348   0.18721   0.08302   0.07007   0.04356   0.15863   0.03761   0.02488   1.38549   2.17750   1.08294   4.54228   0.99999   0.36200   3.44521   2.11551  
 56  4.8952   2357.250227  x:  0.21606   1.07570   0.92934   0.12097   0.00000   0.22548   0.19932   0.29065   0.21681   0.11223   0.13486   0.00000   0.38083   0.10592   0.04304   0.03301   0.05167   0.08572   0.08878   0.43236   0.09288   0.29859   0.25603   0.13240   0.18486   0.08156   0.07020   0.04362   0.15849   0.03747   0.02492   1.38152   2.19945   1.07991   4.54140   0.99999   0.36234   3.45052   2.11549  
 57  5.3616   2357.227022  x:  0.21849   1.07424   0.92028   0.12138   0.00000   0.22112   0.19464   0.29437   0.21578   0.10980   0.13253   0.00000   0.37786   0.10431   0.04317   0.03301   0.05172   0.08504   0.09049   0.43692   0.09173   0.29796   0.25973   0.13364   0.18292   0.08322   0.07013   0.04368   0.15675   0.03753   0.02469   1.37637   2.23844   1.07557   4.54001   0.99999   0.36077   3.46058   2.11547  
 58  6.5648   2357.200240  x:  0.23046   1.07117   0.90843   0.12496   0.00000   0.22091   0.19376   0.29163   0.21611   0.11125   0.13158   0.00000   0.37322   0.10856   0.04239   0.03332   0.05137   0.08550   0.09089   0.43867   0.09122   0.30149   0.25539   0.13152   0.18656   0.08280   0.07029   0.04376   0.15702   0.03744   0.02458   1.37378   2.28663   1.07205   4.53860   0.99999   0.36207   3.47369   2.11544  
 59  6.2827   2357.190402  x:  0.23600   1.06903   0.90394   0.12434   0.00000   0.22359   0.19358   0.28879   0.21579   0.11010   0.13318   0.00000   0.37360   0.10609   0.04290   0.03324   0.05161   0.08527   0.08976   0.43718   0.09110   0.30245   0.25503   0.13478   0.18683   0.08225   0.07031   0.04384   0.15840   0.03741   0.02451   1.37552   2.30465   1.07185   4.53832   0.99999   0.36356   3.47915   2.11543  
 60  5.0318   2357.180781  x:  0.24062   1.06427   0.89970   0.12247   0.00000   0.22242   0.19598   0.28713   0.21699   0.10949   0.13360   0.00000   0.37956   0.10630   0.04295   0.03320   0.05163   0.08514   0.09021   0.43339   0.09301   0.30036   0.25577   0.13343   0.18421   0.08266   0.07031   0.04386   0.15756   0.03745   0.02432   1.38360   2.32234   1.07476   4.53871   0.99999   0.36378   3.48619   2.11541  
 61  2.4072   2357.174821  x:  0.24012   1.05900   0.89795   0.12218   0.00000   0.22284   0.19713   0.28975   0.21580   0.11116   0.13168   0.00000   0.37963   0.10587   0.04277   0.03336   0.05156   0.08521   0.09066   0.43279   0.09115   0.30008   0.25625   0.13379   0.18579   0.08194   0.07032   0.04388   0.15882   0.03738   0.02423   1.39289   2.33258   1.07942   4.53990   0.99999   0.36459   3.49209   2.11540  
 62  1.6414   2357.171142  x:  0.23874   1.05517   0.89768   0.12257   0.00000   0.22289   0.19662   0.29096   0.21594   0.10964   0.13369   0.00000   0.37774   0.10591   0.04287   0.03332   0.05158   0.08514   0.09002   0.43394   0.09221   0.30081   0.25533   0.13358   0.18642   0.08248   0.07036   0.04387   0.15764   0.03736   0.02414   1.39886   2.33830   1.08353   4.54134   0.99999   0.36533   3.49660   2.11538  
 63  1.8722   2357.169109  x:  0.23798   1.05320   0.89843   0.12327   0.00000   0.22272   0.19492   0.28983   0.21685   0.10981   0.13314   0.00000   0.37686   0.10691   0.04268   0.03340   0.05151   0.08519   0.08835   0.43498   0.09239   0.30113   0.25498   0.13431   0.18466   0.08242   0.07032   0.04391   0.15799   0.03737   0.02403   1.40091   2.34076   1.08662   4.54299   0.99999   0.36525   3.49999   2.11537  
 64  1.0805   2357.166835  x:  0.23772   1.05163   0.90017   0.12558   0.00000   0.22290   0.19360   0.28828   0.21653   0.11044   0.13254   0.00000   0.37708   0.10526   0.04280   0.03344   0.05155   0.08511   0.08927   0.43590   0.09303   0.30116   0.25467   0.13365   0.18384   0.08236   0.07033   0.04394   0.15799   0.03735   0.02394   1.40082   2.34260   1.09082   4.54605   0.99999   0.36538   3.50497   2.11535  
 65  0.9367   2357.160372  x:  0.23814   1.04879   0.90560   0.12726   0.00000   0.22327   0.18969   0.28732   0.21567   0.10941   0.13373   0.00000   0.37983   0.10711   0.04285   0.03343   0.05154   0.08512   0.09119   0.43544   0.09118   0.30054   0.25598   0.13397   0.18617   0.08249   0.07045   0.04406   0.15790   0.03728   0.02369   1.39678   2.34629   1.10293   4.55681   0.99999   0.36624   3.52093   2.11529  
 66  1.6579   2357.151259  x:  0.23904   1.04818   0.91104   0.12296   0.00000   0.22294   0.19274   0.29088   0.21498   0.11011   0.13282   0.00000   0.37868   0.10612   0.04265   0.03372   0.05140   0.08515   0.08947   0.43326   0.09359   0.30101   0.25381   0.13459   0.18595   0.08221   0.07056   0.04424   0.15828   0.03713   0.02325   1.38939   2.34956   1.11666   4.57455   0.99999   0.36572   3.54557   2.11520  
 67  1.9514   2357.146697  x:  0.23878   1.04930   0.91236   0.12344   0.00000   0.22406   0.19736   0.29180   0.21685   0.10967   0.13325   0.00000   0.37773   0.10594   0.04256   0.03388   0.05138   0.08519   0.08901   0.43343   0.09150   0.30121   0.25466   0.13480   0.18443   0.08282   0.07062   0.04439   0.15755   0.03715   0.02293   1.38694   2.35045   1.12092   4.58445   0.99999   0.36628   3.55856   2.11515  
 68  2.6806   2357.138422  x:  0.23683   1.05491   0.91122   0.12101   0.00000   0.22339   0.20069   0.28931   0.21947   0.10918   0.13366   0.00000   0.37884   0.10518   0.04261   0.03405   0.05141   0.08516   0.08827   0.43835   0.09170   0.30271   0.25776   0.13322   0.18700   0.08152   0.07080   0.04457   0.15968   0.03687   0.02271   1.38730   2.34998   1.12125   4.60495   0.99999   0.36716   3.58371   2.11504  
 69  1.9913   2357.127509  x:  0.23524   1.06395   0.90927   0.11974   0.00000   0.22568   0.20076   0.28773   0.21656   0.11014   0.13271   0.00000   0.38126   0.10644   0.04253   0.03423   0.05135   0.08519   0.08839   0.44269   0.09168   0.30176   0.25597   0.13482   0.18774   0.08349   0.07105   0.04477   0.15646   0.03687   0.02202   1.39065   2.34831   1.11673   4.63347   0.99999   0.36813   3.61758   2.11490  
 70  4.0847   2357.120463  x:  0.23533   1.06977   0.90879   0.12249   0.00000   0.22446   0.19937   0.28941   0.21489   0.10887   0.13431   0.00000   0.38174   0.10702   0.04256   0.03429   0.05134   0.08510   0.08900   0.44218   0.09147   0.30032   0.25359   0.13546   0.18651   0.08247   0.07112   0.04500   0.15896   0.03683   0.02158   1.39370   2.34694   1.11172   4.65263   0.99999   0.36799   3.63976   2.11481  
 71  4.8698   2357.115510  x:  0.23645   1.07281   0.90991   0.12527   0.00000   0.22521   0.19577   0.29188   0.21746   0.10936   0.13358   0.00000   0.38051   0.10622   0.04236   0.03451   0.05122   0.08523   0.08836   0.43794   0.09312   0.30069   0.25548   0.13487   0.18726   0.08282   0.07123   0.04513   0.15838   0.03677   0.02132   1.39625   2.34593   1.10624   4.66697   0.99999   0.36850   3.65555   2.11473  
 72  2.6472   2357.114479  x:  0.23675   1.06999   0.91261   0.12494   0.00000   0.22527   0.19595   0.29228   0.21680   0.10936   0.13367   0.00000   0.38124   0.10642   0.04235   0.03454   0.05122   0.08523   0.08863   0.43795   0.09295   0.30332   0.25588   0.13456   0.18652   0.08291   0.07126   0.04519   0.15840   0.03680   0.02129   1.39628   2.34613   1.10272   4.67154   0.99999   0.36857   3.65911   2.11471  
 73  0.4255   2357.113668  x:  0.23709   1.06654   0.91566   0.12425   0.00000   0.22530   0.19650   0.29201   0.21771   0.10932   0.13358   0.00000   0.38111   0.10624   0.04234   0.03458   0.05121   0.08524   0.08905   0.43870   0.09284   0.30195   0.25528   0.13489   0.18707   0.08287   0.07129   0.04522   0.15845   0.03679   0.02131   1.39609   2.34659   1.09926   4.67615   0.99999   0.36855   3.66208   2.11468  
 74  0.5885   2357.113536  x:  0.23718   1.06605   0.91614   0.12439   0.00000   0.22530   0.19680   0.29178   0.21717   0.10931   0.13364   0.00000   0.38086   0.10636   0.04235   0.03457   0.05121   0.08523   0.08861   0.43873   0.09301   0.30145   0.25571   0.13475   0.18721   0.08285   0.07130   0.04522   0.15845   0.03678   0.02132   1.39607   2.34678   1.09883   4.67731   0.99999   0.36850   3.66263   2.11467  
 75  0.2957   2357.110351  x:  0.23699   1.06866   0.91660   0.12450   0.00000   0.22552   0.19689   0.29213   0.21730   0.10919   0.13375   0.00000   0.38109   0.10644   0.04244   0.03483   0.05122   0.08524   0.08861   0.43898   0.09305   0.30181   0.25564   0.13494   0.18734   0.08288   0.07138   0.04557   0.15849   0.03704   0.02225   1.39823   2.36135   1.10591   4.74548   0.99999   0.36922   3.68169   2.11411  
 76  0.1178   2357.105955  x:  0.23650   1.07000   0.91821   0.12393   0.00000   0.22504   0.19719   0.29186   0.21713   0.10909   0.13381   0.00000   0.38073   0.10655   0.04249   0.03407   0.05127   0.08518   0.08887   0.43893   0.09281   0.30197   0.25564   0.13493   0.18725   0.08276   0.07083   0.04481   0.15841   0.03639   0.02222   1.40126   2.38412   1.11524   4.85346   0.99999   0.37178   3.70648   2.11315  
 77  0.3732   2357.104405  x:  0.23646   1.06987   0.91758   0.12384   0.00000   0.22503   0.19720   0.29159   0.21707   0.10897   0.13392   0.00000   0.38069   0.10666   0.04248   0.03426   0.05127   0.08520   0.08900   0.43911   0.09287   0.30204   0.25570   0.13500   0.18732   0.08289   0.07100   0.04510   0.15855   0.03689   0.02177   1.40379   2.39740   1.12061   4.91841   0.99999   0.37001   3.67716   2.11197  
 78  0.0526   2357.104365  x:  0.23645   1.07002   0.91755   0.12390   0.00000   0.22506   0.19717   0.29163   0.21707   0.10897   0.13393   0.00000   0.38070   0.10666   0.04246   0.03428   0.05126   0.08521   0.08900   0.43908   0.09290   0.30204   0.25570   0.13501   0.18734   0.08287   0.07102   0.04511   0.15856   0.03678   0.02185   1.40404   2.39711   1.12022   4.92180   0.99999   0.36977   3.67210   2.11129  
 79  0.0058   2357.104364  x:  0.23646   1.07004   0.91763   0.12389   0.00000   0.22506   0.19721   0.29165   0.21708   0.10897   0.13393   0.00000   0.38071   0.10666   0.04247   0.03428   0.05126   0.08521   0.08898   0.43909   0.09290   0.30204   0.25570   0.13501   0.18734   0.08288   0.07101   0.04511   0.15856   0.03679   0.02185   1.40405   2.39694   1.12026   4.92224   0.99999   0.36980   3.67204   2.10928  
 80  0.0006   2357.104355  x:  0.23647   1.07003   0.91764   0.12388   0.00000   0.22506   0.19722   0.29165   0.21708   0.10897   0.13393   0.00000   0.38071   0.10666   0.04247   0.03428   0.05126   0.08520   0.08898   0.43909   0.09290   0.30204   0.25570   0.13501   0.18734   0.08287   0.07101   0.04511   0.15856   0.03679   0.02185   1.40406   2.39678   1.12030   4.92236   0.99999   0.36979   3.67211   2.09369  
 81  0.0019   2357.103571  x:  0.23753   1.06918   0.91808   0.12378   0.00000   0.22515   0.19765   0.29161   0.21713   0.10892   0.13380   0.00000   0.38106   0.10656   0.04244   0.03442   0.05134   0.08508   0.08868   0.43936   0.09281   0.30214   0.25560   0.13494   0.18740   0.08267   0.07105   0.04512   0.15839   0.03669   0.02177   1.40477   2.38592   1.12321   4.93094   0.99999   0.36944   3.67696   1.00000  
 82 321.7870   2357.102945  x:  0.23645   1.07003   0.91758   0.12389   0.00000   0.22506   0.19719   0.29163   0.21707   0.10897   0.13393   0.00000   0.38070   0.10666   0.04246   0.03428   0.05126   0.08520   0.08899   0.43908   0.09290   0.30204   0.25570   0.13501   0.18734   0.08287   0.07102   0.04511   0.15856   0.03678   0.02185   1.40404   2.39705   1.12023   4.92190   0.99999   0.36978   3.67210   1.00000  
 83  0.0155   2356.825862  x:  0.24159   1.06600   0.91995   0.12337   0.00000   0.22549   0.19939   0.29154   0.21736   0.10874   0.13333   0.00000   0.38239   0.10616   0.04236   0.03495   0.05163   0.08460   0.08754   0.44038   0.09245   0.30253   0.25523   0.13470   0.18763   0.08192   0.07117   0.04514   0.15774   0.03634   0.02148   1.40749   2.34429   1.13433   4.96479   0.98849   0.36815   3.69514   1.00000  
 84 344.4630   2356.105149  x:  0.24677   1.08035   0.91585   0.12453   0.00000   0.22343   0.20931   0.29478   0.22374   0.11011   0.13184   0.00000   0.38656   0.09963   0.04075   0.03646   0.05197   0.08517   0.06398   0.44788   0.10231   0.29019   0.25304   0.13560   0.19342   0.08047   0.07035   0.04467   0.15736   0.03604   0.02160   1.46130   2.50886   1.12794   5.33155   0.96542   0.43888   5.16173   1.00000  
 85  0.7304   2355.813642  x:  0.24541   1.12037   0.93137   0.12456   0.00000   0.22827   0.22279   0.30355   0.23156   0.11315   0.13717   0.00000   0.39726   0.10203   0.04181   0.03705   0.05293   0.08836   0.06055   0.46540   0.11007   0.29359   0.26148   0.14120   0.20205   0.08438   0.07240   0.04571   0.16371   0.03772   0.02304   1.48252   2.66276   1.09062   5.47940   0.96684   0.46580   5.76396   1.00000  
 86  0.3663   2355.714109  x:  0.24647   1.11392   0.93073   0.12194   0.00000   0.22454   0.22477   0.30123   0.22989   0.11119   0.13388   0.00000   0.39381   0.09824   0.04073   0.03716   0.05235   0.08650   0.05027   0.46384   0.11102   0.28642   0.25606   0.13867   0.20131   0.08165   0.07087   0.04480   0.15976   0.03650   0.02223   1.48575   2.66996   1.10275   5.60618   0.96562   0.48874   6.42446   1.00000  
 87  0.3369   2355.694145  x:  0.24539   1.10816   0.92831   0.12156   0.00000   0.22383   0.22254   0.30014   0.22816   0.11066   0.13334   0.00000   0.39177   0.09857   0.04072   0.03686   0.05213   0.08603   0.05294   0.46094   0.10942   0.28697   0.25509   0.13779   0.19968   0.08147   0.07063   0.04469   0.15894   0.03637   0.02208   1.47873   2.64536   1.10559   5.58124   0.96914   0.48881   6.43820   1.00000  
 88  0.0457   2355.692335  x:  0.24460   1.10595   0.92344   0.12178   0.00000   0.22360   0.22229   0.29965   0.22829   0.11101   0.13344   0.00000   0.39148   0.09836   0.04066   0.03685   0.05212   0.08622   0.05286   0.45968   0.10948   0.28624   0.25517   0.13786   0.19945   0.08175   0.07062   0.04469   0.15920   0.03651   0.02221   1.48249   2.64882   1.10063   5.59718   0.96915   0.49336   6.49926   1.00000  
 89  0.0477   2355.692176  x:  0.24469   1.10547   0.92366   0.12166   0.00000   0.22364   0.22229   0.29954   0.22826   0.11089   0.13346   0.00000   0.39142   0.09846   0.04065   0.03685   0.05211   0.08620   0.05319   0.45960   0.10935   0.28638   0.25516   0.13789   0.19944   0.08171   0.07062   0.04469   0.15916   0.03648   0.02218   1.48263   2.65081   1.10339   5.60769   0.96911   0.49488   6.51018   1.00000  
 90  0.0110   2355.692170  x:  0.24474   1.10557   0.92377   0.12168   0.00000   0.22364   0.22225   0.29955   0.22824   0.11090   0.13345   0.00000   0.39143   0.09844   0.04065   0.03685   0.05211   0.08619   0.05314   0.45964   0.10936   0.28640   0.25515   0.13788   0.19944   0.08171   0.07062   0.04469   0.15916   0.03648   0.02218   1.48240   2.65026   1.10284   5.60472   0.96913   0.49497   6.50962   1.00000  
 91  0.0027   2355.692169  x:  0.24473   1.10557   0.92373   0.12168   0.00000   0.22364   0.22226   0.29956   0.22825   0.11090   0.13344   0.00000   0.39143   0.09844   0.04065   0.03685   0.05211   0.08619   0.05312   0.45965   0.10937   0.28638   0.25515   0.13788   0.19944   0.08171   0.07062   0.04469   0.15916   0.03648   0.02218   1.48242   2.65027   1.10287   5.60426   0.96913   0.49497   6.50937   1.00000  
 92  0.0004   2355.692169  x:  0.24473   1.10556   0.92373   0.12168   0.00000   0.22364   0.22226   0.29956   0.22825   0.11090   0.13344   0.00000   0.39143   0.09844   0.04065   0.03685   0.05211   0.08619   0.05312   0.45965   0.10937   0.28638   0.25515   0.13787   0.19944   0.08171   0.07062   0.04469   0.15916   0.03648   0.02218   1.48242   2.65028   1.10286   5.60422   0.96913   0.49497   6.50933   1.00000  
 93  0.0000   2355.692169  x:  0.24473   1.10556   0.92373   0.12168   0.00000   0.22364   0.22226   0.29956   0.22825   0.11090   0.13344   0.00000   0.39143   0.09844   0.04065   0.03685   0.05211   0.08619   0.05312   0.45965   0.10937   0.28638   0.25515   0.13787   0.19944   0.08171   0.07062   0.04469   0.15916   0.03648   0.02218   1.48242   2.65028   1.10286   5.60422   0.96913   0.49497   6.50933   1.00000  
 94  0.0000   2355.692169  x:  0.24473   1.10556   0.92373   0.12168   0.00000   0.22364   0.22226   0.29956   0.22825   0.11090   0.13344   0.00000   0.39143   0.09844   0.04065   0.03685   0.05211   0.08619   0.05312   0.45965   0.10937   0.28638   0.25515   0.13787   0.19944   0.08171   0.07062   0.04469   0.15916   0.03648   0.02218   1.48242   2.65028   1.10286   5.60422   0.96913   0.49497   6.50933   1.00000  
 95  0.0000   2355.692169  x:  0.24473   1.10556   0.92373   0.12168   0.00000   0.22364   0.22226   0.29956   0.22825   0.11090   0.13344   0.00000   0.39143   0.09844   0.04065   0.03685   0.05211   0.08619   0.05312   0.45965   0.10937   0.28638   0.25515   0.13787   0.19944   0.08171   0.07062   0.04469   0.15916   0.03648   0.02218   1.48242   2.65028   1.10286   5.60422   0.96913   0.49497   6.50933   1.00000  
 96  0.0000   2355.692169  x:  0.24473   1.10556   0.92373   0.12168   0.00000   0.22364   0.22226   0.29956   0.22825   0.11090   0.13344   0.00000   0.39143   0.09844   0.04065   0.03685   0.05211   0.08619   0.05312   0.45965   0.10937   0.28638   0.25515   0.13787   0.19944   0.08171   0.07062   0.04469   0.15916   0.03648   0.02218   1.48242   2.65028   1.10286   5.60422   0.96913   0.49497   6.50933   1.00000  
check convergence!
