Supplemental results for CODEML (seqf: lysi1_aln.phy  treef: lysi1_tree.nwk)


NSsites Model 0: one-ratio
I	J	ij	2Ns_IJ	pMut_IJ	pSub_IJ	2Ns_JI	pMut_JI	pSub_JI

TTC	TTT	CT	-0.46269	0.02957	0.02325	0.46269	0.01862	0.02325	0.02325	0.02325
TTA	TTT	AT	-0.35153	0.01824	0.01522	0.35153	0.01283	0.01522	0.00115	0.00115
TTA	TTC	AC	0.11116	0.01850	0.01955	-0.11116	0.02068	0.01955	0.00148	0.00148
TTG	TTT	GT	-1.81991	0.04731	0.01665	1.81991	0.00767	0.01665	0.00126	0.00126
TTG	TTC	GC	-1.35722	0.04799	0.02257	1.35722	0.01235	0.02257	0.00170	0.00170
TTG	TTA	GA	-1.46838	0.10585	0.04651	1.46838	0.02438	0.04651	0.04651	0.04651
TCT	TTT	CT	-0.62176	0.03467	0.02500	0.62176	0.01862	0.02500	0.00189	0.00189
TCC	TTC	CT	0.12343	0.02651	0.02818	-0.12343	0.02999	0.02818	0.00213	0.00213
TCC	TCT	CT	0.28249	0.02651	0.03043	-0.28249	0.03516	0.03043	0.03043	0.03043
TCA	TTA	CT	1.53406	0.00714	0.01396	-1.53406	0.03309	0.01396	0.00105	0.00105
TCA	TCT	AT	1.80428	0.00399	0.00862	-1.80428	0.02424	0.00862	0.00862	0.00862
TCA	TCC	AC	1.52179	0.00405	0.00788	-1.52179	0.01854	0.00788	0.00788	0.00788
TCG	TTG	CT	1.79401	0.01427	0.03072	-1.79401	0.08584	0.03072	0.00232	0.00232
TCG	TCT	GT	0.59586	0.00798	0.01059	-0.59586	0.01448	0.01059	0.01059	0.01059
TCG	TCC	GC	0.31337	0.00809	0.00943	-0.31337	0.01107	0.00943	0.00943	0.00943
TCG	TCA	GA	-1.20842	0.01785	0.00919	1.20842	0.00533	0.00919	0.00919	0.00919
TAT	TTT	AT	-1.77615	0.07581	0.02744	1.77615	0.01283	0.02744	0.00207	0.00207
TAT	TCT	AC	-1.15439	0.07690	0.04087	1.15439	0.02424	0.04087	0.00308	0.00308
TAC	TTC	AT	-0.30069	0.02793	0.02394	0.30069	0.02068	0.02394	0.00181	0.00181
TAC	TCC	AC	-0.42412	0.02833	0.02275	0.42412	0.01854	0.02275	0.00172	0.00172
TAC	TAT	CT	1.01276	0.04996	0.07946	-1.01276	0.13755	0.07946	0.07946	0.07946
TGT	TTT	GT	-2.36391	0.08151	0.02000	2.36391	0.00767	0.02000	0.00151	0.00151
TGT	TCT	GC	-1.74216	0.08268	0.03058	1.74216	0.01448	0.03058	0.00231	0.00231
TGT	TAT	GA	-0.58777	0.18237	0.13400	0.58777	0.10132	0.13400	0.01011	0.01011
TGC	TTC	GT	-1.22821	0.04218	0.02145	1.22821	0.01235	0.02145	0.00162	0.00162
TGC	TCC	GC	-1.35164	0.04278	0.02019	1.35164	0.01107	0.02019	0.00152	0.00152
TGC	TAC	GA	-0.92752	0.09437	0.05728	0.92752	0.03733	0.05728	0.00432	0.00432
TGC	TGT	CT	0.67301	0.07545	0.10366	-0.67301	0.14789	0.10366	0.10366	0.10366
TGG	TTG	GT	0.57205	0.01995	0.02620	-0.57205	0.03535	0.02620	0.00198	0.00198
TGG	TCG	GC	-1.22196	0.02024	0.01033	1.22196	0.00596	0.01033	0.00078	0.00078
TGG	TGT	GT	1.11606	0.01995	0.03311	-1.11606	0.06090	0.03311	0.00250	0.00250
TGG	TGC	GC	0.44305	0.02024	0.02505	-0.44305	0.03152	0.02505	0.00189	0.00189
CTT	TTT	CT	1.11284	0.00612	0.01014	-1.11284	0.01862	0.01014	0.00077	0.00077
CTC	TTC	CT	2.28291	0.00306	0.00778	-2.28291	0.02999	0.00778	0.00059	0.00059
CTC	CTT	CT	0.70738	0.00306	0.00427	-0.70738	0.00621	0.00427	0.00427	0.00427
CTA	TTA	CT	1.53406	0.00714	0.01396	-1.53406	0.03309	0.01396	0.01396	0.01396
CTA	CTT	AT	0.06968	0.00399	0.00413	-0.06968	0.00428	0.00413	0.00413	0.00413
CTA	CTC	AC	-0.63770	0.00405	0.00289	0.63770	0.00214	0.00289	0.00289	0.00289
CTG	TTG	CT	2.82363	0.00510	0.01530	-2.82363	0.08584	0.01530	0.01530	0.01530
CTG	CTT	GT	-0.10912	0.00285	0.00270	0.10912	0.00256	0.00270	0.00270	0.00270
CTG	CTC	GC	-0.81650	0.00289	0.00187	0.81650	0.00128	0.00187	0.00187	0.00187
CTG	CTA	GA	-0.17880	0.00638	0.00582	0.17880	0.00533	0.00582	0.00582	0.00582
CCT	TCT	CT	0.44955	0.02243	0.02785	-0.44955	0.03516	0.02785	0.00210	0.00210
CCT	CTT	CT	-1.28505	0.02243	0.01102	1.28505	0.00621	0.01102	0.00083	0.00083
CCC	TCC	CT	-0.36526	0.03874	0.03210	0.36526	0.02689	0.03210	0.00242	0.00242
CCC	CTC	CT	-2.52474	0.03874	0.00851	2.52474	0.00310	0.00851	0.00064	0.00064
CCC	CCT	CT	-0.53231	0.03874	0.02934	0.53231	0.02275	0.02934	0.02934	0.02934
CCA	TCA	CT	0.01423	0.00714	0.00719	-0.01423	0.00724	0.00719	0.00054	0.00054
CCA	CTA	CT	0.01423	0.00714	0.00719	-0.01423	0.00724	0.00719	0.00054	0.00054
CCA	CCT	AT	1.36896	0.00399	0.00733	-1.36896	0.01569	0.00733	0.00733	0.00733
CCA	CCC	AC	1.90128	0.00405	0.00905	-1.90128	0.02709	0.00905	0.00905	0.00905
CCG	TCG	CT	8.70748	0.00000	0.00000	-8.70748	0.01448	0.00002	0.00000	0.00000
CCG	CTG	CT	7.67786	0.00000	0.00000	-7.67786	0.00517	0.00002	0.00000	0.00000
CCG	CCT	GT	8.85379	0.00000	0.00000	-8.85379	0.00937	0.00001	0.00000	0.00001
CCG	CCC	GC	9.38611	0.00000	0.00000	-9.38611	0.01618	0.00001	0.00000	0.00001
CCG	CCA	GA	7.48483	0.00000	0.00000	-7.48483	0.00533	0.00002	0.00000	0.00002
CAT	TAT	CT	2.26552	0.01427	0.03608	-2.26552	0.13755	0.03608	0.00272	0.00272
CAT	CTT	AT	-0.62347	0.00798	0.00575	0.62347	0.00428	0.00575	0.00043	0.00043
CAT	CCT	AC	0.66159	0.00809	0.01106	-0.66159	0.01569	0.01106	0.00084	0.00084
CAC	TAC	CT	1.60347	0.01020	0.02047	-1.60347	0.05067	0.02047	0.00154	0.00154
CAC	CTC	AT	-0.98014	0.00570	0.00336	0.98014	0.00214	0.00336	0.00025	0.00025
CAC	CCC	AC	1.54460	0.00578	0.01135	-1.54460	0.02709	0.01135	0.00086	0.00086
CAC	CAT	CT	0.35070	0.01020	0.01209	-0.35070	0.01448	0.01209	0.01209	0.01209
CAA	CTA	AT	-1.95739	0.03534	0.01138	1.95739	0.00499	0.01138	0.00086	0.00086
CAA	CCA	AC	-1.97162	0.03585	0.01143	1.97162	0.00499	0.01143	0.00086	0.00086
CAA	CAT	AT	-1.26425	0.03534	0.01759	1.26425	0.00998	0.01759	0.00133	0.00133
CAA	CAC	AC	-1.61495	0.03585	0.01437	1.61495	0.00713	0.01437	0.00108	0.00108
CAG	CTG	AT	-0.46932	0.00570	0.00447	0.46932	0.00356	0.00447	0.00034	0.00034
CAG	CCG	AC	-8.14717	0.00578	0.00001	8.14717	0.00000	0.00000	0.00000	0.00000
CAG	CAT	GT	0.04503	0.00570	0.00583	-0.04503	0.00596	0.00583	0.00044	0.00044
CAG	CAC	GC	-0.30567	0.00578	0.00494	0.30567	0.00426	0.00494	0.00037	0.00037
CAG	CAA	GA	1.30928	0.01275	0.02287	-1.30928	0.04723	0.02287	0.02287	0.02287
CGT	TGT	CT	1.84158	0.02345	0.05132	-1.84158	0.14789	0.05132	0.00387	0.00387
CGT	CTT	GT	-1.63518	0.01311	0.00519	1.63518	0.00256	0.00519	0.00039	0.00039
CGT	CCT	GC	-0.35012	0.01330	0.01111	0.35012	0.00937	0.01111	0.00084	0.00084
CGT	CAT	GA	-1.01171	0.02933	0.01695	1.01171	0.01067	0.01695	0.00128	0.00128
CGC	TGC	CT	1.06020	0.02651	0.04300	-1.06020	0.07653	0.04300	0.00325	0.00325
CGC	CTC	GT	-2.45093	0.01482	0.00343	2.45093	0.00128	0.00343	0.00026	0.00026
CGC	CCC	GC	0.07382	0.01503	0.01559	-0.07382	0.01618	0.01559	0.00118	0.00118
CGC	CAC	GA	-1.47078	0.03316	0.01455	1.47078	0.00762	0.01455	0.00110	0.00110
CGC	CGT	CT	-0.10837	0.02651	0.02510	0.10837	0.02379	0.02510	0.02510	0.02510
CGA	CTA	GT	7.70866	0.00000	0.00000	-7.70866	0.00298	0.00001	0.00000	0.00000
CGA	CCA	GC	7.69443	0.00000	0.00000	-7.69443	0.00298	0.00001	0.00000	0.00000
CGA	CAA	GA	9.66605	0.00000	0.00000	-9.66605	0.04723	0.00003	0.00000	0.00000
CGA	CGT	AT	9.41352	0.00000	0.00000	-9.41352	0.01640	0.00001	0.00000	0.00001
CGA	CGC	AC	9.52189	0.00000	0.00000	-9.52189	0.01854	0.00001	0.00000	0.00001
CGG	TGG	CT	3.56958	0.00102	0.00374	-3.56958	0.03620	0.00374	0.00028	0.00028
CGG	CTG	GT	1.31800	0.00057	0.00103	-1.31800	0.00213	0.00103	0.00008	0.00008
CGG	CCG	GC	-6.35986	0.00058	0.00001	6.35986	0.00000	0.00000	0.00000	0.00000
CGG	CAG	GA	1.78731	0.00128	0.00274	-1.78731	0.00762	0.00274	0.00021	0.00021
CGG	CGT	GT	2.84405	0.00057	0.00172	-2.84405	0.00980	0.00172	0.00172	0.00172
CGG	CGC	GC	2.95243	0.00058	0.00180	-2.95243	0.01107	0.00180	0.00180	0.00180
CGG	CGA	GA	-6.56946	0.00128	0.00001	6.56946	0.00000	0.00000	0.00001	0.00000
ATT	TTT	AT	-1.45014	0.05472	0.02431	1.45014	0.01283	0.02431	0.00184	0.00184
ATT	CTT	AC	-2.56299	0.05550	0.01188	2.56299	0.00428	0.01188	0.00090	0.00090
ATC	TTC	AT	0.59540	0.01140	0.01513	-0.59540	0.02068	0.01513	0.00114	0.00114
ATC	CTC	AC	-1.68752	0.01156	0.00443	1.68752	0.00214	0.00443	0.00033	0.00033
ATC	ATT	CT	1.58285	0.02039	0.04062	-1.58285	0.09928	0.04062	0.04062	0.04062
ATA	TTA	AT	2.08013	0.00285	0.00677	-2.08013	0.02282	0.00677	0.00051	0.00051
ATA	CTA	AC	0.54607	0.00289	0.00375	-0.54607	0.00499	0.00375	0.00028	0.00028
ATA	ATT	AT	3.17874	0.00285	0.00945	-3.17874	0.06845	0.00945	0.00945	0.00945
ATA	ATC	AC	1.59590	0.00289	0.00579	-1.59590	0.01426	0.00579	0.00579	0.00579
ATG	TTG	AT	1.59815	0.01197	0.02398	-1.59815	0.05918	0.02398	0.00181	0.00181
ATG	CTG	AC	-1.22548	0.01214	0.00618	1.22548	0.00356	0.00618	0.00047	0.00047
ATG	ATT	GT	1.22838	0.01197	0.02079	-1.22838	0.04089	0.02079	0.00157	0.00157
ATG	ATC	GC	-0.35446	0.01214	0.01012	0.35446	0.00852	0.01012	0.00076	0.00076
ATG	ATA	GA	-1.95036	0.02678	0.00866	1.95036	0.00381	0.00866	0.00065	0.00065
ACT	TCT	AT	-0.05647	0.02565	0.02493	0.05647	0.02424	0.02493	0.00188	0.00188
ACT	CCT	AC	-0.50602	0.02602	0.01999	0.50602	0.01569	0.01999	0.00151	0.00151
ACT	ATT	CT	0.77192	0.04588	0.06584	-0.77192	0.09928	0.06584	0.00497	0.00497
ACC	TCC	AT	-0.57851	0.03306	0.02441	0.57851	0.01854	0.02441	0.00184	0.00184
ACC	CCC	AC	-0.21326	0.03353	0.03009	0.21326	0.02709	0.03009	0.00227	0.00227
ACC	ATC	CT	-1.05048	0.05913	0.03342	1.05048	0.02068	0.03342	0.00252	0.00252
ACC	ACT	CT	-0.23955	0.05913	0.05233	0.23955	0.04654	0.05233	0.05233	0.05233
ACA	TCA	AT	-0.96575	0.01311	0.00778	0.96575	0.00499	0.00778	0.00059	0.00059
ACA	CCA	AC	-0.97998	0.01330	0.00783	0.97998	0.00499	0.00783	0.00059	0.00059
ACA	ATA	CT	-1.51183	0.02345	0.01003	1.51183	0.00517	0.01003	0.00076	0.00076
ACA	ACT	AT	0.89500	0.01311	0.01984	-0.89500	0.03208	0.01984	0.01984	0.01984
ACA	ACC	AC	1.13455	0.01330	0.02224	-1.13455	0.04135	0.02224	0.02224	0.02224
ACG	TCG	AT	1.76428	0.00171	0.00364	-1.76428	0.00998	0.00364	0.00027	0.00027
ACG	CCG	AC	-6.94320	0.00173	0.00001	6.94320	0.00000	0.00000	0.00000	0.00000
ACG	ATG	CT	1.96014	0.00306	0.00698	-1.96014	0.02172	0.00698	0.00053	0.00053
ACG	ACT	GT	2.41661	0.00171	0.00454	-2.41661	0.01917	0.00454	0.00454	0.00454
ACG	ACC	GC	2.65616	0.00173	0.00496	-2.65616	0.02470	0.00496	0.00496	0.00496
ACG	ACA	GA	1.52161	0.00383	0.00745	-1.52161	0.01752	0.00745	0.00745	0.00745
AAT	TAT	AT	0.11023	0.08493	0.08970	-0.11023	0.09483	0.08970	0.00677	0.00677
AAT	CAT	AC	-2.15529	0.08615	0.02433	2.15529	0.00998	0.02433	0.00184	0.00184
AAT	ATT	AT	-0.21577	0.08493	0.07610	0.21577	0.06845	0.07610	0.00574	0.00574
AAT	ACT	AC	-0.98768	0.08615	0.05050	0.98768	0.03208	0.05050	0.00381	0.00381
AAC	TAC	AT	-0.13284	0.03990	0.03731	0.13284	0.03494	0.03731	0.00282	0.00282
AAC	CAC	AC	-1.73631	0.04047	0.01503	1.73631	0.00713	0.01503	0.00113	0.00113
AAC	ATC	AT	-1.02893	0.03990	0.02283	1.02893	0.01426	0.02283	0.00172	0.00172
AAC	ACC	AC	0.02155	0.04047	0.04091	-0.02155	0.04135	0.04091	0.00309	0.00309
AAC	AAT	CT	0.76968	0.07137	0.10232	-0.76968	0.15409	0.10232	0.10232	0.10232
AAA	CAA	AC	0.00600	0.04394	0.04407	-0.00600	0.04421	0.04407	0.00333	0.00333
AAA	ATA	AT	-2.49746	0.04332	0.00970	2.49746	0.00356	0.00970	0.00073	0.00073
AAA	ACA	AC	-0.98564	0.04394	0.02579	0.98564	0.01640	0.02579	0.00195	0.00195
AAA	AAT	AT	0.89704	0.04332	0.06562	-0.89704	0.10624	0.06562	0.00495	0.00495
AAA	AAC	AC	0.12736	0.04394	0.04680	-0.12736	0.04991	0.04680	0.00353	0.00353
AAG	CAG	AC	-0.74591	0.01503	0.01012	0.74591	0.00713	0.01012	0.00076	0.00076
AAG	ATG	AT	0.01026	0.01482	0.01490	-0.01026	0.01497	0.01490	0.00112	0.00112
AAG	ACG	AC	-1.94988	0.01503	0.00486	1.94988	0.00214	0.00486	0.00037	0.00037
AAG	AAT	GT	1.45441	0.01482	0.02812	-1.45441	0.06346	0.02812	0.00212	0.00212
AAG	AAC	GC	0.68473	0.01503	0.02076	-0.68473	0.02981	0.02076	0.00157	0.00157
AAG	AAA	GA	0.55736	0.03316	0.04325	-0.55736	0.05790	0.04325	0.04325	0.04325
AGT	TGT	AT	1.49780	0.02280	0.04399	-1.49780	0.10196	0.04399	0.00332	0.00332
AGT	CGT	AC	-0.34378	0.02313	0.01938	0.34378	0.01640	0.01938	0.00146	0.00146
AGT	ATT	GT	0.58403	0.02280	0.03010	-0.58403	0.04089	0.03010	0.00227	0.00227
AGT	ACT	GC	-0.18789	0.02313	0.02102	0.18789	0.01917	0.02102	0.00159	0.00159
AGT	AAT	GA	0.79979	0.05101	0.07410	-0.79979	0.11351	0.07410	0.00559	0.00559
AGC	TGC	AT	2.73614	0.00342	0.01001	-2.73614	0.05276	0.01001	0.00076	0.00076
AGC	CGC	AC	1.67594	0.00347	0.00715	-1.67594	0.01854	0.00715	0.00054	0.00054
AGC	ATC	GT	0.91253	0.00342	0.00521	-0.91253	0.00852	0.00521	0.00039	0.00039
AGC	ACC	GC	1.96301	0.00347	0.00792	-1.96301	0.02470	0.00792	0.00060	0.00060
AGC	AAC	GA	1.94146	0.00765	0.01735	-1.94146	0.05333	0.01735	0.00131	0.00131
AGC	AGT	CT	1.91135	0.00612	0.01372	-1.91135	0.04137	0.01372	0.01372	0.01372
AGA	CGA	AC	-5.84459	0.00058	0.00001	5.84459	0.00000	0.00000	0.00001	0.00000
AGA	ATA	GT	1.31800	0.00057	0.00103	-1.31800	0.00213	0.00103	0.00008	0.00008
AGA	ACA	GC	2.82982	0.00058	0.00174	-2.82982	0.00980	0.00174	0.00013	0.00013
AGA	AAA	GA	3.81546	0.00128	0.00498	-3.81546	0.05790	0.00498	0.00038	0.00038
AGA	AGT	AT	3.91271	0.00057	0.00228	-3.91271	0.02852	0.00228	0.00017	0.00017
AGA	AGC	AC	2.00136	0.00058	0.00134	-2.00136	0.00428	0.00134	0.00010	0.00010
AGG	TGG	AT	3.77918	0.00057	0.00220	-3.77918	0.02495	0.00220	0.00017	0.00017
AGG	CGG	AC	0.20960	0.00058	0.00064	-0.20960	0.00071	0.00064	0.00064	0.00064
AGG	ATG	GT	2.75308	0.00057	0.00168	-2.75308	0.00894	0.00168	0.00013	0.00013
AGG	ACG	GC	0.79294	0.00058	0.00084	-0.79294	0.00128	0.00084	0.00006	0.00006
AGG	AAG	GA	2.74282	0.00128	0.00374	-2.74282	0.01981	0.00374	0.00028	0.00028
AGG	AGT	GT	3.39744	0.00057	0.00200	-3.39744	0.01704	0.00200	0.00015	0.00015
AGG	AGC	GC	1.48609	0.00058	0.00111	-1.48609	0.00256	0.00111	0.00008	0.00008
AGG	AGA	GA	-0.51527	0.00128	0.00097	0.51527	0.00076	0.00097	0.00097	0.00097
GTT	TTT	GT	-0.73327	0.01596	0.01082	0.73327	0.00767	0.01082	0.00082	0.00082
GTT	CTT	GC	-1.84612	0.01619	0.00560	1.84612	0.00256	0.00560	0.00042	0.00042
GTT	ATT	GA	0.71687	0.03571	0.05003	-0.71687	0.07313	0.05003	0.00378	0.00378
GTC	TTC	GT	-0.77429	0.02679	0.01774	0.77429	0.01235	0.01774	0.00134	0.00134
GTC	CTC	GC	-3.05721	0.02717	0.00410	3.05721	0.00128	0.00410	0.00031	0.00031
GTC	ATC	GA	-1.36969	0.05994	0.02798	1.36969	0.01524	0.02798	0.00211	0.00211
GTC	GTT	CT	-0.50371	0.04792	0.03686	0.50371	0.02896	0.03686	0.03686	0.03686
GTA	TTA	GT	0.28392	0.01026	0.01179	-0.28392	0.01363	0.01179	0.00089	0.00089
GTA	CTA	GC	-1.25013	0.01041	0.00522	1.25013	0.00298	0.00522	0.00039	0.00039
GTA	ATA	GA	-1.79621	0.02296	0.00820	1.79621	0.00381	0.00820	0.00062	0.00062
GTA	GTT	AT	0.66566	0.01026	0.01405	-0.66566	0.01996	0.01405	0.01405	0.01405
GTA	GTC	AC	1.16938	0.01041	0.01765	-1.16938	0.03351	0.01765	0.01765	0.01765
GTG	TTG	GT	1.56245	0.00741	0.01465	-1.56245	0.03535	0.01465	0.00111	0.00111
GTG	CTG	GC	-1.26118	0.00752	0.00375	1.26118	0.00213	0.00375	0.00028	0.00028
GTG	ATG	GA	-0.03570	0.01658	0.01629	0.03570	0.01600	0.01629	0.00123	0.00123
GTG	GTT	GT	0.47581	0.00741	0.00931	-0.47581	0.01193	0.00931	0.00931	0.00931
GTG	GTC	GC	0.97953	0.00752	0.01179	-0.97953	0.02002	0.01179	0.01179	0.01179
GTG	GTA	GA	-0.18985	0.01658	0.01506	0.18985	0.01371	0.01506	0.01506	0.01506
GCT	TCT	GT	-1.04175	0.04104	0.02331	1.04175	0.01448	0.02331	0.00176	0.00176
GCT	CCT	GC	-1.49129	0.04163	0.01803	1.49129	0.00937	0.01803	0.00136	0.00136
GCT	ACT	GA	-0.98528	0.09182	0.05390	0.98528	0.03428	0.05390	0.00407	0.00407
GCT	GTT	CT	-0.93023	0.07341	0.04448	0.93023	0.02896	0.04448	0.00336	0.00336
GCC	TCC	GT	-1.89316	0.07353	0.02468	1.89316	0.01107	0.02468	0.00186	0.00186
GCC	CCC	GC	-1.52790	0.07458	0.03158	1.52790	0.01618	0.03158	0.00238	0.00238
GCC	ACC	GA	-1.31464	0.16452	0.07942	1.31464	0.04418	0.07942	0.00599	0.00599
GCC	GTC	CT	-0.99543	0.13152	0.07675	0.99543	0.04861	0.07675	0.00579	0.00579
GCC	GCT	CT	-0.56892	0.13152	0.09764	0.56892	0.07446	0.09764	0.09764	0.09764
GCA	TCA	GT	0.55586	0.00171	0.00223	-0.55586	0.00298	0.00223	0.00017	0.00017
GCA	CCA	GC	0.54163	0.00173	0.00225	-0.54163	0.00298	0.00225	0.00017	0.00017
GCA	ACA	GA	1.52161	0.00383	0.00745	-1.52161	0.01752	0.00745	0.00056	0.00056
GCA	GTA	CT	1.80599	0.00306	0.00661	-1.80599	0.01862	0.00661	0.00050	0.00050
GCA	GCT	AT	3.40189	0.00171	0.00602	-3.40189	0.05134	0.00602	0.00602	0.00602
GCA	GCC	AC	3.97080	0.00173	0.00702	-3.97080	0.09198	0.00702	0.00702	0.00702
GCG	TCG	GT	8.40181	0.00000	0.00000	-8.40181	0.00596	0.00001	0.00000	0.00000
GCG	CCG	GC	-0.30567	0.00000	0.00000	0.30567	0.00000	0.00000	0.00000	0.00000
GCG	ACG	GA	6.63753	0.00000	0.00000	-6.63753	0.00229	0.00002	0.00000	0.00000
GCG	GTG	CT	8.63337	0.00000	0.00000	-8.63337	0.01344	0.00002	0.00000	0.00000
GCG	GCT	GT	10.03942	0.00000	0.00000	-10.03942	0.03066	0.00001	0.00000	0.00001
GCG	GCC	GC	10.60833	0.00000	0.00000	-10.60833	0.05494	0.00001	0.00000	0.00001
GCG	GCA	GA	6.63753	0.00000	0.00000	-6.63753	0.00229	0.00002	0.00000	0.00002
GAT	TAT	GT	-0.35692	0.08094	0.06735	0.35692	0.05664	0.06735	0.00508	0.00508
GAT	CAT	GC	-2.62244	0.08210	0.01686	2.62244	0.00596	0.01686	0.00127	0.00127
GAT	AAT	GA	-0.46715	0.18110	0.14208	0.46715	0.11351	0.14208	0.01072	0.01072
GAT	GTT	AT	-1.39979	0.08094	0.03709	1.39979	0.01996	0.03709	0.00280	0.00280
GAT	GCT	AC	-0.46956	0.08210	0.06433	0.46956	0.05134	0.06433	0.00486	0.00486
GAC	TAC	GT	1.65447	0.00399	0.00816	-1.65447	0.02087	0.00816	0.00062	0.00062
GAC	CAC	GC	0.05100	0.00405	0.00415	-0.05100	0.00426	0.00415	0.00031	0.00031
GAC	AAC	GA	1.78731	0.00893	0.01916	-1.78731	0.05333	0.01916	0.00145	0.00145
GAC	GTC	AT	2.12807	0.00399	0.00964	-2.12807	0.03351	0.00964	0.00073	0.00073
GAC	GCC	AC	3.12350	0.00405	0.01322	-3.12350	0.09198	0.01322	0.00100	0.00100
GAC	GAT	CT	3.02415	0.00714	0.02269	-3.02415	0.14685	0.02269	0.02269	0.02269
GAA	CAA	GC	-0.27288	0.03469	0.03017	0.27288	0.02641	0.03017	0.00228	0.00228
GAA	AAA	GA	-0.27888	0.07652	0.06635	0.27888	0.05790	0.06635	0.00501	0.00501
GAA	GTA	AT	-0.98014	0.03420	0.02013	0.98014	0.01283	0.02013	0.00152	0.00152
GAA	GCA	AC	-2.78613	0.03469	0.00635	2.78613	0.00214	0.00635	0.00048	0.00048
GAA	GAT	AT	1.08531	0.03420	0.05605	-1.08531	0.10124	0.05605	0.00423	0.00423
GAA	GAC	AC	-1.93883	0.03469	0.01130	1.93883	0.00499	0.01130	0.00085	0.00085
GAG	CAG	GC	-0.99882	0.01156	0.00673	0.99882	0.00426	0.00673	0.00051	0.00051
GAG	AAG	GA	-0.25291	0.02551	0.02242	0.25291	0.01981	0.02242	0.00169	0.00169
GAG	GTG	AT	-0.20695	0.01140	0.01026	0.20695	0.00927	0.01026	0.00077	0.00077
GAG	GCG	AC	-8.84032	0.01156	0.00001	8.84032	0.00000	0.00000	0.00000	0.00000
GAG	GAT	GT	1.66865	0.01140	0.02344	-1.66865	0.06048	0.02344	0.00177	0.00177
GAG	GAC	GC	-1.35549	0.01156	0.00544	1.35549	0.00298	0.00544	0.00041	0.00041
GAG	GAA	GA	0.58334	0.02551	0.03367	-0.58334	0.04571	0.03367	0.03367	0.03367
GGT	TGT	GT	-0.42846	0.09348	0.07488	0.42846	0.06090	0.07488	0.00565	0.00565
GGT	CGT	GC	-2.27004	0.09482	0.02480	2.27004	0.00980	0.02480	0.00187	0.00187
GGT	AGT	GA	-1.92626	0.20916	0.06871	1.92626	0.03047	0.06871	0.00519	0.00519
GGT	GTT	GT	-2.05910	0.09348	0.02815	2.05910	0.01193	0.02815	0.00212	0.00212
GGT	GCT	GC	-1.12887	0.09482	0.05116	1.12887	0.03066	0.05116	0.00386	0.00386
GGT	GAT	GA	-0.65931	0.20916	0.14773	0.65931	0.10818	0.14773	0.01115	0.01115
GGC	TGC	GT	-0.41819	0.04788	0.03856	0.41819	0.03152	0.03856	0.00291	0.00291
GGC	CGC	GC	-1.47839	0.04857	0.02121	1.47839	0.01107	0.02121	0.00160	0.00160
GGC	AGC	GA	-3.15433	0.10713	0.01506	3.15433	0.00457	0.01506	0.00114	0.00114
GGC	GTC	GT	-0.87211	0.04788	0.03000	0.87211	0.02002	0.03000	0.00226	0.00226
GGC	GCC	GC	0.12332	0.04857	0.05162	-0.12332	0.05494	0.05162	0.00390	0.00390
GGC	GAC	GA	-3.00018	0.10713	0.01684	3.00018	0.00533	0.01684	0.00127	0.00127
GGC	GGT	CT	0.68328	0.08564	0.11821	-0.68328	0.16961	0.11821	0.11821	0.11821
GGA	CGA	GC	-8.43930	0.00463	0.00001	8.43930	0.00000	0.00000	0.00000	0.00000
GGA	AGA	GA	-2.59471	0.01020	0.00214	2.59471	0.00076	0.00214	0.00016	0.00016
GGA	GTA	GT	0.51949	0.00456	0.00585	-0.51949	0.00767	0.00585	0.00044	0.00044
GGA	GCA	GC	-1.28650	0.00463	0.00227	1.28650	0.00128	0.00227	0.00017	0.00017
GGA	GAA	GA	1.49963	0.01020	0.01970	-1.49963	0.04571	0.01970	0.00149	0.00149
GGA	GGT	AT	3.24426	0.00456	0.01539	-3.24426	0.11693	0.01539	0.01539	0.01539
GGA	GGC	AC	2.56098	0.00463	0.01284	-2.56098	0.05989	0.01284	0.01284	0.01284
GGG	TGG	GT	2.57076	0.00114	0.00317	-2.57076	0.01491	0.00317	0.00024	0.00024
GGG	CGG	GC	-0.99882	0.00116	0.00067	0.99882	0.00043	0.00067	0.00005	0.00005
GGG	AGG	GA	-1.20842	0.00255	0.00131	1.20842	0.00076	0.00131	0.00010	0.00010
GGG	GTG	GT	1.58036	0.00114	0.00227	-1.58036	0.00554	0.00227	0.00017	0.00017
GGG	GCG	GC	-7.05301	0.00116	0.00001	7.05301	0.00000	0.00000	0.00000	0.00000
GGG	GAG	GA	1.78731	0.00255	0.00548	-1.78731	0.01524	0.00548	0.00041	0.00041
GGG	GGT	GT	4.11528	0.00114	0.00477	-4.11528	0.06985	0.00477	0.00477	0.00477
GGG	GGC	GC	3.43200	0.00116	0.00410	-3.43200	0.03578	0.00410	0.00410	0.00410
GGG	GGA	GA	0.87102	0.00255	0.00382	-0.87102	0.00609	0.00382	0.00382	0.00382


Histograms
2Ns	FMut	FSub(CodonUsage)	FSubw(after w)

-10.10317	0.00917	0.00001	0.00001
-9.09286	0.00690	0.00001	0.00002
-8.08254	0.00190	0.00001	0.00000
-7.07222	0.00097	0.00001	0.00002
-6.06190	0.00008	0.00000	0.00000
-5.05159	0.00000	0.00000	0.00000
-4.04127	0.02136	0.00231	0.00409
-3.03095	0.08630	0.01877	0.03280
-2.02063	0.17904	0.08108	0.05421
-1.01032	0.32022	0.25605	0.30462
0.00000	0.21525	0.28356	0.20851
1.01032	0.12613	0.25605	0.30462
2.02063	0.02768	0.08108	0.05421
3.03095	0.00455	0.01877	0.03280
4.04127	0.00044	0.00231	0.00409
5.05159	0.00000	0.00000	0.00000
6.06190	0.00000	0.00000	0.00000
7.07222	0.00000	0.00000	0.00000
8.08254	0.00000	0.00000	0.00000
9.09286	0.00000	0.00000	0.00000
10.10317	0.00000	0.00000	0.00000

Proportion of advantageous (S > 0) mutations:
 0.25189

Proportions of good & bad mutations (|S| > 2.0000) among mutations:
0.01008  0.17503

mean |Ns| = 1.40788	mean Ns+ = 0.80290	mean Ns- = -1.61157


NSsites Model 1: NearlyNeutral
I	J	ij	2Ns_IJ	pMut_IJ	pSub_IJ	2Ns_JI	pMut_JI	pSub_JI

TTC	TTT	CT	-0.60763	0.06571	0.04775	0.60763	0.03579	0.04775
TTA	TTT	AT	-0.74892	0.03291	0.02211	0.74892	0.01556	0.02211
TTA	TTC	AC	-0.14128	0.02888	0.02689	0.14128	0.02507	0.02689
TTG	TTT	GT	-2.41009	0.08536	0.02030	2.41009	0.00767	0.02030
TTG	TTC	GC	-1.80245	0.07490	0.02666	1.80245	0.01235	0.02666
TTG	TTA	GA	-1.66117	0.15810	0.06157	1.66117	0.03003	0.06157
TCT	TTT	CT	-0.76670	0.07704	0.05124	0.76670	0.03579	0.05124
TCC	TTC	CT	-0.02151	0.05891	0.05828	0.02151	0.05766	0.05828
TCC	TCT	CT	0.13755	0.05891	0.06306	-0.13755	0.06760	0.06306
TCA	TTA	CT	1.38912	0.01586	0.02935	-1.38912	0.06362	0.02935
TCA	TCT	AT	1.40690	0.00720	0.01341	-1.40690	0.02940	0.01341
TCA	TCC	AC	1.26934	0.00632	0.01115	-1.26934	0.02248	0.01115
TCG	TTG	CT	1.64907	0.03172	0.06476	-1.64907	0.16502	0.06476
TCG	TCT	GT	0.00568	0.01440	0.01444	-0.00568	0.01448	0.01444
TCG	TCC	GC	-0.13187	0.01263	0.01182	0.13187	0.01107	0.01182
TCG	TCA	GA	-1.40121	0.02667	0.01221	1.40121	0.00657	0.01221
TAT	TTT	AT	-2.17353	0.13678	0.03817	2.17353	0.01556	0.03817
TAT	TCT	AC	-1.40683	0.12002	0.05477	1.40683	0.02940	0.05477
TAC	TTC	AT	-0.69808	0.05039	0.03483	0.69808	0.02507	0.03483
TAC	TCC	AC	-0.67657	0.04422	0.03093	0.67657	0.02248	0.03093
TAC	TAT	CT	0.86782	0.11102	0.16608	-0.86782	0.26443	0.16608
TGT	TTT	GT	-2.95409	0.14707	0.02389	2.95409	0.00767	0.02389
TGT	TCT	GC	-2.18739	0.12905	0.03568	2.18739	0.01448	0.03568
TGT	TAT	GA	-0.78056	0.27239	0.17977	0.78056	0.12479	0.17977
TGC	TTC	GT	-1.81839	0.07611	0.02681	1.81839	0.01235	0.02681
TGC	TCC	GC	-1.79688	0.06678	0.02385	1.79688	0.01107	0.02385
TGC	TAC	GA	-1.12031	0.14096	0.07644	1.12031	0.04598	0.07644
TGC	TGT	CT	0.52807	0.16767	0.21582	-0.52807	0.28431	0.21582
TGG	TTG	GT	-0.01813	0.03600	0.03567	0.01813	0.03535	0.03567
TGG	TCG	GC	-1.66720	0.03159	0.01225	1.66720	0.00596	0.01225
TGG	TGT	GT	0.52588	0.03600	0.04629	-0.52588	0.06090	0.04629
TGG	TGC	GC	-0.00219	0.03159	0.03155	0.00219	0.03152	0.03155
CTT	TTT	CT	0.96790	0.01359	0.02122	-0.96790	0.03579	0.02122
CTC	TTC	CT	2.13797	0.00680	0.01648	-2.13797	0.05766	0.01648
CTC	CTT	CT	0.56244	0.00680	0.00889	-0.56244	0.01193	0.00889
CTA	TTA	CT	1.38912	0.01586	0.02935	-1.38912	0.06362	0.02935
CTA	CTT	AT	-0.32771	0.00720	0.00608	0.32771	0.00519	0.00608
CTA	CTC	AC	-0.89014	0.00632	0.00392	0.89014	0.00259	0.00392
CTG	TTG	CT	2.67869	0.01133	0.03258	-2.67869	0.16502	0.03258
CTG	CTT	GT	-0.69930	0.00514	0.00355	0.69930	0.00256	0.00355
CTG	CTC	GC	-1.26173	0.00451	0.00225	1.26173	0.00128	0.00225
CTG	CTA	GA	-0.37159	0.00952	0.00786	0.37159	0.00657	0.00786
CCT	TCT	CT	0.30461	0.04985	0.05782	-0.30461	0.06760	0.05782
CCT	CTT	CT	-1.42999	0.04985	0.02243	1.42999	0.01193	0.02243
CCC	TCC	CT	-0.51020	0.08610	0.06600	0.51020	0.05169	0.06600
CCC	CTC	CT	-2.66968	0.08610	0.01711	2.66968	0.00596	0.01711
CCC	CCT	CT	-0.67725	0.08610	0.06021	0.67725	0.04374	0.06021
CCA	TCA	CT	-0.13071	0.01586	0.01485	0.13071	0.01392	0.01485
CCA	CTA	CT	-0.13071	0.01586	0.01485	0.13071	0.01392	0.01485
CCA	CCT	AT	0.97158	0.00720	0.01125	-0.97158	0.01902	0.01125
CCA	CCC	AC	1.64883	0.00632	0.01290	-1.64883	0.03285	0.01290
CCG	TCG	CT	8.56254	0.00000	0.00000	-8.56254	0.02783	0.00005
CCG	CTG	CT	7.53292	0.00000	0.00000	-7.53292	0.00994	0.00004
CCG	CCT	GT	8.26362	0.00000	0.00000	-8.26362	0.00937	0.00002
CCG	CCC	GC	8.94087	0.00000	0.00000	-8.94087	0.01618	0.00002
CCG	CCA	GA	7.29204	0.00000	0.00000	-7.29204	0.00657	0.00003
CAT	TAT	CT	2.12058	0.03172	0.07644	-2.12058	0.26443	0.07644
CAT	CTT	AT	-1.02085	0.01440	0.00828	1.02085	0.00519	0.00828
CAT	CCT	AC	0.40914	0.01263	0.01539	-0.40914	0.01902	0.01539
CAC	TAC	CT	1.45852	0.02266	0.04306	-1.45852	0.09742	0.04306
CAC	CTC	AT	-1.37753	0.01028	0.00478	1.37753	0.00259	0.00478
CAC	CCC	AC	1.29216	0.00902	0.01608	-1.29216	0.03285	0.01608
CAC	CAT	CT	0.20576	0.02266	0.02507	-0.20576	0.02783	0.02507
CAA	CTA	AT	-2.35478	0.06376	0.01575	2.35478	0.00605	0.01575
CAA	CCA	AC	-2.22407	0.05595	0.01509	2.22407	0.00605	0.01509
CAA	CAT	AT	-1.66163	0.06376	0.02483	1.66163	0.01210	0.02483
CAA	CAC	AC	-1.86739	0.05595	0.01910	1.86739	0.00865	0.01910
CAG	CTG	AT	-0.86670	0.01028	0.00646	0.86670	0.00432	0.00646
CAG	CCG	AC	-8.39962	0.00902	0.00002	8.39962	0.00000	0.00000
CAG	CAT	GT	-0.54515	0.01028	0.00773	0.54515	0.00596	0.00773
CAG	CAC	GC	-0.75091	0.00902	0.00606	0.75091	0.00426	0.00606
CAG	CAA	GA	1.11649	0.01905	0.03162	-1.11649	0.05817	0.03162
CGT	TGT	CT	1.69664	0.05211	0.10826	-1.69664	0.28431	0.10826
CGT	CTT	GT	-2.22535	0.02365	0.00638	2.22535	0.00256	0.00638
CGT	CCT	GC	-0.79536	0.02076	0.01358	0.79536	0.00937	0.01358
CGT	CAT	GA	-1.20450	0.04381	0.02260	1.20450	0.01314	0.02260
CGC	TGC	CT	0.91526	0.05891	0.08993	-0.91526	0.14713	0.08993
CGC	CTC	GT	-3.04110	0.02674	0.00408	3.04110	0.00128	0.00408
CGC	CCC	GC	-0.37142	0.02346	0.01938	0.37142	0.01618	0.01938
CGC	CAC	GA	-1.66357	0.04952	0.01926	1.66357	0.00938	0.01926
CGC	CGT	CT	-0.25331	0.05891	0.05176	0.25331	0.04573	0.05176
CGA	CTA	GT	7.11848	0.00000	0.00000	-7.11848	0.00298	0.00002
CGA	CCA	GC	7.24919	0.00000	0.00000	-7.24919	0.00298	0.00002
CGA	CAA	GA	9.47326	0.00000	0.00000	-9.47326	0.05817	0.00004
CGA	CGT	AT	9.01613	0.00000	0.00000	-9.01613	0.01989	0.00002
CGA	CGC	AC	9.26944	0.00000	0.00000	-9.26944	0.02248	0.00002
CGG	TGG	CT	3.42464	0.00227	0.00802	-3.42464	0.06959	0.00802
CGG	CTG	GT	0.72782	0.00103	0.00145	-0.72782	0.00213	0.00145
CGG	CCG	GC	-6.80510	0.00090	0.00001	6.80510	0.00000	0.00000
CGG	CAG	GA	1.59452	0.00190	0.00381	-1.59452	0.00938	0.00381
CGG	CGT	GT	2.25388	0.00103	0.00259	-2.25388	0.00980	0.00259
CGG	CGC	GC	2.50719	0.00090	0.00246	-2.50719	0.01107	0.00246
CGG	CGA	GA	-6.76225	0.00190	0.00001	6.76225	0.00000	0.00000
ATT	TTT	AT	-1.84753	0.09873	0.03413	1.84753	0.01556	0.03413
ATT	CTT	AC	-2.81543	0.08663	0.01554	2.81543	0.00519	0.01554
ATC	TTC	AT	0.19801	0.02057	0.02267	-0.19801	0.02507	0.02267
ATC	CTC	AC	-1.93996	0.01805	0.00588	1.93996	0.00259	0.00588
ATC	ATT	CT	1.43791	0.04532	0.08545	-1.43791	0.19087	0.08545
ATA	TTA	AT	1.68274	0.00514	0.01063	-1.68274	0.02767	0.01063
ATA	CTA	AC	0.29363	0.00451	0.00521	-0.29363	0.00605	0.00521
ATA	ATT	AT	2.78136	0.00514	0.01525	-2.78136	0.08300	0.01525
ATA	ATC	AC	1.34345	0.00451	0.00820	-1.34345	0.01729	0.00820
ATG	TTG	AT	1.20076	0.02160	0.03710	-1.20076	0.07176	0.03710
ATG	CTG	AC	-1.47793	0.01895	0.00828	1.47793	0.00432	0.00828
ATG	ATT	GT	0.63821	0.02160	0.02922	-0.63821	0.04089	0.02922
ATG	ATC	GC	-0.79970	0.01895	0.01237	0.79970	0.00852	0.01237
ATG	ATA	GA	-2.14315	0.04000	0.01139	2.14315	0.00469	0.01139
ACT	TCT	AT	-0.45386	0.04628	0.03657	0.45386	0.02940	0.03657
ACT	CCT	AC	-0.75846	0.04061	0.02714	0.75846	0.01902	0.02714
ACT	ATT	CT	0.62698	0.10196	0.13724	-0.62698	0.19087	0.13724
ACC	TCC	AT	-0.97590	0.05965	0.03520	0.97590	0.02248	0.03520
ACC	CCC	AC	-0.46570	0.05234	0.04110	0.46570	0.03285	0.04110
ACC	ATC	CT	-1.19542	0.13142	0.06816	1.19542	0.03976	0.06816
ACC	ACT	CT	-0.38449	0.13142	0.10777	0.38449	0.08947	0.10777
ACA	TCA	AT	-1.36314	0.02365	0.01109	1.36314	0.00605	0.01109
ACA	CCA	AC	-1.23243	0.02076	0.01053	1.23243	0.00605	0.01053
ACA	ATA	CT	-1.65677	0.05211	0.02035	1.65677	0.00994	0.02035
ACA	ACT	AT	0.49761	0.02365	0.03003	-0.49761	0.03891	0.03003
ACA	ACC	AC	0.88210	0.02076	0.03124	-0.88210	0.05015	0.03124
ACG	TCG	AT	1.36689	0.00309	0.00566	-1.36689	0.01210	0.00566
ACG	CCG	AC	-7.19565	0.00271	0.00001	7.19565	0.00000	0.00000
ACG	ATG	CT	1.81520	0.00680	0.01474	-1.81520	0.04175	0.01474
ACG	ACT	GT	1.82643	0.00309	0.00672	-1.82643	0.01917	0.00672
ACG	ACC	GC	2.21092	0.00271	0.00672	-2.21092	0.02470	0.00672
ACG	ACA	GA	1.32882	0.00571	0.01033	-1.32882	0.02158	0.01033
AAT	TAT	AT	-0.28715	0.15324	0.13229	0.28715	0.11499	0.13229
AAT	CAT	AC	-2.40773	0.13446	0.03203	2.40773	0.01210	0.03203
AAT	ATT	AT	-0.61315	0.15324	0.11103	0.61315	0.08300	0.11103
AAT	ACT	AC	-1.24013	0.13446	0.06789	1.24013	0.03891	0.06789
AAC	TAC	AT	-0.53023	0.07199	0.05458	0.53023	0.04236	0.05458
AAC	CAC	AC	-1.98875	0.06317	0.01992	1.98875	0.00865	0.01992
AAC	ATC	AT	-1.42632	0.07199	0.03246	1.42632	0.01729	0.03246
AAC	ACC	AC	-0.23090	0.06317	0.05616	0.23090	0.05015	0.05616
AAC	AAT	CT	0.62474	0.15861	0.21328	-0.62474	0.29624	0.21328
AAA	CAA	AC	-0.24644	0.06859	0.06048	0.24644	0.05360	0.06048
AAA	ATA	AT	-2.89485	0.07816	0.01325	2.89485	0.00432	0.01325
AAA	ACA	AC	-1.23808	0.06859	0.03467	1.23808	0.01989	0.03467
AAA	AAT	AT	0.49966	0.07816	0.09931	-0.49966	0.12882	0.09931
AAA	AAC	AC	-0.12508	0.06859	0.06439	0.12508	0.06052	0.06439
AAG	CAG	AC	-0.99836	0.02346	0.01367	0.99836	0.00865	0.01367
AAG	ATG	AT	-0.38713	0.02674	0.02190	0.38713	0.01816	0.02190
AAG	ACG	AC	-2.20233	0.02346	0.00642	2.20233	0.00259	0.00642
AAG	AAT	GT	0.86423	0.02674	0.03994	-0.86423	0.06346	0.03994
AAG	AAC	GC	0.23949	0.02346	0.02639	-0.23949	0.02981	0.02639
AAG	AAA	GA	0.36457	0.04952	0.05910	-0.36457	0.07131	0.05910
AGT	TGT	AT	1.10041	0.04114	0.06784	-1.10041	0.12364	0.06784
AGT	CGT	AC	-0.59623	0.03610	0.02640	0.59623	0.01989	0.02640
AGT	ATT	GT	-0.00615	0.04114	0.04101	0.00615	0.04089	0.04101
AGT	ACT	GC	-0.63313	0.03610	0.02587	0.63313	0.01917	0.02587
AGT	AAT	GA	0.60700	0.07619	0.10164	-0.60700	0.13981	0.10164
AGC	TGC	AT	2.33875	0.00617	0.01597	-2.33875	0.06398	0.01597
AGC	CGC	AC	1.42349	0.00541	0.01015	-1.42349	0.02248	0.01015
AGC	ATC	GT	0.32235	0.00617	0.00722	-0.32235	0.00852	0.00722
AGC	ACC	GC	1.51778	0.00541	0.01053	-1.51778	0.02470	0.01053
AGC	AAC	GA	1.74867	0.01143	0.02420	-1.74867	0.06568	0.02420
AGC	AGT	CT	1.76641	0.01359	0.02897	-1.76641	0.07953	0.02897
AGA	CGA	AC	-6.09704	0.00090	0.00001	6.09704	0.00000	0.00000
AGA	ATA	GT	0.72782	0.00103	0.00145	-0.72782	0.00213	0.00145
AGA	ACA	GC	2.38459	0.00090	0.00237	-2.38459	0.00980	0.00237
AGA	AAA	GA	3.62267	0.00190	0.00709	-3.62267	0.07131	0.00709
AGA	AGT	AT	3.51532	0.00103	0.00373	-3.51532	0.03458	0.00373
AGA	AGC	AC	1.74891	0.00090	0.00191	-1.74891	0.00519	0.00191
AGG	TGG	AT	3.38179	0.00103	0.00360	-3.38179	0.03026	0.00360
AGG	CGG	AC	-0.04284	0.00090	0.00088	0.04284	0.00086	0.00088
AGG	ATG	GT	2.16290	0.00103	0.00251	-2.16290	0.00894	0.00251
AGG	ACG	GC	0.34770	0.00090	0.00107	-0.34770	0.00128	0.00107
AGG	AAG	GA	2.55003	0.00190	0.00527	-2.55003	0.02440	0.00527
AGG	AGT	GT	2.80726	0.00103	0.00307	-2.80726	0.01704	0.00307
AGG	AGC	GC	1.04085	0.00090	0.00145	-1.04085	0.00256	0.00145
AGG	AGA	GA	-0.70806	0.00190	0.00131	0.70806	0.00094	0.00131
GTT	TTT	GT	-1.32345	0.02880	0.01383	1.32345	0.00767	0.01383
GTT	CTT	GC	-2.29135	0.02527	0.00651	2.29135	0.00256	0.00651
GTT	ATT	GA	0.52408	0.05333	0.06853	-0.52408	0.09008	0.06853
GTC	TTC	GT	-1.36447	0.04834	0.02264	1.36447	0.01235	0.02264
GTC	CTC	GC	-3.50244	0.04241	0.00461	3.50244	0.00128	0.00461
GTC	ATC	GA	-1.56248	0.08953	0.03710	1.56248	0.01877	0.03710
GTC	GTT	CT	-0.64865	0.10649	0.07566	0.64865	0.05567	0.07566
GTA	TTA	GT	-0.30625	0.01851	0.01582	0.30625	0.01363	0.01582
GTA	CTA	GC	-1.69537	0.01624	0.00619	1.69537	0.00298	0.00619
GTA	ATA	GA	-1.98900	0.03429	0.01081	1.98900	0.00469	0.01081
GTA	GTT	AT	0.26828	0.01851	0.02111	-0.26828	0.02421	0.02111
GTA	GTC	AC	0.91693	0.01624	0.02481	-0.91693	0.04064	0.02481
GTG	TTG	GT	0.97227	0.01337	0.02091	-0.97227	0.03535	0.02091
GTG	CTG	GC	-1.70642	0.01173	0.00444	1.70642	0.00213	0.00444
GTG	ATG	GA	-0.22849	0.02476	0.02204	0.22849	0.01970	0.02204
GTG	GTT	GT	-0.11436	0.01337	0.01262	0.11436	0.01193	0.01262
GTG	GTC	GC	0.53429	0.01173	0.01514	-0.53429	0.02002	0.01514
GTG	GTA	GA	-0.38264	0.02476	0.02033	0.38264	0.01689	0.02033
GCT	TCT	GT	-1.63192	0.07405	0.02938	1.63192	0.01448	0.02938
GCT	CCT	GC	-1.93653	0.06498	0.02120	1.93653	0.00937	0.02120
GCT	ACT	GA	-1.17807	0.13715	0.07187	1.17807	0.04222	0.07187
GCT	GTT	CT	-1.07517	0.16314	0.09086	1.07517	0.05567	0.09086
GCC	TCC	GT	-2.48333	0.13267	0.03000	2.48333	0.01107	0.03000
GCC	CCC	GC	-1.97313	0.11641	0.03709	1.97313	0.01618	0.03709
GCC	ACC	GA	-1.50743	0.24572	0.10537	1.50743	0.05442	0.10537
GCC	GTC	CT	-1.14038	0.29229	0.15664	1.14038	0.09344	0.15664
GCC	GCT	CT	-0.71386	0.29229	0.20027	0.71386	0.14315	0.20027
GCA	TCA	GT	-0.03432	0.00309	0.00303	0.03432	0.00298	0.00303
GCA	CCA	GC	0.09639	0.00271	0.00284	-0.09639	0.00298	0.00284
GCA	ACA	GA	1.32882	0.00571	0.01033	-1.32882	0.02158	0.01033
GCA	GTA	CT	1.66105	0.00680	0.01394	-1.66105	0.03579	0.01394
GCA	GCT	AT	3.00450	0.00309	0.00975	-3.00450	0.06225	0.00975
GCA	GCC	AC	3.71836	0.00271	0.01032	-3.71836	0.11153	0.01032
GCG	TCG	GT	7.81163	0.00000	0.00000	-7.81163	0.00596	0.00002
GCG	CCG	GC	-0.75091	0.00000	0.00000	0.75091	0.00000	0.00000
GCG	ACG	GA	6.44474	0.00000	0.00000	-6.44474	0.00281	0.00003
GCG	GTG	CT	8.48843	0.00000	0.00000	-8.48843	0.02585	0.00005
GCG	GCT	GT	9.44924	0.00000	0.00000	-9.44924	0.03066	0.00002
GCG	GCC	GC	10.16310	0.00000	0.00000	-10.16310	0.05494	0.00002
GCG	GCA	GA	6.44474	0.00000	0.00000	-6.44474	0.00281	0.00003
GAT	TAT	GT	-0.94710	0.14604	0.08764	0.94710	0.05664	0.08764
GAT	CAT	GC	-3.06768	0.12815	0.01918	3.06768	0.00596	0.01918
GAT	AAT	GA	-0.65994	0.27048	0.19098	0.65994	0.13981	0.19098
GAT	GTT	AT	-1.79718	0.14604	0.05215	1.79718	0.02421	0.05215
GAT	GCT	AC	-0.72201	0.12815	0.08740	0.72201	0.06225	0.08740
GAC	TAC	GT	1.06429	0.00720	0.01170	-1.06429	0.02087	0.01170
GAC	CAC	GC	-0.39423	0.00632	0.00515	0.39423	0.00426	0.00515
GAC	AAC	GA	1.59452	0.01333	0.02668	-1.59452	0.06568	0.02668
GAC	GTC	AT	1.73068	0.00720	0.01514	-1.73068	0.04064	0.01514
GAC	GCC	AC	2.87106	0.00632	0.01923	-2.87106	0.11153	0.01923
GAC	GAT	CT	2.87921	0.01586	0.04838	-2.87921	0.28232	0.04838
GAA	CAA	GC	-0.71812	0.05415	0.03701	0.71812	0.02641	0.03701
GAA	AAA	GA	-0.47167	0.11429	0.08945	0.47167	0.07131	0.08945
GAA	GTA	AT	-1.37753	0.06171	0.02867	1.37753	0.01556	0.02867
GAA	GCA	AC	-3.03858	0.05415	0.00828	3.03858	0.00259	0.00828
GAA	GAT	AT	0.68793	0.06171	0.08535	-0.68793	0.12277	0.08535
GAA	GAC	AC	-2.19128	0.05415	0.01493	2.19128	0.00605	0.01493
GAG	CAG	GC	-1.44406	0.01805	0.00805	1.44406	0.00426	0.00805
GAG	AAG	GA	-0.44570	0.03810	0.03023	0.44570	0.02440	0.03023
GAG	GTG	AT	-0.60434	0.02057	0.01498	0.60434	0.01124	0.01498
GAG	GCG	AC	-9.09277	0.01805	0.00002	9.09277	0.00000	0.00000
GAG	GAT	GT	1.07848	0.02057	0.03362	-1.07848	0.06048	0.03362
GAG	GAC	GC	-1.80073	0.01805	0.00643	1.80073	0.00298	0.00643
GAG	GAA	GA	0.39055	0.03810	0.04602	-0.39055	0.05630	0.04602
GGT	TGT	GT	-1.01864	0.16867	0.09710	1.01864	0.06090	0.09710
GGT	CGT	GC	-2.71528	0.14800	0.02848	2.71528	0.00980	0.02848
GGT	AGT	GA	-2.11905	0.31239	0.09039	2.11905	0.03753	0.09039
GGT	GTT	GT	-2.64928	0.16867	0.03400	2.64928	0.01193	0.03400
GGT	GCT	GC	-1.57411	0.14800	0.06088	1.57411	0.03066	0.06088
GGT	GAT	GA	-0.85210	0.31239	0.19797	0.85210	0.13324	0.19797
GGC	TGC	GT	-1.00837	0.08639	0.05003	1.00837	0.03152	0.05003
GGC	CGC	GC	-1.92363	0.07580	0.02494	1.92363	0.01107	0.02494
GGC	AGC	GA	-3.34712	0.16000	0.01953	3.34712	0.00563	0.01953
GGC	GTC	GT	-1.46229	0.08639	0.03810	1.46229	0.02002	0.03810
GGC	GCC	GC	-0.32191	0.07580	0.06426	0.32191	0.05494	0.06426
GGC	GAC	GA	-3.19297	0.16000	0.02187	3.19297	0.00657	0.02187
GGC	GGT	CT	0.53834	0.19033	0.24613	-0.53834	0.32606	0.24613
GGA	CGA	GC	-8.88454	0.00722	0.00001	8.88454	0.00000	0.00000
GGA	AGA	GA	-2.78751	0.01524	0.00279	2.78751	0.00094	0.00279
GGA	GTA	GT	-0.07069	0.00823	0.00794	0.07069	0.00767	0.00794
GGA	GCA	GC	-1.73174	0.00722	0.00269	1.73174	0.00128	0.00269
GGA	GAA	GA	1.30684	0.01524	0.02730	-1.30684	0.05630	0.02730
GGA	GGT	AT	2.84687	0.00823	0.02487	-2.84687	0.14179	0.02487
GGA	GGC	AC	2.30853	0.00722	0.01851	-2.30853	0.07263	0.01851
GGG	TGG	GT	1.98058	0.00206	0.00473	-1.98058	0.01491	0.00473
GGG	CGG	GC	-1.44406	0.00180	0.00080	1.44406	0.00043	0.00080
GGG	AGG	GA	-1.40121	0.00381	0.00174	1.40121	0.00094	0.00174
GGG	GTG	GT	0.99018	0.00206	0.00324	-0.99018	0.00554	0.00324
GGG	GCG	GC	-7.49825	0.00180	0.00001	7.49825	0.00000	0.00000
GGG	GAG	GA	1.59452	0.00381	0.00762	-1.59452	0.01877	0.00762
GGG	GGT	GT	3.52510	0.00206	0.00747	-3.52510	0.06985	0.00747
GGG	GGC	GC	2.98676	0.00180	0.00568	-2.98676	0.03578	0.00568
GGG	GGA	GA	0.67823	0.00381	0.00525	-0.67823	0.00751	0.00525


Histograms
2Ns	FMut	FSub(CodonUsage)	FSubw(after w)

-9.67914	0.00735	0.00001
-8.71122	0.00590	0.00001
-7.74331	0.00107	0.00001
-6.77540	0.00076	0.00001
-5.80748	0.00004	0.00000
-4.83957	0.00000	0.00000
-3.87166	0.01765	0.00247
-2.90374	0.10417	0.02441
-1.93583	0.20281	0.09407
-0.96791	0.34210	0.29054
0.00000	0.13283	0.17700
0.96791	0.14673	0.29054
1.93583	0.03210	0.09407
2.90374	0.00599	0.02441
3.87166	0.00050	0.00247
4.83957	0.00000	0.00000
5.80748	0.00000	0.00000
6.77540	0.00000	0.00000
7.74331	0.00000	0.00000
8.71122	0.00000	0.00000
9.67914	0.00000	0.00000

Proportion of advantageous (S > 0) mutations:
 0.24296

Proportions of good & bad mutations (|S| > 2.0000) among mutations:
0.01425  0.20752

mean |Ns| = 1.41462	mean Ns+ = 0.86540	mean Ns- = -1.59088


MLEs of dN/dS (w) for site classes (K=2)

p:   0.87686  0.12314
w:   0.04932  1.00000

Naive Empirical Bayes (NEB) probabilities for 2 classes & postmean_w
(amino acids refer to 1st sequence: Musca_domestica_lysi1)

   1 K   0.99999 0.00001 ( 1)  0.049
   2 P   1.00000 0.00000 ( 1)  0.049
   3 V   1.00000 0.00000 ( 1)  0.049
   4 T   1.00000 0.00000 ( 1)  0.049
   5 D   0.99999 0.00001 ( 1)  0.049
   6 I   0.99964 0.00036 ( 1)  0.050
   7 C   0.99990 0.00010 ( 1)  0.049
   8 L   0.98011 0.01989 ( 1)  0.068
   9 G   0.99971 0.00029 ( 1)  0.050
  10 C   0.99992 0.00008 ( 1)  0.049
  11 I   0.99999 0.00001 ( 1)  0.049
  12 C   0.99990 0.00010 ( 1)  0.049
  13 E   0.99999 0.00001 ( 1)  0.049
  14 A   0.99982 0.00018 ( 1)  0.049
  15 S   0.06228 0.93772 ( 2)  0.941
  16 S   0.99999 0.00001 ( 1)  0.049
  17 G   0.99948 0.00052 ( 1)  0.050
  18 C   0.99991 0.00009 ( 1)  0.049
  19 N   0.99999 0.00001 ( 1)  0.049
  20 Q   0.99964 0.00036 ( 1)  0.050
  21 T   1.00000 0.00000 ( 1)  0.049
  22 N   0.00002 0.99998 ( 2)  1.000
  23 Y   0.00212 0.99788 ( 2)  0.998
  24 C   0.99992 0.00008 ( 1)  0.049
  25 A   0.00000 1.00000 ( 2)  1.000
  26 G   0.99565 0.00435 ( 1)  0.053
  27 G   0.99977 0.00023 ( 1)  0.050
  28 V   1.00000 0.00000 ( 1)  0.049
  29 C   0.99990 0.00010 ( 1)  0.049
  30 G   0.99956 0.00044 ( 1)  0.050
  31 L   0.99533 0.00467 ( 1)  0.054
  32 F   1.00000 0.00000 ( 1)  0.049
  33 R   0.99989 0.00011 ( 1)  0.049
  34 I   0.99999 0.00001 ( 1)  0.049
  35 T   1.00000 0.00000 ( 1)  0.049
  36 W   0.99977 0.00023 ( 1)  0.050
  37 A   0.89333 0.10667 ( 1)  0.151
  38 Y   0.99998 0.00002 ( 1)  0.049
  39 W   0.99997 0.00003 ( 1)  0.049
  40 A   0.99997 0.00003 ( 1)  0.049
  41 D   0.99999 0.00001 ( 1)  0.049
  42 G   0.99962 0.00038 ( 1)  0.050
  43 G   0.99981 0.00019 ( 1)  0.049
  44 K   0.99975 0.00025 ( 1)  0.050
  45 L   0.99998 0.00002 ( 1)  0.049
  46 T   1.00000 0.00000 ( 1)  0.049
  47 I   0.98593 0.01407 ( 1)  0.063
  48 N   0.99996 0.00004 ( 1)  0.049
  49 G   0.00008 0.99992 ( 2)  1.000
  50 E   0.99999 0.00001 ( 1)  0.049
  51 P   0.99883 0.00117 ( 1)  0.050
  52 A   0.92273 0.07727 ( 1)  0.123
  53 E   0.72635 0.27365 ( 1)  0.309
  54 S   1.00000 0.00000 ( 1)  0.049
  55 E   0.99973 0.00027 ( 1)  0.050
  56 T   1.00000 0.00000 ( 1)  0.049
  57 Y   0.99947 0.00053 ( 1)  0.050
  58 A   0.00068 0.99932 ( 2)  0.999
  59 N   0.99996 0.00004 ( 1)  0.049
  60 C   0.99990 0.00010 ( 1)  0.049
  61 V   1.00000 0.00000 ( 1)  0.049
  62 N   0.99998 0.00002 ( 1)  0.049
  63 D   0.99999 0.00001 ( 1)  0.049
  64 P   1.00000 0.00000 ( 1)  0.049
  65 Y   0.99998 0.00002 ( 1)  0.049
  66 C   0.99990 0.00010 ( 1)  0.049
  67 A   0.99995 0.00005 ( 1)  0.049
  68 A   0.99967 0.00033 ( 1)  0.050
  69 N   0.99998 0.00002 ( 1)  0.049
  70 T   1.00000 0.00000 ( 1)  0.049
  71 I   1.00000 0.00000 ( 1)  0.049
  72 Q   0.99969 0.00031 ( 1)  0.050
  73 N   0.99998 0.00002 ( 1)  0.049
  74 Y   0.99997 0.00003 ( 1)  0.049
  75 M   1.00000 0.00000 ( 1)  0.049
  76 L   0.99999 0.00001 ( 1)  0.049
  77 K   0.99999 0.00001 ( 1)  0.049
  78 Y   0.99584 0.00416 ( 1)  0.053
  79 G   0.99953 0.00047 ( 1)  0.050
  80 Q   0.99982 0.00018 ( 1)  0.049
  81 D   0.99999 0.00001 ( 1)  0.049
  82 C   0.99990 0.00010 ( 1)  0.049
  83 N   0.99998 0.00002 ( 1)  0.049
  84 K   0.00081 0.99919 ( 2)  0.999
  85 D   1.00000 0.00000 ( 1)  0.049
  86 G   0.91718 0.08282 ( 1)  0.128
  87 A   0.99541 0.00459 ( 1)  0.054
  88 V   1.00000 0.00000 ( 1)  0.049
  89 N   0.99601 0.00399 ( 1)  0.053
  90 C   0.99991 0.00009 ( 1)  0.049
  91 F   0.95822 0.04178 ( 1)  0.089
  92 D   0.99999 0.00001 ( 1)  0.049
  93 Y   0.99996 0.00004 ( 1)  0.049
  94 A   0.99998 0.00002 ( 1)  0.049
  95 A   0.99970 0.00030 ( 1)  0.050
  96 I   1.00000 0.00000 ( 1)  0.049
  97 H   1.00000 0.00000 ( 1)  0.049
  98 K   0.99990 0.00010 ( 1)  0.049
  99 L   0.99883 0.00117 ( 1)  0.050
 100 G   0.99966 0.00034 ( 1)  0.050
 101 G   0.29017 0.70983 ( 2)  0.724
 102 Y   0.99964 0.00036 ( 1)  0.050
 103 G   0.01376 0.98624 ( 2)  0.987
 104 C   0.99993 0.00007 ( 1)  0.049
 105 G   0.00010 0.99990 ( 2)  1.000
 106 G   0.99968 0.00032 ( 1)  0.050
 107 D   0.99458 0.00542 ( 1)  0.054
 108 L   0.99952 0.00048 ( 1)  0.050
 109 P   0.99996 0.00004 ( 1)  0.049
 110 H   0.99998 0.00002 ( 1)  0.049
 111 K   0.96084 0.03916 ( 1)  0.087
 112 Y   0.98927 0.01073 ( 1)  0.060
 113 A   0.00007 0.99993 ( 2)  1.000
 114 T   0.82098 0.17902 ( 1)  0.220
 115 D   0.52809 0.47191 ( 1)  0.498
 116 L   0.99885 0.00115 ( 1)  0.050
 117 E   0.00005 0.99995 ( 2)  1.000
 118 L   0.00033 0.99967 ( 2)  1.000
 119 C   0.99990 0.00010 ( 1)  0.049
 120 L   0.99984 0.00016 ( 1)  0.049
 121 K   0.00010 0.99990 ( 2)  1.000
 122 S   0.98720 0.01280 ( 1)  0.061
 123 Y   1.00000 0.00000 ( 1)  0.049
 124 G   0.70539 0.29461 ( 1)  0.329
 125 A   0.85862 0.14138 ( 1)  0.184
 126 -   0.99943 0.00057 ( 1)  0.050
 127 -   0.30419 0.69581 ( 2)  0.711
 128 -   0.99994 0.00006 ( 1)  0.049
 129 -   1.00000 0.00000 ( 1)  0.049
 130 -   0.99999 0.00001 ( 1)  0.049
 131 N   0.99999 0.00001 ( 1)  0.049


lnL = -2388.412133


NSsites Model 2: PositiveSelection
I	J	ij	2Ns_IJ	pMut_IJ	pSub_IJ	2Ns_JI	pMut_JI	pSub_JI

TTC	TTT	CT	-0.60763	0.06571	0.04775	0.60763	0.03579	0.04775
TTA	TTT	AT	-0.74892	0.03291	0.02211	0.74892	0.01556	0.02211
TTA	TTC	AC	-0.14128	0.02888	0.02689	0.14128	0.02507	0.02689
TTG	TTT	GT	-2.41009	0.08536	0.02030	2.41009	0.00767	0.02030
TTG	TTC	GC	-1.80245	0.07490	0.02666	1.80245	0.01235	0.02666
TTG	TTA	GA	-1.66117	0.15810	0.06157	1.66117	0.03003	0.06157
TCT	TTT	CT	-0.76670	0.07704	0.05124	0.76670	0.03579	0.05124
TCC	TTC	CT	-0.02151	0.05891	0.05828	0.02151	0.05766	0.05828
TCC	TCT	CT	0.13755	0.05891	0.06306	-0.13755	0.06760	0.06306
TCA	TTA	CT	1.38912	0.01586	0.02935	-1.38912	0.06362	0.02935
TCA	TCT	AT	1.40690	0.00720	0.01341	-1.40690	0.02940	0.01341
TCA	TCC	AC	1.26934	0.00632	0.01115	-1.26934	0.02248	0.01115
TCG	TTG	CT	1.64907	0.03172	0.06476	-1.64907	0.16502	0.06476
TCG	TCT	GT	0.00568	0.01440	0.01444	-0.00568	0.01448	0.01444
TCG	TCC	GC	-0.13187	0.01263	0.01182	0.13187	0.01107	0.01182
TCG	TCA	GA	-1.40121	0.02667	0.01221	1.40121	0.00657	0.01221
TAT	TTT	AT	-2.17353	0.13678	0.03817	2.17353	0.01556	0.03817
TAT	TCT	AC	-1.40683	0.12002	0.05477	1.40683	0.02940	0.05477
TAC	TTC	AT	-0.69808	0.05039	0.03483	0.69808	0.02507	0.03483
TAC	TCC	AC	-0.67657	0.04422	0.03093	0.67657	0.02248	0.03093
TAC	TAT	CT	0.86782	0.11102	0.16608	-0.86782	0.26443	0.16608
TGT	TTT	GT	-2.95409	0.14707	0.02389	2.95409	0.00767	0.02389
TGT	TCT	GC	-2.18739	0.12905	0.03568	2.18739	0.01448	0.03568
TGT	TAT	GA	-0.78056	0.27239	0.17977	0.78056	0.12479	0.17977
TGC	TTC	GT	-1.81839	0.07611	0.02681	1.81839	0.01235	0.02681
TGC	TCC	GC	-1.79688	0.06678	0.02385	1.79688	0.01107	0.02385
TGC	TAC	GA	-1.12031	0.14096	0.07644	1.12031	0.04598	0.07644
TGC	TGT	CT	0.52807	0.16767	0.21582	-0.52807	0.28431	0.21582
TGG	TTG	GT	-0.01813	0.03600	0.03567	0.01813	0.03535	0.03567
TGG	TCG	GC	-1.66720	0.03159	0.01225	1.66720	0.00596	0.01225
TGG	TGT	GT	0.52588	0.03600	0.04629	-0.52588	0.06090	0.04629
TGG	TGC	GC	-0.00219	0.03159	0.03155	0.00219	0.03152	0.03155
CTT	TTT	CT	0.96790	0.01359	0.02122	-0.96790	0.03579	0.02122
CTC	TTC	CT	2.13797	0.00680	0.01648	-2.13797	0.05766	0.01648
CTC	CTT	CT	0.56244	0.00680	0.00889	-0.56244	0.01193	0.00889
CTA	TTA	CT	1.38912	0.01586	0.02935	-1.38912	0.06362	0.02935
CTA	CTT	AT	-0.32771	0.00720	0.00608	0.32771	0.00519	0.00608
CTA	CTC	AC	-0.89014	0.00632	0.00392	0.89014	0.00259	0.00392
CTG	TTG	CT	2.67869	0.01133	0.03258	-2.67869	0.16502	0.03258
CTG	CTT	GT	-0.69930	0.00514	0.00355	0.69930	0.00256	0.00355
CTG	CTC	GC	-1.26173	0.00451	0.00225	1.26173	0.00128	0.00225
CTG	CTA	GA	-0.37159	0.00952	0.00786	0.37159	0.00657	0.00786
CCT	TCT	CT	0.30461	0.04985	0.05782	-0.30461	0.06760	0.05782
CCT	CTT	CT	-1.42999	0.04985	0.02243	1.42999	0.01193	0.02243
CCC	TCC	CT	-0.51020	0.08610	0.06600	0.51020	0.05169	0.06600
CCC	CTC	CT	-2.66968	0.08610	0.01711	2.66968	0.00596	0.01711
CCC	CCT	CT	-0.67725	0.08610	0.06021	0.67725	0.04374	0.06021
CCA	TCA	CT	-0.13071	0.01586	0.01485	0.13071	0.01392	0.01485
CCA	CTA	CT	-0.13071	0.01586	0.01485	0.13071	0.01392	0.01485
CCA	CCT	AT	0.97158	0.00720	0.01125	-0.97158	0.01902	0.01125
CCA	CCC	AC	1.64883	0.00632	0.01290	-1.64883	0.03285	0.01290
CCG	TCG	CT	8.56254	0.00000	0.00000	-8.56254	0.02783	0.00005
CCG	CTG	CT	7.53292	0.00000	0.00000	-7.53292	0.00994	0.00004
CCG	CCT	GT	8.26362	0.00000	0.00000	-8.26362	0.00937	0.00002
CCG	CCC	GC	8.94087	0.00000	0.00000	-8.94087	0.01618	0.00002
CCG	CCA	GA	7.29204	0.00000	0.00000	-7.29204	0.00657	0.00003
CAT	TAT	CT	2.12058	0.03172	0.07644	-2.12058	0.26443	0.07644
CAT	CTT	AT	-1.02085	0.01440	0.00828	1.02085	0.00519	0.00828
CAT	CCT	AC	0.40914	0.01263	0.01539	-0.40914	0.01902	0.01539
CAC	TAC	CT	1.45852	0.02266	0.04306	-1.45852	0.09742	0.04306
CAC	CTC	AT	-1.37753	0.01028	0.00478	1.37753	0.00259	0.00478
CAC	CCC	AC	1.29216	0.00902	0.01608	-1.29216	0.03285	0.01608
CAC	CAT	CT	0.20576	0.02266	0.02507	-0.20576	0.02783	0.02507
CAA	CTA	AT	-2.35478	0.06376	0.01575	2.35478	0.00605	0.01575
CAA	CCA	AC	-2.22407	0.05595	0.01509	2.22407	0.00605	0.01509
CAA	CAT	AT	-1.66163	0.06376	0.02483	1.66163	0.01210	0.02483
CAA	CAC	AC	-1.86739	0.05595	0.01910	1.86739	0.00865	0.01910
CAG	CTG	AT	-0.86670	0.01028	0.00646	0.86670	0.00432	0.00646
CAG	CCG	AC	-8.39962	0.00902	0.00002	8.39962	0.00000	0.00000
CAG	CAT	GT	-0.54515	0.01028	0.00773	0.54515	0.00596	0.00773
CAG	CAC	GC	-0.75091	0.00902	0.00606	0.75091	0.00426	0.00606
CAG	CAA	GA	1.11649	0.01905	0.03162	-1.11649	0.05817	0.03162
CGT	TGT	CT	1.69664	0.05211	0.10826	-1.69664	0.28431	0.10826
CGT	CTT	GT	-2.22535	0.02365	0.00638	2.22535	0.00256	0.00638
CGT	CCT	GC	-0.79536	0.02076	0.01358	0.79536	0.00937	0.01358
CGT	CAT	GA	-1.20450	0.04381	0.02260	1.20450	0.01314	0.02260
CGC	TGC	CT	0.91526	0.05891	0.08993	-0.91526	0.14713	0.08993
CGC	CTC	GT	-3.04110	0.02674	0.00408	3.04110	0.00128	0.00408
CGC	CCC	GC	-0.37142	0.02346	0.01938	0.37142	0.01618	0.01938
CGC	CAC	GA	-1.66358	0.04952	0.01926	1.66358	0.00938	0.01926
CGC	CGT	CT	-0.25331	0.05891	0.05176	0.25331	0.04573	0.05176
CGA	CTA	GT	7.11848	0.00000	0.00000	-7.11848	0.00298	0.00002
CGA	CCA	GC	7.24919	0.00000	0.00000	-7.24919	0.00298	0.00002
CGA	CAA	GA	9.47326	0.00000	0.00000	-9.47326	0.05817	0.00004
CGA	CGT	AT	9.01613	0.00000	0.00000	-9.01613	0.01989	0.00002
CGA	CGC	AC	9.26944	0.00000	0.00000	-9.26944	0.02248	0.00002
CGG	TGG	CT	3.42464	0.00227	0.00802	-3.42464	0.06959	0.00802
CGG	CTG	GT	0.72782	0.00103	0.00145	-0.72782	0.00213	0.00145
CGG	CCG	GC	-6.80510	0.00090	0.00001	6.80510	0.00000	0.00000
CGG	CAG	GA	1.59452	0.00190	0.00381	-1.59452	0.00938	0.00381
CGG	CGT	GT	2.25388	0.00103	0.00259	-2.25388	0.00980	0.00259
CGG	CGC	GC	2.50719	0.00090	0.00246	-2.50719	0.01107	0.00246
CGG	CGA	GA	-6.76225	0.00190	0.00001	6.76225	0.00000	0.00000
ATT	TTT	AT	-1.84753	0.09873	0.03413	1.84753	0.01556	0.03413
ATT	CTT	AC	-2.81543	0.08663	0.01554	2.81543	0.00519	0.01554
ATC	TTC	AT	0.19801	0.02057	0.02267	-0.19801	0.02507	0.02267
ATC	CTC	AC	-1.93996	0.01805	0.00588	1.93996	0.00259	0.00588
ATC	ATT	CT	1.43791	0.04532	0.08545	-1.43791	0.19087	0.08545
ATA	TTA	AT	1.68274	0.00514	0.01063	-1.68274	0.02767	0.01063
ATA	CTA	AC	0.29363	0.00451	0.00521	-0.29363	0.00605	0.00521
ATA	ATT	AT	2.78136	0.00514	0.01525	-2.78136	0.08300	0.01525
ATA	ATC	AC	1.34345	0.00451	0.00820	-1.34345	0.01729	0.00820
ATG	TTG	AT	1.20076	0.02160	0.03710	-1.20076	0.07176	0.03710
ATG	CTG	AC	-1.47793	0.01895	0.00828	1.47793	0.00432	0.00828
ATG	ATT	GT	0.63821	0.02160	0.02922	-0.63821	0.04089	0.02922
ATG	ATC	GC	-0.79970	0.01895	0.01237	0.79970	0.00852	0.01237
ATG	ATA	GA	-2.14315	0.04000	0.01139	2.14315	0.00469	0.01139
ACT	TCT	AT	-0.45386	0.04628	0.03657	0.45386	0.02940	0.03657
ACT	CCT	AC	-0.75846	0.04061	0.02714	0.75846	0.01902	0.02714
ACT	ATT	CT	0.62697	0.10196	0.13724	-0.62697	0.19087	0.13724
ACC	TCC	AT	-0.97590	0.05965	0.03520	0.97590	0.02248	0.03520
ACC	CCC	AC	-0.46570	0.05234	0.04110	0.46570	0.03285	0.04110
ACC	ATC	CT	-1.19542	0.13142	0.06816	1.19542	0.03976	0.06816
ACC	ACT	CT	-0.38449	0.13142	0.10777	0.38449	0.08947	0.10777
ACA	TCA	AT	-1.36314	0.02365	0.01109	1.36314	0.00605	0.01109
ACA	CCA	AC	-1.23243	0.02076	0.01053	1.23243	0.00605	0.01053
ACA	ATA	CT	-1.65677	0.05211	0.02035	1.65677	0.00994	0.02035
ACA	ACT	AT	0.49761	0.02365	0.03003	-0.49761	0.03891	0.03003
ACA	ACC	AC	0.88210	0.02076	0.03124	-0.88210	0.05015	0.03124
ACG	TCG	AT	1.36689	0.00309	0.00566	-1.36689	0.01210	0.00566
ACG	CCG	AC	-7.19565	0.00271	0.00001	7.19565	0.00000	0.00000
ACG	ATG	CT	1.81520	0.00680	0.01474	-1.81520	0.04175	0.01474
ACG	ACT	GT	1.82643	0.00309	0.00672	-1.82643	0.01917	0.00672
ACG	ACC	GC	2.21092	0.00271	0.00672	-2.21092	0.02470	0.00672
ACG	ACA	GA	1.32882	0.00571	0.01033	-1.32882	0.02158	0.01033
AAT	TAT	AT	-0.28715	0.15324	0.13229	0.28715	0.11499	0.13229
AAT	CAT	AC	-2.40773	0.13446	0.03203	2.40773	0.01210	0.03203
AAT	ATT	AT	-0.61315	0.15324	0.11103	0.61315	0.08300	0.11103
AAT	ACT	AC	-1.24013	0.13446	0.06789	1.24013	0.03891	0.06789
AAC	TAC	AT	-0.53023	0.07199	0.05458	0.53023	0.04236	0.05458
AAC	CAC	AC	-1.98875	0.06317	0.01992	1.98875	0.00865	0.01992
AAC	ATC	AT	-1.42632	0.07199	0.03246	1.42632	0.01729	0.03246
AAC	ACC	AC	-0.23090	0.06317	0.05616	0.23090	0.05015	0.05616
AAC	AAT	CT	0.62474	0.15861	0.21328	-0.62474	0.29624	0.21328
AAA	CAA	AC	-0.24644	0.06859	0.06048	0.24644	0.05360	0.06048
AAA	ATA	AT	-2.89485	0.07816	0.01325	2.89485	0.00432	0.01325
AAA	ACA	AC	-1.23808	0.06859	0.03467	1.23808	0.01989	0.03467
AAA	AAT	AT	0.49966	0.07816	0.09931	-0.49966	0.12882	0.09931
AAA	AAC	AC	-0.12508	0.06859	0.06439	0.12508	0.06052	0.06439
AAG	CAG	AC	-0.99836	0.02346	0.01367	0.99836	0.00865	0.01367
AAG	ATG	AT	-0.38713	0.02674	0.02190	0.38713	0.01816	0.02190
AAG	ACG	AC	-2.20233	0.02346	0.00642	2.20233	0.00259	0.00642
AAG	AAT	GT	0.86423	0.02674	0.03994	-0.86423	0.06346	0.03994
AAG	AAC	GC	0.23949	0.02346	0.02639	-0.23949	0.02981	0.02639
AAG	AAA	GA	0.36457	0.04952	0.05910	-0.36457	0.07131	0.05910
AGT	TGT	AT	1.10041	0.04114	0.06784	-1.10041	0.12364	0.06784
AGT	CGT	AC	-0.59623	0.03610	0.02640	0.59623	0.01989	0.02640
AGT	ATT	GT	-0.00615	0.04114	0.04101	0.00615	0.04089	0.04101
AGT	ACT	GC	-0.63312	0.03610	0.02587	0.63312	0.01917	0.02587
AGT	AAT	GA	0.60700	0.07619	0.10164	-0.60700	0.13981	0.10164
AGC	TGC	AT	2.33875	0.00617	0.01597	-2.33875	0.06398	0.01597
AGC	CGC	AC	1.42349	0.00541	0.01015	-1.42349	0.02248	0.01015
AGC	ATC	GT	0.32235	0.00617	0.00722	-0.32235	0.00852	0.00722
AGC	ACC	GC	1.51778	0.00541	0.01053	-1.51778	0.02470	0.01053
AGC	AAC	GA	1.74867	0.01143	0.02420	-1.74867	0.06568	0.02420
AGC	AGT	CT	1.76641	0.01359	0.02897	-1.76641	0.07953	0.02897
AGA	CGA	AC	-6.09704	0.00090	0.00001	6.09704	0.00000	0.00000
AGA	ATA	GT	0.72782	0.00103	0.00145	-0.72782	0.00213	0.00145
AGA	ACA	GC	2.38459	0.00090	0.00237	-2.38459	0.00980	0.00237
AGA	AAA	GA	3.62267	0.00190	0.00709	-3.62267	0.07131	0.00709
AGA	AGT	AT	3.51532	0.00103	0.00373	-3.51532	0.03458	0.00373
AGA	AGC	AC	1.74892	0.00090	0.00191	-1.74892	0.00519	0.00191
AGG	TGG	AT	3.38179	0.00103	0.00360	-3.38179	0.03026	0.00360
AGG	CGG	AC	-0.04284	0.00090	0.00088	0.04284	0.00086	0.00088
AGG	ATG	GT	2.16290	0.00103	0.00251	-2.16290	0.00894	0.00251
AGG	ACG	GC	0.34770	0.00090	0.00107	-0.34770	0.00128	0.00107
AGG	AAG	GA	2.55003	0.00190	0.00527	-2.55003	0.02440	0.00527
AGG	AGT	GT	2.80726	0.00103	0.00307	-2.80726	0.01704	0.00307
AGG	AGC	GC	1.04085	0.00090	0.00145	-1.04085	0.00256	0.00145
AGG	AGA	GA	-0.70806	0.00190	0.00131	0.70806	0.00094	0.00131
GTT	TTT	GT	-1.32345	0.02880	0.01383	1.32345	0.00767	0.01383
GTT	CTT	GC	-2.29135	0.02527	0.00651	2.29135	0.00256	0.00651
GTT	ATT	GA	0.52408	0.05333	0.06853	-0.52408	0.09008	0.06853
GTC	TTC	GT	-1.36447	0.04834	0.02264	1.36447	0.01235	0.02264
GTC	CTC	GC	-3.50244	0.04241	0.00461	3.50244	0.00128	0.00461
GTC	ATC	GA	-1.56248	0.08953	0.03710	1.56248	0.01877	0.03710
GTC	GTT	CT	-0.64865	0.10649	0.07566	0.64865	0.05567	0.07566
GTA	TTA	GT	-0.30625	0.01851	0.01582	0.30625	0.01363	0.01582
GTA	CTA	GC	-1.69537	0.01624	0.00619	1.69537	0.00298	0.00619
GTA	ATA	GA	-1.98900	0.03429	0.01081	1.98900	0.00469	0.01081
GTA	GTT	AT	0.26828	0.01851	0.02111	-0.26828	0.02421	0.02111
GTA	GTC	AC	0.91693	0.01624	0.02481	-0.91693	0.04064	0.02481
GTG	TTG	GT	0.97227	0.01337	0.02091	-0.97227	0.03535	0.02091
GTG	CTG	GC	-1.70642	0.01173	0.00444	1.70642	0.00213	0.00444
GTG	ATG	GA	-0.22849	0.02476	0.02204	0.22849	0.01970	0.02204
GTG	GTT	GT	-0.11436	0.01337	0.01262	0.11436	0.01193	0.01262
GTG	GTC	GC	0.53429	0.01173	0.01514	-0.53429	0.02002	0.01514
GTG	GTA	GA	-0.38264	0.02476	0.02033	0.38264	0.01689	0.02033
GCT	TCT	GT	-1.63192	0.07405	0.02938	1.63192	0.01448	0.02938
GCT	CCT	GC	-1.93653	0.06498	0.02120	1.93653	0.00937	0.02120
GCT	ACT	GA	-1.17807	0.13715	0.07187	1.17807	0.04222	0.07187
GCT	GTT	CT	-1.07517	0.16314	0.09086	1.07517	0.05567	0.09086
GCC	TCC	GT	-2.48333	0.13267	0.03000	2.48333	0.01107	0.03000
GCC	CCC	GC	-1.97313	0.11641	0.03709	1.97313	0.01618	0.03709
GCC	ACC	GA	-1.50743	0.24572	0.10537	1.50743	0.05442	0.10537
GCC	GTC	CT	-1.14038	0.29229	0.15664	1.14038	0.09344	0.15664
GCC	GCT	CT	-0.71386	0.29229	0.20027	0.71386	0.14315	0.20027
GCA	TCA	GT	-0.03432	0.00309	0.00303	0.03432	0.00298	0.00303
GCA	CCA	GC	0.09639	0.00271	0.00284	-0.09639	0.00298	0.00284
GCA	ACA	GA	1.32882	0.00571	0.01033	-1.32882	0.02158	0.01033
GCA	GTA	CT	1.66105	0.00680	0.01394	-1.66105	0.03579	0.01394
GCA	GCT	AT	3.00450	0.00309	0.00975	-3.00450	0.06225	0.00975
GCA	GCC	AC	3.71836	0.00271	0.01032	-3.71836	0.11153	0.01032
GCG	TCG	GT	7.81163	0.00000	0.00000	-7.81163	0.00596	0.00002
GCG	CCG	GC	-0.75091	0.00000	0.00000	0.75091	0.00000	0.00000
GCG	ACG	GA	6.44474	0.00000	0.00000	-6.44474	0.00281	0.00003
GCG	GTG	CT	8.48843	0.00000	0.00000	-8.48843	0.02585	0.00005
GCG	GCT	GT	9.44924	0.00000	0.00000	-9.44924	0.03066	0.00002
GCG	GCC	GC	10.16310	0.00000	0.00000	-10.16310	0.05494	0.00002
GCG	GCA	GA	6.44474	0.00000	0.00000	-6.44474	0.00281	0.00003
GAT	TAT	GT	-0.94710	0.14604	0.08764	0.94710	0.05664	0.08764
GAT	CAT	GC	-3.06768	0.12815	0.01918	3.06768	0.00596	0.01918
GAT	AAT	GA	-0.65994	0.27048	0.19098	0.65994	0.13981	0.19098
GAT	GTT	AT	-1.79718	0.14604	0.05215	1.79718	0.02421	0.05215
GAT	GCT	AC	-0.72201	0.12815	0.08740	0.72201	0.06225	0.08740
GAC	TAC	GT	1.06429	0.00720	0.01170	-1.06429	0.02087	0.01170
GAC	CAC	GC	-0.39423	0.00632	0.00515	0.39423	0.00426	0.00515
GAC	AAC	GA	1.59452	0.01333	0.02668	-1.59452	0.06568	0.02668
GAC	GTC	AT	1.73068	0.00720	0.01514	-1.73068	0.04064	0.01514
GAC	GCC	AC	2.87106	0.00632	0.01923	-2.87106	0.11153	0.01923
GAC	GAT	CT	2.87921	0.01586	0.04838	-2.87921	0.28232	0.04838
GAA	CAA	GC	-0.71812	0.05415	0.03701	0.71812	0.02641	0.03701
GAA	AAA	GA	-0.47167	0.11429	0.08945	0.47167	0.07131	0.08945
GAA	GTA	AT	-1.37753	0.06171	0.02867	1.37753	0.01556	0.02867
GAA	GCA	AC	-3.03858	0.05415	0.00828	3.03858	0.00259	0.00828
GAA	GAT	AT	0.68793	0.06171	0.08535	-0.68793	0.12277	0.08535
GAA	GAC	AC	-2.19128	0.05415	0.01493	2.19128	0.00605	0.01493
GAG	CAG	GC	-1.44406	0.01805	0.00805	1.44406	0.00426	0.00805
GAG	AAG	GA	-0.44570	0.03810	0.03023	0.44570	0.02440	0.03023
GAG	GTG	AT	-0.60434	0.02057	0.01498	0.60434	0.01124	0.01498
GAG	GCG	AC	-9.09277	0.01805	0.00002	9.09277	0.00000	0.00000
GAG	GAT	GT	1.07848	0.02057	0.03362	-1.07848	0.06048	0.03362
GAG	GAC	GC	-1.80073	0.01805	0.00643	1.80073	0.00298	0.00643
GAG	GAA	GA	0.39055	0.03810	0.04602	-0.39055	0.05630	0.04602
GGT	TGT	GT	-1.01864	0.16867	0.09710	1.01864	0.06090	0.09710
GGT	CGT	GC	-2.71528	0.14800	0.02848	2.71528	0.00980	0.02848
GGT	AGT	GA	-2.11905	0.31239	0.09039	2.11905	0.03753	0.09039
GGT	GTT	GT	-2.64928	0.16867	0.03400	2.64928	0.01193	0.03400
GGT	GCT	GC	-1.57411	0.14800	0.06088	1.57411	0.03066	0.06088
GGT	GAT	GA	-0.85210	0.31239	0.19797	0.85210	0.13324	0.19797
GGC	TGC	GT	-1.00837	0.08639	0.05003	1.00837	0.03152	0.05003
GGC	CGC	GC	-1.92363	0.07580	0.02494	1.92363	0.01107	0.02494
GGC	AGC	GA	-3.34712	0.16000	0.01953	3.34712	0.00563	0.01953
GGC	GTC	GT	-1.46229	0.08639	0.03810	1.46229	0.02002	0.03810
GGC	GCC	GC	-0.32191	0.07580	0.06426	0.32191	0.05494	0.06426
GGC	GAC	GA	-3.19297	0.16000	0.02187	3.19297	0.00657	0.02187
GGC	GGT	CT	0.53834	0.19033	0.24613	-0.53834	0.32606	0.24613
GGA	CGA	GC	-8.88454	0.00722	0.00001	8.88454	0.00000	0.00000
GGA	AGA	GA	-2.78751	0.01524	0.00279	2.78751	0.00094	0.00279
GGA	GTA	GT	-0.07069	0.00823	0.00794	0.07069	0.00767	0.00794
GGA	GCA	GC	-1.73174	0.00722	0.00269	1.73174	0.00128	0.00269
GGA	GAA	GA	1.30684	0.01524	0.02730	-1.30684	0.05630	0.02730
GGA	GGT	AT	2.84687	0.00823	0.02487	-2.84687	0.14179	0.02487
GGA	GGC	AC	2.30853	0.00722	0.01851	-2.30853	0.07263	0.01851
GGG	TGG	GT	1.98058	0.00206	0.00473	-1.98058	0.01491	0.00473
GGG	CGG	GC	-1.44406	0.00180	0.00080	1.44406	0.00043	0.00080
GGG	AGG	GA	-1.40121	0.00381	0.00174	1.40121	0.00094	0.00174
GGG	GTG	GT	0.99018	0.00206	0.00324	-0.99018	0.00554	0.00324
GGG	GCG	GC	-7.49825	0.00180	0.00001	7.49825	0.00000	0.00000
GGG	GAG	GA	1.59452	0.00381	0.00762	-1.59452	0.01877	0.00762
GGG	GGT	GT	3.52510	0.00206	0.00747	-3.52510	0.06985	0.00747
GGG	GGC	GC	2.98676	0.00180	0.00568	-2.98676	0.03578	0.00568
GGG	GGA	GA	0.67823	0.00381	0.00525	-0.67823	0.00751	0.00525


Histograms
2Ns	FMut	FSub(CodonUsage)	FSubw(after w)

-9.67914	0.00735	0.00001
-8.71122	0.00590	0.00001
-7.74331	0.00107	0.00001
-6.77540	0.00076	0.00001
-5.80748	0.00004	0.00000
-4.83957	0.00000	0.00000
-3.87166	0.01765	0.00247
-2.90374	0.10417	0.02441
-1.93583	0.20281	0.09407
-0.96791	0.34210	0.29054
0.00000	0.13283	0.17700
0.96791	0.14673	0.29054
1.93583	0.03210	0.09407
2.90374	0.00599	0.02441
3.87166	0.00050	0.00247
4.83957	0.00000	0.00000
5.80748	0.00000	0.00000
6.77540	0.00000	0.00000
7.74331	0.00000	0.00000
8.71122	0.00000	0.00000
9.67914	0.00000	0.00000

Proportion of advantageous (S > 0) mutations:
 0.24296

Proportions of good & bad mutations (|S| > 2.0000) among mutations:
0.01425  0.20752

mean |Ns| = 1.41462	mean Ns+ = 0.86540	mean Ns- = -1.59088


MLEs of dN/dS (w) for site classes (K=3)

p:   0.87686  0.09930  0.02384
w:   0.04932  1.00000  1.00000

Naive Empirical Bayes (NEB) probabilities for 3 classes & postmean_w
(amino acids refer to 1st sequence: Musca_domestica_lysi1)

   1 K   0.99999 0.00001 0.00000 ( 1)  0.049
   2 P   1.00000 0.00000 0.00000 ( 1)  0.049
   3 V   1.00000 0.00000 0.00000 ( 1)  0.049
   4 T   1.00000 0.00000 0.00000 ( 1)  0.049
   5 D   0.99999 0.00000 0.00000 ( 1)  0.049
   6 I   0.99964 0.00029 0.00007 ( 1)  0.050
   7 C   0.99990 0.00008 0.00002 ( 1)  0.049
   8 L   0.98011 0.01604 0.00385 ( 1)  0.068
   9 G   0.99971 0.00024 0.00006 ( 1)  0.050
  10 C   0.99992 0.00006 0.00001 ( 1)  0.049
  11 I   0.99999 0.00001 0.00000 ( 1)  0.049
  12 C   0.99990 0.00008 0.00002 ( 1)  0.049
  13 E   0.99999 0.00000 0.00000 ( 1)  0.049
  14 A   0.99982 0.00015 0.00004 ( 1)  0.049
  15 S   0.06228 0.75617 0.18156 ( 2)  0.941
  16 S   0.99999 0.00001 0.00000 ( 1)  0.049
  17 G   0.99948 0.00042 0.00010 ( 1)  0.050
  18 C   0.99991 0.00007 0.00002 ( 1)  0.049
  19 N   0.99999 0.00001 0.00000 ( 1)  0.049
  20 Q   0.99964 0.00029 0.00007 ( 1)  0.050
  21 T   1.00000 0.00000 0.00000 ( 1)  0.049
  22 N   0.00002 0.80637 0.19361 ( 2)  1.000
  23 Y   0.00212 0.80468 0.19320 ( 2)  0.998
  24 C   0.99992 0.00007 0.00002 ( 1)  0.049
  25 A   0.00000 0.80638 0.19361 ( 2)  1.000
  26 G   0.99565 0.00351 0.00084 ( 1)  0.053
  27 G   0.99977 0.00019 0.00005 ( 1)  0.050
  28 V   1.00000 0.00000 0.00000 ( 1)  0.049
  29 C   0.99990 0.00008 0.00002 ( 1)  0.049
  30 G   0.99956 0.00035 0.00009 ( 1)  0.050
  31 L   0.99533 0.00377 0.00090 ( 1)  0.054
  32 F   1.00000 0.00000 0.00000 ( 1)  0.049
  33 R   0.99989 0.00008 0.00002 ( 1)  0.049
  34 I   0.99999 0.00000 0.00000 ( 1)  0.049
  35 T   1.00000 0.00000 0.00000 ( 1)  0.049
  36 W   0.99977 0.00019 0.00004 ( 1)  0.050
  37 A   0.89333 0.08602 0.02065 ( 1)  0.151
  38 Y   0.99998 0.00002 0.00000 ( 1)  0.049
  39 W   0.99997 0.00002 0.00000 ( 1)  0.049
  40 A   0.99997 0.00003 0.00001 ( 1)  0.049
  41 D   0.99999 0.00000 0.00000 ( 1)  0.049
  42 G   0.99962 0.00031 0.00007 ( 1)  0.050
  43 G   0.99981 0.00015 0.00004 ( 1)  0.049
  44 K   0.99975 0.00020 0.00005 ( 1)  0.050
  45 L   0.99998 0.00001 0.00000 ( 1)  0.049
  46 T   1.00000 0.00000 0.00000 ( 1)  0.049
  47 I   0.98593 0.01135 0.00272 ( 1)  0.063
  48 N   0.99996 0.00003 0.00001 ( 1)  0.049
  49 G   0.00008 0.80632 0.19360 ( 2)  1.000
  50 E   0.99999 0.00001 0.00000 ( 1)  0.049
  51 P   0.99883 0.00094 0.00023 ( 1)  0.050
  52 A   0.92273 0.06231 0.01496 ( 1)  0.123
  53 E   0.72635 0.22066 0.05298 ( 1)  0.309
  54 S   1.00000 0.00000 0.00000 ( 1)  0.049
  55 E   0.99973 0.00022 0.00005 ( 1)  0.050
  56 T   1.00000 0.00000 0.00000 ( 1)  0.049
  57 Y   0.99947 0.00042 0.00010 ( 1)  0.050
  58 A   0.00068 0.80584 0.19348 ( 2)  0.999
  59 N   0.99996 0.00003 0.00001 ( 1)  0.049
  60 C   0.99990 0.00008 0.00002 ( 1)  0.049
  61 V   1.00000 0.00000 0.00000 ( 1)  0.049
  62 N   0.99998 0.00001 0.00000 ( 1)  0.049
  63 D   0.99999 0.00000 0.00000 ( 1)  0.049
  64 P   1.00000 0.00000 0.00000 ( 1)  0.049
  65 Y   0.99998 0.00001 0.00000 ( 1)  0.049
  66 C   0.99990 0.00008 0.00002 ( 1)  0.049
  67 A   0.99995 0.00004 0.00001 ( 1)  0.049
  68 A   0.99967 0.00026 0.00006 ( 1)  0.050
  69 N   0.99998 0.00002 0.00000 ( 1)  0.049
  70 T   1.00000 0.00000 0.00000 ( 1)  0.049
  71 I   1.00000 0.00000 0.00000 ( 1)  0.049
  72 Q   0.99969 0.00025 0.00006 ( 1)  0.050
  73 N   0.99998 0.00001 0.00000 ( 1)  0.049
  74 Y   0.99997 0.00003 0.00001 ( 1)  0.049
  75 M   1.00000 0.00000 0.00000 ( 1)  0.049
  76 L   0.99999 0.00001 0.00000 ( 1)  0.049
  77 K   0.99999 0.00001 0.00000 ( 1)  0.049
  78 Y   0.99584 0.00336 0.00081 ( 1)  0.053
  79 G   0.99953 0.00038 0.00009 ( 1)  0.050
  80 Q   0.99982 0.00014 0.00003 ( 1)  0.049
  81 D   0.99999 0.00000 0.00000 ( 1)  0.049
  82 C   0.99990 0.00008 0.00002 ( 1)  0.049
  83 N   0.99998 0.00002 0.00000 ( 1)  0.049
  84 K   0.00081 0.80573 0.19346 ( 2)  0.999
  85 D   1.00000 0.00000 0.00000 ( 1)  0.049
  86 G   0.91718 0.06678 0.01603 ( 1)  0.128
  87 A   0.99541 0.00370 0.00089 ( 1)  0.054
  88 V   1.00000 0.00000 0.00000 ( 1)  0.049
  89 N   0.99601 0.00322 0.00077 ( 1)  0.053
  90 C   0.99991 0.00007 0.00002 ( 1)  0.049
  91 F   0.95822 0.03369 0.00809 ( 1)  0.089
  92 D   0.99999 0.00000 0.00000 ( 1)  0.049
  93 Y   0.99996 0.00003 0.00001 ( 1)  0.049
  94 A   0.99998 0.00001 0.00000 ( 1)  0.049
  95 A   0.99970 0.00024 0.00006 ( 1)  0.050
  96 I   1.00000 0.00000 0.00000 ( 1)  0.049
  97 H   1.00000 0.00000 0.00000 ( 1)  0.049
  98 K   0.99990 0.00008 0.00002 ( 1)  0.049
  99 L   0.99883 0.00094 0.00023 ( 1)  0.050
 100 G   0.99966 0.00027 0.00007 ( 1)  0.050
 101 G   0.29017 0.57240 0.13743 ( 2)  0.724
 102 Y   0.99964 0.00029 0.00007 ( 1)  0.050
 103 G   0.01376 0.79529 0.19095 ( 2)  0.987
 104 C   0.99993 0.00006 0.00001 ( 1)  0.049
 105 G   0.00010 0.80630 0.19359 ( 2)  1.000
 106 G   0.99968 0.00026 0.00006 ( 1)  0.050
 107 D   0.99458 0.00437 0.00105 ( 1)  0.054
 108 L   0.99952 0.00039 0.00009 ( 1)  0.050
 109 P   0.99996 0.00003 0.00001 ( 1)  0.049
 110 H   0.99998 0.00002 0.00000 ( 1)  0.049
 111 K   0.96084 0.03158 0.00758 ( 1)  0.087
 112 Y   0.98927 0.00865 0.00208 ( 1)  0.060
 113 A   0.00007 0.80633 0.19360 ( 2)  1.000
 114 T   0.82098 0.14436 0.03466 ( 1)  0.220
 115 D   0.52809 0.38054 0.09137 ( 1)  0.498
 116 L   0.99885 0.00093 0.00022 ( 1)  0.050
 117 E   0.00005 0.80635 0.19360 ( 2)  1.000
 118 L   0.00033 0.80612 0.19355 ( 2)  1.000
 119 C   0.99990 0.00008 0.00002 ( 1)  0.049
 120 L   0.99984 0.00013 0.00003 ( 1)  0.049
 121 K   0.00010 0.80630 0.19359 ( 2)  1.000
 122 S   0.98720 0.01032 0.00248 ( 1)  0.061
 123 Y   1.00000 0.00000 0.00000 ( 1)  0.049
 124 G   0.70539 0.23757 0.05704 ( 1)  0.329
 125 A   0.85862 0.11401 0.02737 ( 1)  0.184
 126 -   0.99943 0.00046 0.00011 ( 1)  0.050
 127 -   0.30419 0.56109 0.13472 ( 2)  0.711
 128 -   0.99994 0.00005 0.00001 ( 1)  0.049
 129 -   1.00000 0.00000 0.00000 ( 1)  0.049
 130 -   0.99999 0.00001 0.00000 ( 1)  0.049
 131 N   0.99999 0.00001 0.00000 ( 1)  0.049

Positively selected sites

	Prob(w>1)  mean w



lnL = -2388.412133

Bayes Empirical Bayes (BEB) probabilities for 3 classes (class) & postmean_w
(amino acids refer to 1st sequence: Musca_domestica_lysi1)

   1 K   0.99999 0.00001 0.00000 ( 1)  0.050 +-  0.004
   2 P   1.00000 0.00000 0.00000 ( 1)  0.050 +-  0.001
   3 V   1.00000 0.00000 0.00000 ( 1)  0.050 +-  0.001
   4 T   1.00000 0.00000 0.00000 ( 1)  0.050 +-  0.002
   5 D   0.99999 0.00001 0.00000 ( 1)  0.050 +-  0.002
   6 I   0.99960 0.00040 0.00000 ( 1)  0.050 +-  0.019
   7 C   0.99988 0.00012 0.00000 ( 1)  0.050 +-  0.010
   8 L   0.97741 0.02216 0.00043 ( 1)  0.072 +-  0.143
   9 G   0.99966 0.00033 0.00000 ( 1)  0.050 +-  0.018
  10 C   0.99991 0.00009 0.00000 ( 1)  0.050 +-  0.009
  11 I   0.99999 0.00001 0.00000 ( 1)  0.050 +-  0.004
  12 C   0.99989 0.00011 0.00000 ( 1)  0.050 +-  0.010
  13 E   0.99999 0.00001 0.00000 ( 1)  0.050 +-  0.002
  14 A   0.99979 0.00021 0.00000 ( 1)  0.050 +-  0.014
  15 S   0.05841 0.92600 0.01559 ( 2)  0.952 +-  0.233
  16 S   0.99999 0.00001 0.00000 ( 1)  0.050 +-  0.003
  17 G   0.99941 0.00059 0.00001 ( 1)  0.051 +-  0.023
  18 C   0.99990 0.00010 0.00000 ( 1)  0.050 +-  0.010
  19 N   0.99999 0.00001 0.00000 ( 1)  0.050 +-  0.004
  20 Q   0.99958 0.00041 0.00000 ( 1)  0.050 +-  0.019
  21 T   1.00000 0.00000 0.00000 ( 1)  0.050 +-  0.002
  22 N   0.00002 0.91769 0.08228 ( 2)  1.052 +-  0.217
  23 Y   0.00202 0.97615 0.02183 ( 2)  1.009 +-  0.088
  24 C   0.99990 0.00010 0.00000 ( 1)  0.050 +-  0.009
  25 A   0.00000 0.89168 0.10831 ( 2)  1.069 +-  0.242
  26 G   0.99509 0.00487 0.00005 ( 1)  0.055 +-  0.067
  27 G   0.99973 0.00027 0.00000 ( 1)  0.050 +-  0.016
  28 V   1.00000 0.00000 0.00000 ( 1)  0.050 +-  0.001
  29 C   0.99988 0.00012 0.00000 ( 1)  0.050 +-  0.010
  30 G   0.99950 0.00050 0.00000 ( 1)  0.050 +-  0.021
  31 L   0.99472 0.00523 0.00006 ( 1)  0.055 +-  0.069
  32 F   1.00000 0.00000 0.00000 ( 1)  0.050 +-  0.000
  33 R   0.99988 0.00012 0.00000 ( 1)  0.050 +-  0.010
  34 I   0.99999 0.00001 0.00000 ( 1)  0.050 +-  0.002
  35 T   1.00000 0.00000 0.00000 ( 1)  0.050 +-  0.002
  36 W   0.99974 0.00026 0.00000 ( 1)  0.050 +-  0.015
  37 A   0.88200 0.11604 0.00196 ( 1)  0.163 +-  0.310
  38 Y   0.99998 0.00002 0.00000 ( 1)  0.050 +-  0.004
  39 W   0.99997 0.00003 0.00000 ( 1)  0.050 +-  0.005
  40 A   0.99996 0.00004 0.00000 ( 1)  0.050 +-  0.006
  41 D   0.99999 0.00001 0.00000 ( 1)  0.050 +-  0.002
  42 G   0.99956 0.00044 0.00000 ( 1)  0.050 +-  0.020
  43 G   0.99978 0.00021 0.00000 ( 1)  0.050 +-  0.014
  44 K   0.99972 0.00028 0.00000 ( 1)  0.050 +-  0.016
  45 L   0.99998 0.00002 0.00000 ( 1)  0.050 +-  0.004
  46 T   1.00000 0.00000 0.00000 ( 1)  0.050 +-  0.002
  47 I   0.98431 0.01555 0.00014 ( 1)  0.065 +-  0.119
  48 N   0.99996 0.00004 0.00000 ( 1)  0.050 +-  0.006
  49 G   0.00008 0.95495 0.04498 ( 2)  1.023 +-  0.114
  50 E   0.99999 0.00001 0.00000 ( 1)  0.050 +-  0.003
  51 P   0.99872 0.00128 0.00000 ( 1)  0.051 +-  0.034
  52 A   0.91705 0.08275 0.00021 ( 1)  0.129 +-  0.262
  53 E   0.70724 0.28923 0.00353 ( 1)  0.330 +-  0.436
  54 S   1.00000 0.00000 0.00000 ( 1)  0.050 +-  0.001
  55 E   0.99970 0.00030 0.00000 ( 1)  0.050 +-  0.017
  56 T   1.00000 0.00000 0.00000 ( 1)  0.050 +-  0.002
  57 Y   0.99941 0.00059 0.00000 ( 1)  0.051 +-  0.023
  58 A   0.00060 0.93158 0.06782 ( 2)  1.040 +-  0.185
  59 N   0.99996 0.00004 0.00000 ( 1)  0.050 +-  0.006
  60 C   0.99988 0.00012 0.00000 ( 1)  0.050 +-  0.010
  61 V   1.00000 0.00000 0.00000 ( 1)  0.050 +-  0.001
  62 N   0.99998 0.00002 0.00000 ( 1)  0.050 +-  0.004
  63 D   0.99999 0.00001 0.00000 ( 1)  0.050 +-  0.002
  64 P   1.00000 0.00000 0.00000 ( 1)  0.050 +-  0.002
  65 Y   0.99998 0.00002 0.00000 ( 1)  0.050 +-  0.004
  66 C   0.99988 0.00012 0.00000 ( 1)  0.050 +-  0.010
  67 A   0.99994 0.00006 0.00000 ( 1)  0.050 +-  0.008
  68 A   0.99963 0.00037 0.00000 ( 1)  0.050 +-  0.019
  69 N   0.99997 0.00003 0.00000 ( 1)  0.050 +-  0.005
  70 T   1.00000 0.00000 0.00000 ( 1)  0.050 +-  0.002
  71 I   1.00000 0.00000 0.00000 ( 1)  0.050 +-  0.002
  72 Q   0.99964 0.00036 0.00000 ( 1)  0.050 +-  0.018
  73 N   0.99998 0.00002 0.00000 ( 1)  0.050 +-  0.004
  74 Y   0.99996 0.00004 0.00000 ( 1)  0.050 +-  0.006
  75 M   1.00000 0.00000 0.00000 ( 1)  0.050 +-  0.000
  76 L   0.99998 0.00002 0.00000 ( 1)  0.050 +-  0.004
  77 K   0.99999 0.00001 0.00000 ( 1)  0.050 +-  0.004
  78 Y   0.99537 0.00461 0.00002 ( 1)  0.054 +-  0.065
  79 G   0.99947 0.00052 0.00000 ( 1)  0.050 +-  0.022
  80 Q   0.99980 0.00020 0.00000 ( 1)  0.050 +-  0.013
  81 D   0.99999 0.00001 0.00000 ( 1)  0.050 +-  0.002
  82 C   0.99988 0.00012 0.00000 ( 1)  0.050 +-  0.010
  83 N   0.99998 0.00002 0.00000 ( 1)  0.050 +-  0.004
  84 K   0.00075 0.95696 0.04229 ( 2)  1.022 +-  0.115
  85 D   1.00000 0.00000 0.00000 ( 1)  0.050 +-  0.001
  86 G   0.90996 0.08954 0.00051 ( 1)  0.136 +-  0.273
  87 A   0.99490 0.00507 0.00002 ( 1)  0.055 +-  0.068
  88 V   1.00000 0.00000 0.00000 ( 1)  0.050 +-  0.001
  89 N   0.99556 0.00442 0.00002 ( 1)  0.054 +-  0.063
  90 C   0.99990 0.00010 0.00000 ( 1)  0.050 +-  0.009
  91 F   0.95421 0.04543 0.00036 ( 1)  0.094 +-  0.200
  92 D   0.99999 0.00001 0.00000 ( 1)  0.050 +-  0.002
  93 Y   0.99996 0.00004 0.00000 ( 1)  0.050 +-  0.006
  94 A   0.99998 0.00002 0.00000 ( 1)  0.050 +-  0.004
  95 A   0.99966 0.00034 0.00000 ( 1)  0.050 +-  0.018
  96 I   1.00000 0.00000 0.00000 ( 1)  0.050 +-  0.000
  97 H   1.00000 0.00000 0.00000 ( 1)  0.050 +-  0.000
  98 K   0.99988 0.00012 0.00000 ( 1)  0.050 +-  0.010
  99 L   0.99866 0.00133 0.00002 ( 1)  0.051 +-  0.035
 100 G   0.99961 0.00038 0.00000 ( 1)  0.050 +-  0.019
 101 G   0.27060 0.71155 0.01786 ( 2)  0.752 +-  0.434
 102 Y   0.99959 0.00041 0.00000 ( 1)  0.050 +-  0.019
 103 G   0.01251 0.94507 0.04242 ( 2)  1.011 +-  0.162
 104 C   0.99992 0.00008 0.00000 ( 1)  0.050 +-  0.009
 105 G   0.00010 0.97135 0.02855 ( 2)  1.014 +-  0.086
 106 G   0.99963 0.00036 0.00000 ( 1)  0.050 +-  0.018
 107 D   0.99399 0.00599 0.00003 ( 1)  0.056 +-  0.074
 108 L   0.99945 0.00055 0.00001 ( 1)  0.051 +-  0.023
 109 P   0.99995 0.00005 0.00000 ( 1)  0.050 +-  0.006
 110 H   0.99998 0.00002 0.00000 ( 1)  0.050 +-  0.004
 111 K   0.95655 0.04302 0.00043 ( 1)  0.091 +-  0.195
 112 Y   0.98806 0.01185 0.00009 ( 1)  0.061 +-  0.104
 113 A   0.00006 0.93731 0.06263 ( 2)  1.035 +-  0.153
 114 T   0.80919 0.18986 0.00095 ( 1)  0.232 +-  0.375
 115 D   0.50970 0.48659 0.00371 ( 1)  0.518 +-  0.478
 116 L   0.99867 0.00131 0.00002 ( 1)  0.051 +-  0.035
 117 E   0.00005 0.98430 0.01565 ( 2)  1.008 +-  0.064
 118 L   0.00031 0.94987 0.04983 ( 2)  1.026 +-  0.125
 119 C   0.99988 0.00012 0.00000 ( 1)  0.050 +-  0.010
 120 L   0.99982 0.00018 0.00000 ( 1)  0.050 +-  0.013
 121 K   0.00010 0.98618 0.01372 ( 2)  1.007 +-  0.059
 122 S   0.98617 0.01382 0.00001 ( 1)  0.063 +-  0.111
 123 Y   1.00000 0.00000 0.00000 ( 1)  0.050 +-  0.000
 124 G   0.68108 0.31202 0.00689 ( 1)  0.357 +-  0.450
 125 A   0.84433 0.15300 0.00267 ( 1)  0.199 +-  0.349
 126 -   0.99935 0.00065 0.00000 ( 1)  0.051 +-  0.024
 127 -   0.28553 0.70170 0.01277 ( 2)  0.735 +-  0.437
 128 -   0.99993 0.00007 0.00000 ( 1)  0.050 +-  0.008
 129 -   1.00000 0.00000 0.00000 ( 1)  0.050 +-  0.002
 130 -   0.99999 0.00001 0.00000 ( 1)  0.050 +-  0.003
 131 N   0.99998 0.00002 0.00000 ( 1)  0.050 +-  0.004

Positively selected sites

	Prob(w>1)  mean w



NSsites Model 7: beta
I	J	ij	2Ns_IJ	pMut_IJ	pSub_IJ	2Ns_JI	pMut_JI	pSub_JI

TTC	TTT	CT	-0.75005	0.04062	0.02727	0.75005	0.01918	0.02727
TTA	TTT	AT	-0.55849	0.02379	0.01776	0.55849	0.01361	0.01776
TTA	TTC	AC	0.19156	0.01810	0.01989	-0.19156	0.02192	0.01989
TTG	TTT	GT	-2.08536	0.06169	0.01825	2.08536	0.00767	0.01825
TTG	TTC	GC	-1.33531	0.04695	0.02238	1.33531	0.01235	0.02238
TTG	TTA	GA	-1.52687	0.11823	0.05009	1.52687	0.02568	0.05009
TCT	TTT	CT	-0.90912	0.04762	0.02921	0.90912	0.01918	0.02921
TCC	TTC	CT	-0.16393	0.03641	0.03351	0.16393	0.03091	0.03351
TCC	TCT	CT	-0.00487	0.03641	0.03633	0.00487	0.03624	0.03633
TCA	TTA	CT	1.24670	0.00980	0.01715	-1.24670	0.03411	0.01715
TCA	TCT	AT	1.59732	0.00520	0.01042	-1.59732	0.02570	0.01042
TCA	TCC	AC	1.60219	0.00396	0.00794	-1.60219	0.01965	0.00794
TCG	TTG	CT	1.50665	0.01961	0.03796	-1.50665	0.08846	0.03796
TCG	TCT	GT	0.33041	0.01041	0.01222	-0.33041	0.01448	0.01222
TCG	TCC	GC	0.33528	0.00792	0.00932	-0.33528	0.01107	0.00932
TCG	TCA	GA	-1.26691	0.01994	0.00991	1.26691	0.00562	0.00991
TAT	TTT	AT	-1.98311	0.09886	0.03129	1.98311	0.01361	0.03129
TAT	TCT	AC	-1.07399	0.07523	0.04193	1.07399	0.02570	0.04193
TAC	TTC	AT	-0.50765	0.03642	0.02796	0.50765	0.02192	0.02796
TAC	TCC	AC	-0.34372	0.02772	0.02323	0.34372	0.01965	0.02323
TAC	TAT	CT	0.72540	0.06863	0.09650	-0.72540	0.14176	0.09650
TGT	TTT	GT	-2.62936	0.10629	0.02172	2.62936	0.00767	0.02172
TGT	TCT	GC	-1.72025	0.08089	0.03034	1.72025	0.01448	0.03034
TGT	TAT	GA	-0.64626	0.20369	0.14491	0.64626	0.10673	0.14491
TGC	TTC	GT	-1.49366	0.05500	0.02379	1.49366	0.01235	0.02379
TGC	TCC	GC	-1.32973	0.04186	0.02002	1.32973	0.01107	0.02002
TGC	TAC	GA	-0.98601	0.10541	0.06184	0.98601	0.03932	0.06184
TGC	TGT	CT	0.38565	0.10364	0.12491	-0.38565	0.15241	0.12491
TGG	TTG	GT	0.30660	0.02602	0.03021	-0.30660	0.03535	0.03021
TGG	TCG	GC	-1.20005	0.01980	0.01024	1.20005	0.00596	0.01024
TGG	TGT	GT	0.85061	0.02602	0.03863	-0.85061	0.06090	0.03863
TGG	TGC	GC	0.46496	0.01980	0.02476	-0.46496	0.03152	0.02476
CTT	TTT	CT	0.82548	0.00840	0.01234	-0.82548	0.01918	0.01234
CTC	TTC	CT	1.99555	0.00420	0.00970	-1.99555	0.03091	0.00970
CTC	CTT	CT	0.42002	0.00420	0.00515	-0.42002	0.00639	0.00515
CTA	TTA	CT	1.24670	0.00980	0.01715	-1.24670	0.03411	0.01715
CTA	CTT	AT	-0.13728	0.00520	0.00485	0.13728	0.00454	0.00485
CTA	CTC	AC	-0.55730	0.00396	0.00296	0.55730	0.00227	0.00296
CTG	TTG	CT	2.53627	0.00700	0.01929	-2.53627	0.08846	0.01929
CTG	CTT	GT	-0.37457	0.00372	0.00306	0.37457	0.00256	0.00306
CTG	CTC	GC	-0.79459	0.00283	0.00185	0.79459	0.00128	0.00185
CTG	CTA	GA	-0.23729	0.00712	0.00631	0.23729	0.00562	0.00631
CCT	TCT	CT	0.16219	0.03081	0.03338	-0.16219	0.03624	0.03338
CCT	CTT	CT	-1.57241	0.03081	0.01269	1.57241	0.00639	0.01269
CCC	TCC	CT	-0.65262	0.05322	0.03773	0.65262	0.02771	0.03773
CCC	CTC	CT	-2.81210	0.05322	0.00957	2.81210	0.00320	0.00957
CCC	CCT	CT	-0.81967	0.05322	0.03436	0.81967	0.02345	0.03436
CCA	TCA	CT	-0.27313	0.00980	0.00853	0.27313	0.00746	0.00853
CCA	CTA	CT	-0.27313	0.00980	0.00853	0.27313	0.00746	0.00853
CCA	CCT	AT	1.16200	0.00520	0.00880	-1.16200	0.01663	0.00880
CCA	CCC	AC	1.98168	0.00396	0.00910	-1.98168	0.02873	0.00910
CCG	TCG	CT	8.42012	0.00000	0.00000	-8.42012	0.01492	0.00003
CCG	CTG	CT	7.39050	0.00000	0.00000	-7.39050	0.00533	0.00002
CCG	CCT	GT	8.58834	0.00000	0.00000	-8.58834	0.00937	0.00001
CCG	CCC	GC	9.40802	0.00000	0.00000	-9.40802	0.01618	0.00001
CCG	CCA	GA	7.42634	0.00000	0.00000	-7.42634	0.00562	0.00002
CAT	TAT	CT	1.97816	0.01961	0.04501	-1.97816	0.14176	0.04501
CAT	CTT	AT	-0.83043	0.01041	0.00668	0.83043	0.00454	0.00668
CAT	CCT	AC	0.74198	0.00792	0.01122	-0.74198	0.01663	0.01122
CAC	TAC	CT	1.31611	0.01401	0.02519	-1.31611	0.05223	0.02519
CAC	CTC	AT	-1.18710	0.00743	0.00387	1.18710	0.00227	0.00387
CAC	CCC	AC	1.62500	0.00566	0.01145	-1.62500	0.02873	0.01145
CAC	CAT	CT	0.06334	0.01401	0.01445	-0.06334	0.01492	0.01445
CAA	CTA	AT	-2.16435	0.04608	0.01294	2.16435	0.00529	0.01294
CAA	CCA	AC	-1.89122	0.03507	0.01179	1.89122	0.00529	0.01179
CAA	CAT	AT	-1.47121	0.04608	0.02021	1.47121	0.01058	0.02021
CAA	CAC	AC	-1.53455	0.03507	0.01479	1.53455	0.00756	0.01479
CAG	CTG	AT	-0.67628	0.00743	0.00520	0.67628	0.00378	0.00520
CAG	CCG	AC	-8.06678	0.00566	0.00001	8.06678	0.00000	0.00000
CAG	CAT	GT	-0.22042	0.00743	0.00664	0.22042	0.00596	0.00664
CAG	CAC	GC	-0.28376	0.00566	0.00489	0.28376	0.00426	0.00489
CAG	CAA	GA	1.25079	0.01424	0.02496	-1.25079	0.04976	0.02496
CGT	TGT	CT	1.55422	0.03221	0.06348	-1.55422	0.15241	0.06348
CGT	CTT	GT	-1.90063	0.01710	0.00571	1.90063	0.00256	0.00571
CGT	CCT	GC	-0.32821	0.01301	0.01099	0.32821	0.00937	0.01099
CGT	CAT	GA	-1.07020	0.03276	0.01830	1.07020	0.01124	0.01830
CGC	TGC	CT	0.77284	0.03641	0.05228	-0.77284	0.07887	0.05228
CGC	CTC	GT	-2.71638	0.01933	0.00372	2.71638	0.00128	0.00372
CGC	CCC	GC	0.09573	0.01471	0.01542	-0.09573	0.01618	0.01542
CGC	CAC	GA	-1.52927	0.03703	0.01567	1.52927	0.00803	0.01567
CGC	CGT	CT	-0.39573	0.03641	0.02968	0.39573	0.02451	0.02968
CGA	CTA	GT	7.44321	0.00000	0.00000	-7.44321	0.00298	0.00001
CGA	CCA	GC	7.71634	0.00000	0.00000	-7.71634	0.00298	0.00001
CGA	CAA	GA	9.60756	0.00000	0.00000	-9.60756	0.04976	0.00003
CGA	CGT	AT	9.20656	0.00000	0.00000	-9.20656	0.01739	0.00002
CGA	CGC	AC	9.60229	0.00000	0.00000	-9.60229	0.01965	0.00001
CGG	TGG	CT	3.28222	0.00140	0.00478	-3.28222	0.03730	0.00478
CGG	CTG	GT	1.05255	0.00074	0.00120	-1.05255	0.00213	0.00120
CGG	CCG	GC	-6.33795	0.00057	0.00001	6.33795	0.00000	0.00000
CGG	CAG	GA	1.72882	0.00142	0.00299	-1.72882	0.00803	0.00299
CGG	CGT	GT	2.57860	0.00074	0.00207	-2.57860	0.00980	0.00207
CGG	CGC	GC	2.97433	0.00057	0.00177	-2.97433	0.01107	0.00177
CGG	CGA	GA	-6.62795	0.00142	0.00001	6.62795	0.00000	0.00000
ATT	TTT	AT	-1.65711	0.07136	0.02786	1.65711	0.01361	0.02786
ATT	CTT	AC	-2.48259	0.05430	0.01229	2.48259	0.00454	0.01229
ATC	TTC	AT	0.38843	0.01487	0.01794	-0.38843	0.02192	0.01794
ATC	CTC	AC	-1.60712	0.01131	0.00456	1.60712	0.00227	0.00456
ATC	ATT	CT	1.29549	0.02801	0.04997	-1.29549	0.10232	0.04997
ATA	TTA	AT	1.87317	0.00372	0.00823	-1.87317	0.02419	0.00823
ATA	CTA	AC	0.62647	0.00283	0.00381	-0.62647	0.00529	0.00381
ATA	ATT	AT	2.97178	0.00372	0.01164	-2.97178	0.07257	0.01164
ATA	ATC	AC	1.67629	0.00283	0.00583	-1.67629	0.01512	0.00583
ATG	TTG	AT	1.39119	0.01561	0.02891	-1.39119	0.06274	0.02891
ATG	CTG	AC	-1.14508	0.01188	0.00635	1.14508	0.00378	0.00635
ATG	ATT	GT	0.96293	0.01561	0.02431	-0.96293	0.04089	0.02431
ATG	ATC	GC	-0.33255	0.01188	0.01001	0.33255	0.00852	0.01001
ATG	ATA	GA	-2.00885	0.02991	0.00931	2.00885	0.00401	0.00931
ACT	TCT	AT	-0.26343	0.03345	0.02924	0.26343	0.02570	0.02924
ACT	CCT	AC	-0.42562	0.02545	0.02042	0.42562	0.01663	0.02042
ACT	ATT	CT	0.48456	0.06303	0.07952	-0.48456	0.10232	0.07952
ACC	TCC	AT	-0.78548	0.04311	0.02837	0.78548	0.01965	0.02837
ACC	CCC	AC	-0.13286	0.03281	0.03068	0.13286	0.02873	0.03068
ACC	ATC	CT	-1.33784	0.08123	0.03866	1.33784	0.02132	0.03866
ACC	ACT	CT	-0.52691	0.08123	0.06170	0.52691	0.04796	0.06170
ACA	TCA	AT	-1.17271	0.01710	0.00899	1.17271	0.00529	0.00899
ACA	CCA	AC	-0.89958	0.01301	0.00802	0.89958	0.00529	0.00802
ACA	ATA	CT	-1.79919	0.03221	0.01149	1.79919	0.00533	0.01149
ACA	ACT	AT	0.68804	0.01710	0.02365	-0.68804	0.03402	0.02365
ACA	ACC	AC	1.21495	0.01301	0.02247	-1.21495	0.04384	0.02247
ACG	TCG	AT	1.55732	0.00223	0.00440	-1.55732	0.01058	0.00440
ACG	CCG	AC	-6.86280	0.00170	0.00001	6.86280	0.00000	0.00000
ACG	ATG	CT	1.67278	0.00420	0.00865	-1.67278	0.02238	0.00865
ACG	ACT	GT	2.15116	0.00223	0.00543	-2.15116	0.01917	0.00543
ACG	ACC	GC	2.67807	0.00170	0.00488	-2.67807	0.02470	0.00488
ACG	ACA	GA	1.46312	0.00427	0.00814	-1.46312	0.01846	0.00814
AAT	TAT	AT	-0.09673	0.11075	0.10548	0.09673	0.10054	0.10548
AAT	CAT	AC	-2.07489	0.08428	0.02511	2.07489	0.01058	0.02511
AAT	ATT	AT	-0.42273	0.11075	0.08899	0.42273	0.07257	0.08899
AAT	ACT	AC	-0.90728	0.08428	0.05175	0.90728	0.03402	0.05175
AAC	TAC	AT	-0.33980	0.05203	0.04369	0.33980	0.03704	0.04369
AAC	CAC	AC	-1.65591	0.03959	0.01547	1.65591	0.00756	0.01547
AAC	ATC	AT	-1.23589	0.05203	0.02634	1.23589	0.01512	0.02634
AAC	ACC	AC	0.10195	0.03959	0.04165	-0.10195	0.04384	0.04165
AAC	AAT	CT	0.48232	0.09804	0.12358	-0.48232	0.15881	0.12358
AAA	CAA	AC	0.08640	0.04299	0.04487	-0.08640	0.04687	0.04487
AAA	ATA	AT	-2.70443	0.05649	0.01095	2.70443	0.00378	0.01095
AAA	ACA	AC	-0.90524	0.04299	0.02643	0.90524	0.01739	0.02643
AAA	AAT	AT	0.69008	0.05649	0.07821	-0.69008	0.11263	0.07821
AAA	AAC	AC	0.20776	0.04299	0.04761	-0.20776	0.05292	0.04761
AAG	CAG	AC	-0.66551	0.01471	0.01035	0.66551	0.00756	0.01035
AAG	ATG	AT	-0.19670	0.01933	0.01749	0.19670	0.01587	0.01749
AAG	ACG	AC	-1.86948	0.01471	0.00501	1.86948	0.00227	0.00501
AAG	AAT	GT	1.18896	0.01933	0.03304	-1.18896	0.06346	0.03304
AAG	AAC	GC	0.70664	0.01471	0.02051	-0.70664	0.02981	0.02051
AAG	AAA	GA	0.49888	0.03703	0.04704	-0.49888	0.06099	0.04704
AGT	TGT	AT	1.29084	0.02973	0.05294	-1.29084	0.10810	0.05294
AGT	CGT	AC	-0.26339	0.02263	0.01978	0.26339	0.01739	0.01978
AGT	ATT	GT	0.31858	0.02973	0.03472	-0.31858	0.04089	0.03472
AGT	ACT	GC	-0.16598	0.02263	0.02080	0.16598	0.01917	0.02080
AGT	AAT	GA	0.74131	0.05698	0.08068	-0.74131	0.11957	0.08068
AGC	TGC	AT	2.52918	0.00446	0.01226	-2.52918	0.05594	0.01226
AGC	CGC	AC	1.75634	0.00339	0.00720	-1.75634	0.01965	0.00720
AGC	ATC	GT	0.64708	0.00446	0.00606	-0.64708	0.00852	0.00606
AGC	ACC	GC	1.98492	0.00339	0.00781	-1.98492	0.02470	0.00781
AGC	AAC	GA	1.88297	0.00855	0.01898	-1.88297	0.05618	0.01898
AGC	AGT	CT	1.62399	0.00840	0.01700	-1.62399	0.04263	0.01700
AGA	CGA	AC	-5.76419	0.00057	0.00001	5.76419	0.00000	0.00000
AGA	ATA	GT	1.05255	0.00074	0.00120	-1.05255	0.00213	0.00120
AGA	ACA	GC	2.85173	0.00057	0.00171	-2.85173	0.00980	0.00171
AGA	AAA	GA	3.75697	0.00142	0.00548	-3.75697	0.06099	0.00548
AGA	AGT	AT	3.70575	0.00074	0.00282	-3.70575	0.03024	0.00282
AGA	AGC	AC	2.08176	0.00057	0.00135	-2.08176	0.00454	0.00135
AGG	TGG	AT	3.57222	0.00074	0.00273	-3.57222	0.02646	0.00273
AGG	CGG	AC	0.29000	0.00057	0.00065	-0.29000	0.00076	0.00065
AGG	ATG	GT	2.48763	0.00074	0.00202	-2.48763	0.00894	0.00202
AGG	ACG	GC	0.81485	0.00057	0.00083	-0.81485	0.00128	0.00083
AGG	AAG	GA	2.68434	0.00142	0.00410	-2.68434	0.02087	0.00410
AGG	AGT	GT	3.13199	0.00074	0.00243	-3.13199	0.01704	0.00243
AGG	AGC	GC	1.50800	0.00057	0.00110	-1.50800	0.00256	0.00110
AGG	AGA	GA	-0.57376	0.00142	0.00105	0.57376	0.00080	0.00105
GTT	TTT	GT	-0.99872	0.02081	0.01212	0.99872	0.00767	0.01212
GTT	CTT	GC	-1.82421	0.01584	0.00556	1.82421	0.00256	0.00556
GTT	ATT	GA	0.65838	0.03988	0.05444	-0.65838	0.07704	0.05444
GTC	TTC	GT	-1.03974	0.03493	0.01986	1.03974	0.01235	0.01986
GTC	CTC	GC	-3.03530	0.02658	0.00407	3.03530	0.00128	0.00407
GTC	ATC	GA	-1.42818	0.06695	0.03015	1.42818	0.01605	0.03015
GTC	GTT	CT	-0.79107	0.06583	0.04319	0.79107	0.02984	0.04319
GTA	TTA	GT	0.01847	0.01338	0.01350	-0.01847	0.01363	0.01350
GTA	CTA	GC	-1.22822	0.01018	0.00518	1.22822	0.00298	0.00518
GTA	ATA	GA	-1.85470	0.02564	0.00882	1.85470	0.00401	0.00882
GTA	GTT	AT	0.45870	0.01338	0.01668	-0.45870	0.02117	0.01668
GTA	GTC	AC	1.24978	0.01018	0.01784	-1.24978	0.03553	0.01784
GTG	TTG	GT	1.29700	0.00966	0.01725	-1.29700	0.03535	0.01725
GTG	CTG	GC	-1.23927	0.00735	0.00371	1.23927	0.00213	0.00371
GTG	ATG	GA	-0.09419	0.01852	0.01766	0.09419	0.01685	0.01766
GTG	GTT	GT	0.21036	0.00966	0.01071	-0.21036	0.01193	0.01071
GTG	GTC	GC	1.00144	0.00735	0.01164	-1.00144	0.02002	0.01164
GTG	GTA	GA	-0.24834	0.01852	0.01631	0.24834	0.01445	0.01631
GCT	TCT	GT	-1.30720	0.05352	0.02595	1.30720	0.01448	0.02595
GCT	CCT	GC	-1.46939	0.04073	0.01788	1.46939	0.00937	0.01788
GCT	ACT	GA	-1.04376	0.10256	0.05818	1.04376	0.03611	0.05818
GCT	GTT	CT	-1.21759	0.10084	0.05161	1.21759	0.02984	0.05161
GCC	TCC	GT	-2.15861	0.09588	0.02702	2.15861	0.01107	0.02702
GCC	CCC	GC	-1.50599	0.07297	0.03132	1.50599	0.01618	0.03132
GCC	ACC	GA	-1.37313	0.18375	0.08560	1.37313	0.04655	0.08560
GCC	GTC	CT	-1.28279	0.18067	0.08891	1.28279	0.05009	0.08891
GCC	GCT	CT	-0.85628	0.18067	0.11423	0.85628	0.07674	0.11423
GCA	TCA	GT	0.29041	0.00223	0.00257	-0.29041	0.00298	0.00257
GCA	CCA	GC	0.56354	0.00170	0.00222	-0.56354	0.00298	0.00222
GCA	ACA	GA	1.46312	0.00427	0.00814	-1.46312	0.01846	0.00814
GCA	GTA	CT	1.51863	0.00420	0.00817	-1.51863	0.01918	0.00817
GCA	GCT	AT	3.19492	0.00223	0.00743	-3.19492	0.05443	0.00743
GCA	GCC	AC	4.05120	0.00170	0.00700	-4.05120	0.09752	0.00700
GCG	TCG	GT	8.13636	0.00000	0.00000	-8.13636	0.00596	0.00001
GCG	CCG	GC	-0.28376	0.00000	0.00000	0.28376	0.00000	0.00000
GCG	ACG	GA	6.57904	0.00000	0.00000	-6.57904	0.00241	0.00002
GCG	GTG	CT	8.34601	0.00000	0.00000	-8.34601	0.01386	0.00003
GCG	GCT	GT	9.77397	0.00000	0.00000	-9.77397	0.03066	0.00002
GCG	GCC	GC	10.63024	0.00000	0.00000	-10.63024	0.05494	0.00001
GCG	GCA	GA	6.57904	0.00000	0.00000	-6.57904	0.00241	0.00002
GAT	TAT	GT	-0.62237	0.10555	0.07609	0.62237	0.05664	0.07609
GAT	CAT	GC	-2.60053	0.08032	0.01675	2.60053	0.00596	0.01675
GAT	AAT	GA	-0.52564	0.20227	0.15374	0.52564	0.11957	0.15374
GAT	GTT	AT	-1.60675	0.10555	0.04254	1.60675	0.02117	0.04254
GAT	GCT	AC	-0.38916	0.08032	0.06570	0.38916	0.05443	0.06570
GAC	TAC	GT	1.38902	0.00520	0.00963	-1.38902	0.02087	0.00963
GAC	CAC	GC	0.07291	0.00396	0.00411	-0.07291	0.00426	0.00411
GAC	AAC	GA	1.72882	0.00997	0.02096	-1.72882	0.05618	0.02096
GAC	GTC	AT	1.92111	0.00520	0.01171	-1.92111	0.03553	0.01171
GAC	GCC	AC	3.20390	0.00396	0.01322	-3.20390	0.09752	0.01322
GAC	GAT	CT	2.73679	0.00980	0.02869	-2.73679	0.15135	0.02869
GAA	CAA	GC	-0.25097	0.03394	0.02986	0.25097	0.02641	0.02986
GAA	AAA	GA	-0.33737	0.08546	0.07186	0.33737	0.06099	0.07186
GAA	GTA	AT	-1.18710	0.04460	0.02324	1.18710	0.01361	0.02324
GAA	GCA	AC	-2.70573	0.03394	0.00658	2.70573	0.00227	0.00658
GAA	GAT	AT	0.87835	0.04460	0.06701	-0.87835	0.10734	0.06701
GAA	GAC	AC	-1.85843	0.03394	0.01165	1.85843	0.00529	0.01165
GAG	CAG	GC	-0.97691	0.01131	0.00667	0.97691	0.00426	0.00667
GAG	AAG	GA	-0.31140	0.02849	0.02428	0.31140	0.02087	0.02428
GAG	GTG	AT	-0.41391	0.01487	0.01200	0.41391	0.00983	0.01200
GAG	GCG	AC	-8.75992	0.01131	0.00002	8.75992	0.00000	0.00000
GAG	GAT	GT	1.40320	0.01487	0.02766	-1.40320	0.06048	0.02766
GAG	GAC	GC	-1.33358	0.01131	0.00540	1.33358	0.00298	0.00540
GAG	GAA	GA	0.52485	0.02849	0.03662	-0.52485	0.04815	0.03662
GGT	TGT	GT	-0.69391	0.12190	0.08446	0.69391	0.06090	0.08446
GGT	CGT	GC	-2.24813	0.09276	0.02462	2.24813	0.00980	0.02462
GGT	AGT	GA	-1.98475	0.23360	0.07386	1.98475	0.03210	0.07386
GGT	GTT	GT	-2.32455	0.12190	0.03073	2.32455	0.01193	0.03073
GGT	GCT	GC	-1.10696	0.09276	0.05071	1.10696	0.03066	0.05071
GGT	GAT	GA	-0.71780	0.23360	0.15971	0.71780	0.11396	0.15971
GGC	TGC	GT	-0.68364	0.06244	0.04351	0.68364	0.03152	0.04351
GGC	CGC	GC	-1.45648	0.04751	0.02103	1.45648	0.01107	0.02103
GGC	AGC	GA	-3.21282	0.11965	0.01612	3.21282	0.00482	0.01612
GGC	GTC	GT	-1.13756	0.06244	0.03352	1.13756	0.02002	0.03352
GGC	GCC	GC	0.14523	0.04751	0.05105	-0.14523	0.05494	0.05105
GGC	GAC	GA	-3.05867	0.11965	0.01803	3.05867	0.00562	0.01803
GGC	GGT	CT	0.39592	0.11765	0.14247	-0.39592	0.17480	0.14247
GGA	CGA	GC	-8.41739	0.00453	0.00001	8.41739	0.00000	0.00000
GGA	AGA	GA	-2.65320	0.01140	0.00229	2.65320	0.00080	0.00229
GGA	GTA	GT	0.25404	0.00595	0.00673	-0.25404	0.00767	0.00673
GGA	GCA	GC	-1.26459	0.00453	0.00225	1.26459	0.00128	0.00225
GGA	GAA	GA	1.44114	0.01140	0.02151	-1.44114	0.04815	0.02151
GGA	GGT	AT	3.03729	0.00595	0.01897	-3.03729	0.12397	0.01897
GGA	GGC	AC	2.64137	0.00453	0.01287	-2.64137	0.06350	0.01287
GGG	TGG	GT	2.30531	0.00149	0.00381	-2.30531	0.01491	0.00381
GGG	CGG	GC	-0.97691	0.00113	0.00067	0.97691	0.00043	0.00067
GGG	AGG	GA	-1.26691	0.00285	0.00142	1.26691	0.00080	0.00142
GGG	GTG	GT	1.31491	0.00149	0.00267	-1.31491	0.00554	0.00267
GGG	GCG	GC	-7.03110	0.00113	0.00001	7.03110	0.00000	0.00000
GGG	GAG	GA	1.72882	0.00285	0.00599	-1.72882	0.01605	0.00599
GGG	GGT	GT	3.84983	0.00149	0.00585	-3.84983	0.06985	0.00585
GGG	GGC	GC	3.45391	0.00113	0.00403	-3.45391	0.03578	0.00403
GGG	GGA	GA	0.81253	0.00285	0.00416	-0.81253	0.00642	0.00416


Histograms
2Ns	FMut	FSub(CodonUsage)	FSubw(after w)

-10.12404	0.00535	0.00000
-9.11164	0.00714	0.00001
-8.09923	0.00358	0.00001
-7.08683	0.00114	0.00001
-6.07442	0.00037	0.00001
-5.06202	0.00000	0.00000
-4.04962	0.01780	0.00198
-3.03721	0.09025	0.02049
-2.02481	0.15648	0.07027
-1.01240	0.33348	0.26033
0.00000	0.22599	0.29384
1.01240	0.12861	0.26033
2.02481	0.02431	0.07027
3.03721	0.00513	0.02049
4.04962	0.00038	0.00198
5.06202	0.00000	0.00000
6.07442	0.00000	0.00000
7.08683	0.00000	0.00000
8.09923	0.00000	0.00000
9.11164	0.00000	0.00000
10.12404	0.00000	0.00000

Proportion of advantageous (S > 0) mutations:
 0.25440

Proportions of good & bad mutations (|S| > 2.0000) among mutations:
0.01015  0.16874

mean |Ns| = 1.36956	mean Ns+ = 0.80728	mean Ns- = -1.56142


MLEs of dN/dS (w) for site classes (K=10)

p:   0.10000  0.10000  0.10000  0.10000  0.10000  0.10000  0.10000  0.10000  0.10000  0.10000
w:   0.00000  0.00004  0.00048  0.00242  0.00812  0.02154  0.04930  0.10313  0.20794  0.44881

Naive Empirical Bayes (NEB) probabilities for 10 classes & postmean_w
(amino acids refer to 1st sequence: Musca_domestica_lysi1)

   1 K   0.16583 0.16570 0.16431 0.15829 0.14187 0.10984 0.06527 0.02460 0.00417 0.00012 ( 1)  0.011
   2 P   0.16955 0.16940 0.16781 0.16099 0.14251 0.10716 0.05990 0.02000 0.00265 0.00005 ( 1)  0.010
   3 V   0.17149 0.17133 0.16964 0.16235 0.14271 0.10553 0.05698 0.01782 0.00212 0.00003 ( 1)  0.009
   4 T   0.16995 0.16980 0.16819 0.16125 0.14249 0.10672 0.05925 0.01965 0.00265 0.00005 ( 1)  0.009
   5 D   0.17114 0.17098 0.16929 0.16205 0.14253 0.10563 0.05747 0.01846 0.00241 0.00005 ( 1)  0.009
   6 I   0.00000 0.00000 0.00008 0.00194 0.01928 0.10039 0.28425 0.39053 0.19049 0.01304 ( 8)  0.102
   7 C   0.15875 0.15865 0.15757 0.15288 0.13992 0.11381 0.07492 0.03444 0.00852 0.00054 ( 1)  0.013
   8 L   0.00000 0.00031 0.00362 0.01785 0.05647 0.13039 0.22538 0.27973 0.21852 0.06774 ( 8)  0.119
   9 G   0.15338 0.15330 0.15243 0.14865 0.13810 0.11626 0.08189 0.04236 0.01258 0.00105 ( 1)  0.016
  10 C   0.15958 0.15948 0.15836 0.15352 0.14017 0.11339 0.07382 0.03326 0.00795 0.00047 ( 1)  0.013
  11 I   0.16648 0.16635 0.16491 0.15870 0.14182 0.10914 0.06427 0.02406 0.00414 0.00014 ( 1)  0.011
  12 C   0.15875 0.15865 0.15757 0.15288 0.13992 0.11382 0.07493 0.03444 0.00851 0.00054 ( 1)  0.013
  13 E   0.16802 0.16788 0.16638 0.15991 0.14233 0.10838 0.06214 0.02175 0.00314 0.00006 ( 1)  0.010
  14 A   0.15440 0.15432 0.15340 0.14944 0.13841 0.11572 0.08048 0.04085 0.01195 0.00104 ( 1)  0.015
  15 S   0.00000 0.00000 0.00000 0.00000 0.00001 0.00027 0.00550 0.06084 0.34664 0.58674 (10)  0.342
  16 S   0.00000 0.00000 0.00014 0.00331 0.03174 0.15252 0.36504 0.35874 0.08751 0.00100 ( 7)  0.077
  17 G   0.15107 0.15100 0.15020 0.14675 0.13708 0.11690 0.08453 0.04595 0.01498 0.00153 ( 1)  0.017
  18 C   0.15903 0.15893 0.15783 0.15310 0.14001 0.11369 0.07457 0.03404 0.00829 0.00051 ( 1)  0.013
  19 N   0.16763 0.16748 0.16598 0.15953 0.14201 0.10830 0.06260 0.02266 0.00370 0.00011 ( 1)  0.010
  20 Q   0.15024 0.15017 0.14941 0.14609 0.13679 0.11728 0.08568 0.04731 0.01557 0.00145 ( 1)  0.017
  21 T   0.16927 0.16912 0.16754 0.16075 0.14237 0.10720 0.06022 0.02050 0.00296 0.00008 ( 1)  0.010
  22 N   0.00000 0.00000 0.00000 0.00000 0.00000 0.00000 0.00006 0.00312 0.07986 0.91695 (10)  0.428
  23 Y   0.00000 0.00000 0.00000 0.00000 0.00000 0.00001 0.00088 0.02704 0.28728 0.68479 (10)  0.370
  24 C   0.15924 0.15914 0.15803 0.15326 0.14008 0.11358 0.07429 0.03374 0.00815 0.00050 ( 1)  0.013
  25 A   0.00000 0.00000 0.00000 0.00000 0.00000 0.00000 0.00002 0.00140 0.05006 0.94852 (10)  0.436
  26 G   0.00000 0.00045 0.00519 0.02545 0.07886 0.17336 0.27062 0.27583 0.14849 0.02175 ( 8)  0.087
  27 G   0.15463 0.15454 0.15363 0.14966 0.13858 0.11581 0.08036 0.04045 0.01146 0.00088 ( 1)  0.015
  28 V   0.17466 0.17448 0.17259 0.16446 0.14276 0.10253 0.05224 0.01475 0.00151 0.00002 ( 1)  0.008
  29 C   0.15869 0.15858 0.15750 0.15283 0.13990 0.11385 0.07501 0.03454 0.00856 0.00055 ( 1)  0.013
  30 G   0.15195 0.15188 0.15105 0.14747 0.13745 0.11662 0.08350 0.04460 0.01411 0.00136 ( 1)  0.016
  31 L   0.00000 0.00040 0.00467 0.02293 0.07150 0.15951 0.25712 0.27996 0.17176 0.03215 ( 8)  0.096
  32 F   0.18550 0.18525 0.18255 0.17109 0.14144 0.09062 0.03656 0.00666 0.00031 0.00000 ( 1)  0.006
  33 R   0.00000 0.00000 0.00010 0.00233 0.02284 0.11608 0.31230 0.38693 0.15263 0.00680 ( 8)  0.093
  34 I   0.16935 0.16920 0.16761 0.16076 0.14225 0.10699 0.06012 0.02062 0.00302 0.00007 ( 1)  0.010
  35 T   0.16985 0.16970 0.16809 0.16118 0.14248 0.10681 0.05940 0.01976 0.00268 0.00005 ( 1)  0.009
  36 W   0.00000 0.00062 0.00709 0.03448 0.10447 0.21772 0.30343 0.24588 0.08244 0.00387 ( 7)  0.065
  37 A   0.00000 0.00000 0.00002 0.00050 0.00528 0.03164 0.11946 0.28353 0.37809 0.18146 ( 9)  0.196
  38 Y   0.16373 0.16361 0.16232 0.15673 0.14142 0.11125 0.06829 0.02734 0.00513 0.00018 ( 1)  0.011
  39 W   0.16160 0.16149 0.16031 0.15522 0.14118 0.11301 0.07153 0.02982 0.00568 0.00016 ( 1)  0.012
  40 A   0.16124 0.16113 0.15995 0.15484 0.14077 0.11269 0.07171 0.03077 0.00660 0.00031 ( 1)  0.012
  41 D   0.17114 0.17098 0.16929 0.16205 0.14253 0.10563 0.05747 0.01846 0.00241 0.00005 ( 1)  0.009
  42 G   0.15249 0.15241 0.15157 0.14792 0.13770 0.11650 0.08291 0.04374 0.01351 0.00124 ( 1)  0.016
  43 G   0.15472 0.15464 0.15372 0.14975 0.13868 0.11588 0.08034 0.04025 0.01120 0.00080 ( 1)  0.015
  44 K   0.00000 0.00064 0.00740 0.03589 0.10805 0.22197 0.30186 0.23783 0.08114 0.00520 ( 7)  0.064
  45 L   0.16933 0.16918 0.16757 0.16064 0.14196 0.10660 0.06006 0.02112 0.00343 0.00012 ( 1)  0.010
  46 T   0.16966 0.16951 0.16791 0.16104 0.14244 0.10693 0.05966 0.02000 0.00277 0.00006 ( 1)  0.010
  47 I   0.00000 0.00000 0.00006 0.00137 0.01378 0.07403 0.22531 0.36611 0.26699 0.05234 ( 8)  0.130
  48 N   0.16377 0.16364 0.16233 0.15669 0.14124 0.11092 0.06806 0.02757 0.00552 0.00026 ( 1)  0.011
  49 G   0.00000 0.00000 0.00000 0.00000 0.00000 0.00000 0.00011 0.00513 0.10834 0.88642 (10)  0.421
  50 E   0.16673 0.16659 0.16516 0.15897 0.14211 0.10932 0.06402 0.02335 0.00366 0.00009 ( 1)  0.010
  51 P   0.00000 0.00000 0.00000 0.00008 0.00246 0.03228 0.18898 0.45018 0.30805 0.01797 ( 8)  0.129
  52 A   0.00000 0.00000 0.00000 0.00000 0.00007 0.00248 0.03870 0.25219 0.54675 0.15981 ( 9)  0.213
  53 E   0.00000 0.00000 0.00000 0.00001 0.00019 0.00337 0.03360 0.18610 0.47440 0.30233 ( 9)  0.255
  54 S   0.17561 0.17543 0.17347 0.16511 0.14282 0.10169 0.05082 0.01375 0.00128 0.00001 ( 1)  0.008
  55 E   0.00000 0.00065 0.00749 0.03634 0.10935 0.22429 0.30368 0.23624 0.07753 0.00442 ( 7)  0.063
  56 T   0.00000 0.00095 0.01085 0.05189 0.14979 0.27888 0.31020 0.16764 0.02924 0.00056 ( 7)  0.046
  57 Y   0.00000 0.00059 0.00676 0.03288 0.09978 0.20890 0.29539 0.25052 0.09728 0.00791 ( 7)  0.070
  58 A   0.00000 0.00000 0.00000 0.00000 0.00000 0.00001 0.00056 0.01263 0.14766 0.83914 (10)  0.409
  59 N   0.16295 0.16283 0.16156 0.15608 0.14107 0.11147 0.06923 0.02863 0.00590 0.00028 ( 1)  0.012
  60 C   0.15862 0.15852 0.15744 0.15278 0.13988 0.11388 0.07510 0.03463 0.00860 0.00055 ( 1)  0.013
  61 V   0.17466 0.17448 0.17259 0.16449 0.14284 0.10264 0.05226 0.01462 0.00141 0.00001 ( 1)  0.008
  62 N   0.16695 0.16681 0.16535 0.15904 0.14189 0.10878 0.06356 0.02349 0.00399 0.00013 ( 1)  0.010
  63 D   0.17114 0.17098 0.16929 0.16205 0.14253 0.10563 0.05747 0.01846 0.00241 0.00005 ( 1)  0.009
  64 P   0.16578 0.16565 0.16426 0.15828 0.14196 0.11005 0.06544 0.02451 0.00397 0.00010 ( 1)  0.011
  65 Y   0.16450 0.16437 0.16304 0.15730 0.14158 0.11073 0.06719 0.02635 0.00477 0.00016 ( 1)  0.011
  66 C   0.15866 0.15856 0.15748 0.15280 0.13989 0.11387 0.07505 0.03458 0.00857 0.00055 ( 1)  0.013
  67 A   0.15890 0.15879 0.15771 0.15303 0.14007 0.11393 0.07487 0.03411 0.00813 0.00046 ( 1)  0.013
  68 A   0.15213 0.15205 0.15122 0.14759 0.13744 0.11640 0.08310 0.04434 0.01424 0.00150 ( 1)  0.016
  69 N   0.16597 0.16584 0.16442 0.15831 0.14169 0.10944 0.06495 0.02474 0.00446 0.00017 ( 1)  0.011
  70 T   0.16987 0.16972 0.16811 0.16119 0.14249 0.10679 0.05936 0.01973 0.00269 0.00006 ( 1)  0.009
  71 I   0.17153 0.17137 0.16965 0.16227 0.14243 0.10513 0.05690 0.01826 0.00241 0.00005 ( 1)  0.009
  72 Q   0.15069 0.15061 0.14984 0.14647 0.13701 0.11720 0.08522 0.04661 0.01503 0.00133 ( 1)  0.017
  73 N   0.16654 0.16641 0.16496 0.15874 0.14183 0.10909 0.06416 0.02398 0.00414 0.00014 ( 1)  0.011
  74 Y   0.16228 0.16217 0.16094 0.15563 0.14105 0.11211 0.07030 0.02932 0.00595 0.00025 ( 1)  0.012
  75 M   0.18170 0.18147 0.17909 0.16896 0.14239 0.09532 0.04185 0.00874 0.00047 0.00000 ( 1)  0.007
  76 L   0.00000 0.00091 0.01045 0.05007 0.14505 0.27246 0.30905 0.17513 0.03563 0.00124 ( 7)  0.048
  77 K   0.16577 0.16563 0.16424 0.15824 0.14186 0.10989 0.06537 0.02468 0.00420 0.00013 ( 1)  0.011
  78 Y   0.00000 0.00000 0.00005 0.00133 0.01348 0.07360 0.22993 0.38168 0.26419 0.03573 ( 8)  0.123
  79 G   0.00000 0.00000 0.00006 0.00140 0.01420 0.07820 0.24643 0.40201 0.24181 0.01591 ( 8)  0.113
  80 Q   0.15316 0.15308 0.15222 0.14849 0.13805 0.11645 0.08232 0.04274 0.01256 0.00093 ( 1)  0.016
  81 D   0.17114 0.17098 0.16929 0.16205 0.14253 0.10563 0.05747 0.01846 0.00241 0.00005 ( 1)  0.009
  82 C   0.15886 0.15876 0.15767 0.15296 0.13994 0.11374 0.07476 0.03429 0.00846 0.00054 ( 1)  0.013
  83 N   0.16631 0.16618 0.16474 0.15857 0.14178 0.10924 0.06448 0.02429 0.00427 0.00015 ( 1)  0.011
  84 K   0.00000 0.00000 0.00000 0.00000 0.00000 0.00002 0.00101 0.02181 0.22058 0.75658 (10)  0.388
  85 D   0.17714 0.17694 0.17486 0.16597 0.14244 0.09978 0.04865 0.01294 0.00127 0.00002 ( 1)  0.008
  86 G   0.00000 0.00000 0.00000 0.00003 0.00092 0.01332 0.09539 0.33036 0.44991 0.11008 ( 9)  0.182
  87 A   0.00000 0.00000 0.00005 0.00114 0.01167 0.06503 0.21141 0.37558 0.28934 0.04577 ( 8)  0.131
  88 V   0.17148 0.17132 0.16962 0.16235 0.14273 0.10557 0.05700 0.01780 0.00210 0.00003 ( 1)  0.009
  89 N   0.00000 0.00000 0.00006 0.00149 0.01500 0.08064 0.24427 0.38412 0.24526 0.02915 ( 8)  0.118
  90 C   0.15918 0.15908 0.15798 0.15322 0.14006 0.11361 0.07437 0.03381 0.00819 0.00050 ( 1)  0.013
  91 F   0.00000 0.00000 0.00000 0.00004 0.00125 0.01755 0.11740 0.36148 0.41380 0.08847 ( 9)  0.169
  92 D   0.17114 0.17098 0.16929 0.16205 0.14253 0.10563 0.05747 0.01846 0.00241 0.00005 ( 1)  0.009
  93 Y   0.16194 0.16183 0.16062 0.15537 0.14096 0.11230 0.07076 0.02979 0.00616 0.00027 ( 1)  0.012
  94 A   0.16305 0.16293 0.16167 0.15622 0.14127 0.11168 0.06924 0.02825 0.00549 0.00021 ( 1)  0.012
  95 A   0.15246 0.15238 0.15154 0.14786 0.13759 0.11631 0.08273 0.04383 0.01388 0.00142 ( 1)  0.016
  96 I   0.17744 0.17725 0.17515 0.16622 0.14256 0.09964 0.04820 0.01245 0.00108 0.00001 ( 1)  0.008
  97 H   0.20331 0.20288 0.19828 0.17919 0.13309 0.06626 0.01589 0.00108 0.00001 0.00000 ( 1)  0.004
  98 K   0.00000 0.00072 0.00823 0.03980 0.11857 0.23770 0.30760 0.22089 0.06360 0.00288 ( 7)  0.059
  99 L   0.14706 0.14699 0.14630 0.14329 0.13485 0.11712 0.08824 0.05240 0.02060 0.00315 ( 1)  0.019
 100 G   0.15303 0.15295 0.15209 0.14836 0.13794 0.11635 0.08229 0.04291 0.01296 0.00113 ( 1)  0.016
 101 G   0.00000 0.00000 0.00000 0.00001 0.00022 0.00353 0.03096 0.15593 0.41607 0.39328 ( 9)  0.281
 102 Y   0.00000 0.00060 0.00696 0.03382 0.10238 0.21310 0.29776 0.24683 0.09176 0.00679 ( 7)  0.068
 103 G   0.00000 0.00000 0.00000 0.00000 0.00001 0.00029 0.00567 0.05808 0.30374 0.63221 (10)  0.353
 104 C   0.15973 0.15963 0.15850 0.15364 0.14021 0.11331 0.07362 0.03305 0.00785 0.00046 ( 1)  0.013
 105 G   0.00000 0.00000 0.00000 0.00000 0.00000 0.00000 0.00013 0.00703 0.14759 0.84524 (10)  0.411
 106 G   0.15349 0.15340 0.15253 0.14872 0.13810 0.11616 0.08170 0.04222 0.01259 0.00108 ( 1)  0.016
 107 D   0.00000 0.00000 0.00005 0.00111 0.01143 0.06469 0.21490 0.38617 0.28495 0.03671 ( 8)  0.128
 108 L   0.14876 0.14869 0.14796 0.14477 0.13582 0.11709 0.08677 0.04975 0.01811 0.00228 ( 1)  0.018
 109 P   0.00000 0.00000 0.00008 0.00204 0.02026 0.10566 0.29837 0.39828 0.16908 0.00623 ( 8)  0.096
 110 H   0.00000 0.00097 0.01112 0.05308 0.15244 0.28082 0.30721 0.16394 0.02966 0.00076 ( 7)  0.046
 111 K   0.00000 0.00000 0.00003 0.00071 0.00738 0.04322 0.15535 0.33319 0.35842 0.10171 ( 9)  0.163
 112 Y   0.00000 0.00000 0.00005 0.00113 0.01152 0.06407 0.20788 0.37052 0.29258 0.05224 ( 8)  0.134
 113 A   0.00000 0.00000 0.00000 0.00000 0.00000 0.00000 0.00013 0.00556 0.11150 0.88281 (10)  0.420
 114 T   0.00000 0.00000 0.00000 0.00000 0.00012 0.00409 0.05710 0.30740 0.50876 0.12253 ( 9)  0.195
 115 D   0.00000 0.00000 0.00000 0.00000 0.00006 0.00209 0.03308 0.22386 0.53304 0.20788 ( 9)  0.229
 116 L   0.14675 0.14668 0.14601 0.14306 0.13479 0.11735 0.08873 0.05286 0.02070 0.00307 ( 1)  0.020
 117 E   0.00000 0.00000 0.00000 0.00000 0.00000 0.00000 0.00002 0.00337 0.13568 0.86093 (10)  0.415
 118 L   0.00000 0.00000 0.00000 0.00000 0.00000 0.00001 0.00047 0.01387 0.18088 0.80478 (10)  0.400
 119 C   0.15863 0.15853 0.15745 0.15279 0.13988 0.11388 0.07508 0.03461 0.00859 0.00055 ( 1)  0.013
 120 L   0.15428 0.15420 0.15328 0.14931 0.13827 0.11563 0.08060 0.04123 0.01220 0.00101 ( 1)  0.015
 121 K   0.00000 0.00000 0.00000 0.00000 0.00000 0.00000 0.00011 0.01040 0.23586 0.75363 (10)  0.388
 122 S   0.00000 0.00000 0.00000 0.00000 0.00017 0.00605 0.08065 0.38944 0.48193 0.04175 ( 9)  0.163
 123 Y   0.00001 0.00124 0.01414 0.06676 0.18562 0.31649 0.29388 0.11209 0.00974 0.00003 ( 6)  0.037
 124 G   0.00000 0.00000 0.00001 0.00036 0.00385 0.02359 0.09379 0.24599 0.38833 0.24408 ( 9)  0.221
 125 A   0.00000 0.00000 0.00002 0.00050 0.00528 0.03186 0.12178 0.29208 0.38366 0.16483 ( 9)  0.191
 126 -   0.14225 0.14221 0.14168 0.13938 0.13282 0.11860 0.09392 0.05998 0.02540 0.00377 ( 1)  0.022
 127 -   0.00000 0.00000 0.00000 0.00001 0.00018 0.00297 0.02687 0.14296 0.41407 0.41294 ( 9)  0.288
 128 -   0.15209 0.15201 0.15121 0.14770 0.13787 0.11726 0.08398 0.04418 0.01287 0.00083 ( 1)  0.016
 129 -   0.15911 0.15901 0.15795 0.15335 0.14058 0.11458 0.07511 0.03323 0.00687 0.00020 ( 1)  0.013
 130 -   0.15434 0.15426 0.15338 0.14956 0.13885 0.11660 0.08132 0.04057 0.01060 0.00052 ( 1)  0.015
 131 N   0.16700 0.16686 0.16540 0.15908 0.14192 0.10877 0.06350 0.02341 0.00393 0.00013 ( 1)  0.010


lnL = -2362.401761


NSsites Model 8: beta&w>1
I	J	ij	2Ns_IJ	pMut_IJ	pSub_IJ	2Ns_JI	pMut_JI	pSub_JI

TTC	TTT	CT	-0.75005	0.04062	0.02727	0.75005	0.01918	0.02727
TTA	TTT	AT	-0.55849	0.02379	0.01776	0.55849	0.01361	0.01776
TTA	TTC	AC	0.19156	0.01810	0.01989	-0.19156	0.02192	0.01989
TTG	TTT	GT	-2.08536	0.06169	0.01825	2.08536	0.00767	0.01825
TTG	TTC	GC	-1.33531	0.04695	0.02238	1.33531	0.01235	0.02238
TTG	TTA	GA	-1.52687	0.11823	0.05009	1.52687	0.02568	0.05009
TCT	TTT	CT	-0.90912	0.04762	0.02921	0.90912	0.01918	0.02921
TCC	TTC	CT	-0.16393	0.03641	0.03351	0.16393	0.03091	0.03351
TCC	TCT	CT	-0.00487	0.03641	0.03633	0.00487	0.03624	0.03633
TCA	TTA	CT	1.24670	0.00980	0.01715	-1.24670	0.03411	0.01715
TCA	TCT	AT	1.59732	0.00520	0.01042	-1.59732	0.02570	0.01042
TCA	TCC	AC	1.60219	0.00396	0.00794	-1.60219	0.01965	0.00794
TCG	TTG	CT	1.50665	0.01961	0.03796	-1.50665	0.08846	0.03796
TCG	TCT	GT	0.33041	0.01041	0.01222	-0.33041	0.01448	0.01222
TCG	TCC	GC	0.33528	0.00792	0.00932	-0.33528	0.01107	0.00932
TCG	TCA	GA	-1.26691	0.01994	0.00991	1.26691	0.00562	0.00991
TAT	TTT	AT	-1.98311	0.09886	0.03129	1.98311	0.01361	0.03129
TAT	TCT	AC	-1.07399	0.07523	0.04193	1.07399	0.02570	0.04193
TAC	TTC	AT	-0.50765	0.03642	0.02796	0.50765	0.02192	0.02796
TAC	TCC	AC	-0.34372	0.02772	0.02323	0.34372	0.01965	0.02323
TAC	TAT	CT	0.72540	0.06863	0.09650	-0.72540	0.14176	0.09650
TGT	TTT	GT	-2.62936	0.10629	0.02172	2.62936	0.00767	0.02172
TGT	TCT	GC	-1.72025	0.08089	0.03034	1.72025	0.01448	0.03034
TGT	TAT	GA	-0.64626	0.20369	0.14491	0.64626	0.10673	0.14491
TGC	TTC	GT	-1.49366	0.05500	0.02379	1.49366	0.01235	0.02379
TGC	TCC	GC	-1.32973	0.04186	0.02002	1.32973	0.01107	0.02002
TGC	TAC	GA	-0.98601	0.10541	0.06184	0.98601	0.03932	0.06184
TGC	TGT	CT	0.38565	0.10364	0.12491	-0.38565	0.15241	0.12491
TGG	TTG	GT	0.30660	0.02602	0.03021	-0.30660	0.03535	0.03021
TGG	TCG	GC	-1.20005	0.01980	0.01024	1.20005	0.00596	0.01024
TGG	TGT	GT	0.85061	0.02602	0.03863	-0.85061	0.06090	0.03863
TGG	TGC	GC	0.46496	0.01980	0.02476	-0.46496	0.03152	0.02476
CTT	TTT	CT	0.82548	0.00840	0.01234	-0.82548	0.01918	0.01234
CTC	TTC	CT	1.99555	0.00420	0.00970	-1.99555	0.03091	0.00970
CTC	CTT	CT	0.42002	0.00420	0.00515	-0.42002	0.00639	0.00515
CTA	TTA	CT	1.24670	0.00980	0.01715	-1.24670	0.03411	0.01715
CTA	CTT	AT	-0.13728	0.00520	0.00485	0.13728	0.00454	0.00485
CTA	CTC	AC	-0.55730	0.00396	0.00296	0.55730	0.00227	0.00296
CTG	TTG	CT	2.53627	0.00700	0.01929	-2.53627	0.08846	0.01929
CTG	CTT	GT	-0.37457	0.00372	0.00306	0.37457	0.00256	0.00306
CTG	CTC	GC	-0.79459	0.00283	0.00185	0.79459	0.00128	0.00185
CTG	CTA	GA	-0.23729	0.00712	0.00631	0.23729	0.00562	0.00631
CCT	TCT	CT	0.16219	0.03081	0.03338	-0.16219	0.03624	0.03338
CCT	CTT	CT	-1.57241	0.03081	0.01269	1.57241	0.00639	0.01269
CCC	TCC	CT	-0.65262	0.05322	0.03773	0.65262	0.02771	0.03773
CCC	CTC	CT	-2.81210	0.05322	0.00957	2.81210	0.00320	0.00957
CCC	CCT	CT	-0.81967	0.05322	0.03436	0.81967	0.02345	0.03436
CCA	TCA	CT	-0.27313	0.00980	0.00853	0.27313	0.00746	0.00853
CCA	CTA	CT	-0.27313	0.00980	0.00853	0.27313	0.00746	0.00853
CCA	CCT	AT	1.16200	0.00520	0.00880	-1.16200	0.01663	0.00880
CCA	CCC	AC	1.98168	0.00396	0.00910	-1.98168	0.02873	0.00910
CCG	TCG	CT	8.42012	0.00000	0.00000	-8.42012	0.01492	0.00003
CCG	CTG	CT	7.39050	0.00000	0.00000	-7.39050	0.00533	0.00002
CCG	CCT	GT	8.58834	0.00000	0.00000	-8.58834	0.00937	0.00001
CCG	CCC	GC	9.40802	0.00000	0.00000	-9.40802	0.01618	0.00001
CCG	CCA	GA	7.42634	0.00000	0.00000	-7.42634	0.00562	0.00002
CAT	TAT	CT	1.97816	0.01961	0.04501	-1.97816	0.14176	0.04501
CAT	CTT	AT	-0.83043	0.01041	0.00668	0.83043	0.00454	0.00668
CAT	CCT	AC	0.74198	0.00792	0.01122	-0.74198	0.01663	0.01122
CAC	TAC	CT	1.31611	0.01401	0.02519	-1.31611	0.05223	0.02519
CAC	CTC	AT	-1.18710	0.00743	0.00387	1.18710	0.00227	0.00387
CAC	CCC	AC	1.62500	0.00566	0.01145	-1.62500	0.02873	0.01145
CAC	CAT	CT	0.06334	0.01401	0.01445	-0.06334	0.01492	0.01445
CAA	CTA	AT	-2.16435	0.04608	0.01294	2.16435	0.00529	0.01294
CAA	CCA	AC	-1.89122	0.03507	0.01179	1.89122	0.00529	0.01179
CAA	CAT	AT	-1.47121	0.04608	0.02021	1.47121	0.01058	0.02021
CAA	CAC	AC	-1.53455	0.03507	0.01479	1.53455	0.00756	0.01479
CAG	CTG	AT	-0.67628	0.00743	0.00520	0.67628	0.00378	0.00520
CAG	CCG	AC	-8.06678	0.00566	0.00001	8.06678	0.00000	0.00000
CAG	CAT	GT	-0.22042	0.00743	0.00664	0.22042	0.00596	0.00664
CAG	CAC	GC	-0.28376	0.00566	0.00489	0.28376	0.00426	0.00489
CAG	CAA	GA	1.25079	0.01424	0.02496	-1.25079	0.04976	0.02496
CGT	TGT	CT	1.55422	0.03221	0.06348	-1.55422	0.15241	0.06348
CGT	CTT	GT	-1.90063	0.01710	0.00571	1.90063	0.00256	0.00571
CGT	CCT	GC	-0.32821	0.01301	0.01099	0.32821	0.00937	0.01099
CGT	CAT	GA	-1.07020	0.03276	0.01830	1.07020	0.01124	0.01830
CGC	TGC	CT	0.77284	0.03641	0.05228	-0.77284	0.07887	0.05228
CGC	CTC	GT	-2.71638	0.01933	0.00372	2.71638	0.00128	0.00372
CGC	CCC	GC	0.09573	0.01471	0.01542	-0.09573	0.01618	0.01542
CGC	CAC	GA	-1.52927	0.03703	0.01567	1.52927	0.00803	0.01567
CGC	CGT	CT	-0.39573	0.03641	0.02968	0.39573	0.02451	0.02968
CGA	CTA	GT	7.44321	0.00000	0.00000	-7.44321	0.00298	0.00001
CGA	CCA	GC	7.71634	0.00000	0.00000	-7.71634	0.00298	0.00001
CGA	CAA	GA	9.60756	0.00000	0.00000	-9.60756	0.04976	0.00003
CGA	CGT	AT	9.20656	0.00000	0.00000	-9.20656	0.01739	0.00002
CGA	CGC	AC	9.60229	0.00000	0.00000	-9.60229	0.01965	0.00001
CGG	TGG	CT	3.28222	0.00140	0.00478	-3.28222	0.03730	0.00478
CGG	CTG	GT	1.05255	0.00074	0.00120	-1.05255	0.00213	0.00120
CGG	CCG	GC	-6.33795	0.00057	0.00001	6.33795	0.00000	0.00000
CGG	CAG	GA	1.72882	0.00142	0.00299	-1.72882	0.00803	0.00299
CGG	CGT	GT	2.57860	0.00074	0.00207	-2.57860	0.00980	0.00207
CGG	CGC	GC	2.97434	0.00057	0.00177	-2.97434	0.01107	0.00177
CGG	CGA	GA	-6.62795	0.00142	0.00001	6.62795	0.00000	0.00000
ATT	TTT	AT	-1.65711	0.07136	0.02786	1.65711	0.01361	0.02786
ATT	CTT	AC	-2.48259	0.05430	0.01229	2.48259	0.00454	0.01229
ATC	TTC	AT	0.38843	0.01487	0.01794	-0.38843	0.02192	0.01794
ATC	CTC	AC	-1.60712	0.01131	0.00456	1.60712	0.00227	0.00456
ATC	ATT	CT	1.29549	0.02801	0.04997	-1.29549	0.10232	0.04997
ATA	TTA	AT	1.87317	0.00372	0.00823	-1.87317	0.02419	0.00823
ATA	CTA	AC	0.62647	0.00283	0.00381	-0.62647	0.00529	0.00381
ATA	ATT	AT	2.97178	0.00372	0.01164	-2.97178	0.07257	0.01164
ATA	ATC	AC	1.67629	0.00283	0.00583	-1.67629	0.01512	0.00583
ATG	TTG	AT	1.39119	0.01561	0.02891	-1.39119	0.06274	0.02891
ATG	CTG	AC	-1.14508	0.01188	0.00635	1.14508	0.00378	0.00635
ATG	ATT	GT	0.96293	0.01561	0.02431	-0.96293	0.04089	0.02431
ATG	ATC	GC	-0.33255	0.01188	0.01001	0.33255	0.00852	0.01001
ATG	ATA	GA	-2.00885	0.02991	0.00931	2.00885	0.00401	0.00931
ACT	TCT	AT	-0.26343	0.03345	0.02924	0.26343	0.02570	0.02924
ACT	CCT	AC	-0.42562	0.02545	0.02042	0.42562	0.01663	0.02042
ACT	ATT	CT	0.48456	0.06303	0.07952	-0.48456	0.10232	0.07952
ACC	TCC	AT	-0.78548	0.04311	0.02837	0.78548	0.01965	0.02837
ACC	CCC	AC	-0.13286	0.03281	0.03068	0.13286	0.02873	0.03068
ACC	ATC	CT	-1.33784	0.08123	0.03866	1.33784	0.02132	0.03866
ACC	ACT	CT	-0.52691	0.08123	0.06170	0.52691	0.04796	0.06170
ACA	TCA	AT	-1.17271	0.01710	0.00899	1.17271	0.00529	0.00899
ACA	CCA	AC	-0.89958	0.01301	0.00802	0.89958	0.00529	0.00802
ACA	ATA	CT	-1.79919	0.03221	0.01149	1.79919	0.00533	0.01149
ACA	ACT	AT	0.68804	0.01710	0.02365	-0.68804	0.03402	0.02365
ACA	ACC	AC	1.21495	0.01301	0.02247	-1.21495	0.04384	0.02247
ACG	TCG	AT	1.55731	0.00223	0.00440	-1.55731	0.01058	0.00440
ACG	CCG	AC	-6.86280	0.00170	0.00001	6.86280	0.00000	0.00000
ACG	ATG	CT	1.67278	0.00420	0.00865	-1.67278	0.02238	0.00865
ACG	ACT	GT	2.15116	0.00223	0.00543	-2.15116	0.01917	0.00543
ACG	ACC	GC	2.67807	0.00170	0.00488	-2.67807	0.02470	0.00488
ACG	ACA	GA	1.46312	0.00427	0.00814	-1.46312	0.01846	0.00814
AAT	TAT	AT	-0.09673	0.11075	0.10548	0.09673	0.10054	0.10548
AAT	CAT	AC	-2.07489	0.08428	0.02511	2.07489	0.01058	0.02511
AAT	ATT	AT	-0.42273	0.11075	0.08899	0.42273	0.07257	0.08899
AAT	ACT	AC	-0.90728	0.08428	0.05175	0.90728	0.03402	0.05175
AAC	TAC	AT	-0.33981	0.05203	0.04369	0.33981	0.03704	0.04369
AAC	CAC	AC	-1.65591	0.03959	0.01547	1.65591	0.00756	0.01547
AAC	ATC	AT	-1.23589	0.05203	0.02634	1.23589	0.01512	0.02634
AAC	ACC	AC	0.10195	0.03959	0.04165	-0.10195	0.04384	0.04165
AAC	AAT	CT	0.48232	0.09804	0.12358	-0.48232	0.15881	0.12358
AAA	CAA	AC	0.08640	0.04299	0.04487	-0.08640	0.04687	0.04487
AAA	ATA	AT	-2.70443	0.05649	0.01095	2.70443	0.00378	0.01095
AAA	ACA	AC	-0.90524	0.04299	0.02643	0.90524	0.01739	0.02643
AAA	AAT	AT	0.69008	0.05649	0.07821	-0.69008	0.11263	0.07821
AAA	AAC	AC	0.20776	0.04299	0.04761	-0.20776	0.05292	0.04761
AAG	CAG	AC	-0.66551	0.01471	0.01035	0.66551	0.00756	0.01035
AAG	ATG	AT	-0.19670	0.01933	0.01749	0.19670	0.01587	0.01749
AAG	ACG	AC	-1.86948	0.01471	0.00501	1.86948	0.00227	0.00501
AAG	AAT	GT	1.18896	0.01933	0.03304	-1.18896	0.06346	0.03304
AAG	AAC	GC	0.70664	0.01471	0.02051	-0.70664	0.02981	0.02051
AAG	AAA	GA	0.49888	0.03703	0.04704	-0.49888	0.06099	0.04704
AGT	TGT	AT	1.29083	0.02973	0.05294	-1.29083	0.10810	0.05294
AGT	CGT	AC	-0.26339	0.02263	0.01978	0.26339	0.01739	0.01978
AGT	ATT	GT	0.31858	0.02973	0.03472	-0.31858	0.04089	0.03472
AGT	ACT	GC	-0.16598	0.02263	0.02080	0.16598	0.01917	0.02080
AGT	AAT	GA	0.74131	0.05698	0.08068	-0.74131	0.11957	0.08068
AGC	TGC	AT	2.52918	0.00446	0.01226	-2.52918	0.05594	0.01226
AGC	CGC	AC	1.75634	0.00339	0.00720	-1.75634	0.01965	0.00720
AGC	ATC	GT	0.64708	0.00446	0.00606	-0.64708	0.00852	0.00606
AGC	ACC	GC	1.98492	0.00339	0.00781	-1.98492	0.02470	0.00781
AGC	AAC	GA	1.88297	0.00855	0.01898	-1.88297	0.05618	0.01898
AGC	AGT	CT	1.62399	0.00840	0.01700	-1.62399	0.04263	0.01700
AGA	CGA	AC	-5.76419	0.00057	0.00001	5.76419	0.00000	0.00000
AGA	ATA	GT	1.05255	0.00074	0.00120	-1.05255	0.00213	0.00120
AGA	ACA	GC	2.85173	0.00057	0.00171	-2.85173	0.00980	0.00171
AGA	AAA	GA	3.75697	0.00142	0.00548	-3.75697	0.06099	0.00548
AGA	AGT	AT	3.70575	0.00074	0.00282	-3.70575	0.03024	0.00282
AGA	AGC	AC	2.08176	0.00057	0.00135	-2.08176	0.00454	0.00135
AGG	TGG	AT	3.57222	0.00074	0.00273	-3.57222	0.02646	0.00273
AGG	CGG	AC	0.29000	0.00057	0.00065	-0.29000	0.00076	0.00065
AGG	ATG	GT	2.48763	0.00074	0.00202	-2.48763	0.00894	0.00202
AGG	ACG	GC	0.81485	0.00057	0.00083	-0.81485	0.00128	0.00083
AGG	AAG	GA	2.68434	0.00142	0.00410	-2.68434	0.02087	0.00410
AGG	AGT	GT	3.13199	0.00074	0.00243	-3.13199	0.01704	0.00243
AGG	AGC	GC	1.50800	0.00057	0.00110	-1.50800	0.00256	0.00110
AGG	AGA	GA	-0.57376	0.00142	0.00105	0.57376	0.00080	0.00105
GTT	TTT	GT	-0.99872	0.02081	0.01212	0.99872	0.00767	0.01212
GTT	CTT	GC	-1.82421	0.01584	0.00556	1.82421	0.00256	0.00556
GTT	ATT	GA	0.65838	0.03988	0.05444	-0.65838	0.07704	0.05444
GTC	TTC	GT	-1.03974	0.03493	0.01986	1.03974	0.01235	0.01986
GTC	CTC	GC	-3.03530	0.02658	0.00407	3.03530	0.00128	0.00407
GTC	ATC	GA	-1.42818	0.06695	0.03015	1.42818	0.01605	0.03015
GTC	GTT	CT	-0.79107	0.06583	0.04319	0.79107	0.02984	0.04319
GTA	TTA	GT	0.01847	0.01338	0.01350	-0.01847	0.01363	0.01350
GTA	CTA	GC	-1.22822	0.01018	0.00518	1.22822	0.00298	0.00518
GTA	ATA	GA	-1.85469	0.02564	0.00882	1.85469	0.00401	0.00882
GTA	GTT	AT	0.45870	0.01338	0.01668	-0.45870	0.02117	0.01668
GTA	GTC	AC	1.24978	0.01018	0.01784	-1.24978	0.03553	0.01784
GTG	TTG	GT	1.29700	0.00966	0.01725	-1.29700	0.03535	0.01725
GTG	CTG	GC	-1.23927	0.00735	0.00371	1.23927	0.00213	0.00371
GTG	ATG	GA	-0.09419	0.01852	0.01766	0.09419	0.01685	0.01766
GTG	GTT	GT	0.21036	0.00966	0.01071	-0.21036	0.01193	0.01071
GTG	GTC	GC	1.00144	0.00735	0.01164	-1.00144	0.02002	0.01164
GTG	GTA	GA	-0.24834	0.01852	0.01631	0.24834	0.01445	0.01631
GCT	TCT	GT	-1.30720	0.05352	0.02595	1.30720	0.01448	0.02595
GCT	CCT	GC	-1.46938	0.04073	0.01788	1.46938	0.00937	0.01788
GCT	ACT	GA	-1.04376	0.10256	0.05818	1.04376	0.03611	0.05818
GCT	GTT	CT	-1.21759	0.10084	0.05161	1.21759	0.02984	0.05161
GCC	TCC	GT	-2.15861	0.09588	0.02702	2.15861	0.01107	0.02702
GCC	CCC	GC	-1.50599	0.07297	0.03132	1.50599	0.01618	0.03132
GCC	ACC	GA	-1.37313	0.18375	0.08560	1.37313	0.04655	0.08560
GCC	GTC	CT	-1.28279	0.18067	0.08891	1.28279	0.05009	0.08891
GCC	GCT	CT	-0.85628	0.18067	0.11423	0.85628	0.07674	0.11423
GCA	TCA	GT	0.29041	0.00223	0.00257	-0.29041	0.00298	0.00257
GCA	CCA	GC	0.56354	0.00170	0.00222	-0.56354	0.00298	0.00222
GCA	ACA	GA	1.46312	0.00427	0.00814	-1.46312	0.01846	0.00814
GCA	GTA	CT	1.51863	0.00420	0.00817	-1.51863	0.01918	0.00817
GCA	GCT	AT	3.19492	0.00223	0.00743	-3.19492	0.05443	0.00743
GCA	GCC	AC	4.05120	0.00170	0.00700	-4.05120	0.09752	0.00700
GCG	TCG	GT	8.13636	0.00000	0.00000	-8.13636	0.00596	0.00001
GCG	CCG	GC	-0.28376	0.00000	0.00000	0.28376	0.00000	0.00000
GCG	ACG	GA	6.57904	0.00000	0.00000	-6.57904	0.00241	0.00002
GCG	GTG	CT	8.34601	0.00000	0.00000	-8.34601	0.01386	0.00003
GCG	GCT	GT	9.77397	0.00000	0.00000	-9.77397	0.03066	0.00002
GCG	GCC	GC	10.63024	0.00000	0.00000	-10.63024	0.05494	0.00001
GCG	GCA	GA	6.57904	0.00000	0.00000	-6.57904	0.00241	0.00002
GAT	TAT	GT	-0.62237	0.10555	0.07609	0.62237	0.05664	0.07609
GAT	CAT	GC	-2.60053	0.08032	0.01675	2.60053	0.00596	0.01675
GAT	AAT	GA	-0.52564	0.20227	0.15374	0.52564	0.11957	0.15374
GAT	GTT	AT	-1.60675	0.10555	0.04254	1.60675	0.02117	0.04254
GAT	GCT	AC	-0.38916	0.08032	0.06570	0.38916	0.05443	0.06570
GAC	TAC	GT	1.38902	0.00520	0.00963	-1.38902	0.02087	0.00963
GAC	CAC	GC	0.07291	0.00396	0.00411	-0.07291	0.00426	0.00411
GAC	AAC	GA	1.72882	0.00997	0.02096	-1.72882	0.05618	0.02096
GAC	GTC	AT	1.92111	0.00520	0.01171	-1.92111	0.03553	0.01171
GAC	GCC	AC	3.20390	0.00396	0.01322	-3.20390	0.09752	0.01322
GAC	GAT	CT	2.73679	0.00980	0.02869	-2.73679	0.15135	0.02869
GAA	CAA	GC	-0.25097	0.03394	0.02986	0.25097	0.02641	0.02986
GAA	AAA	GA	-0.33737	0.08546	0.07186	0.33737	0.06099	0.07186
GAA	GTA	AT	-1.18710	0.04460	0.02324	1.18710	0.01361	0.02324
GAA	GCA	AC	-2.70573	0.03394	0.00658	2.70573	0.00227	0.00658
GAA	GAT	AT	0.87835	0.04460	0.06701	-0.87835	0.10734	0.06701
GAA	GAC	AC	-1.85843	0.03394	0.01165	1.85843	0.00529	0.01165
GAG	CAG	GC	-0.97691	0.01131	0.00667	0.97691	0.00426	0.00667
GAG	AAG	GA	-0.31140	0.02849	0.02428	0.31140	0.02087	0.02428
GAG	GTG	AT	-0.41391	0.01487	0.01200	0.41391	0.00983	0.01200
GAG	GCG	AC	-8.75992	0.01131	0.00002	8.75992	0.00000	0.00000
GAG	GAT	GT	1.40320	0.01487	0.02766	-1.40320	0.06048	0.02766
GAG	GAC	GC	-1.33358	0.01131	0.00540	1.33358	0.00298	0.00540
GAG	GAA	GA	0.52485	0.02849	0.03662	-0.52485	0.04815	0.03662
GGT	TGT	GT	-0.69391	0.12190	0.08446	0.69391	0.06090	0.08446
GGT	CGT	GC	-2.24813	0.09276	0.02462	2.24813	0.00980	0.02462
GGT	AGT	GA	-1.98475	0.23360	0.07386	1.98475	0.03210	0.07386
GGT	GTT	GT	-2.32455	0.12190	0.03073	2.32455	0.01193	0.03073
GGT	GCT	GC	-1.10696	0.09276	0.05071	1.10696	0.03066	0.05071
GGT	GAT	GA	-0.71780	0.23360	0.15971	0.71780	0.11396	0.15971
GGC	TGC	GT	-0.68364	0.06244	0.04351	0.68364	0.03152	0.04351
GGC	CGC	GC	-1.45648	0.04751	0.02103	1.45648	0.01107	0.02103
GGC	AGC	GA	-3.21282	0.11965	0.01612	3.21282	0.00482	0.01612
GGC	GTC	GT	-1.13756	0.06244	0.03352	1.13756	0.02002	0.03352
GGC	GCC	GC	0.14523	0.04751	0.05105	-0.14523	0.05494	0.05105
GGC	GAC	GA	-3.05867	0.11965	0.01803	3.05867	0.00562	0.01803
GGC	GGT	CT	0.39592	0.11765	0.14247	-0.39592	0.17480	0.14247
GGA	CGA	GC	-8.41739	0.00453	0.00001	8.41739	0.00000	0.00000
GGA	AGA	GA	-2.65320	0.01140	0.00229	2.65320	0.00080	0.00229
GGA	GTA	GT	0.25404	0.00595	0.00673	-0.25404	0.00767	0.00673
GGA	GCA	GC	-1.26459	0.00453	0.00225	1.26459	0.00128	0.00225
GGA	GAA	GA	1.44114	0.01140	0.02151	-1.44114	0.04815	0.02151
GGA	GGT	AT	3.03729	0.00595	0.01897	-3.03729	0.12397	0.01897
GGA	GGC	AC	2.64138	0.00453	0.01287	-2.64138	0.06350	0.01287
GGG	TGG	GT	2.30531	0.00149	0.00381	-2.30531	0.01491	0.00381
GGG	CGG	GC	-0.97691	0.00113	0.00067	0.97691	0.00043	0.00067
GGG	AGG	GA	-1.26691	0.00285	0.00142	1.26691	0.00080	0.00142
GGG	GTG	GT	1.31491	0.00149	0.00267	-1.31491	0.00554	0.00267
GGG	GCG	GC	-7.03110	0.00113	0.00001	7.03110	0.00000	0.00000
GGG	GAG	GA	1.72882	0.00285	0.00599	-1.72882	0.01605	0.00599
GGG	GGT	GT	3.84983	0.00149	0.00585	-3.84983	0.06985	0.00585
GGG	GGC	GC	3.45391	0.00113	0.00403	-3.45391	0.03578	0.00403
GGG	GGA	GA	0.81253	0.00285	0.00416	-0.81253	0.00642	0.00416


Histograms
2Ns	FMut	FSub(CodonUsage)	FSubw(after w)

-10.12404	0.00535	0.00000
-9.11164	0.00714	0.00001
-8.09923	0.00358	0.00001
-7.08683	0.00114	0.00001
-6.07442	0.00037	0.00001
-5.06202	0.00000	0.00000
-4.04962	0.01780	0.00198
-3.03721	0.09025	0.02049
-2.02481	0.15648	0.07027
-1.01240	0.33348	0.26033
0.00000	0.22599	0.29384
1.01240	0.12861	0.26033
2.02481	0.02431	0.07027
3.03721	0.00513	0.02049
4.04962	0.00038	0.00198
5.06202	0.00000	0.00000
6.07442	0.00000	0.00000
7.08683	0.00000	0.00000
8.09923	0.00000	0.00000
9.11164	0.00000	0.00000
10.12404	0.00000	0.00000

Proportion of advantageous (S > 0) mutations:
 0.25440

Proportions of good & bad mutations (|S| > 2.0000) among mutations:
0.01015  0.16874

mean |Ns| = 1.36956	mean Ns+ = 0.80728	mean Ns- = -1.56142


MLEs of dN/dS (w) for site classes (K=11)

p:   0.10000  0.10000  0.10000  0.10000  0.10000  0.10000  0.10000  0.10000  0.10000  0.10000  0.00001
w:   0.00000  0.00004  0.00048  0.00242  0.00812  0.02154  0.04930  0.10313  0.20794  0.44881  8.81898
(note that p[10] is zero)


Naive Empirical Bayes (NEB) probabilities for 11 classes & postmean_w & P(w>1)
(amino acids refer to 1st sequence: Musca_domestica_lysi1)

   1 K   0.16583 0.16570 0.16431 0.15829 0.14187 0.10984 0.06527 0.02460 0.00417 0.00012 0.00000 ( 1)  0.011  0.000
   2 P   0.16955 0.16940 0.16781 0.16099 0.14251 0.10716 0.05990 0.02000 0.00265 0.00005 0.00000 ( 1)  0.010  0.000
   3 V   0.17149 0.17133 0.16964 0.16235 0.14271 0.10553 0.05698 0.01782 0.00212 0.00003 0.00000 ( 1)  0.009  0.000
   4 T   0.16995 0.16980 0.16819 0.16125 0.14249 0.10672 0.05925 0.01965 0.00265 0.00005 0.00000 ( 1)  0.009  0.000
   5 D   0.17114 0.17098 0.16929 0.16205 0.14253 0.10563 0.05747 0.01846 0.00241 0.00005 0.00000 ( 1)  0.009  0.000
   6 I   0.00000 0.00000 0.00008 0.00194 0.01928 0.10039 0.28425 0.39053 0.19049 0.01304 0.00000 ( 8)  0.102  0.000
   7 C   0.15875 0.15865 0.15757 0.15288 0.13992 0.11381 0.07492 0.03444 0.00852 0.00054 0.00000 ( 1)  0.013  0.000
   8 L   0.00000 0.00031 0.00362 0.01785 0.05647 0.13039 0.22538 0.27973 0.21852 0.06774 0.00000 ( 8)  0.119  0.000
   9 G   0.15338 0.15330 0.15243 0.14865 0.13810 0.11626 0.08189 0.04236 0.01258 0.00105 0.00000 ( 1)  0.016  0.000
  10 C   0.15958 0.15948 0.15836 0.15352 0.14017 0.11339 0.07382 0.03326 0.00795 0.00047 0.00000 ( 1)  0.013  0.000
  11 I   0.16648 0.16635 0.16490 0.15870 0.14182 0.10914 0.06427 0.02406 0.00414 0.00014 0.00000 ( 1)  0.011  0.000
  12 C   0.15875 0.15865 0.15757 0.15288 0.13992 0.11382 0.07493 0.03444 0.00851 0.00054 0.00000 ( 1)  0.013  0.000
  13 E   0.16802 0.16788 0.16638 0.15991 0.14233 0.10838 0.06214 0.02175 0.00314 0.00006 0.00000 ( 1)  0.010  0.000
  14 A   0.15440 0.15432 0.15340 0.14944 0.13841 0.11572 0.08048 0.04085 0.01195 0.00104 0.00000 ( 1)  0.015  0.000
  15 S   0.00000 0.00000 0.00000 0.00000 0.00001 0.00027 0.00550 0.06084 0.34664 0.58674 0.00000 (10)  0.342  0.000
  16 S   0.00000 0.00000 0.00014 0.00331 0.03174 0.15252 0.36504 0.35874 0.08751 0.00100 0.00000 ( 7)  0.077  0.000
  17 G   0.15107 0.15100 0.15020 0.14675 0.13708 0.11690 0.08453 0.04595 0.01498 0.00153 0.00000 ( 1)  0.017  0.000
  18 C   0.15903 0.15893 0.15783 0.15310 0.14001 0.11369 0.07457 0.03404 0.00829 0.00051 0.00000 ( 1)  0.013  0.000
  19 N   0.16763 0.16748 0.16598 0.15953 0.14201 0.10830 0.06260 0.02266 0.00370 0.00011 0.00000 ( 1)  0.010  0.000
  20 Q   0.15024 0.15017 0.14941 0.14609 0.13679 0.11728 0.08568 0.04731 0.01557 0.00145 0.00000 ( 1)  0.017  0.000
  21 T   0.16927 0.16912 0.16754 0.16075 0.14237 0.10720 0.06022 0.02050 0.00296 0.00008 0.00000 ( 1)  0.010  0.000
  22 N   0.00000 0.00000 0.00000 0.00000 0.00000 0.00000 0.00006 0.00312 0.07986 0.91695 0.00000 (10)  0.428  0.000
  23 Y   0.00000 0.00000 0.00000 0.00000 0.00000 0.00001 0.00088 0.02704 0.28728 0.68479 0.00000 (10)  0.370  0.000
  24 C   0.15924 0.15914 0.15803 0.15326 0.14008 0.11358 0.07429 0.03374 0.00815 0.00050 0.00000 ( 1)  0.013  0.000
  25 A   0.00000 0.00000 0.00000 0.00000 0.00000 0.00000 0.00002 0.00140 0.05006 0.94852 0.00000 (10)  0.436  0.000
  26 G   0.00000 0.00045 0.00519 0.02545 0.07886 0.17336 0.27062 0.27583 0.14849 0.02175 0.00000 ( 8)  0.087  0.000
  27 G   0.15463 0.15454 0.15363 0.14966 0.13858 0.11581 0.08036 0.04045 0.01146 0.00088 0.00000 ( 1)  0.015  0.000
  28 V   0.17466 0.17448 0.17259 0.16446 0.14276 0.10253 0.05224 0.01475 0.00151 0.00002 0.00000 ( 1)  0.008  0.000
  29 C   0.15869 0.15858 0.15750 0.15283 0.13990 0.11385 0.07501 0.03454 0.00856 0.00055 0.00000 ( 1)  0.013  0.000
  30 G   0.15195 0.15188 0.15105 0.14747 0.13745 0.11662 0.08350 0.04460 0.01411 0.00136 0.00000 ( 1)  0.016  0.000
  31 L   0.00000 0.00040 0.00467 0.02293 0.07150 0.15951 0.25712 0.27996 0.17176 0.03215 0.00000 ( 8)  0.096  0.000
  32 F   0.18550 0.18525 0.18255 0.17109 0.14144 0.09062 0.03656 0.00666 0.00031 0.00000 0.00000 ( 1)  0.006  0.000
  33 R   0.00000 0.00000 0.00010 0.00233 0.02284 0.11608 0.31230 0.38693 0.15263 0.00680 0.00000 ( 8)  0.093  0.000
  34 I   0.16935 0.16920 0.16761 0.16076 0.14225 0.10699 0.06012 0.02062 0.00302 0.00007 0.00000 ( 1)  0.010  0.000
  35 T   0.16985 0.16970 0.16809 0.16118 0.14248 0.10681 0.05940 0.01976 0.00268 0.00005 0.00000 ( 1)  0.009  0.000
  36 W   0.00000 0.00062 0.00709 0.03448 0.10447 0.21772 0.30343 0.24588 0.08244 0.00387 0.00000 ( 7)  0.065  0.000
  37 A   0.00000 0.00000 0.00002 0.00050 0.00528 0.03164 0.11946 0.28353 0.37809 0.18146 0.00000 ( 9)  0.196  0.000
  38 Y   0.16373 0.16361 0.16232 0.15673 0.14142 0.11125 0.06829 0.02734 0.00513 0.00018 0.00000 ( 1)  0.011  0.000
  39 W   0.16160 0.16149 0.16031 0.15522 0.14118 0.11301 0.07153 0.02982 0.00568 0.00016 0.00000 ( 1)  0.012  0.000
  40 A   0.16124 0.16113 0.15995 0.15484 0.14077 0.11269 0.07171 0.03077 0.00660 0.00031 0.00000 ( 1)  0.012  0.000
  41 D   0.17114 0.17098 0.16929 0.16205 0.14253 0.10563 0.05747 0.01846 0.00241 0.00005 0.00000 ( 1)  0.009  0.000
  42 G   0.15249 0.15241 0.15157 0.14792 0.13770 0.11650 0.08291 0.04374 0.01351 0.00124 0.00000 ( 1)  0.016  0.000
  43 G   0.15472 0.15464 0.15372 0.14975 0.13868 0.11588 0.08034 0.04025 0.01120 0.00080 0.00000 ( 1)  0.015  0.000
  44 K   0.00000 0.00064 0.00740 0.03589 0.10805 0.22197 0.30186 0.23783 0.08114 0.00520 0.00000 ( 7)  0.064  0.000
  45 L   0.16933 0.16918 0.16757 0.16064 0.14196 0.10660 0.06006 0.02112 0.00343 0.00012 0.00000 ( 1)  0.010  0.000
  46 T   0.16966 0.16951 0.16791 0.16104 0.14244 0.10693 0.05966 0.02000 0.00277 0.00006 0.00000 ( 1)  0.010  0.000
  47 I   0.00000 0.00000 0.00006 0.00137 0.01378 0.07403 0.22531 0.36611 0.26699 0.05234 0.00000 ( 8)  0.130  0.000
  48 N   0.16377 0.16364 0.16233 0.15669 0.14124 0.11092 0.06806 0.02757 0.00552 0.00026 0.00000 ( 1)  0.011  0.000
  49 G   0.00000 0.00000 0.00000 0.00000 0.00000 0.00000 0.00011 0.00513 0.10834 0.88642 0.00000 (10)  0.421  0.000
  50 E   0.16673 0.16659 0.16516 0.15897 0.14211 0.10932 0.06402 0.02335 0.00366 0.00009 0.00000 ( 1)  0.010  0.000
  51 P   0.00000 0.00000 0.00000 0.00008 0.00246 0.03228 0.18898 0.45018 0.30805 0.01797 0.00000 ( 8)  0.129  0.000
  52 A   0.00000 0.00000 0.00000 0.00000 0.00007 0.00248 0.03870 0.25219 0.54675 0.15981 0.00000 ( 9)  0.213  0.000
  53 E   0.00000 0.00000 0.00000 0.00001 0.00019 0.00337 0.03360 0.18610 0.47440 0.30233 0.00000 ( 9)  0.255  0.000
  54 S   0.17561 0.17543 0.17347 0.16511 0.14282 0.10169 0.05082 0.01375 0.00128 0.00001 0.00000 ( 1)  0.008  0.000
  55 E   0.00000 0.00065 0.00749 0.03634 0.10935 0.22429 0.30368 0.23625 0.07753 0.00442 0.00000 ( 7)  0.063  0.000
  56 T   0.00000 0.00095 0.01085 0.05189 0.14979 0.27888 0.31020 0.16764 0.02924 0.00056 0.00000 ( 7)  0.046  0.000
  57 Y   0.00000 0.00059 0.00676 0.03288 0.09978 0.20890 0.29539 0.25052 0.09728 0.00791 0.00000 ( 7)  0.070  0.000
  58 A   0.00000 0.00000 0.00000 0.00000 0.00000 0.00001 0.00056 0.01263 0.14766 0.83914 0.00000 (10)  0.409  0.000
  59 N   0.16295 0.16283 0.16156 0.15608 0.14107 0.11147 0.06923 0.02863 0.00590 0.00028 0.00000 ( 1)  0.012  0.000
  60 C   0.15862 0.15852 0.15744 0.15278 0.13988 0.11388 0.07510 0.03463 0.00860 0.00055 0.00000 ( 1)  0.013  0.000
  61 V   0.17466 0.17448 0.17259 0.16449 0.14284 0.10264 0.05226 0.01462 0.00141 0.00001 0.00000 ( 1)  0.008  0.000
  62 N   0.16695 0.16681 0.16535 0.15904 0.14189 0.10878 0.06356 0.02349 0.00399 0.00013 0.00000 ( 1)  0.010  0.000
  63 D   0.17114 0.17098 0.16929 0.16205 0.14253 0.10563 0.05747 0.01846 0.00241 0.00005 0.00000 ( 1)  0.009  0.000
  64 P   0.16578 0.16565 0.16426 0.15828 0.14196 0.11005 0.06544 0.02451 0.00397 0.00010 0.00000 ( 1)  0.011  0.000
  65 Y   0.16450 0.16437 0.16304 0.15730 0.14158 0.11073 0.06719 0.02635 0.00477 0.00016 0.00000 ( 1)  0.011  0.000
  66 C   0.15866 0.15856 0.15748 0.15280 0.13989 0.11387 0.07505 0.03458 0.00857 0.00055 0.00000 ( 1)  0.013  0.000
  67 A   0.15890 0.15879 0.15771 0.15303 0.14007 0.11393 0.07487 0.03411 0.00813 0.00046 0.00000 ( 1)  0.013  0.000
  68 A   0.15213 0.15205 0.15122 0.14759 0.13744 0.11640 0.08310 0.04434 0.01424 0.00150 0.00000 ( 1)  0.016  0.000
  69 N   0.16597 0.16584 0.16442 0.15831 0.14169 0.10944 0.06495 0.02474 0.00446 0.00017 0.00000 ( 1)  0.011  0.000
  70 T   0.16987 0.16972 0.16811 0.16119 0.14249 0.10679 0.05936 0.01973 0.00269 0.00006 0.00000 ( 1)  0.009  0.000
  71 I   0.17153 0.17137 0.16965 0.16227 0.14243 0.10513 0.05690 0.01826 0.00241 0.00005 0.00000 ( 1)  0.009  0.000
  72 Q   0.15069 0.15061 0.14984 0.14647 0.13701 0.11720 0.08522 0.04661 0.01503 0.00133 0.00000 ( 1)  0.017  0.000
  73 N   0.16654 0.16641 0.16496 0.15874 0.14183 0.10909 0.06416 0.02398 0.00414 0.00014 0.00000 ( 1)  0.011  0.000
  74 Y   0.16228 0.16217 0.16094 0.15563 0.14105 0.11211 0.07030 0.02932 0.00595 0.00025 0.00000 ( 1)  0.012  0.000
  75 M   0.18170 0.18147 0.17909 0.16896 0.14239 0.09532 0.04185 0.00874 0.00047 0.00000 0.00000 ( 1)  0.007  0.000
  76 L   0.00000 0.00091 0.01045 0.05007 0.14505 0.27246 0.30905 0.17513 0.03563 0.00124 0.00000 ( 7)  0.048  0.000
  77 K   0.16577 0.16563 0.16424 0.15824 0.14186 0.10989 0.06537 0.02468 0.00420 0.00013 0.00000 ( 1)  0.011  0.000
  78 Y   0.00000 0.00000 0.00005 0.00133 0.01348 0.07360 0.22993 0.38168 0.26419 0.03573 0.00000 ( 8)  0.123  0.000
  79 G   0.00000 0.00000 0.00006 0.00140 0.01420 0.07820 0.24643 0.40201 0.24181 0.01591 0.00000 ( 8)  0.113  0.000
  80 Q   0.15316 0.15308 0.15222 0.14849 0.13805 0.11645 0.08232 0.04274 0.01256 0.00093 0.00000 ( 1)  0.016  0.000
  81 D   0.17114 0.17098 0.16929 0.16205 0.14253 0.10563 0.05747 0.01846 0.00241 0.00005 0.00000 ( 1)  0.009  0.000
  82 C   0.15886 0.15876 0.15767 0.15296 0.13994 0.11374 0.07476 0.03429 0.00846 0.00054 0.00000 ( 1)  0.013  0.000
  83 N   0.16631 0.16618 0.16474 0.15857 0.14178 0.10924 0.06448 0.02429 0.00427 0.00015 0.00000 ( 1)  0.011  0.000
  84 K   0.00000 0.00000 0.00000 0.00000 0.00000 0.00002 0.00101 0.02181 0.22058 0.75658 0.00000 (10)  0.388  0.000
  85 D   0.17714 0.17694 0.17486 0.16597 0.14244 0.09978 0.04865 0.01294 0.00127 0.00002 0.00000 ( 1)  0.008  0.000
  86 G   0.00000 0.00000 0.00000 0.00003 0.00092 0.01332 0.09539 0.33036 0.44991 0.11008 0.00000 ( 9)  0.182  0.000
  87 A   0.00000 0.00000 0.00005 0.00114 0.01167 0.06503 0.21141 0.37558 0.28934 0.04577 0.00000 ( 8)  0.131  0.000
  88 V   0.17148 0.17132 0.16962 0.16235 0.14273 0.10557 0.05700 0.01780 0.00210 0.00003 0.00000 ( 1)  0.009  0.000
  89 N   0.00000 0.00000 0.00006 0.00149 0.01500 0.08064 0.24427 0.38412 0.24526 0.02915 0.00000 ( 8)  0.118  0.000
  90 C   0.15918 0.15908 0.15798 0.15322 0.14006 0.11361 0.07437 0.03381 0.00819 0.00050 0.00000 ( 1)  0.013  0.000
  91 F   0.00000 0.00000 0.00000 0.00004 0.00125 0.01755 0.11740 0.36148 0.41380 0.08847 0.00000 ( 9)  0.169  0.000
  92 D   0.17114 0.17098 0.16929 0.16205 0.14253 0.10563 0.05747 0.01846 0.00241 0.00005 0.00000 ( 1)  0.009  0.000
  93 Y   0.16194 0.16183 0.16062 0.15537 0.14096 0.11230 0.07076 0.02979 0.00616 0.00027 0.00000 ( 1)  0.012  0.000
  94 A   0.16305 0.16293 0.16167 0.15622 0.14127 0.11168 0.06924 0.02825 0.00549 0.00021 0.00000 ( 1)  0.012  0.000
  95 A   0.15246 0.15238 0.15154 0.14786 0.13759 0.11631 0.08273 0.04383 0.01388 0.00142 0.00000 ( 1)  0.016  0.000
  96 I   0.17744 0.17725 0.17515 0.16622 0.14256 0.09964 0.04820 0.01245 0.00108 0.00001 0.00000 ( 1)  0.008  0.000
  97 H   0.20331 0.20288 0.19828 0.17919 0.13309 0.06626 0.01589 0.00108 0.00001 0.00000 0.00000 ( 1)  0.004  0.000
  98 K   0.00000 0.00072 0.00823 0.03980 0.11857 0.23769 0.30760 0.22089 0.06360 0.00288 0.00000 ( 7)  0.059  0.000
  99 L   0.14706 0.14699 0.14630 0.14329 0.13485 0.11712 0.08824 0.05240 0.02060 0.00315 0.00000 ( 1)  0.019  0.000
 100 G   0.15303 0.15295 0.15209 0.14836 0.13794 0.11635 0.08229 0.04291 0.01296 0.00113 0.00000 ( 1)  0.016  0.000
 101 G   0.00000 0.00000 0.00000 0.00001 0.00022 0.00353 0.03095 0.15593 0.41607 0.39328 0.00000 ( 9)  0.281  0.000
 102 Y   0.00000 0.00060 0.00696 0.03382 0.10238 0.21310 0.29776 0.24683 0.09176 0.00679 0.00000 ( 7)  0.068  0.000
 103 G   0.00000 0.00000 0.00000 0.00000 0.00001 0.00029 0.00567 0.05808 0.30374 0.63221 0.00000 (10)  0.353  0.000
 104 C   0.15973 0.15963 0.15850 0.15364 0.14021 0.11331 0.07362 0.03305 0.00785 0.00046 0.00000 ( 1)  0.013  0.000
 105 G   0.00000 0.00000 0.00000 0.00000 0.00000 0.00000 0.00013 0.00703 0.14759 0.84524 0.00000 (10)  0.411  0.000
 106 G   0.15349 0.15340 0.15253 0.14872 0.13810 0.11616 0.08170 0.04222 0.01259 0.00108 0.00000 ( 1)  0.016  0.000
 107 D   0.00000 0.00000 0.00005 0.00111 0.01143 0.06469 0.21490 0.38617 0.28495 0.03671 0.00000 ( 8)  0.128  0.000
 108 L   0.14876 0.14869 0.14796 0.14477 0.13582 0.11709 0.08678 0.04975 0.01811 0.00228 0.00000 ( 1)  0.018  0.000
 109 P   0.00000 0.00000 0.00008 0.00204 0.02026 0.10566 0.29837 0.39828 0.16908 0.00623 0.00000 ( 8)  0.096  0.000
 110 H   0.00000 0.00097 0.01112 0.05308 0.15244 0.28082 0.30721 0.16394 0.02966 0.00076 0.00000 ( 7)  0.046  0.000
 111 K   0.00000 0.00000 0.00003 0.00071 0.00738 0.04322 0.15535 0.33319 0.35842 0.10171 0.00000 ( 9)  0.163  0.000
 112 Y   0.00000 0.00000 0.00005 0.00113 0.01152 0.06407 0.20788 0.37052 0.29258 0.05224 0.00000 ( 8)  0.134  0.000
 113 A   0.00000 0.00000 0.00000 0.00000 0.00000 0.00000 0.00013 0.00556 0.11150 0.88281 0.00000 (10)  0.420  0.000
 114 T   0.00000 0.00000 0.00000 0.00000 0.00012 0.00409 0.05710 0.30740 0.50876 0.12253 0.00000 ( 9)  0.195  0.000
 115 D   0.00000 0.00000 0.00000 0.00000 0.00006 0.00209 0.03308 0.22386 0.53304 0.20788 0.00000 ( 9)  0.229  0.000
 116 L   0.14675 0.14668 0.14601 0.14306 0.13479 0.11735 0.08873 0.05286 0.02070 0.00307 0.00000 ( 1)  0.020  0.000
 117 E   0.00000 0.00000 0.00000 0.00000 0.00000 0.00000 0.00002 0.00337 0.13568 0.86093 0.00000 (10)  0.415  0.000
 118 L   0.00000 0.00000 0.00000 0.00000 0.00000 0.00001 0.00047 0.01387 0.18087 0.80478 0.00000 (10)  0.400  0.000
 119 C   0.15863 0.15853 0.15745 0.15279 0.13988 0.11388 0.07508 0.03461 0.00859 0.00055 0.00000 ( 1)  0.013  0.000
 120 L   0.15428 0.15420 0.15328 0.14931 0.13827 0.11563 0.08060 0.04123 0.01220 0.00101 0.00000 ( 1)  0.015  0.000
 121 K   0.00000 0.00000 0.00000 0.00000 0.00000 0.00000 0.00011 0.01040 0.23586 0.75363 0.00000 (10)  0.388  0.000
 122 S   0.00000 0.00000 0.00000 0.00000 0.00017 0.00605 0.08065 0.38944 0.48193 0.04175 0.00000 ( 9)  0.163  0.000
 123 Y   0.00001 0.00124 0.01414 0.06676 0.18562 0.31649 0.29388 0.11209 0.00974 0.00003 0.00000 ( 6)  0.037  0.000
 124 G   0.00000 0.00000 0.00001 0.00036 0.00385 0.02359 0.09379 0.24599 0.38833 0.24408 0.00000 ( 9)  0.221  0.000
 125 A   0.00000 0.00000 0.00002 0.00050 0.00528 0.03186 0.12178 0.29208 0.38366 0.16483 0.00000 ( 9)  0.191  0.000
 126 -   0.14225 0.14221 0.14168 0.13938 0.13282 0.11860 0.09392 0.05998 0.02540 0.00377 0.00000 ( 1)  0.022  0.000
 127 -   0.00000 0.00000 0.00000 0.00001 0.00018 0.00297 0.02687 0.14296 0.41407 0.41294 0.00000 ( 9)  0.288  0.000
 128 -   0.15209 0.15201 0.15121 0.14770 0.13787 0.11726 0.08398 0.04418 0.01287 0.00083 0.00000 ( 1)  0.016  0.000
 129 -   0.15911 0.15901 0.15795 0.15335 0.14058 0.11458 0.07511 0.03323 0.00687 0.00020 0.00000 ( 1)  0.013  0.000
 130 -   0.15434 0.15426 0.15338 0.14956 0.13885 0.11660 0.08132 0.04057 0.01060 0.00052 0.00000 ( 1)  0.015  0.000
 131 N   0.16700 0.16686 0.16540 0.15908 0.14192 0.10877 0.06350 0.02341 0.00393 0.00013 0.00000 ( 1)  0.010  0.000

Positively selected sites

	Prob(w>1)  mean w



lnL = -2362.403071

Bayes Empirical Bayes (BEB) probabilities for 11 classes (class) & postmean_w
(amino acids refer to 1st sequence: Musca_domestica_lysi1)

   1 K   0.98717 0.01128 0.00130 0.00020 0.00004 0.00001 0.00000 0.00000 0.00000 0.00000 0.00000 ( 1)  0.051 +-  0.014
   2 P   0.99006 0.00900 0.00082 0.00010 0.00002 0.00000 0.00000 0.00000 0.00000 0.00000 0.00000 ( 1)  0.051 +-  0.012
   3 V   0.99122 0.00802 0.00067 0.00008 0.00001 0.00000 0.00000 0.00000 0.00000 0.00000 0.00000 ( 1)  0.051 +-  0.011
   4 T   0.99005 0.00897 0.00084 0.00011 0.00002 0.00000 0.00000 0.00000 0.00000 0.00000 0.00000 ( 1)  0.051 +-  0.012
   5 D   0.99056 0.00852 0.00079 0.00011 0.00002 0.00000 0.00000 0.00000 0.00000 0.00000 0.00000 ( 1)  0.051 +-  0.011
   6 I   0.91278 0.06702 0.01555 0.00353 0.00084 0.00021 0.00006 0.00002 0.00000 0.00000 0.00000 ( 1)  0.061 +-  0.041
   7 C   0.98040 0.01617 0.00265 0.00057 0.00015 0.00004 0.00001 0.00000 0.00000 0.00000 0.00000 ( 1)  0.052 +-  0.019
   8 L   0.88079 0.06907 0.02819 0.01210 0.00537 0.00244 0.00113 0.00053 0.00024 0.00010 0.00003 ( 1)  0.071 +-  0.070
   9 G   0.97518 0.01975 0.00377 0.00092 0.00026 0.00008 0.00003 0.00001 0.00000 0.00000 0.00000 ( 1)  0.053 +-  0.022
  10 C   0.98120 0.01562 0.00248 0.00052 0.00013 0.00004 0.00001 0.00000 0.00000 0.00000 0.00000 ( 1)  0.052 +-  0.018
  11 I   0.98716 0.01124 0.00133 0.00022 0.00004 0.00001 0.00000 0.00000 0.00000 0.00000 0.00000 ( 1)  0.051 +-  0.014
  12 C   0.98042 0.01617 0.00264 0.00057 0.00014 0.00004 0.00001 0.00000 0.00000 0.00000 0.00000 ( 1)  0.052 +-  0.019
  13 E   0.98908 0.00980 0.00096 0.00013 0.00002 0.00000 0.00000 0.00000 0.00000 0.00000 0.00000 ( 1)  0.051 +-  0.012
  14 A   0.97586 0.01921 0.00365 0.00090 0.00026 0.00008 0.00003 0.00001 0.00000 0.00000 0.00000 ( 1)  0.053 +-  0.022
  15 S   0.07354 0.14542 0.23289 0.21364 0.14997 0.09066 0.04987 0.02556 0.01220 0.00503 0.00123 ( 3)  0.344 +-  0.187
  16 S   0.95778 0.03732 0.00437 0.00048 0.00005 0.00001 0.00000 0.00000 0.00000 0.00000 0.00000 ( 1)  0.055 +-  0.024
  17 G   0.97220 0.02157 0.00449 0.00119 0.00036 0.00012 0.00004 0.00002 0.00001 0.00000 0.00000 ( 1)  0.054 +-  0.025
  18 C   0.98072 0.01596 0.00258 0.00055 0.00014 0.00004 0.00001 0.00000 0.00000 0.00000 0.00000 ( 1)  0.052 +-  0.019
  19 N   0.98795 0.01061 0.00120 0.00019 0.00004 0.00001 0.00000 0.00000 0.00000 0.00000 0.00000 ( 1)  0.051 +-  0.013
  20 Q   0.97167 0.02207 0.00458 0.00118 0.00034 0.00010 0.00003 0.00001 0.00000 0.00000 0.00000 ( 1)  0.054 +-  0.024
  21 T   0.98941 0.00946 0.00096 0.00014 0.00003 0.00001 0.00000 0.00000 0.00000 0.00000 0.00000 ( 1)  0.051 +-  0.012
  22 N   0.00054 0.01056 0.05231 0.10884 0.14946 0.16150 0.14918 0.12250 0.08997 0.05422 0.10090 ( 6)  0.683 +-  0.361
  23 Y   0.01237 0.09750 0.22143 0.23529 0.18034 0.11686 0.06851 0.03736 0.01893 0.00826 0.00315 ( 4)  0.400 +-  0.188
  24 C   0.98091 0.01582 0.00254 0.00054 0.00013 0.00004 0.00001 0.00000 0.00000 0.00000 0.00000 ( 1)  0.052 +-  0.018
  25 A   0.00015 0.00432 0.02810 0.07253 0.11919 0.14990 0.15730 0.14354 0.11470 0.07344 0.13685 ( 7)  0.757 +-  0.368
  26 G   0.92787 0.05061 0.01461 0.00455 0.00151 0.00053 0.00020 0.00007 0.00003 0.00001 0.00000 ( 1)  0.060 +-  0.044
  27 G   0.97659 0.01884 0.00345 0.00081 0.00022 0.00007 0.00002 0.00001 0.00000 0.00000 0.00000 ( 1)  0.053 +-  0.021
  28 V   0.99270 0.00673 0.00050 0.00006 0.00001 0.00000 0.00000 0.00000 0.00000 0.00000 0.00000 ( 1)  0.051 +-  0.010
  29 C   0.98035 0.01621 0.00266 0.00057 0.00015 0.00004 0.00001 0.00000 0.00000 0.00000 0.00000 ( 1)  0.052 +-  0.019
  30 G   0.97323 0.02093 0.00425 0.00110 0.00033 0.00011 0.00004 0.00001 0.00001 0.00000 0.00000 ( 1)  0.053 +-  0.024
  31 L   0.91495 0.05649 0.01843 0.00639 0.00232 0.00087 0.00034 0.00013 0.00005 0.00002 0.00000 ( 1)  0.063 +-  0.050
  32 F   0.99682 0.00306 0.00011 0.00001 0.00000 0.00000 0.00000 0.00000 0.00000 0.00000 0.00000 ( 1)  0.050 +-  0.006
  33 R   0.93067 0.05618 0.01063 0.00200 0.00041 0.00009 0.00002 0.00001 0.00000 0.00000 0.00000 ( 1)  0.059 +-  0.035
  34 I   0.98925 0.00960 0.00098 0.00014 0.00002 0.00001 0.00000 0.00000 0.00000 0.00000 0.00000 ( 1)  0.051 +-  0.012
  35 T   0.99000 0.00901 0.00085 0.00011 0.00002 0.00000 0.00000 0.00000 0.00000 0.00000 0.00000 ( 1)  0.051 +-  0.012
  36 W   0.95847 0.03385 0.00616 0.00120 0.00025 0.00005 0.00001 0.00000 0.00000 0.00000 0.00000 ( 1)  0.055 +-  0.027
  37 A   0.69678 0.13894 0.08100 0.04221 0.02115 0.01044 0.00512 0.00249 0.00118 0.00051 0.00016 ( 1)  0.113 +-  0.123
  38 Y   0.98555 0.01254 0.00158 0.00027 0.00005 0.00001 0.00000 0.00000 0.00000 0.00000 0.00000 ( 1)  0.052 +-  0.015
  39 W   0.98478 0.01326 0.00164 0.00026 0.00005 0.00001 0.00000 0.00000 0.00000 0.00000 0.00000 ( 1)  0.052 +-  0.015
  40 A   0.98323 0.01423 0.00203 0.00038 0.00009 0.00002 0.00001 0.00000 0.00000 0.00000 0.00000 ( 1)  0.052 +-  0.017
  41 D   0.99056 0.00852 0.00079 0.00011 0.00002 0.00000 0.00000 0.00000 0.00000 0.00000 0.00000 ( 1)  0.051 +-  0.011
  42 G   0.97400 0.02047 0.00406 0.00102 0.00030 0.00010 0.00003 0.00001 0.00000 0.00000 0.00000 ( 1)  0.053 +-  0.023
  43 G   0.97699 0.01863 0.00334 0.00076 0.00020 0.00006 0.00002 0.00001 0.00000 0.00000 0.00000 ( 1)  0.053 +-  0.021
  44 K   0.95904 0.03283 0.00630 0.00138 0.00034 0.00009 0.00003 0.00001 0.00000 0.00000 0.00000 ( 1)  0.055 +-  0.028
  45 L   0.98835 0.01022 0.00117 0.00019 0.00004 0.00001 0.00000 0.00000 0.00000 0.00000 0.00000 ( 1)  0.051 +-  0.013
  46 T   0.98981 0.00916 0.00089 0.00012 0.00002 0.00000 0.00000 0.00000 0.00000 0.00000 0.00000 ( 1)  0.051 +-  0.012
  47 I   0.86284 0.08864 0.03099 0.01090 0.00403 0.00156 0.00063 0.00026 0.00011 0.00004 0.00001 ( 1)  0.071 +-  0.064
  48 N   0.98481 0.01298 0.00177 0.00033 0.00008 0.00002 0.00001 0.00000 0.00000 0.00000 0.00000 ( 1)  0.052 +-  0.016
  49 G   0.00127 0.02137 0.08951 0.16225 0.19456 0.18143 0.14243 0.09802 0.05968 0.02971 0.01975 ( 5)  0.545 +-  0.232
  50 E   0.98810 0.01058 0.00113 0.00016 0.00003 0.00001 0.00000 0.00000 0.00000 0.00000 0.00000 ( 1)  0.051 +-  0.013
  51 P   0.82665 0.12887 0.03494 0.00758 0.00155 0.00032 0.00007 0.00002 0.00000 0.00000 0.00000 ( 1)  0.073 +-  0.057
  52 A   0.38471 0.28906 0.19547 0.08491 0.03080 0.01030 0.00331 0.00103 0.00031 0.00009 0.00000 ( 1)  0.164 +-  0.122
  53 E   0.34393 0.22935 0.19692 0.11764 0.06042 0.02886 0.01325 0.00591 0.00254 0.00098 0.00018 ( 1)  0.201 +-  0.159
  54 S   0.99334 0.00620 0.00042 0.00004 0.00001 0.00000 0.00000 0.00000 0.00000 0.00000 0.00000 ( 1)  0.051 +-  0.009
  55 E   0.96054 0.03198 0.00587 0.00122 0.00028 0.00007 0.00002 0.00001 0.00000 0.00000 0.00000 ( 1)  0.055 +-  0.027
  56 T   0.98099 0.01696 0.00178 0.00023 0.00004 0.00001 0.00000 0.00000 0.00000 0.00000 0.00000 ( 1)  0.052 +-  0.016
  57 Y   0.95208 0.03723 0.00801 0.00194 0.00052 0.00015 0.00005 0.00002 0.00001 0.00000 0.00000 ( 1)  0.056 +-  0.031
  58 A   0.00558 0.03177 0.09086 0.13784 0.15572 0.14888 0.12757 0.10036 0.07224 0.04354 0.08563 ( 5)  0.623 +-  0.360
  59 N   0.98423 0.01343 0.00187 0.00035 0.00008 0.00002 0.00001 0.00000 0.00000 0.00000 0.00000 ( 1)  0.052 +-  0.016
  60 C   0.98029 0.01625 0.00267 0.00058 0.00015 0.00004 0.00001 0.00000 0.00000 0.00000 0.00000 ( 1)  0.052 +-  0.019
  61 V   0.99296 0.00654 0.00045 0.00004 0.00001 0.00000 0.00000 0.00000 0.00000 0.00000 0.00000 ( 1)  0.051 +-  0.009
  62 N   0.98742 0.01101 0.00129 0.00021 0.00004 0.00001 0.00000 0.00000 0.00000 0.00000 0.00000 ( 1)  0.051 +-  0.014
  63 D   0.99056 0.00852 0.00079 0.00011 0.00002 0.00000 0.00000 0.00000 0.00000 0.00000 0.00000 ( 1)  0.051 +-  0.011
  64 P   0.98754 0.01105 0.00120 0.00017 0.00003 0.00001 0.00000 0.00000 0.00000 0.00000 0.00000 ( 1)  0.051 +-  0.013
  65 Y   0.98612 0.01210 0.00148 0.00024 0.00005 0.00001 0.00000 0.00000 0.00000 0.00000 0.00000 ( 1)  0.052 +-  0.015
  66 C   0.98032 0.01623 0.00266 0.00058 0.00015 0.00004 0.00001 0.00000 0.00000 0.00000 0.00000 ( 1)  0.052 +-  0.019
  67 A   0.98102 0.01582 0.00248 0.00051 0.00012 0.00003 0.00001 0.00000 0.00000 0.00000 0.00000 ( 1)  0.052 +-  0.018
  68 A   0.97294 0.02099 0.00435 0.00116 0.00036 0.00012 0.00005 0.00002 0.00001 0.00000 0.00000 ( 1)  0.054 +-  0.024
  69 N   0.98658 0.01165 0.00145 0.00025 0.00005 0.00001 0.00000 0.00000 0.00000 0.00000 0.00000 ( 1)  0.052 +-  0.014
  70 T   0.98998 0.00902 0.00086 0.00012 0.00002 0.00000 0.00000 0.00000 0.00000 0.00000 0.00000 ( 1)  0.051 +-  0.012
  71 I   0.99051 0.00856 0.00080 0.00011 0.00002 0.00000 0.00000 0.00000 0.00000 0.00000 0.00000 ( 1)  0.051 +-  0.011
  72 Q   0.97234 0.02168 0.00442 0.00111 0.00031 0.00009 0.00003 0.00001 0.00000 0.00000 0.00000 ( 1)  0.054 +-  0.024
  73 N   0.98716 0.01123 0.00133 0.00022 0.00004 0.00001 0.00000 0.00000 0.00000 0.00000 0.00000 ( 1)  0.051 +-  0.014
  74 Y   0.98423 0.01351 0.00183 0.00033 0.00007 0.00002 0.00000 0.00000 0.00000 0.00000 0.00000 ( 1)  0.052 +-  0.016
  75 M   0.99604 0.00380 0.00015 0.00001 0.00000 0.00000 0.00000 0.00000 0.00000 0.00000 0.00000 ( 1)  0.050 +-  0.007
  76 L   0.97836 0.01877 0.00237 0.00040 0.00008 0.00002 0.00000 0.00000 0.00000 0.00000 0.00000 ( 1)  0.053 +-  0.018
  77 K   0.98712 0.01131 0.00131 0.00021 0.00004 0.00001 0.00000 0.00000 0.00000 0.00000 0.00000 ( 1)  0.051 +-  0.014
  78 Y   0.86825 0.09018 0.02883 0.00874 0.00270 0.00087 0.00029 0.00010 0.00003 0.00001 0.00000 ( 1)  0.069 +-  0.058
  79 G   0.88425 0.08612 0.02292 0.00526 0.00114 0.00024 0.00005 0.00001 0.00000 0.00000 0.00000 ( 1)  0.065 +-  0.048
  80 Q   0.97531 0.01980 0.00371 0.00086 0.00023 0.00006 0.00002 0.00001 0.00000 0.00000 0.00000 ( 1)  0.053 +-  0.022
  81 D   0.99056 0.00852 0.00079 0.00011 0.00002 0.00000 0.00000 0.00000 0.00000 0.00000 0.00000 ( 1)  0.051 +-  0.011
  82 C   0.98048 0.01611 0.00263 0.00057 0.00015 0.00004 0.00001 0.00000 0.00000 0.00000 0.00000 ( 1)  0.052 +-  0.019
  83 N   0.98693 0.01140 0.00138 0.00023 0.00005 0.00001 0.00000 0.00000 0.00000 0.00000 0.00000 ( 1)  0.052 +-  0.014
  84 K   0.01341 0.06938 0.16856 0.20881 0.18817 0.14153 0.09472 0.05806 0.03264 0.01556 0.00916 ( 4)  0.450 +-  0.217
  85 D   0.99332 0.00617 0.00045 0.00005 0.00001 0.00000 0.00000 0.00000 0.00000 0.00000 0.00000 ( 1)  0.051 +-  0.009
  86 G   0.63926 0.19699 0.10133 0.04032 0.01455 0.00504 0.00171 0.00057 0.00019 0.00006 0.00000 ( 1)  0.112 +-  0.102
  87 A   0.84913 0.09926 0.03476 0.01130 0.00368 0.00123 0.00042 0.00015 0.00005 0.00002 0.00000 ( 1)  0.073 +-  0.064
  88 V   0.99127 0.00799 0.00066 0.00008 0.00001 0.00000 0.00000 0.00000 0.00000 0.00000 0.00000 ( 1)  0.051 +-  0.011
  89 N   0.88142 0.08339 0.02497 0.00719 0.00211 0.00064 0.00020 0.00006 0.00002 0.00001 0.00000 ( 1)  0.067 +-  0.053
  90 C   0.98087 0.01586 0.00255 0.00054 0.00014 0.00004 0.00001 0.00000 0.00000 0.00000 0.00000 ( 1)  0.052 +-  0.018
  91 F   0.69936 0.17604 0.07901 0.02925 0.01042 0.00375 0.00138 0.00052 0.00020 0.00007 0.00001 ( 1)  0.100 +-  0.093
  92 D   0.99056 0.00852 0.00079 0.00011 0.00002 0.00000 0.00000 0.00000 0.00000 0.00000 0.00000 ( 1)  0.051 +-  0.011
  93 Y   0.98391 0.01375 0.00190 0.00035 0.00008 0.00002 0.00001 0.00000 0.00000 0.00000 0.00000 ( 1)  0.052 +-  0.016
  94 A   0.98496 0.01298 0.00169 0.00029 0.00006 0.00001 0.00000 0.00000 0.00000 0.00000 0.00000 ( 1)  0.052 +-  0.015
  95 A   0.97340 0.02072 0.00424 0.00112 0.00034 0.00012 0.00004 0.00002 0.00001 0.00000 0.00000 ( 1)  0.053 +-  0.024
  96 I   0.99386 0.00575 0.00036 0.00003 0.00000 0.00000 0.00000 0.00000 0.00000 0.00000 0.00000 ( 1)  0.051 +-  0.009
  97 H   0.99948 0.00052 0.00000 0.00000 0.00000 0.00000 0.00000 0.00000 0.00000 0.00000 0.00000 ( 1)  0.050 +-  0.002
  98 K   0.96637 0.02794 0.00458 0.00087 0.00018 0.00004 0.00001 0.00000 0.00000 0.00000 0.00000 ( 1)  0.054 +-  0.024
  99 L   0.96512 0.02538 0.00634 0.00199 0.00071 0.00027 0.00011 0.00005 0.00002 0.00001 0.00000 ( 1)  0.055 +-  0.030
 100 G   0.97469 0.02005 0.00389 0.00096 0.00028 0.00009 0.00003 0.00001 0.00000 0.00000 0.00000 ( 1)  0.053 +-  0.023
 101 G   0.31885 0.19327 0.18363 0.12880 0.07921 0.04559 0.02525 0.01357 0.00700 0.00322 0.00161 ( 1)  0.235 +-  0.193
 102 Y   0.95449 0.03578 0.00739 0.00172 0.00044 0.00012 0.00004 0.00001 0.00000 0.00000 0.00000 ( 1)  0.056 +-  0.030
 103 G   0.06987 0.12109 0.18826 0.18507 0.14868 0.10751 0.07291 0.04704 0.02861 0.01509 0.01587 ( 3)  0.405 +-  0.254
 104 C   0.98134 0.01552 0.00245 0.00051 0.00013 0.00003 0.00001 0.00000 0.00000 0.00000 0.00000 ( 1)  0.052 +-  0.018
 105 G   0.00182 0.03461 0.13549 0.21270 0.21531 0.16889 0.11206 0.06566 0.03431 0.01484 0.00432 ( 5)  0.475 +-  0.191
 106 G   0.97513 0.01975 0.00379 0.00093 0.00027 0.00008 0.00003 0.00001 0.00000 0.00000 0.00000 ( 1)  0.053 +-  0.022
 107 D   0.85344 0.09971 0.03284 0.00981 0.00291 0.00089 0.00028 0.00009 0.00003 0.00001 0.00000 ( 1)  0.071 +-  0.060
 108 L   0.96830 0.02379 0.00550 0.00160 0.00052 0.00018 0.00007 0.00003 0.00001 0.00000 0.00000 ( 1)  0.054 +-  0.028
 109 P   0.92247 0.06266 0.01223 0.00217 0.00038 0.00007 0.00001 0.00000 0.00000 0.00000 0.00000 ( 1)  0.060 +-  0.036
 110 H   0.98090 0.01688 0.00188 0.00027 0.00005 0.00001 0.00000 0.00000 0.00000 0.00000 0.00000 ( 1)  0.052 +-  0.017
 111 K   0.77152 0.12680 0.05986 0.02508 0.01010 0.00403 0.00161 0.00064 0.00026 0.00009 0.00001 ( 1)  0.090 +-  0.090
 112 Y   0.84496 0.09995 0.03612 0.01230 0.00425 0.00152 0.00056 0.00021 0.00008 0.00003 0.00000 ( 1)  0.074 +-  0.067
 113 A   0.00135 0.02008 0.08100 0.14346 0.17283 0.16737 0.14067 0.10623 0.07228 0.04066 0.05407 ( 5)  0.597 +-  0.295
 114 T   0.49422 0.26832 0.14792 0.05822 0.02066 0.00709 0.00240 0.00081 0.00027 0.00008 0.00001 ( 1)  0.138 +-  0.113
 115 D   0.34404 0.27890 0.20809 0.10148 0.04192 0.01616 0.00606 0.00224 0.00081 0.00027 0.00002 ( 1)  0.181 +-  0.134
 116 L   0.96517 0.02545 0.00631 0.00196 0.00069 0.00026 0.00010 0.00004 0.00002 0.00001 0.00000 ( 1)  0.055 +-  0.030
 117 E   0.00037 0.02659 0.14848 0.24891 0.23733 0.16524 0.09474 0.04755 0.02134 0.00803 0.00142 ( 4)  0.451 +-  0.166
 118 L   0.00594 0.04780 0.13773 0.19015 0.18779 0.15412 0.11239 0.07495 0.04570 0.02344 0.01998 ( 4)  0.498 +-  0.243
 119 C   0.98030 0.01625 0.00267 0.00058 0.00015 0.00004 0.00001 0.00000 0.00000 0.00000 0.00000 ( 1)  0.052 +-  0.019
 120 L   0.97554 0.01948 0.00372 0.00090 0.00025 0.00008 0.00002 0.00001 0.00000 0.00000 0.00000 ( 1)  0.053 +-  0.022
 121 K   0.00170 0.06184 0.21834 0.26898 0.20870 0.12638 0.06564 0.03054 0.01285 0.00456 0.00047 ( 4)  0.403 +-  0.159
 122 S   0.60026 0.26055 0.10430 0.02729 0.00604 0.00125 0.00025 0.00005 0.00001 0.00000 0.00000 ( 1)  0.108 +-  0.085
 123 Y   0.99056 0.00893 0.00047 0.00003 0.00000 0.00000 0.00000 0.00000 0.00000 0.00000 0.00000 ( 1)  0.051 +-  0.011
 124 G   0.62465 0.14889 0.10036 0.05876 0.03241 0.01736 0.00913 0.00470 0.00234 0.00104 0.00035 ( 1)  0.136 +-  0.147
 125 A   0.70322 0.14138 0.08020 0.03997 0.01901 0.00889 0.00413 0.00191 0.00086 0.00035 0.00009 ( 1)  0.109 +-  0.116
 126 -   0.96075 0.02832 0.00738 0.00231 0.00079 0.00029 0.00011 0.00004 0.00002 0.00001 0.00000 ( 1)  0.056 +-  0.032
 127 -   0.28908 0.19264 0.19513 0.14119 0.08675 0.04843 0.02534 0.01258 0.00588 0.00242 0.00056 ( 1)  0.241 +-  0.184
 128 -   0.97518 0.02007 0.00367 0.00081 0.00020 0.00005 0.00001 0.00000 0.00000 0.00000 0.00000 ( 1)  0.053 +-  0.022
 129 -   0.98307 0.01464 0.00192 0.00030 0.00005 0.00001 0.00000 0.00000 0.00000 0.00000 0.00000 ( 1)  0.052 +-  0.016
 130 -   0.97804 0.01821 0.00299 0.00059 0.00013 0.00003 0.00001 0.00000 0.00000 0.00000 0.00000 ( 1)  0.053 +-  0.019
 131 N   0.98753 0.01094 0.00127 0.00020 0.00004 0.00001 0.00000 0.00000 0.00000 0.00000 0.00000 ( 1)  0.051 +-  0.014

Positively selected sites

	Prob(w>1)  mean w

