

NSsites Model 0: one-ratio

TREE # 1

  0  0.0000   2676.884893  x:  0.54944   0.59602   0.21187   0.14549   0.04143   0.07903   0.03400   0.00589   0.05999   0.03714   0.20981   0.03615   0.09085   0.12354   0.00000   0.21793   0.01639   0.13518   0.21835   0.04368   0.19109   0.30635   0.11437   0.13094   0.04362   0.03117   0.01705   0.24589   0.03976   0.06286   0.04516   0.07955   0.30805   1.24893   1.33664   0.78687   1.02533   0.47143  
  1 99.0000   2590.231920  x:  0.54350   0.58856   0.24614   0.15577   0.02601   0.08048   0.02407   0.03717   0.05499   0.04711   0.20423   0.10206   0.10238   0.12499   0.08676   0.21290   0.06125   0.14779   0.21917   0.07604   0.18540   0.30076   0.10687   0.13286   0.05597   0.00000   0.03420   0.26064   0.02922   0.04781   0.04246   0.05297   0.31305   1.27769   1.34248   0.80748   1.01618   0.33096  
  2 591.4774   2473.582751  x:  0.53457   0.57568   0.29014   0.15430   0.00956   0.08216   0.02641   0.02542   0.04695   0.04695   0.19576   0.13052   0.11239   0.12458   0.10448   0.20341   0.07334   0.15869   0.22055   0.10124   0.17412   0.29377   0.09317   0.13443   0.06802   0.00000   0.04407   0.28047   0.01981   0.03500   0.04286   0.01643   0.32114   1.31633   1.35034   0.83403   1.00411   0.08168  
  3 1646.2549   2467.589069  x:  0.53373   0.56939   0.34899   0.15735   0.05860   0.08873   0.03268   0.01298   0.05707   0.05069   0.19471   0.13895   0.12199   0.13060   0.09880   0.19928   0.07503   0.17219   0.23060   0.12293   0.16520   0.29582   0.08801   0.13863   0.06632   0.00000   0.04718   0.30688   0.02863   0.04993   0.05826   0.00000   0.33793   1.32752   1.34877   0.83984   1.00524   0.07122  
  4 148.3001   2463.010858  x:  0.53223   0.56367   0.38977   0.15781   0.05448   0.09136   0.02992   0.00000   0.05603   0.05193   0.19370   0.14310   0.12758   0.13319   0.09133   0.19536   0.07555   0.18124   0.23676   0.13612   0.15815   0.29664   0.08349   0.14011   0.06732   0.00000   0.04747   0.32426   0.02609   0.04940   0.06288   0.00000   0.34989   1.33887   1.34833   0.84623   1.00506   0.07568  
  5 221.5868   2455.195142  x:  0.52705   0.53971   0.55360   0.16077   0.03038   0.09828   0.01892   0.05658   0.06875   0.05780   0.19388   0.13559   0.14011   0.14150   0.03430   0.18107   0.06828   0.21319   0.26177   0.17223   0.12960   0.30439   0.06813   0.14362   0.06310   0.00000   0.03945   0.38993   0.01918   0.04344   0.06974   0.00000   0.39920   1.37983   1.34277   0.86658   1.00958   0.08433  
  6 310.9778   2453.798686  x:  0.52657   0.53258   0.59625   0.17143   0.01947   0.09341   0.04496   0.06249   0.05940   0.05507   0.19695   0.12635   0.13431   0.13967   0.03404   0.18544   0.07519   0.21568   0.26669   0.16687   0.12616   0.31230   0.07279   0.14306   0.06015   0.00000   0.03985   0.39983   0.03312   0.04357   0.06162   0.00000   0.41002   1.38531   1.33702   0.86712   1.01656   0.08443  
  7 85.4518   2451.949209  x:  0.52689   0.52071   0.65785   0.19313   0.01795   0.07985   0.03017   0.06236   0.04174   0.04923   0.20469   0.10713   0.11854   0.13442   0.04189   0.19860   0.08563   0.21111   0.27163   0.14238   0.12636   0.32979   0.08427   0.13832   0.06005   0.00000   0.03174   0.40454   0.03403   0.04666   0.05142   0.00000   0.42229   1.38748   1.32312   0.86195   1.03420   0.07889  
  8 77.0941   2451.192641  x:  0.52659   0.51042   0.69097   0.20232   0.01269   0.08561   0.03244   0.05961   0.05396   0.05307   0.21015   0.10879   0.11367   0.13301   0.04353   0.20479   0.08549   0.20113   0.27118   0.12039   0.13012   0.34092   0.08605   0.13565   0.06660   0.00000   0.03851   0.39638   0.02578   0.03874   0.06181   0.00000   0.42311   1.39044   1.31056   0.85792   1.04994   0.07615  
  9 43.0993   2450.775396  x:  0.52458   0.49799   0.71168   0.20216   0.01505   0.08914   0.03223   0.05979   0.04852   0.05136   0.20963   0.12157   0.11795   0.13383   0.03948   0.20408   0.07962   0.18952   0.26782   0.11066   0.13382   0.34577   0.07841   0.13473   0.06159   0.00000   0.04347   0.38200   0.02474   0.03371   0.05400   0.00000   0.41693   1.40013   1.29786   0.85842   1.06521   0.07614  
 10 29.0993   2450.545291  x:  0.52293   0.48863   0.72317   0.20079   0.01177   0.08871   0.03190   0.06078   0.04607   0.04965   0.20831   0.12788   0.12033   0.13385   0.03775   0.20301   0.07710   0.18274   0.26530   0.10907   0.13616   0.34755   0.07404   0.13469   0.06143   0.00000   0.04436   0.37093   0.02582   0.04317   0.05521   0.00000   0.41114   1.40841   1.28821   0.85973   1.07655   0.07599  
 11 48.2259   2450.165005  x:  0.51851   0.46719   0.73907   0.19569   0.01366   0.08039   0.03494   0.06120   0.04809   0.04591   0.20341   0.12632   0.11975   0.13048   0.03686   0.20026   0.07846   0.17694   0.26040   0.12002   0.13821   0.34593   0.07345   0.13550   0.07056   0.00000   0.03938   0.34823   0.02336   0.04182   0.05397   0.00000   0.39738   1.43215   1.26690   0.86709   1.10071   0.07740  
 12 31.9481   2449.879230  x:  0.51531   0.44908   0.74761   0.19096   0.01219   0.08149   0.03095   0.06001   0.05093   0.04871   0.20051   0.12037   0.11823   0.12872   0.03772   0.19851   0.08124   0.17709   0.25750   0.12877   0.13739   0.34246   0.07825   0.13760   0.06407   0.00000   0.04175   0.33348   0.03047   0.03857   0.05607   0.00000   0.38706   1.45383   1.24739   0.87467   1.12255   0.07746  
 13 45.3757   2449.666112  x:  0.51366   0.43502   0.74906   0.18749   0.01286   0.08865   0.03340   0.05995   0.04813   0.05278   0.19978   0.11570   0.11780   0.12950   0.03999   0.19721   0.08252   0.18104   0.25629   0.13012   0.13440   0.33787   0.08273   0.13681   0.05894   0.00000   0.04014   0.32984   0.02324   0.04110   0.05525   0.00000   0.38216   1.47417   1.23033   0.88321   1.14134   0.07770  
 14 33.4684   2449.320902  x:  0.51313   0.41180   0.74376   0.18140   0.01401   0.09416   0.03166   0.06035   0.04443   0.05535   0.20116   0.11283   0.11983   0.13376   0.04236   0.19500   0.07984   0.19077   0.25601   0.12306   0.12880   0.32869   0.08602   0.13497   0.06971   0.00000   0.04527   0.33723   0.02649   0.04315   0.05117   0.00000   0.38019   1.51465   1.19732   0.90251   1.17741   0.07878  
 15 37.2954   2448.859676  x:  0.51658   0.38637   0.73170   0.17640   0.01331   0.08084   0.03284   0.05859   0.04972   0.04844   0.20449   0.11733   0.12193   0.13676   0.04582   0.19407   0.07586   0.20127   0.25747   0.11469   0.12987   0.31994   0.08209   0.13148   0.06278   0.00000   0.04242   0.35599   0.02625   0.04115   0.05460   0.00000   0.38518   1.56972   1.15200   0.93138   1.22742   0.07940  
 16 50.4688   2448.575586  x:  0.52639   0.38261   0.72108   0.17869   0.01253   0.08776   0.03246   0.05829   0.04656   0.04783   0.20556   0.12165   0.11553   0.12935   0.04037   0.19819   0.08000   0.19847   0.26004   0.12348   0.14316   0.32408   0.07467   0.13531   0.06427   0.00000   0.03823   0.36922   0.02756   0.03881   0.05609   0.00000   0.39606   1.60553   1.12306   0.95529   1.26158   0.07896  
 17 24.7082   2448.421919  x:  0.53654   0.39177   0.71633   0.18458   0.01240   0.08351   0.03222   0.05721   0.04892   0.05211   0.20337   0.12117   0.11829   0.12841   0.03499   0.19898   0.08505   0.19159   0.25998   0.12803   0.14021   0.32987   0.07519   0.13789   0.06370   0.00000   0.04612   0.37135   0.02345   0.04153   0.05130   0.00000   0.40285   1.62808   1.11071   0.97614   1.27918   0.07908  
 18 16.6986   2448.341727  x:  0.54259   0.39945   0.71472   0.18854   0.01276   0.08366   0.03218   0.05748   0.04737   0.05123   0.20149   0.12041   0.12053   0.12912   0.03395   0.19798   0.08608   0.18798   0.25976   0.12879   0.13539   0.33315   0.07523   0.13725   0.06370   0.00000   0.04619   0.37026   0.02353   0.04053   0.05380   0.00545   0.40543   1.64057   1.10595   0.98964   1.28770   0.07940  
 19 26.5557   2448.205684  x:  0.55428   0.41637   0.71307   0.19602   0.01267   0.08676   0.03174   0.05703   0.04796   0.04868   0.19846   0.11924   0.12420   0.13130   0.03412   0.19486   0.08626   0.18210   0.26000   0.12924   0.12497   0.33943   0.07447   0.13495   0.06375   0.00000   0.04092   0.36752   0.02604   0.03904   0.05590   0.00000   0.40795   1.66353   1.09874   1.01695   1.30330   0.07988  
 20 40.1804   2448.094442  x:  0.56061   0.43369   0.71656   0.19473   0.01294   0.08567   0.03170   0.05595   0.04954   0.05243   0.20227   0.12253   0.11606   0.13028   0.03424   0.19099   0.08170   0.18968   0.26564   0.12651   0.12480   0.34365   0.07379   0.13367   0.06356   0.00000   0.03864   0.36244   0.02730   0.04038   0.05364   0.00162   0.40196   1.67851   1.10181   1.04540   1.31323   0.08044  
 21 10.2299   2448.027623  x:  0.56203   0.44157   0.71887   0.19273   0.01332   0.08559   0.03179   0.05657   0.04778   0.04862   0.20382   0.12215   0.11560   0.13100   0.03362   0.19145   0.08184   0.19390   0.26793   0.12552   0.12735   0.34445   0.07442   0.13499   0.06349   0.00000   0.04175   0.36091   0.02587   0.04018   0.05519   0.00000   0.39809   1.68365   1.10555   1.06019   1.31807   0.08073  
 22 15.1811   2447.931876  x:  0.55896   0.45232   0.72450   0.18778   0.01215   0.08703   0.03152   0.05582   0.05046   0.04814   0.20598   0.11924   0.12393   0.13418   0.03385   0.19736   0.08477   0.19775   0.26731   0.12410   0.13352   0.34087   0.07270   0.13573   0.06387   0.00000   0.03859   0.36118   0.02648   0.04041   0.05214   0.00272   0.39275   1.68531   1.11897   1.08868   1.32711   0.08056  
 23 11.1028   2447.777547  x:  0.54734   0.46216   0.73212   0.18265   0.01290   0.08336   0.03216   0.05647   0.04563   0.05610   0.20411   0.11677   0.12570   0.12991   0.03406   0.20279   0.08438   0.19498   0.25969   0.12282   0.13394   0.32974   0.06688   0.13517   0.06416   0.00000   0.03907   0.36564   0.02620   0.03834   0.05641   0.00035   0.38954   1.68449   1.14673   1.13775   1.34217   0.08141  
 24 16.4015   2447.585278  x:  0.52878   0.46711   0.73979   0.18092   0.01253   0.08684   0.03152   0.05554   0.05013   0.04879   0.19865   0.11819   0.11920   0.12295   0.03508   0.20273   0.08149   0.19012   0.25125   0.12428   0.13009   0.31800   0.06690   0.13404   0.06343   0.00000   0.04216   0.37115   0.02489   0.04010   0.05284   0.00260   0.39126   1.67979   1.18525   1.19763   1.36061   0.08253  
 25 29.7202   2447.385558  x:  0.50724   0.46242   0.74239   0.18765   0.01143   0.08556   0.03158   0.05492   0.04825   0.04945   0.19681   0.12636   0.11761   0.13202   0.02989   0.19348   0.07810   0.18842   0.25176   0.12998   0.13030   0.31869   0.07940   0.13543   0.06455   0.00000   0.03975   0.37210   0.02444   0.03863   0.05374   0.00187   0.39862   1.67083   1.22958   1.25863   1.38276   0.08226  
 26 22.4667   2447.251292  x:  0.49494   0.44836   0.74070   0.19827   0.01245   0.08642   0.03113   0.05427   0.04902   0.04999   0.19973   0.12049   0.12156   0.13131   0.03147   0.18602   0.07773   0.19034   0.25771   0.13082   0.13203   0.32912   0.07077   0.13481   0.06413   0.00000   0.04230   0.36856   0.02392   0.03934   0.05392   0.00125   0.40400   1.67063   1.26350   1.30046   1.39721   0.08346  
 27 14.6731   2447.168958  x:  0.49463   0.43594   0.73905   0.19924   0.01380   0.08686   0.03058   0.05360   0.04974   0.04954   0.20083   0.12445   0.12211   0.12755   0.02576   0.19071   0.08670   0.19291   0.26201   0.12741   0.12527   0.33677   0.06832   0.13572   0.06387   0.00000   0.04028   0.36623   0.02481   0.03982   0.05507   0.00041   0.40451   1.67162   1.28598   1.32337   1.40837   0.08433  
 28 11.1448   2447.014504  x:  0.52010   0.41376   0.74106   0.19227   0.01325   0.08658   0.03075   0.05277   0.04996   0.04932   0.19706   0.12417   0.11900   0.13346   0.03000   0.20364   0.08057   0.19246   0.27109   0.13336   0.11353   0.34899   0.06241   0.14013   0.06396   0.00000   0.04114   0.36907   0.02346   0.03923   0.05479   0.00095   0.40150   1.66618   1.32807   1.34921   1.44095   0.08387  
 29  7.6491   2446.752025  x:  0.57490   0.38329   0.75074   0.18230   0.01464   0.08691   0.03008   0.05107   0.05018   0.04983   0.19585   0.12358   0.12362   0.12781   0.03145   0.19315   0.08246   0.18759   0.26993   0.13518   0.11949   0.35219   0.07065   0.12521   0.06397   0.00000   0.04288   0.37765   0.02423   0.03961   0.05578   0.00000   0.39785   1.66500   1.39862   1.38424   1.50306   0.08369  
 30 13.3864   2446.558991  x:  0.61069   0.36678   0.75934   0.18644   0.01584   0.08725   0.02948   0.04916   0.05127   0.04979   0.19918   0.12340   0.12349   0.12821   0.03211   0.18283   0.08412   0.18816   0.26115   0.13019   0.12374   0.34136   0.07185   0.14283   0.06389   0.00000   0.03944   0.37861   0.02424   0.04020   0.05626   0.00000   0.39962   1.66827   1.44884   1.40531   1.55333   0.08379  
 31 20.8453   2446.344529  x:  0.63014   0.36301   0.76770   0.20374   0.01684   0.08803   0.02839   0.04698   0.05188   0.04885   0.20204   0.12666   0.11845   0.13750   0.02665   0.19118   0.08462   0.19881   0.25567   0.13422   0.12780   0.32110   0.06688   0.13510   0.06388   0.00000   0.04224   0.36984   0.02432   0.04114   0.05671   0.00000   0.40764   1.67489   1.49532   1.41706   1.61603   0.08337  
 32 12.8766   2445.816120  x:  0.61464   0.38846   0.78805   0.20926   0.01885   0.08824   0.02693   0.04258   0.05294   0.05084   0.19181   0.13303   0.13552   0.11558   0.03105   0.20513   0.06674   0.21071   0.26921   0.13679   0.12936   0.31570   0.07973   0.13986   0.06442   0.00000   0.04058   0.36885   0.02477   0.04241   0.05874   0.00000   0.42079   1.69810   1.58793   1.42297   1.78660   0.08176  
 33 12.1454   2444.502848  x:  0.53901   0.46794   0.84061   0.17741   0.02745   0.09043   0.02238   0.02704   0.05996   0.05168   0.18675   0.12925   0.11998   0.14387   0.03805   0.19776   0.08722   0.19880   0.27541   0.13951   0.12614   0.33935   0.06976   0.14133   0.06267   0.00000   0.04012   0.40298   0.02670   0.04512   0.06400   0.00000   0.42363   1.76089   1.80989   1.43140   2.22172   0.07921  
 34 46.1437   2444.395976  x:  0.53390   0.47431   0.84468   0.18066   0.02718   0.09061   0.02214   0.02576   0.05934   0.04987   0.20415   0.13068   0.12251   0.14042   0.03673   0.19551   0.08711   0.19891   0.27207   0.14669   0.11820   0.34226   0.06838   0.14106   0.06288   0.00000   0.04079   0.40950   0.02596   0.04455   0.06405   0.00000   0.41521   1.75936   1.82131   1.43032   2.25357   0.07816  
 35 12.0747   2444.319403  x:  0.53289   0.47403   0.84931   0.19294   0.02663   0.09081   0.02175   0.02485   0.06006   0.05075   0.19529   0.13227   0.12310   0.13958   0.03351   0.19422   0.08729   0.20401   0.26848   0.14747   0.11857   0.34591   0.06706   0.14141   0.06298   0.00000   0.04078   0.41893   0.02556   0.04429   0.06382   0.00000   0.39892   1.75232   1.81285   1.43687   2.25981   0.07799  
 36  2.4429   2442.949093  x:  0.54705   0.43283   0.95199   0.19263   0.03128   0.09388   0.02042   0.01076   0.06331   0.05142   0.20455   0.13700   0.12410   0.14548   0.03725   0.20027   0.08267   0.18709   0.29130   0.15066   0.12648   0.32432   0.07706   0.14233   0.06322   0.00000   0.04283   0.41894   0.02308   0.04612   0.06607   0.00000   0.39269   1.61703   1.52908   1.64573   2.20536   0.07787  
 37  3.4790   2442.679925  x:  0.55411   0.42916   0.97310   0.18122   0.03104   0.09381   0.02071   0.00741   0.06237   0.05125   0.19826   0.13779   0.12719   0.14215   0.03849   0.19237   0.08579   0.20972   0.27333   0.15179   0.12209   0.33474   0.07013   0.14131   0.06409   0.00000   0.04461   0.41025   0.02153   0.04562   0.06594   0.00000   0.40794   1.58546   1.47191   1.67290   2.19172   0.07604  
 38 15.9831   2442.340540  x:  0.55593   0.41883   1.00067   0.17869   0.03268   0.09438   0.02098   0.00490   0.06319   0.05115   0.20423   0.13997   0.12662   0.14495   0.04183   0.20666   0.07400   0.21275   0.24530   0.15532   0.12859   0.34937   0.07981   0.14042   0.06357   0.00000   0.04426   0.41296   0.02252   0.04709   0.06649   0.00000   0.41032   1.64602   1.45597   1.64722   2.10660   0.07913  
 39  2.8307   2441.722915  x:  0.56401   0.41291   1.03637   0.17697   0.03199   0.09431   0.02169   0.00000   0.06291   0.05103   0.20108   0.14056   0.12850   0.14221   0.04148   0.19941   0.08107   0.21347   0.25999   0.15647   0.12403   0.34131   0.07302   0.14006   0.06432   0.00000   0.04488   0.41368   0.02137   0.04595   0.06612   0.00000   0.40916   1.71340   1.43730   1.58861   1.99676   0.08000  
 40 19.0205   2440.741210  x:  0.57999   0.40208   1.12890   0.17436   0.02735   0.09244   0.02772   0.01071   0.05620   0.05228   0.19714   0.13582   0.13279   0.13458   0.03722   0.18537   0.08995   0.22036   0.27547   0.15789   0.11546   0.33338   0.06057   0.13800   0.06641   0.00000   0.04639   0.41181   0.01992   0.04242   0.06494   0.00000   0.41510   1.81858   1.29677   1.39707   1.62043   0.08266  
 41  0.8768   2440.106170  x:  0.58893   0.42977   1.31838   0.18399   0.02565   0.08996   0.02889   0.00631   0.05501   0.05157   0.20206   0.13634   0.12742   0.13490   0.04327   0.18928   0.09959   0.21590   0.28573   0.16089   0.11188   0.35055   0.06189   0.13745   0.06466   0.00000   0.04299   0.43440   0.02711   0.03918   0.06317   0.00000   0.43398   1.80150   1.38534   1.31123   1.72881   0.07914  
 42  0.1255   2439.886170  x:  0.59760   0.42135   1.42630   0.17343   0.02695   0.09178   0.02521   0.00580   0.05693   0.05093   0.19926   0.14174   0.12915   0.13822   0.04999   0.19102   0.09701   0.21404   0.28358   0.16201   0.11507   0.34839   0.06511   0.13826   0.06526   0.00000   0.04379   0.43249   0.02437   0.04128   0.06413   0.00000   0.43130   1.77834   1.27247   1.31186   1.58151   0.07535  
 43  0.1502   2439.821550  x:  0.59417   0.43088   1.47678   0.16673   0.02667   0.09241   0.02697   0.00713   0.05808   0.05147   0.19944   0.14320   0.13012   0.13822   0.05403   0.18915   0.09792   0.21698   0.28283   0.16250   0.11242   0.34879   0.06249   0.13852   0.06529   0.00000   0.04490   0.43364   0.02222   0.04183   0.06517   0.00000   0.42861   1.77274   1.35271   1.35754   1.68675   0.07539  
 44  0.1201   2439.799443  x:  0.59308   0.43460   1.51103   0.16490   0.02599   0.09197   0.02614   0.00812   0.05761   0.05217   0.20013   0.14393   0.13028   0.13684   0.05916   0.19128   0.09786   0.21821   0.28369   0.16273   0.11307   0.34759   0.06223   0.13810   0.06480   0.00000   0.04482   0.43191   0.02359   0.04127   0.06437   0.00000   0.42743   1.78538   1.33837   1.35349   1.66090   0.07563  
 45  0.0286   2439.789338  x:  0.59283   0.43674   1.51355   0.16044   0.02602   0.09178   0.02701   0.00810   0.05736   0.05162   0.19981   0.14546   0.12955   0.13737   0.06525   0.19209   0.09844   0.21709   0.28321   0.16332   0.11402   0.34839   0.06312   0.13820   0.06520   0.00000   0.04476   0.43152   0.02346   0.04124   0.06436   0.00000   0.42772   1.78897   1.33436   1.36197   1.67910   0.07506  
 46  0.0091   2439.784662  x:  0.59410   0.43560   1.50167   0.15685   0.02596   0.09198   0.02626   0.00804   0.05730   0.05155   0.19974   0.14577   0.12971   0.13715   0.06868   0.19087   0.09942   0.21741   0.28332   0.16341   0.11284   0.34872   0.06217   0.13817   0.06512   0.00000   0.04499   0.43180   0.02322   0.04126   0.06452   0.00000   0.42825   1.79331   1.34177   1.36494   1.68747   0.07549  
 47  0.0109   2439.783914  x:  0.59438   0.43444   1.49817   0.15626   0.02602   0.09200   0.02650   0.00793   0.05753   0.05179   0.19976   0.14609   0.12999   0.13718   0.06961   0.19120   0.09930   0.21756   0.28363   0.16367   0.11304   0.34837   0.06222   0.13820   0.06503   0.00000   0.04500   0.43240   0.02331   0.04127   0.06448   0.00000   0.42779   1.79101   1.33795   1.36059   1.67806   0.07555  
 48  0.0089   2439.783805  x:  0.59436   0.43440   1.49860   0.15611   0.02601   0.09197   0.02644   0.00794   0.05753   0.05180   0.19975   0.14617   0.12996   0.13714   0.06989   0.19121   0.09930   0.21765   0.28362   0.16370   0.11308   0.34841   0.06221   0.13818   0.06507   0.00000   0.04499   0.43242   0.02328   0.04124   0.06447   0.00000   0.42790   1.78945   1.33875   1.35763   1.67465   0.07548  
 49  0.0039   2439.783791  x:  0.59413   0.43459   1.49876   0.15605   0.02602   0.09197   0.02644   0.00796   0.05750   0.05177   0.19976   0.14615   0.12992   0.13716   0.06994   0.19116   0.09930   0.21761   0.28360   0.16369   0.11306   0.34845   0.06221   0.13817   0.06508   0.00000   0.04499   0.43236   0.02327   0.04124   0.06448   0.00000   0.42792   1.78869   1.33826   1.35763   1.67423   0.07548  
 50  0.0009   2439.783790  x:  0.59407   0.43466   1.49865   0.15603   0.02602   0.09197   0.02644   0.00797   0.05749   0.05177   0.19975   0.14613   0.12993   0.13716   0.06995   0.19117   0.09929   0.21759   0.28359   0.16369   0.11306   0.34845   0.06222   0.13818   0.06507   0.00000   0.04499   0.43233   0.02328   0.04124   0.06448   0.00000   0.42792   1.78872   1.33838   1.35751   1.67412   0.07548  
 51  0.0002   2439.783790  x:  0.59406   0.43467   1.49863   0.15603   0.02603   0.09197   0.02644   0.00797   0.05749   0.05177   0.19975   0.14613   0.12993   0.13716   0.06995   0.19117   0.09929   0.21759   0.28359   0.16369   0.11306   0.34845   0.06222   0.13818   0.06507   0.00000   0.04499   0.43233   0.02328   0.04124   0.06448   0.00000   0.42791   1.78872   1.33835   1.35753   1.67410   0.07548  
 52  0.0000   2439.783790  x:  0.59406   0.43467   1.49864   0.15603   0.02603   0.09197   0.02644   0.00797   0.05749   0.05177   0.19975   0.14613   0.12993   0.13716   0.06995   0.19117   0.09929   0.21759   0.28359   0.16369   0.11306   0.34845   0.06222   0.13818   0.06507   0.00000   0.04499   0.43233   0.02328   0.04124   0.06448   0.00000   0.42791   1.78872   1.33835   1.35754   1.67410   0.07548  
 53  0.0000   2439.783790  x:  0.59406   0.43467   1.49864   0.15603   0.02603   0.09197   0.02644   0.00797   0.05749   0.05177   0.19975   0.14613   0.12993   0.13716   0.06995   0.19117   0.09929   0.21759   0.28359   0.16369   0.11306   0.34845   0.06222   0.13818   0.06507   0.00000   0.04499   0.43233   0.02328   0.04124   0.06448   0.00000   0.42791   1.78872   1.33836   1.35754   1.67409   0.07548  
 54  0.0000   2439.783790  x:  0.59406   0.43467   1.49864   0.15603   0.02603   0.09197   0.02644   0.00797   0.05749   0.05177   0.19975   0.14613   0.12993   0.13716   0.06995   0.19117   0.09929   0.21759   0.28359   0.16369   0.11306   0.34845   0.06222   0.13818   0.06507   0.00000   0.04499   0.43233   0.02328   0.04124   0.06448   0.00000   0.42791   1.78872   1.33835   1.35754   1.67410   0.07548  
 55  0.0000   2439.783790  x:  0.59406   0.43467   1.49864   0.15603   0.02603   0.09197   0.02644   0.00797   0.05749   0.05177   0.19975   0.14613   0.12993   0.13716   0.06995   0.19117   0.09929   0.21759   0.28359   0.16369   0.11306   0.34845   0.06222   0.13818   0.06507   0.00000   0.04499   0.43233   0.02328   0.04124   0.06448   0.00000   0.42791   1.78872   1.33835   1.35754   1.67410   0.07548  

NSsites Model 1: NearlyNeutral

TREE # 1

  0  0.0000   2695.133460  x:  0.50445   0.55045   0.20466   0.13134   0.05406   0.06291   0.04791   0.02955   0.06617   0.02930   0.19377   0.03824   0.09637   0.12723   0.00000   0.20003   0.01625   0.12976   0.21365   0.05412   0.17478   0.30027   0.11131   0.12681   0.03487   0.02749   0.01282   0.22672   0.03647   0.05556   0.04811   0.07665   0.28802   1.87123   1.32769   1.29269   1.62042   0.60478   0.55083  
  1 99.0000   2622.837182  x:  0.50305   0.54658   0.24837   0.14772   0.03381   0.07602   0.03411   0.01981   0.05785   0.04786   0.19319   0.11200   0.10939   0.12929   0.09234   0.20049   0.08222   0.14789   0.21860   0.08317   0.17287   0.29794   0.10620   0.13337   0.06505   0.00000   0.04727   0.25120   0.03148   0.04467   0.04738   0.05143   0.29898   1.88566   1.33854   1.30379   1.61232   0.64574   0.43675  
  2 547.9142   2448.025134  x:  0.50210   0.53642   0.33280   0.15300   0.00423   0.09760   0.01805   0.00963   0.05039   0.05333   0.19320   0.15262   0.12828   0.13271   0.10799   0.19719   0.09984   0.17559   0.23241   0.12102   0.16649   0.29804   0.08714   0.14390   0.08498   0.00836   0.06268   0.30094   0.02108   0.04045   0.05161   0.00000   0.32725   1.91769   1.36359   1.32782   1.59380   0.75857   0.09808  
  3 982.7988   2448.025134  x:  0.50210   0.53642   0.33280   0.15300   0.00423   0.09760   0.01805   0.00963   0.05039   0.05333   0.19320   0.15262   0.12828   0.13271   0.10799   0.19719   0.09984   0.17559   0.23241   0.12102   0.16649   0.29804   0.08714   0.14390   0.08498   0.00836   0.06268   0.30094   0.02108   0.04045   0.05161   0.00000   0.32725   1.91769   1.36359   1.32782   1.59380   0.75857   0.09808  
  4 9673.2913   2429.675439  x:  0.50374   0.53666   0.34333   0.15405   0.03337   0.09818   0.02941   0.02123   0.05609   0.05365   0.19460   0.15295   0.13004   0.13400   0.10583   0.19833   0.09893   0.17923   0.23573   0.12362   0.16598   0.30019   0.08600   0.14489   0.08229   0.00000   0.06260   0.30629   0.02073   0.04590   0.05579   0.00777   0.33221   1.91955   1.36571   1.32945   1.59232   0.78487   0.04539  
  5 468.4385   2413.045231  x:  0.51491   0.53881   0.40784   0.15612   0.03320   0.09634   0.03671   0.01504   0.06075   0.05133   0.20168   0.15157   0.13736   0.13848   0.08835   0.20201   0.09257   0.19848   0.25440   0.13722   0.15878   0.31146   0.07778   0.14852   0.06679   0.00000   0.05573   0.33679   0.01628   0.05696   0.06048   0.00302   0.35709   1.92780   1.37770   1.33715   1.58440   0.91529   0.06189  
  6 189.3218   2411.772673  x:  0.51585   0.53838   0.41633   0.15557   0.02821   0.09495   0.03330   0.01207   0.05927   0.05063   0.20161   0.15041   0.13708   0.13797   0.08529   0.20161   0.09105   0.20000   0.25582   0.13803   0.15633   0.31224   0.07560   0.14769   0.06499   0.00000   0.05452   0.33987   0.01482   0.05503   0.05921   0.00000   0.35948   1.92853   1.37909   1.33804   1.58359   0.91987   0.05769  
  7 153.7376   2407.114083  x:  0.52724   0.52830   0.54055   0.14604   0.04134   0.07396   0.01379   0.03063   0.05523   0.04144   0.19449   0.13006   0.12622   0.12584   0.03970   0.19210   0.06658   0.21772   0.27080   0.14465   0.11269   0.31987   0.03882   0.12926   0.04511   0.00000   0.04390   0.37822   0.00000   0.03186   0.05799   0.00000   0.39150   1.93767   1.39831   1.35065   1.57276   0.91218   0.06180  
  8 140.9786   2404.974925  x:  0.53211   0.52177   0.60219   0.14369   0.03759   0.06995   0.02762   0.02979   0.05021   0.04000   0.19049   0.12085   0.12092   0.12024   0.02166   0.18810   0.06126   0.22489   0.27693   0.14693   0.09085   0.32359   0.02642   0.12267   0.04973   0.00000   0.05076   0.39557   0.01583   0.03155   0.06043   0.00000   0.40523   1.94231   1.40831   1.35738   1.56716   0.90335   0.06119  
  9 221.9152   2402.128556  x:  0.53882   0.50631   0.70858   0.15426   0.03456   0.08189   0.02268   0.02675   0.04926   0.05035   0.18438   0.11314   0.11624   0.11639   0.02576   0.18652   0.08313   0.23350   0.28497   0.15034   0.06184   0.33226   0.03831   0.11819   0.07557   0.00000   0.05640   0.41758   0.00578   0.05360   0.07198   0.00000   0.42297   1.95122   1.42749   1.37070   1.55647   0.88331   0.06027  
 10 126.0768   2399.858713  x:  0.54414   0.48664   0.80767   0.17033   0.03411   0.09542   0.03027   0.02119   0.05885   0.05933   0.18280   0.12226   0.12387   0.12467   0.05014   0.18924   0.10876   0.23492   0.29127   0.15807   0.07050   0.34798   0.04781   0.12763   0.06527   0.00000   0.06966   0.42830   0.00707   0.03196   0.06593   0.00000   0.43154   1.96114   1.44873   1.38577   1.54485   0.86177   0.06070  
 11 96.1139   2398.895155  x:  0.54743   0.47256   0.85813   0.17231   0.03233   0.09323   0.02372   0.02132   0.06148   0.05650   0.18656   0.13557   0.13330   0.13390   0.05638   0.19160   0.11243   0.22937   0.29318   0.16257   0.09437   0.35995   0.03890   0.13619   0.05887   0.00000   0.07210   0.42655   0.01418   0.04766   0.06874   0.00000   0.42981   1.96790   1.46310   1.39623   1.53710   0.84808   0.05998  
 12 69.2194   2398.457508  x:  0.55025   0.46347   0.88203   0.16925   0.03078   0.09081   0.03086   0.02171   0.05991   0.05303   0.19164   0.14380   0.13784   0.13844   0.05551   0.19435   0.11011   0.22448   0.29298   0.16280   0.10817   0.36586   0.03519   0.14021   0.06957   0.00000   0.06669   0.42049   0.00675   0.04741   0.06870   0.00000   0.42564   1.97255   1.47282   1.40343   1.53186   0.84365   0.05980  
 13 52.7761   2398.190071  x:  0.55439   0.45402   0.89742   0.16341   0.03320   0.09157   0.02505   0.02497   0.05827   0.05194   0.19828   0.14812   0.13768   0.13891   0.05192   0.19886   0.10621   0.21963   0.29101   0.15881   0.11273   0.36791   0.04196   0.14350   0.07778   0.00000   0.06691   0.41033   0.01217   0.04214   0.06975   0.00000   0.41880   1.97786   1.48380   1.41183   1.52588   0.84508   0.05976  
 14 29.1792   2397.788484  x:  0.56407   0.43436   0.92033   0.15328   0.03567   0.09502   0.02918   0.02384   0.05593   0.05221   0.20874   0.14995   0.13263   0.13539   0.04829   0.20694   0.09750   0.21060   0.28513   0.14842   0.11189   0.36674   0.05694   0.14402   0.06800   0.00000   0.06173   0.38763   0.01180   0.04541   0.07111   0.00000   0.40384   1.98904   1.50736   1.43011   1.51305   0.84604   0.05955  
 15 35.2575   2397.472827  x:  0.57658   0.41136   0.93380   0.15488   0.03899   0.09048   0.02887   0.02372   0.06348   0.05100   0.20626   0.14253   0.12881   0.13245   0.06127   0.20783   0.09098   0.20523   0.27770   0.14480   0.10837   0.35787   0.05198   0.13616   0.07008   0.00000   0.05911   0.36774   0.01485   0.04785   0.06261   0.00000   0.39119   2.00218   1.53601   1.45279   1.49751   0.85180   0.05955  
 16 22.0266   2397.226957  x:  0.58914   0.38802   0.93808   0.15303   0.04166   0.09011   0.02864   0.02432   0.05479   0.05076   0.19629   0.13710   0.12982   0.13343   0.06786   0.20279   0.09167   0.20570   0.27242   0.14828   0.10852   0.34734   0.04608   0.13317   0.06882   0.00000   0.06368   0.35636   0.01299   0.04485   0.07291   0.00000   0.38431   2.01495   1.56507   1.47604   1.48199   0.85593   0.05944  
 17 25.4711   2396.926436  x:  0.60760   0.35429   0.93439   0.14013   0.04303   0.09268   0.02915   0.02819   0.05582   0.05465   0.18421   0.13757   0.13366   0.13461   0.06103   0.19187   0.10092   0.21143   0.26907   0.15524   0.11025   0.33500   0.04630   0.13680   0.06819   0.00000   0.06630   0.35721   0.01105   0.04724   0.06417   0.00000   0.38320   2.03250   1.60774   1.51071   1.45974   0.85655   0.05938  
 18 24.7715   2396.696673  x:  0.62505   0.32861   0.92457   0.13911   0.04891   0.08798   0.02854   0.01791   0.05942   0.05112   0.18877   0.14232   0.13241   0.13011   0.06100   0.18954   0.10521   0.21553   0.26949   0.15443   0.11104   0.33316   0.04729   0.13789   0.06893   0.00000   0.06124   0.37063   0.01310   0.04568   0.06806   0.00000   0.38982   2.04643   1.64530   1.54178   1.44107   0.85293   0.05999  
 19 21.0369   2396.502513  x:  0.64345   0.30877   0.91325   0.14533   0.04338   0.09167   0.02942   0.02684   0.05703   0.05107   0.19854   0.14563   0.13042   0.12814   0.06429   0.19217   0.10499   0.21732   0.27204   0.15010   0.11041   0.33756   0.04497   0.13654   0.06833   0.00000   0.05773   0.38551   0.01455   0.04510   0.06967   0.00000   0.39799   2.05878   1.68178   1.57220   1.42392   0.84959   0.05931  
 20 30.2765   2396.374072  x:  0.65916   0.30555   0.90515   0.15080   0.04477   0.09314   0.02863   0.02401   0.05359   0.05152   0.20014   0.14214   0.13333   0.13510   0.06232   0.19980   0.09937   0.21644   0.27724   0.14795   0.10791   0.34744   0.04473   0.13677   0.06900   0.00000   0.06642   0.39021   0.01083   0.04670   0.06489   0.00000   0.40202   2.06520   1.70768   1.59407   1.41387   0.84592   0.05986  
 21 14.2641   2396.291976  x:  0.67064   0.30970   0.90079   0.15359   0.04033   0.09220   0.02896   0.02456   0.06122   0.05242   0.19770   0.13953   0.13385   0.13761   0.05848   0.20389   0.09786   0.21581   0.28122   0.15004   0.10674   0.35500   0.04568   0.13741   0.06919   0.00000   0.06906   0.38925   0.00933   0.04595   0.06908   0.00000   0.40275   2.06802   1.72538   1.60919   1.40865   0.84336   0.05938  
 22 15.3261   2396.139063  x:  0.69161   0.32842   0.89620   0.16086   0.03798   0.09223   0.02868   0.02427   0.05755   0.05245   0.19040   0.14090   0.13090   0.13455   0.05398   0.20656   0.10267   0.21507   0.28706   0.15956   0.10498   0.36654   0.04694   0.13860   0.06915   0.00000   0.05897   0.38267   0.01403   0.04539   0.06740   0.00000   0.40086   2.06989   1.75862   1.63794   1.40269   0.83987   0.05961  
 23 13.6351   2396.032764  x:  0.69857   0.34523   0.89669   0.16392   0.03629   0.09546   0.02788   0.02204   0.05876   0.05437   0.19736   0.14882   0.13547   0.13303   0.05189   0.19847   0.10483   0.21419   0.28462   0.15933   0.09853   0.36394   0.04131   0.14078   0.06915   0.00000   0.06026   0.37854   0.01338   0.04486   0.06751   0.00000   0.39806   2.06739   1.78140   1.65792   1.40373   0.83884   0.05979  
 24  8.4872   2395.934896  x:  0.69677   0.35880   0.89986   0.16541   0.03321   0.08980   0.02857   0.02450   0.05765   0.04684   0.20204   0.14848   0.13590   0.13229   0.05184   0.19385   0.10841   0.21543   0.28178   0.15688   0.09977   0.35845   0.04485   0.14055   0.06846   0.00000   0.06515   0.37902   0.01167   0.04550   0.06595   0.00000   0.39672   2.06246   1.80112   1.67554   1.40884   0.83905   0.05976  
 25 10.4239   2395.602328  x:  0.67156   0.39668   0.91444   0.16350   0.03018   0.09241   0.02797   0.02126   0.05758   0.05499   0.20794   0.13562   0.12714   0.13425   0.04954   0.19153   0.10605   0.22014   0.27344   0.14730   0.12182   0.33880   0.04755   0.13177   0.06942   0.00000   0.06674   0.38936   0.01124   0.04525   0.06533   0.00000   0.39617   2.04013   1.86637   1.73470   1.43590   0.84029   0.06021  
 26 16.8333   2395.197053  x:  0.62762   0.42719   0.93220   0.16416   0.02688   0.10157   0.02784   0.02022   0.06022   0.04553   0.19397   0.13798   0.13270   0.14080   0.05220   0.20420   0.09464   0.22432   0.26819   0.13843   0.12001   0.32332   0.05000   0.14000   0.06974   0.00000   0.05781   0.39985   0.01404   0.04487   0.06665   0.00000   0.40010   2.01011   1.93980   1.80189   1.47687   0.84226   0.06001  
 27 25.7312   2394.825175  x:  0.58236   0.44587   0.94791   0.16706   0.02497   0.08688   0.02907   0.02208   0.05731   0.05876   0.18786   0.14799   0.13533   0.13871   0.05437   0.21426   0.08918   0.22581   0.26983   0.14124   0.11165   0.32333   0.05207   0.14553   0.06916   0.00000   0.05804   0.40385   0.01361   0.04519   0.06663   0.00000   0.40453   1.98131   2.00474   1.86137   1.52031   0.84625   0.05974  
 28 41.8248   2394.212421  x:  0.50970   0.46300   0.97255   0.17025   0.02808   0.09531   0.02857   0.01932   0.05893   0.05191   0.19232   0.15254   0.13128   0.12246   0.04893   0.21488   0.09330   0.22258   0.28263   0.16274   0.10186   0.34936   0.04586   0.13719   0.06853   0.00000   0.06876   0.40126   0.00880   0.04593   0.06468   0.00000   0.41082   1.93460   2.10402   1.95213   1.60028   0.85483   0.05933  
 29 42.6592   2393.918460  x:  0.48870   0.46448   0.98581   0.17226   0.03081   0.09320   0.02896   0.01842   0.05822   0.05189   0.20042   0.13980   0.13665   0.13987   0.04514   0.20191   0.10488   0.21816   0.28867   0.16290   0.09184   0.36696   0.04476   0.13567   0.06710   0.00000   0.05822   0.40040   0.01341   0.04445   0.06609   0.00000   0.41140   1.91576   2.14449   1.98913   1.64757   0.85895   0.05893  
 30 22.9450   2393.575825  x:  0.50759   0.45578   1.00637   0.17582   0.03308   0.09298   0.02923   0.01709   0.05788   0.05270   0.19580   0.13402   0.12229   0.13777   0.04549   0.19024   0.10829   0.21613   0.29494   0.14892   0.09122   0.37765   0.03783   0.15759   0.06727   0.00000   0.06012   0.40564   0.01065   0.04485   0.06587   0.00000   0.40829   1.90691   2.17283   2.01466   1.72194   0.86544   0.05828  
 31 10.7711   2392.222009  x:  0.62988   0.40511   1.09199   0.17722   0.03510   0.09318   0.03025   0.01316   0.05838   0.05421   0.18227   0.15362   0.13754   0.13326   0.04397   0.19254   0.11450   0.22770   0.31329   0.12990   0.09352   0.38134   0.04013   0.12775   0.06616   0.00000   0.06533   0.42689   0.01034   0.04514   0.06656   0.00000   0.40009   1.89437   2.26186   2.09448   2.04034   0.88381   0.05536  
 32 31.4919   2391.416999  x:  0.70165   0.36496   1.14149   0.16887   0.03065   0.09478   0.03095   0.01100   0.05820   0.05379   0.20867   0.13750   0.14290   0.13442   0.05457   0.21070   0.10616   0.23869   0.31089   0.17097   0.08717   0.36435   0.04099   0.14253   0.06665   0.00000   0.06291   0.42843   0.01111   0.04714   0.06540   0.00000   0.41089   1.90424   2.31038   2.13843   2.23679   0.88788   0.05402  
 33 45.9239   2391.149365  x:  0.70971   0.34512   1.15305   0.15736   0.02354   0.09410   0.03050   0.00939   0.05857   0.05155   0.20482   0.14475   0.12762   0.14485   0.06047   0.20796   0.10458   0.22766   0.29597   0.17526   0.08213   0.36973   0.04133   0.13671   0.06615   0.00000   0.06462   0.42087   0.01120   0.04671   0.06440   0.00000   0.42849   1.93393   2.32237   2.14950   2.29661   0.89334   0.05464  
 34 11.8132   2391.009901  x:  0.70410   0.33573   1.15857   0.15437   0.01901   0.09359   0.03016   0.00894   0.05766   0.05296   0.20155   0.13719   0.13903   0.13309   0.06227   0.20411   0.10319   0.22385   0.29569   0.17040   0.08226   0.37618   0.04205   0.13760   0.06604   0.00000   0.06303   0.41938   0.01189   0.04614   0.06383   0.00000   0.42729   1.97005   2.32717   2.15322   2.32526   0.89544   0.05529  
 35  8.4238   2390.792150  x:  0.68674   0.34020   1.17117   0.16168   0.01710   0.09362   0.02970   0.00771   0.05823   0.05145   0.20382   0.14072   0.13152   0.13947   0.05600   0.20893   0.10903   0.23122   0.31129   0.17178   0.07717   0.37357   0.03718   0.13716   0.06555   0.00000   0.06332   0.42658   0.01133   0.04559   0.06335   0.00000   0.40413   2.06461   2.33312   2.15461   2.36379   0.89513   0.05546  
 36  7.7936   2390.594793  x:  0.67882   0.36949   1.18932   0.16782   0.02227   0.09423   0.03023   0.00753   0.05812   0.05231   0.20322   0.14144   0.13535   0.13805   0.05381   0.20499   0.10640   0.22805   0.30377   0.17551   0.07942   0.37759   0.04158   0.13829   0.06566   0.00000   0.06324   0.43167   0.01118   0.04632   0.06330   0.00000   0.42019   2.16699   2.33902   2.15310   2.39292   0.89315   0.05454  
 37  9.2004   2390.575182  x:  0.67968   0.37279   1.19183   0.15930   0.02271   0.09376   0.03022   0.00779   0.05779   0.05215   0.20417   0.14058   0.13583   0.13727   0.05775   0.20964   0.11153   0.23042   0.30497   0.17245   0.07843   0.37927   0.03750   0.13834   0.06555   0.00000   0.06360   0.43065   0.01123   0.04622   0.06340   0.00000   0.42266   2.17351   2.33997   2.15148   2.39179   0.89300   0.05443  
 38  1.8368   2390.548577  x:  0.68165   0.37411   1.19649   0.15014   0.02257   0.09388   0.03036   0.00827   0.05752   0.05196   0.20457   0.14161   0.13520   0.13814   0.06598   0.20559   0.10716   0.23619   0.31073   0.17229   0.07792   0.38214   0.03886   0.13765   0.06594   0.00000   0.06341   0.43033   0.01174   0.04653   0.06354   0.00000   0.42300   2.17740   2.34167   2.14716   2.38551   0.89204   0.05424  
 39  1.7569   2390.092729  x:  0.71864   0.33860   1.28749   0.12987   0.02158   0.09226   0.02969   0.01452   0.05553   0.05069   0.19997   0.14182   0.13533   0.13661   0.07706   0.20418   0.10525   0.19998   0.30477   0.18609   0.07428   0.38455   0.04120   0.13710   0.06547   0.00000   0.06266   0.45721   0.01141   0.04475   0.06303   0.00000   0.40177   2.18542   2.37056   2.04731   2.23281   0.89081   0.05302  
 40  1.8884   2389.410858  x:  0.76474   0.26536   1.42352   0.15304   0.01773   0.09214   0.02728   0.02071   0.05515   0.04959   0.19977   0.14576   0.13449   0.13652   0.05751   0.20516   0.11009   0.23322   0.29541   0.17434   0.08539   0.38351   0.04034   0.14125   0.06542   0.00000   0.05746   0.42742   0.01280   0.04423   0.05812   0.00000   0.41867   2.19386   2.41132   1.89530   1.99983   0.88332   0.05111  
 41 21.0709   2389.393966  x:  0.76603   0.26358   1.42758   0.15375   0.01768   0.09208   0.02722   0.02071   0.05513   0.04950   0.19997   0.14589   0.13459   0.13643   0.05701   0.20458   0.11079   0.22778   0.30443   0.17311   0.08627   0.37790   0.04050   0.14140   0.06538   0.00000   0.05716   0.42437   0.01299   0.04414   0.05806   0.00000   0.42366   2.19401   2.41026   1.89506   1.99391   0.88302   0.05108  
 42  1.9524   2388.883294  x:  0.82263   0.22553   1.59733   0.14117   0.02555   0.09016   0.02528   0.01257   0.05404   0.04903   0.19889   0.14579   0.13671   0.13396   0.06474   0.20192   0.10954   0.23130   0.30548   0.17142   0.08648   0.37902   0.03859   0.14090   0.06417   0.00000   0.05808   0.43144   0.01101   0.04283   0.05925   0.00000   0.41650   2.18350   2.24266   2.11583   1.80540   0.87843   0.05159  
 43  0.7249   2388.586662  x:  0.84634   0.25832   1.74359   0.14425   0.02522   0.09099   0.02572   0.00895   0.05752   0.05067   0.20224   0.14385   0.13622   0.13687   0.06820   0.20814   0.10651   0.23610   0.30812   0.17359   0.08213   0.37974   0.03773   0.13960   0.06373   0.00000   0.06183   0.44571   0.00904   0.04342   0.06405   0.00000   0.42978   2.20693   2.52115   2.11971   2.09802   0.87499   0.05102  
 44  0.3617   2388.492325  x:  0.84977   0.25954   1.83795   0.14930   0.02267   0.09176   0.02632   0.01365   0.05724   0.05088   0.20274   0.14339   0.13520   0.13706   0.06525   0.20855   0.10658   0.23912   0.30800   0.17276   0.08103   0.37999   0.03765   0.13919   0.06437   0.00000   0.06245   0.44432   0.00875   0.04353   0.06362   0.00000   0.43080   2.21107   2.47567   2.20176   2.11304   0.87832   0.05066  
 45  0.1531   2388.433339  x:  0.84740   0.25586   1.93824   0.14328   0.02254   0.09178   0.02656   0.01241   0.05633   0.05059   0.20135   0.14320   0.13472   0.13624   0.06842   0.20761   0.10751   0.23581   0.30882   0.17195   0.08026   0.38249   0.03819   0.13894   0.06540   0.00000   0.06083   0.44256   0.01036   0.04344   0.06161   0.00000   0.42671   2.19366   2.47658   2.10735   2.01044   0.87867   0.04918  
 46  0.1460   2388.415683  x:  0.84291   0.25700   1.98227   0.14165   0.02287   0.09187   0.02676   0.01190   0.05638   0.05057   0.20204   0.14404   0.13552   0.13658   0.06947   0.20847   0.10808   0.23537   0.30878   0.17350   0.08101   0.38339   0.03839   0.13937   0.06534   0.00000   0.06103   0.44188   0.01057   0.04359   0.06190   0.00000   0.42675   2.20270   2.43692   2.14001   2.03600   0.87637   0.04959  
 47  0.0582   2388.412532  x:  0.83656   0.26158   1.99272   0.14072   0.02309   0.09181   0.02687   0.01193   0.05667   0.05069   0.20211   0.14394   0.13570   0.13666   0.07111   0.20840   0.10806   0.23576   0.30917   0.17407   0.08064   0.38324   0.03809   0.13940   0.06508   0.00000   0.06154   0.44225   0.01035   0.04366   0.06269   0.00000   0.42744   2.20412   2.42031   2.12369   2.03174   0.87667   0.04928  
 48  0.0204   2388.412179  x:  0.83466   0.26289   1.99152   0.14008   0.02313   0.09182   0.02675   0.01200   0.05658   0.05071   0.20210   0.14387   0.13561   0.13663   0.07161   0.20835   0.10800   0.23585   0.30907   0.17397   0.08061   0.38325   0.03811   0.13937   0.06518   0.00000   0.06142   0.44234   0.01029   0.04363   0.06233   0.00000   0.42772   2.20369   2.41721   2.11818   2.03155   0.87690   0.04933  
 49  0.0058   2388.412141  x:  0.83478   0.26300   1.99080   0.13993   0.02308   0.09183   0.02671   0.01200   0.05659   0.05069   0.20213   0.14389   0.13559   0.13664   0.07174   0.20837   0.10801   0.23581   0.30902   0.17397   0.08066   0.38332   0.03816   0.13937   0.06515   0.00000   0.06140   0.44240   0.01025   0.04361   0.06234   0.00000   0.42783   2.20321   2.41482   2.11941   2.03061   0.87683   0.04931  
 50  0.0032   2388.412134  x:  0.83486   0.26281   1.99057   0.13986   0.02308   0.09182   0.02670   0.01199   0.05660   0.05069   0.20211   0.14388   0.13559   0.13662   0.07184   0.20836   0.10803   0.23581   0.30905   0.17393   0.08066   0.38330   0.03817   0.13937   0.06513   0.00000   0.06139   0.44241   0.01023   0.04360   0.06237   0.00000   0.42776   2.20304   2.41459   2.11878   2.02980   0.87686   0.04932  
 51  0.0011   2388.412134  x:  0.83496   0.26275   1.99077   0.13983   0.02308   0.09182   0.02670   0.01199   0.05660   0.05069   0.20212   0.14389   0.13560   0.13663   0.07190   0.20837   0.10803   0.23582   0.30906   0.17394   0.08066   0.38330   0.03817   0.13938   0.06513   0.00000   0.06140   0.44240   0.01022   0.04360   0.06236   0.00000   0.42776   2.20312   2.41469   2.11890   2.03000   0.87686   0.04932  
 52  0.0002   2388.412133  x:  0.83496   0.26277   1.99083   0.13981   0.02308   0.09182   0.02670   0.01199   0.05660   0.05069   0.20212   0.14389   0.13560   0.13663   0.07192   0.20837   0.10804   0.23582   0.30905   0.17394   0.08066   0.38330   0.03817   0.13938   0.06513   0.00000   0.06140   0.44239   0.01022   0.04360   0.06237   0.00000   0.42776   2.20314   2.41478   2.11889   2.03004   0.87686   0.04932  
 53  0.0001   2388.412133  x:  0.83495   0.26277   1.99083   0.13980   0.02308   0.09182   0.02670   0.01199   0.05660   0.05069   0.20212   0.14389   0.13560   0.13663   0.07192   0.20837   0.10804   0.23581   0.30905   0.17394   0.08066   0.38330   0.03817   0.13938   0.06513   0.00000   0.06140   0.44239   0.01022   0.04360   0.06237   0.00000   0.42776   2.20313   2.41480   2.11892   2.03006   0.87686   0.04932  
 54  0.0000   2388.412133  x:  0.83495   0.26277   1.99083   0.13980   0.02308   0.09182   0.02670   0.01199   0.05660   0.05069   0.20212   0.14389   0.13560   0.13663   0.07192   0.20837   0.10804   0.23581   0.30905   0.17394   0.08066   0.38330   0.03817   0.13938   0.06513   0.00000   0.06140   0.44239   0.01022   0.04360   0.06237   0.00000   0.42776   2.20313   2.41481   2.11892   2.03006   0.87686   0.04932  
 55  0.0000   2388.412133  x:  0.83495   0.26277   1.99083   0.13980   0.02308   0.09182   0.02670   0.01199   0.05660   0.05069   0.20212   0.14389   0.13560   0.13663   0.07192   0.20837   0.10804   0.23581   0.30905   0.17394   0.08066   0.38330   0.03817   0.13938   0.06513   0.00000   0.06140   0.44239   0.01022   0.04360   0.06237   0.00000   0.42776   2.20313   2.41480   2.11892   2.03006   0.87686   0.04932  

NSsites Model 2: PositiveSelection

TREE # 1

  0  0.0000   2621.458546  x:  0.48585   0.51000   0.18069   0.11840   0.05859   0.08026   0.03207   0.02945   0.06325   0.04340   0.17030   0.05037   0.08787   0.11369   0.00000   0.17587   0.01190   0.14156   0.19897   0.03868   0.17937   0.28602   0.11833   0.10605   0.03410   0.03788   0.02551   0.23334   0.03467   0.06238   0.03109   0.07168   0.26851   2.64771   2.34829   1.89634   1.88807   1.52573   0.37455   0.39594   2.55543  
  1 99.0000   2538.710279  x:  0.49332   0.51503   0.26192   0.15643   0.03338   0.08859   0.03308   0.01825   0.05886   0.05379   0.18128   0.12595   0.11754   0.12746   0.20564   0.19094   0.13881   0.17172   0.21774   0.10454   0.18277   0.29296   0.11612   0.12825   0.08027   0.00000   0.06247   0.27010   0.02927   0.05407   0.05394   0.04035   0.29540   2.65348   2.35338   1.90358   1.88208   1.55004   0.36707   0.25525   2.54776  
  2 619.9251   2470.913232  x:  0.50613   0.52072   0.33418   0.16128   0.02196   0.10218   0.03464   0.02438   0.06555   0.05985   0.19651   0.14630   0.13864   0.14104   0.19829   0.19886   0.13766   0.19319   0.24177   0.12907   0.18299   0.30836   0.10645   0.14732   0.08485   0.01295   0.06947   0.31172   0.02857   0.05613   0.05984   0.01187   0.33037   2.65849   2.35906   1.91030   1.87602   1.58398   0.35632   0.03948   2.53660  
  3 497.1037   2462.554759  x:  0.51550   0.52628   0.37020   0.16349   0.02326   0.10732   0.03580   0.02426   0.06915   0.06098   0.20511   0.15404   0.14705   0.14749   0.18634   0.20428   0.13309   0.20492   0.25468   0.13819   0.18322   0.31848   0.10152   0.15485   0.08262   0.00000   0.07077   0.33220   0.02594   0.05977   0.06329   0.00584   0.34933   2.65947   2.36158   1.91264   1.87368   1.60543   0.35228   0.04201   2.52848  
  4 173.0170   2443.952407  x:  0.57907   0.56367   0.59143   0.18116   0.01959   0.12268   0.03160   0.01028   0.07312   0.06040   0.25349   0.19902   0.18401   0.17702   0.13250   0.24697   0.12751   0.27774   0.33081   0.19045   0.18154   0.38468   0.08243   0.20108   0.13127   0.12485   0.07566   0.44638   0.04458   0.06908   0.08962   0.02918   0.46399   2.66251   2.37892   1.92692   1.85845   1.76021   0.32410   0.08665   2.47099  
  5 374.4952   2441.486413  x:  0.60048   0.57730   0.62640   0.19183   0.05551   0.10928   0.04241   0.04475   0.07234   0.05721   0.25598   0.19404   0.16907   0.17015   0.13194   0.26138   0.14356   0.28408   0.33756   0.18777   0.17633   0.40312   0.08072   0.19256   0.12343   0.13830   0.06623   0.45216   0.03332   0.05010   0.07267   0.04117   0.47492   2.65492   2.38163   1.92648   1.85832   1.81184   0.31768   0.08680   2.45379  
  6 87.3243   2437.320714  x:  0.64064   0.60297   0.66897   0.20770   0.05616   0.08552   0.03210   0.01651   0.04881   0.05213   0.25348   0.17231   0.13358   0.15102   0.12864   0.28293   0.17421   0.28318   0.34001   0.17033   0.16199   0.43447   0.07741   0.16767   0.09230   0.13770   0.05283   0.44650   0.01798   0.03246   0.04413   0.06723   0.47832   2.63382   2.38466   1.92216   1.86161   1.91110   0.30776   0.07869   2.42199  
  7 97.3223   2434.648713  x:  0.67732   0.62536   0.69369   0.21794   0.04893   0.08895   0.03709   0.01630   0.06184   0.05415   0.24501   0.15077   0.10987   0.13747   0.12767   0.29370   0.20377   0.27207   0.33495   0.14930   0.14336   0.45822   0.06952   0.14872   0.06849   0.13251   0.06152   0.43030   0.03856   0.05813   0.05012   0.09487   0.46756   2.60846   2.38658   1.91595   1.86690   2.01485   0.29925   0.07104   2.38877  
  8 108.9574   2431.691690  x:  0.71727   0.64619   0.70446   0.21752   0.01938   0.11307   0.02919   0.02871   0.07532   0.06391   0.22775   0.13863   0.12885   0.14570   0.11991   0.28692   0.22742   0.24695   0.32319   0.13176   0.12020   0.47461   0.04890   0.14263   0.07103   0.12905   0.07169   0.40022   0.04137   0.03050   0.04114   0.09336   0.43794   2.56844   2.38723   1.90465   1.87730   2.15111   0.29150   0.06955   2.34558  
  9 82.5012   2428.839412  x:  0.75573   0.66097   0.70012   0.20594   0.03326   0.10580   0.04979   0.01368   0.05808   0.06142   0.20351   0.14269   0.15668   0.15687   0.11128   0.26113   0.24197   0.21489   0.31051   0.13557   0.10215   0.47872   0.02144   0.14907   0.08750   0.13010   0.06703   0.36718   0.02516   0.03826   0.05650   0.06840   0.39553   2.51214   2.38630   1.88791   1.89332   2.31886   0.28600   0.06529   2.29196  
 10 98.5253   2426.857409  x:  0.77360   0.66238   0.69123   0.19218   0.03694   0.08782   0.02221   0.02030   0.05471   0.05724   0.19363   0.14907   0.15583   0.15141   0.10957   0.23553   0.24580   0.20463   0.30650   0.15453   0.09777   0.47092   0.02057   0.15655   0.08629   0.13447   0.06784   0.35581   0.02362   0.04881   0.06290   0.03445   0.37074   2.46999   2.38477   1.87536   1.90584   2.43070   0.28555   0.06512   2.25529  
 11 107.4656   2425.584220  x:  0.78062   0.65705   0.68149   0.17909   0.02994   0.08335   0.03272   0.01855   0.05765   0.05524   0.19235   0.15318   0.14476   0.14061   0.11199   0.21378   0.24364   0.20511   0.30546   0.17232   0.09681   0.45798   0.02979   0.16011   0.07779   0.14054   0.07100   0.35411   0.02641   0.04437   0.06157   0.00685   0.35884   2.43664   2.38312   1.86542   1.91605   2.51124   0.28780   0.06632   2.22785  
 12 119.4069   2423.971662  x:  0.77788   0.63428   0.65906   0.15327   0.02864   0.09702   0.03223   0.01814   0.05764   0.05478   0.19797   0.16362   0.13360   0.12952   0.12562   0.17650   0.22547   0.21320   0.30381   0.20054   0.09572   0.42217   0.04012   0.16040   0.06467   0.13977   0.06816   0.35900   0.01089   0.03472   0.07095   0.02325   0.35727   2.37880   2.37917   1.84774   1.93466   2.63411   0.29777   0.06197   2.18334  
 13 83.0828   2422.724363  x:  0.76237   0.60086   0.64314   0.13572   0.03535   0.09747   0.03069   0.01562   0.04946   0.05416   0.20380   0.16263   0.13493   0.13254   0.14854   0.16268   0.19919   0.21521   0.29771   0.20558   0.08795   0.38500   0.03165   0.15428   0.06393   0.13513   0.06969   0.37415   0.02888   0.03617   0.04657   0.02944   0.37011   2.32520   2.37458   1.83157   1.95241   2.73249   0.31279   0.05873   2.14463  
 14 72.8949   2421.395699  x:  0.73095   0.54826   0.63622   0.12112   0.02125   0.08170   0.03186   0.02077   0.05783   0.05232   0.20564   0.14710   0.13618   0.13689   0.17928   0.17519   0.16858   0.21205   0.28695   0.19070   0.08305   0.34838   0.02049   0.14184   0.06289   0.13784   0.06000   0.39237   0.01510   0.03976   0.05129   0.01947   0.39014   2.26234   2.36857   1.81310   1.97353   2.83266   0.33624   0.05771   2.10153  
 15 70.6659   2420.532666  x:  0.69973   0.50059   0.63961   0.10965   0.02896   0.08509   0.02719   0.01766   0.05137   0.04982   0.19933   0.13537   0.13483   0.13745   0.19550   0.19579   0.14882   0.20976   0.27953   0.17190   0.09084   0.33400   0.03139   0.14100   0.06346   0.13668   0.07224   0.39829   0.01369   0.03081   0.06594   0.00885   0.39905   2.21437   2.36379   1.79921   1.98984   2.90125   0.35770   0.05608   2.06903  
 16 74.7095   2419.896567  x:  0.66833   0.45545   0.65275   0.09823   0.02463   0.09113   0.02807   0.02214   0.04394   0.05403   0.19073   0.13767   0.13447   0.13519   0.20360   0.20797   0.13886   0.20788   0.27539   0.16017   0.10729   0.33534   0.04217   0.14490   0.06428   0.13717   0.07578   0.39417   0.00360   0.04190   0.05528   0.00709   0.39665   2.17506   2.35975   1.78797   2.00344   2.94874   0.37895   0.05564   2.04330  
 17 58.3499   2419.310430  x:  0.63264   0.40593   0.67615   0.08671   0.02416   0.07916   0.02894   0.01799   0.05569   0.05459   0.18265   0.14778   0.13587   0.13159   0.20721   0.21122   0.13027   0.20569   0.27177   0.15481   0.12174   0.34236   0.04215   0.14757   0.06286   0.13385   0.07436   0.38294   0.00755   0.03767   0.05085   0.01419   0.38693   2.13482   2.35540   1.77647   2.01766   2.98868   0.40459   0.05403   2.01783  
 18 58.8038   2418.866168  x:  0.60256   0.36558   0.70529   0.08297   0.02161   0.08345   0.02859   0.02185   0.04676   0.05078   0.18284   0.15068   0.13128   0.12692   0.20900   0.20406   0.12749   0.20376   0.26856   0.15499   0.11568   0.34540   0.03259   0.14292   0.05668   0.13402   0.06420   0.37198   0.01486   0.03427   0.05577   0.01182   0.37522   2.10251   2.35180   1.76739   2.02932   3.01181   0.42990   0.05447   1.99768  
 19 40.2397   2418.659504  x:  0.58841   0.34747   0.72156   0.08347   0.02630   0.08706   0.02662   0.01765   0.05176   0.05124   0.18655   0.14501   0.12895   0.12685   0.20747   0.19761   0.13049   0.20350   0.26770   0.15620   0.10299   0.34346   0.03505   0.14136   0.05947   0.13479   0.06317   0.36613   0.01146   0.03598   0.05309   0.00947   0.36913   2.08571   2.34984   1.76264   2.03566   3.02008   0.44632   0.05447   1.98615  
 20 29.5287   2418.547410  x:  0.58215   0.34004   0.73008   0.08433   0.02394   0.08169   0.02809   0.01974   0.04885   0.05189   0.18874   0.13924   0.12925   0.12932   0.20370   0.19342   0.13379   0.20344   0.26832   0.15878   0.09611   0.34101   0.03932   0.14192   0.06224   0.13293   0.06796   0.36348   0.01049   0.03606   0.05339   0.01199   0.36685   2.07562   2.34855   1.75970   2.03979   3.02294   0.45865   0.05412   1.97809  
 21 22.2836   2418.268510  x:  0.57936   0.34274   0.74075   0.09350   0.02459   0.08400   0.02817   0.01859   0.05003   0.04898   0.18543   0.12562   0.13156   0.13685   0.19337   0.18965   0.15013   0.19518   0.27265   0.17231   0.10913   0.33328   0.03342   0.13807   0.05707   0.13568   0.07315   0.36520   0.00937   0.03648   0.05236   0.01227   0.37099   2.04538   2.34401   1.75036   2.05438   3.01891   0.51236   0.05335   1.94518  
 22  9.1452   2417.817994  x:  0.58404   0.36002   0.75031   0.10713   0.02551   0.08406   0.02759   0.01759   0.04899   0.06870   0.18675   0.13832   0.12780   0.13271   0.17694   0.18989   0.16648   0.18801   0.27360   0.16931   0.10995   0.32611   0.02975   0.14085   0.05777   0.13628   0.07204   0.37204   0.01090   0.03521   0.05620   0.00968   0.37957   1.99551   2.33612   1.73500   2.08001   3.00825   0.61243   0.05112   1.88320  
 23 27.0235   2417.422141  x:  0.59117   0.37721   0.75516   0.11445   0.02245   0.08619   0.02777   0.01871   0.05075   0.05044   0.18547   0.14995   0.13162   0.12795   0.17018   0.19059   0.17180   0.19247   0.27421   0.16159   0.10332   0.32902   0.03373   0.14648   0.05922   0.13504   0.06952   0.37725   0.01122   0.03642   0.05572   0.00936   0.38294   1.95885   2.33042   1.72419   2.10008   2.99947   0.69475   0.04854   1.83089  
 24 46.1060   2417.029493  x:  0.60195   0.39398   0.75738   0.10902   0.02392   0.08498   0.02743   0.01795   0.05001   0.05633   0.19314   0.14015   0.13973   0.13428   0.18466   0.18805   0.15420   0.21330   0.27776   0.16186   0.10030   0.35463   0.03277   0.14574   0.05093   0.13842   0.07149   0.37617   0.01009   0.03814   0.05739   0.00681   0.37198   1.93861   2.32869   1.72099   2.11562   2.99366   0.77430   0.04697   1.77387  
 25 18.2448   2416.809966  x:  0.60821   0.39871   0.76162   0.09771   0.02243   0.08635   0.02742   0.01837   0.05026   0.05570   0.19176   0.13364   0.12887   0.13051   0.19038   0.19028   0.14216   0.21220   0.27890   0.16889   0.09923   0.36374   0.02624   0.14551   0.06313   0.13394   0.07475   0.37463   0.00828   0.03764   0.05713   0.00667   0.36976   1.94008   2.33076   1.72466   2.12037   2.99372   0.81161   0.04603   1.74140  
 26 16.5562   2416.015175  x:  0.62581   0.39769   0.78107   0.05442   0.02094   0.08692   0.02748   0.01751   0.05096   0.05613   0.17810   0.13719   0.12250   0.13907   0.20469   0.20768   0.11913   0.17948   0.27670   0.19170   0.07860   0.36573   0.03912   0.13758   0.05335   0.13083   0.07435   0.36642   0.00858   0.03771   0.05474   0.00740   0.36988   1.97628   2.34608   1.75060   2.12660   3.00329   0.91943   0.04603   1.62763  
 27 22.2242   2413.767987  x:  0.65947   0.35519   0.81409   0.06245   0.01488   0.08461   0.02535   0.01412   0.04992   0.05192   0.20923   0.11872   0.13634   0.11128   0.21955   0.20154   0.08368   0.13628   0.26588   0.19162   0.09672   0.33930   0.06773   0.14794   0.05752   0.10611   0.04805   0.33866   0.01925   0.03772   0.05361   0.00790   0.35770   2.12374   2.40321   1.83917   2.12923   3.06125   1.17396   0.04482   1.29292  
 28 34.7702   2410.722783  x:  0.67544   0.30846   0.82688   0.05971   0.01110   0.08153   0.02250   0.00962   0.04921   0.04738   0.20241   0.12419   0.12412   0.11960   0.20963   0.19257   0.08497   0.15800   0.25699   0.17451   0.10362   0.31041   0.06089   0.13635   0.05874   0.08943   0.05212   0.32654   0.01664   0.03856   0.05271   0.00308   0.34257   2.25253   2.45444   1.91657   2.12911   3.11101   1.37529   0.04464   1.00000  
 29 121.8483   2410.165843  x:  0.66192   0.29684   0.81441   0.04789   0.01125   0.08198   0.02187   0.00814   0.04858   0.05112   0.19669   0.11192   0.13395   0.10522   0.19789   0.19027   0.10901   0.16296   0.25549   0.17678   0.09424   0.33064   0.05787   0.14261   0.06023   0.08085   0.04177   0.34961   0.02093   0.03721   0.05445   0.00410   0.34923   2.27594   2.47091   1.93810   2.13477   3.13725   1.42433   0.04525   1.00000  
 30  8.3462   2408.291902  x:  0.60112   0.29973   0.77838   0.09776   0.00825   0.08445   0.02140   0.00513   0.05178   0.04460   0.21218   0.12896   0.11767   0.12192   0.17337   0.18444   0.11982   0.13425   0.28007   0.19047   0.06636   0.40948   0.05081   0.14072   0.05911   0.06738   0.05857   0.39334   0.01508   0.03567   0.05639   0.00686   0.37154   2.27977   2.50571   1.97343   2.16244   3.22020   1.49148   0.04871   1.00000  
 31 16.1429   2405.219460  x:  0.52682   0.37251   0.78868   0.14042   0.00392   0.09300   0.02154   0.00318   0.05581   0.05136   0.20659   0.13729   0.12843   0.11729   0.13786   0.23768   0.11656   0.17843   0.32679   0.22284   0.05359   0.42258   0.06296   0.11142   0.08513   0.03564   0.03673   0.37314   0.03209   0.04027   0.06079   0.00802   0.39232   2.21338   2.53844   1.99514   2.21739   3.33529   1.51477   0.05264   1.00000  
 32 20.7752   2402.155410  x:  0.46821   0.46298   0.84309   0.14717   0.00767   0.09472   0.02243   0.00000   0.05909   0.05138   0.20963   0.13551   0.13324   0.09371   0.12447   0.25579   0.11100   0.20876   0.33804   0.20826   0.04897   0.40509   0.03068   0.16101   0.06508   0.02306   0.06541   0.36080   0.02382   0.04437   0.05715   0.01462   0.41669   2.12124   2.56616   2.00843   2.27868   3.44286   1.51428   0.06107   1.00000  
 33 50.0814   2402.155410  x:  0.46821   0.46298   0.84309   0.14717   0.00767   0.09472   0.02243   0.00000   0.05909   0.05138   0.20963   0.13551   0.13324   0.09371   0.12447   0.25579   0.11100   0.20876   0.33804   0.20826   0.04897   0.40509   0.03068   0.16101   0.06508   0.02306   0.06541   0.36080   0.02382   0.04437   0.05715   0.01462   0.41669   2.12124   2.56616   2.00843   2.27868   3.44286   1.51428   0.06107   1.00000  
 34 44.3301   2399.535928  x:  0.46922   0.46313   0.84448   0.14671   0.02009   0.09470   0.02530   0.02478   0.06166   0.05249   0.20957   0.13643   0.13395   0.09708   0.12276   0.25464   0.11048   0.20915   0.33777   0.20791   0.05043   0.40517   0.03051   0.16015   0.06403   0.01625   0.06437   0.36230   0.02123   0.04403   0.05686   0.01159   0.41684   2.12138   2.56619   2.00846   2.27861   3.44350   1.51375   0.05407   1.00000  
 35 319.6154   2397.886302  x:  0.47186   0.46357   0.84815   0.14533   0.02215   0.09436   0.02800   0.02450   0.06032   0.05265   0.20907   0.13804   0.13594   0.10419   0.11829   0.25174   0.10918   0.21019   0.33712   0.20699   0.05375   0.40535   0.03039   0.15802   0.06225   0.00000   0.06192   0.36605   0.01547   0.04355   0.05659   0.00461   0.41719   2.12157   2.56627   2.00850   2.27843   3.44485   1.51264   0.05822   1.00000  
 36 103.5377   2397.321093  x:  0.47416   0.46392   0.85134   0.14418   0.02275   0.09410   0.02911   0.02280   0.05911   0.05268   0.20866   0.13929   0.13744   0.10972   0.11440   0.24929   0.10820   0.21121   0.33654   0.20613   0.05645   0.40544   0.03079   0.15644   0.06252   0.00000   0.06020   0.36921   0.01221   0.04380   0.05719   0.00000   0.41758   2.12175   2.56635   2.00855   2.27825   3.44613   1.51159   0.05523   1.00000  
 37 193.2369   2395.900493  x:  0.49153   0.46606   0.87592   0.13692   0.02511   0.09230   0.02070   0.02216   0.05543   0.05199   0.20589   0.14543   0.14303   0.13732   0.08576   0.23199   0.10244   0.21975   0.33187   0.19854   0.07123   0.40465   0.03807   0.14779   0.07688   0.00000   0.05843   0.39067   0.01933   0.05503   0.07601   0.00000   0.42174   2.12311   2.56711   2.00883   2.27682   3.45626   1.50330   0.05729   1.00000  
 38 99.9521   2395.214686  x:  0.50845   0.46739   0.90106   0.13767   0.02268   0.09337   0.03611   0.02141   0.05911   0.05070   0.20481   0.14574   0.13947   0.14076   0.06482   0.21898   0.10174   0.22725   0.32654   0.18979   0.07648   0.40135   0.04582   0.14401   0.07766   0.00000   0.06110   0.40725   0.03149   0.04855   0.07649   0.00000   0.42655   2.12428   2.56784   2.00902   2.27539   3.46595   1.49536   0.05745   1.00000  
 39 54.3444   2394.207144  x:  0.53642   0.46876   0.94422   0.14748   0.02085   0.09436   0.02422   0.02180   0.06394   0.04977   0.20426   0.14386   0.13067   0.13573   0.03952   0.20181   0.10348   0.23778   0.31723   0.17545   0.08093   0.39435   0.05422   0.13906   0.06837   0.00000   0.05824   0.43095   0.03395   0.03582   0.06667   0.00000   0.43421   2.12614   2.56900   2.00932   2.27298   3.48178   1.48241   0.05715   1.00000  
 40 76.8773   2393.316883  x:  0.56960   0.46841   0.99897   0.17110   0.02844   0.09407   0.02618   0.01835   0.06198   0.04963   0.20423   0.14015   0.12149   0.12222   0.02686   0.18940   0.10746   0.24698   0.30586   0.16005   0.08263   0.38390   0.05561   0.13602   0.06264   0.00000   0.05063   0.45318   0.02597   0.05273   0.06509   0.00000   0.44157   2.12874   2.57051   2.00990   2.26971   3.50191   1.46596   0.05790   1.00000  
 41 72.8283   2392.563179  x:  0.60286   0.46409   1.06071   0.19794   0.02199   0.09153   0.02805   0.02271   0.05215   0.05227   0.20437   0.13990   0.12804   0.12165   0.03446   0.18937   0.10963   0.25127   0.29670   0.15219   0.08702   0.37262   0.04437   0.13948   0.07411   0.00000   0.05573   0.46596   0.01691   0.04440   0.06840   0.00000   0.44456   2.13230   2.57227   2.01107   2.26561   3.52423   1.44775   0.06029   1.00000  
 42 49.5772   2392.066389  x:  0.62683   0.45682   1.11198   0.20863   0.02586   0.09123   0.02648   0.01923   0.05766   0.05162   0.20369   0.14137   0.13837   0.12709   0.04011   0.19751   0.10922   0.25044   0.29371   0.15329   0.08996   0.36519   0.03184   0.14417   0.06230   0.00000   0.06806   0.46782   0.02016   0.04371   0.07273   0.00000   0.44335   2.13559   2.57371   2.01253   2.26191   3.54169   1.43352   0.05873   1.00000  
 43 51.1088   2391.366336  x:  0.66154   0.43389   1.20578   0.19328   0.01846   0.09630   0.02646   0.02099   0.07184   0.04798   0.20188   0.14243   0.14428   0.12753   0.03631   0.22220   0.11029   0.24292   0.30042   0.16901   0.08549   0.35894   0.03125   0.14620   0.06743   0.00000   0.07084   0.45051   0.01188   0.05155   0.06379   0.00000   0.43459   2.14193   2.57619   2.01620   2.25461   3.56944   1.41096   0.05978   1.00000  
 44 35.4394   2390.673138  x:  0.69445   0.40318   1.30808   0.16876   0.03127   0.09213   0.02604   0.01666   0.05459   0.05072   0.19995   0.14221   0.13825   0.12219   0.03825   0.23986   0.10673   0.23335   0.30961   0.18420   0.07672   0.35856   0.03739   0.14298   0.06750   0.00000   0.06918   0.42483   0.01331   0.04596   0.06398   0.00000   0.42390   2.14925   2.57885   2.02087   2.24625   3.59622   1.38920   0.05938   1.00000  
 45 66.2710   2390.351056  x:  0.70712   0.38439   1.35761   0.15713   0.02178   0.08903   0.02653   0.02073   0.04941   0.05277   0.19969   0.14069   0.13213   0.12079   0.04715   0.23695   0.10283   0.22790   0.31268   0.18695   0.07299   0.36341   0.03761   0.13832   0.05970   0.00000   0.06324   0.41196   0.01598   0.04751   0.06901   0.00000   0.41928   2.15330   2.58009   2.02365   2.24187   3.60709   1.38038   0.05776   1.00000  
 46 51.9745   2389.976688  x:  0.71905   0.35391   1.42277   0.14507   0.02458   0.08758   0.02582   0.01743   0.05985   0.05124   0.19935   0.13739   0.12450   0.12062   0.06923   0.22072   0.09754   0.22037   0.31438   0.18439   0.06875   0.37553   0.03703   0.13304   0.06498   0.00000   0.05351   0.39579   0.02081   0.04531   0.06885   0.00000   0.41453   2.15931   2.58164   2.02801   2.23556   3.61911   1.37065   0.05669   1.00000  
 47 48.3280   2389.834555  x:  0.71975   0.33665   1.44913   0.13938   0.02460   0.09276   0.02480   0.01763   0.05641   0.04866   0.19935   0.13702   0.12675   0.12094   0.07815   0.21161   0.10189   0.21910   0.31359   0.18056   0.06710   0.38226   0.04289   0.13821   0.06550   0.00000   0.05850   0.39239   0.02181   0.04890   0.06316   0.00000   0.41460   2.16236   2.58218   2.03037   2.23243   3.62222   1.36817   0.05618   1.00000  
 48 23.1649   2389.758461  x:  0.71514   0.32078   1.46443   0.13245   0.02500   0.09047   0.02488   0.01704   0.05827   0.05099   0.20031   0.13758   0.13042   0.11539   0.07874   0.20828   0.10712   0.22109   0.31167   0.17790   0.06712   0.38576   0.04220   0.14221   0.06569   0.00000   0.06191   0.39420   0.01729   0.04806   0.06735   0.00000   0.41766   2.16494   2.58229   2.03251   2.22979   3.62114   1.36911   0.05597   1.00000  
 49 11.3421   2389.703777  x:  0.70883   0.30549   1.47626   0.12796   0.02521   0.08995   0.02490   0.01717   0.05646   0.05032   0.20030   0.13826   0.13276   0.11380   0.07863   0.20904   0.10974   0.22393   0.31002   0.17706   0.06795   0.38681   0.03515   0.14084   0.06621   0.00000   0.06039   0.39889   0.01909   0.04877   0.06443   0.00000   0.42129   2.16751   2.58215   2.03478   2.22709   3.61793   1.37180   0.05604   1.00000  
 50 10.7864   2389.664822  x:  0.70284   0.29252   1.48562   0.12864   0.02549   0.09245   0.02513   0.01696   0.05701   0.04952   0.19966   0.13838   0.13147   0.11738   0.08100   0.21271   0.11197   0.22775   0.30982   0.17756   0.06746   0.38552   0.03736   0.13804   0.06500   0.00000   0.05838   0.40351   0.01903   0.04761   0.06613   0.00000   0.42376   2.17020   2.58181   2.03721   2.22421   3.61340   1.37559   0.05633   1.00000  
 51  8.3890   2389.647967  x:  0.70099   0.28772   1.49051   0.13010   0.02522   0.08966   0.02515   0.01689   0.05757   0.05126   0.19990   0.13823   0.12895   0.11953   0.08115   0.21354   0.10916   0.22861   0.31077   0.17818   0.06789   0.38407   0.03868   0.13901   0.06510   0.00000   0.06026   0.40569   0.01857   0.04849   0.06453   0.00000   0.42372   2.17209   2.58142   2.03902   2.22205   3.60917   1.37913   0.05640   1.00000  
 52  4.5347   2389.628004  x:  0.70049   0.28411   1.49711   0.13193   0.02513   0.09158   0.02515   0.01692   0.05730   0.04906   0.20032   0.13771   0.12729   0.11917   0.07950   0.21329   0.10350   0.22792   0.31209   0.17867   0.06920   0.38220   0.03847   0.14076   0.06530   0.00000   0.06203   0.40719   0.01700   0.04832   0.06542   0.00000   0.42271   2.17505   2.58067   2.04198   2.21851   3.60177   1.38533   0.05627   1.00000  
 53  5.1957   2389.574629  x:  0.70479   0.28149   1.51662   0.13892   0.02504   0.09353   0.02538   0.01642   0.05762   0.05295   0.20322   0.13999   0.13465   0.11767   0.07523   0.21313   0.10046   0.22257   0.31348   0.17797   0.07213   0.37915   0.04208   0.14067   0.06538   0.00000   0.05913   0.40742   0.01878   0.04828   0.06530   0.00000   0.41925   2.18454   2.57790   2.05214   2.20632   3.57730   1.40590   0.05600   1.00000  
 54  5.8295   2389.533739  x:  0.71018   0.28253   1.53135   0.14293   0.02478   0.08950   0.02559   0.01636   0.05768   0.04813   0.20285   0.14040   0.13599   0.11844   0.07281   0.21402   0.10444   0.22064   0.31372   0.17797   0.07381   0.37945   0.04312   0.14047   0.06568   0.00000   0.05887   0.40679   0.01917   0.04810   0.06579   0.00000   0.41879   2.19179   2.57560   2.06040   2.19636   3.55871   1.42159   0.05557   1.00000  
 55 12.9082   2389.471411  x:  0.72098   0.28800   1.55372   0.14533   0.02483   0.09295   0.02558   0.01539   0.05801   0.05155   0.20193   0.14080   0.13030   0.12238   0.07027   0.21557   0.11258   0.22277   0.31380   0.17919   0.07387   0.38394   0.03818   0.14156   0.06711   0.00000   0.06132   0.40574   0.01875   0.04820   0.06676   0.00000   0.42217   2.20302   2.57175   2.07405   2.17976   3.53125   1.44489   0.05483   1.00000  
 56 14.0712   2389.410425  x:  0.73332   0.29773   1.57399   0.14192   0.02509   0.09296   0.02591   0.01475   0.05836   0.05105   0.20507   0.14218   0.13443   0.12445   0.07503   0.21600   0.10993   0.23614   0.31843   0.18356   0.06811   0.39441   0.03766   0.14579   0.06645   0.00000   0.05930   0.40857   0.01810   0.04850   0.06629   0.00000   0.43159   2.21359   2.56745   2.08913   2.16111   3.50946   1.46375   0.05475   1.00000  
 57  7.5707   2389.387449  x:  0.73687   0.30136   1.58005   0.13950   0.02516   0.09345   0.02586   0.01446   0.05858   0.05123   0.20626   0.14282   0.13478   0.12219   0.07924   0.21740   0.10932   0.23704   0.32105   0.18557   0.07251   0.39919   0.03894   0.14207   0.06632   0.00000   0.06168   0.41344   0.01723   0.04891   0.06565   0.00000   0.43377   2.21657   2.56557   2.09510   2.15354   3.50556   1.46740   0.05470   1.00000  
 58  4.5211   2389.342577  x:  0.74070   0.30704   1.58902   0.13150   0.02515   0.09351   0.02575   0.01387   0.05881   0.05097   0.20598   0.14364   0.13446   0.12259   0.08552   0.21995   0.10861   0.22863   0.32217   0.18146   0.06737   0.40001   0.03927   0.14025   0.06627   0.00000   0.06326   0.42677   0.01567   0.04874   0.06563   0.00000   0.43390   2.21991   2.56101   2.10712   2.13777   3.50547   1.46850   0.05451   1.00000  
 59  3.6532   2389.290583  x:  0.74177   0.31068   1.59774   0.12596   0.02529   0.09355   0.02586   0.01315   0.05877   0.05122   0.20456   0.14191   0.13258   0.12410   0.08971   0.21852   0.11108   0.22404   0.32204   0.18284   0.07277   0.39675   0.03948   0.14835   0.06522   0.00000   0.05769   0.43419   0.01642   0.04781   0.06568   0.00000   0.43157   2.22164   2.55483   2.12098   2.11895   3.51136   1.46500   0.05474   1.00000  
 60  5.0742   2389.068915  x:  0.73788   0.31590   1.63077   0.12164   0.02468   0.09260   0.02563   0.01015   0.05785   0.05060   0.20271   0.14081   0.13436   0.12730   0.08999   0.20094   0.11395   0.23227   0.31258   0.18565   0.07539   0.37033   0.03733   0.13962   0.06431   0.00000   0.06176   0.43006   0.01191   0.04695   0.06314   0.00000   0.42169   2.22156   2.52640   2.17573   2.04200   3.54697   1.44157   0.05388   1.00000  
 61  7.3726   2388.914939  x:  0.73430   0.31398   1.65482   0.13278   0.02288   0.09154   0.02546   0.00833   0.05732   0.04962   0.20170   0.14574   0.13233   0.12911   0.07935   0.21059   0.10643   0.23657   0.30386   0.16896   0.08055   0.37645   0.03845   0.14056   0.06457   0.00000   0.05949   0.42199   0.01192   0.04549   0.06244   0.00000   0.42228   2.21631   2.50367   2.21094   1.99080   3.57625   1.42177   0.05273   1.00000  
 62 11.0837   2388.876037  x:  0.73505   0.31009   1.66156   0.14082   0.02261   0.09115   0.02549   0.00801   0.05673   0.05070   0.20046   0.13691   0.13494   0.13090   0.07264   0.20922   0.10661   0.23234   0.30792   0.17332   0.07714   0.38431   0.03754   0.13972   0.06478   0.00000   0.05971   0.42346   0.01166   0.04476   0.06307   0.00000   0.42431   2.20931   2.49486   2.21584   1.98212   3.58327   1.41717   0.05239   1.00000  
 63  3.9042   2388.848799  x:  0.73761   0.30571   1.66684   0.14716   0.02232   0.09097   0.02560   0.00786   0.05663   0.05009   0.20047   0.14402   0.13403   0.13140   0.06873   0.20564   0.10816   0.22863   0.31238   0.17944   0.07371   0.39007   0.03622   0.14029   0.06475   0.00000   0.05964   0.42569   0.01142   0.04410   0.06370   0.00000   0.42437   2.20033   2.48615   2.21621   1.97926   3.58731   1.41475   0.05225   1.00000  
 64  4.1642   2388.747443  x:  0.76896   0.28537   1.69105   0.14285   0.02237   0.09126   0.02593   0.00798   0.05655   0.04965   0.20766   0.14245   0.13420   0.13529   0.07150   0.20616   0.10936   0.23457   0.31077   0.17401   0.07647   0.39275   0.03488   0.14030   0.06432   0.00000   0.06071   0.43119   0.00969   0.04376   0.06351   0.00000   0.41094   2.14147   2.43495   2.19297   1.99581   3.58731   1.41836   0.05157   1.00000  
 65  2.1672   2388.698092  x:  0.78493   0.27609   1.70391   0.14024   0.02192   0.09139   0.02592   0.00817   0.05685   0.05104   0.19763   0.14344   0.13587   0.13407   0.07487   0.20661   0.10645   0.23424   0.30942   0.17360   0.07913   0.38630   0.03698   0.14059   0.06467   0.00000   0.06046   0.43248   0.00962   0.04390   0.06320   0.00000   0.42045   2.11583   2.40887   2.17970   2.00550   3.58711   1.42035   0.05074   1.00000  
 66  7.5051   2388.683777  x:  0.78866   0.27405   1.70828   0.13946   0.02195   0.09142   0.02595   0.00822   0.05674   0.05032   0.20380   0.14326   0.13508   0.13515   0.07539   0.20674   0.10642   0.23160   0.30878   0.17396   0.08027   0.38285   0.03760   0.14071   0.06488   0.00000   0.06036   0.43179   0.00971   0.04387   0.06326   0.00000   0.42779   2.11341   2.40082   2.17461   2.00883   3.58791   1.42031   0.05052   1.00000  
 67  2.7532   2388.612095  x:  0.79353   0.27298   1.73539   0.13800   0.02240   0.09110   0.02653   0.01005   0.05616   0.05054   0.20096   0.14376   0.13582   0.13989   0.07409   0.20325   0.10586   0.22768   0.30844   0.16927   0.08287   0.38619   0.03706   0.13909   0.06337   0.00000   0.06204   0.42857   0.00694   0.04340   0.06192   0.00000   0.42979   2.15946   2.35854   2.13796   2.02890   3.59742   1.41619   0.05088   1.00000  
 68  1.2657   2388.551223  x:  0.79781   0.27308   1.76105   0.14001   0.02192   0.09106   0.02625   0.01143   0.05594   0.05057   0.20185   0.14341   0.13583   0.13759   0.07340   0.20520   0.10678   0.23333   0.30848   0.17227   0.08081   0.38481   0.03704   0.13959   0.06478   0.00000   0.06057   0.43692   0.00864   0.04280   0.06236   0.00000   0.42461   2.20119   2.32327   2.10647   2.04549   3.60652   1.41192   0.04957   1.00000  
 69 10.0100   2388.532834  x:  0.78727   0.28362   1.78711   0.14049   0.02208   0.09115   0.02642   0.01226   0.05596   0.05061   0.20194   0.14353   0.13587   0.13795   0.07271   0.20571   0.10498   0.23247   0.29918   0.17656   0.08055   0.38684   0.03847   0.13946   0.06481   0.00000   0.06087   0.43861   0.00883   0.04281   0.06217   0.00000   0.42478   2.18905   2.34448   2.10573   2.03118   3.60526   1.41441   0.04949   1.00000  
 70  0.3042   2388.506424  x:  0.77352   0.29759   1.82509   0.14156   0.02236   0.09138   0.02664   0.01338   0.05597   0.05071   0.20204   0.14371   0.13613   0.13849   0.07147   0.20593   0.10686   0.23454   0.30855   0.17182   0.08184   0.38406   0.03773   0.13948   0.06509   0.00000   0.06081   0.43972   0.00952   0.04263   0.06229   0.00000   0.42604   2.17102   2.37764   2.10532   2.00899   3.60396   1.41766   0.04927   1.00000  
 71  4.3967   2388.472488  x:  0.81819   0.26547   1.84562   0.14173   0.02280   0.09149   0.02691   0.01413   0.05596   0.05072   0.20168   0.14382   0.13618   0.13874   0.07038   0.20725   0.10698   0.23479   0.30801   0.17285   0.08183   0.38321   0.03798   0.13922   0.06519   0.00000   0.06095   0.44056   0.01017   0.04266   0.06191   0.00000   0.42610   2.17678   2.42947   2.10650   1.97900   3.60409   1.42071   0.04944   1.00000  
 72  0.4988   2388.426146  x:  0.82645   0.26632   1.93163   0.13929   0.02339   0.09188   0.02714   0.01195   0.05658   0.05081   0.20150   0.14396   0.13572   0.13878   0.07112   0.20806   0.10811   0.23541   0.30872   0.17353   0.08204   0.38182   0.03876   0.13888   0.06517   0.00000   0.06173   0.44361   0.01131   0.04318   0.06185   0.00000   0.42788   2.20426   2.43212   2.06847   2.02584   3.60455   1.42481   0.04980   1.00000  
 73  0.2288   2388.414345  x:  0.83333   0.26331   1.97069   0.14124   0.02321   0.09193   0.02672   0.01210   0.05665   0.05070   0.20198   0.14389   0.13544   0.13706   0.06991   0.20859   0.10819   0.23629   0.30887   0.17408   0.08102   0.38206   0.03849   0.13926   0.06520   0.00000   0.06158   0.44325   0.01040   0.04360   0.06226   0.00000   0.42783   2.20348   2.40118   2.13684   2.03672   3.60550   1.42554   0.04962   1.00000  
 74  0.1114   2388.412451  x:  0.83473   0.26301   1.98446   0.14064   0.02311   0.09190   0.02663   0.01196   0.05667   0.05069   0.20214   0.14387   0.13546   0.13658   0.07092   0.20842   0.10824   0.23615   0.30901   0.17400   0.08070   0.38287   0.03830   0.13945   0.06512   0.00000   0.06139   0.44319   0.00999   0.04373   0.06233   0.00000   0.42788   2.20375   2.41689   2.11897   2.03145   3.60420   1.42699   0.04935   1.00000  
 75  0.0397   2388.412159  x:  0.83520   0.26273   1.99000   0.14012   0.02308   0.09183   0.02671   0.01198   0.05660   0.05068   0.20212   0.14390   0.13557   0.13660   0.07155   0.20819   0.10805   0.23584   0.30900   0.17379   0.08070   0.38338   0.03820   0.13936   0.06511   0.00000   0.06140   0.44258   0.01025   0.04361   0.06236   0.00000   0.42782   2.20283   2.41459   2.11905   2.02960   3.60465   1.42689   0.04931   1.00000  
 76  0.0062   2388.412134  x:  0.83498   0.26281   1.99088   0.13984   0.02309   0.09182   0.02670   0.01199   0.05659   0.05070   0.20212   0.14389   0.13560   0.13661   0.07188   0.20838   0.10803   0.23581   0.30906   0.17394   0.08066   0.38331   0.03817   0.13938   0.06514   0.00000   0.06139   0.44241   0.01022   0.04359   0.06237   0.00000   0.42777   2.20304   2.41480   2.11883   2.02993   3.60488   1.42670   0.04932   1.00000  
 77  0.0010   2388.412134  x:  0.83495   0.26278   1.99084   0.13980   0.02308   0.09182   0.02670   0.01199   0.05660   0.05069   0.20212   0.14389   0.13560   0.13663   0.07192   0.20837   0.10804   0.23581   0.30905   0.17394   0.08066   0.38330   0.03817   0.13937   0.06513   0.00000   0.06140   0.44239   0.01022   0.04360   0.06237   0.00000   0.42776   2.20313   2.41481   2.11891   2.03005   3.60488   1.42669   0.04932   1.00000  
 78  0.0002   2388.412133  x:  0.83495   0.26277   1.99083   0.13980   0.02308   0.09182   0.02670   0.01199   0.05660   0.05069   0.20212   0.14389   0.13560   0.13663   0.07192   0.20837   0.10804   0.23581   0.30905   0.17394   0.08066   0.38330   0.03817   0.13938   0.06513   0.00000   0.06140   0.44239   0.01022   0.04360   0.06237   0.00000   0.42776   2.20313   2.41480   2.11892   2.03006   3.60488   1.42670   0.04932   1.00000  
 79  0.0000   2388.412133  x:  0.83495   0.26277   1.99083   0.13980   0.02308   0.09182   0.02670   0.01199   0.05660   0.05069   0.20212   0.14389   0.13560   0.13663   0.07192   0.20837   0.10804   0.23581   0.30905   0.17394   0.08066   0.38330   0.03817   0.13938   0.06513   0.00000   0.06140   0.44239   0.01022   0.04360   0.06237   0.00000   0.42776   2.20313   2.41480   2.11892   2.03006   3.60488   1.42670   0.04932   1.00000  
 80  0.0000   2388.412133  x:  0.83495   0.26277   1.99083   0.13980   0.02308   0.09182   0.02670   0.01199   0.05660   0.05069   0.20212   0.14389   0.13560   0.13663   0.07192   0.20837   0.10804   0.23581   0.30905   0.17394   0.08066   0.38330   0.03817   0.13938   0.06513   0.00000   0.06140   0.44239   0.01022   0.04360   0.06237   0.00000   0.42776   2.20313   2.41481   2.11892   2.03006   3.60488   1.42670   0.04932   1.00000  

NSsites Model 7: beta

TREE # 1

  0  0.0000   2485.944117  x:  0.41962   0.45702   0.17459   0.11235   0.04967   0.06518   0.03980   0.03745   0.08213   0.03867   0.18817   0.05822   0.07348   0.10706   0.00000   0.19058   0.01491   0.13183   0.18768   0.06290   0.16855   0.26692   0.11974   0.11714   0.06565   0.03613   0.01159   0.18618   0.05111   0.07304   0.05424   0.05470   0.24241   2.67041   2.19359   2.07791   1.79744   0.42423   1.13647  
  1 99.0000   2438.854498  x:  0.43019   0.46382   0.24691   0.14504   0.03284   0.07915   0.03368   0.02286   0.06981   0.04935   0.19283   0.10643   0.10509   0.12162   0.10749   0.19866   0.08831   0.15751   0.20357   0.09558   0.16895   0.27380   0.11983   0.13115   0.06221   0.00000   0.04303   0.23096   0.03926   0.05738   0.04589   0.02745   0.26850   2.66708   2.19318   2.07745   1.79840   0.36561   1.15262  
  2 469.2480   2415.146750  x:  0.44396   0.46932   0.31517   0.14538   0.01776   0.08895   0.02559   0.00777   0.05902   0.04903   0.19681   0.12019   0.11844   0.13005   0.07347   0.19830   0.07304   0.17412   0.22145   0.11519   0.16309   0.28485   0.10561   0.13620   0.07142   0.00000   0.03987   0.27161   0.02658   0.04897   0.04758   0.00000   0.29991   2.66127   2.19218   2.07560   1.80042   0.28647   1.17025  
  3 262.0311   2403.585638  x:  0.46056   0.47467   0.39306   0.15143   0.05080   0.08906   0.03841   0.05754   0.06567   0.04788   0.19883   0.13028   0.12293   0.13393   0.04355   0.19951   0.06741   0.19369   0.23791   0.13070   0.15007   0.29653   0.08485   0.13938   0.06112   0.00000   0.04376   0.30796   0.02349   0.05720   0.07198   0.02466   0.33438   2.65056   2.18946   2.07166   1.80483   0.18561   1.18670  
  4 349.2736   2400.719734  x:  0.47243   0.47590   0.44504   0.16060   0.05494   0.06540   0.02866   0.06852   0.05636   0.03869   0.19407   0.11872   0.10586   0.12051   0.03130   0.19995   0.08029   0.19957   0.23910   0.12483   0.12530   0.30157   0.06296   0.13126   0.03996   0.00000   0.04068   0.31365   0.02578   0.04496   0.05323   0.02838   0.34383   2.63173   2.18293   2.06378   1.81393   0.19012   1.17768  
  5 70.3176   2399.406432  x:  0.48122   0.47553   0.48196   0.16828   0.05534   0.06374   0.03442   0.07345   0.05190   0.03819   0.19082   0.11011   0.09555   0.11204   0.02454   0.19987   0.09222   0.20169   0.23879   0.11779   0.10542   0.30589   0.04726   0.12614   0.06219   0.00000   0.04022   0.31244   0.02915   0.04367   0.04522   0.03526   0.34659   2.61343   2.17645   2.05609   1.82282   0.19737   1.16687  
  6 97.7135   2398.448549  x:  0.49008   0.47251   0.51433   0.17477   0.04747   0.08283   0.03770   0.06771   0.05412   0.04872   0.18948   0.10530   0.09838   0.11260   0.01494   0.19897   0.10156   0.20016   0.23925   0.11003   0.09021   0.31342   0.03860   0.12553   0.05443   0.00000   0.04034   0.30264   0.02959   0.05194   0.05231   0.04386   0.34209   2.58594   2.16663   2.04458   1.83610   0.20483   1.14880  
  7 54.4153   2397.124599  x:  0.50426   0.46133   0.55120   0.18656   0.04576   0.07182   0.02441   0.05806   0.06817   0.05078   0.18771   0.10258   0.11303   0.12344   0.00662   0.19798   0.10651   0.19407   0.24523   0.10681   0.09259   0.33289   0.04556   0.13341   0.06010   0.00000   0.04055   0.27307   0.02368   0.04857   0.05647   0.05672   0.32249   2.51893   2.14282   2.01675   1.86812   0.19450   1.10465  
  8 44.5530   2396.027546  x:  0.51695   0.44776   0.57720   0.19611   0.04729   0.06881   0.04724   0.04533   0.06982   0.04293   0.18590   0.10204   0.11476   0.12685   0.00699   0.19643   0.10015   0.18721   0.25152   0.10936   0.10178   0.34916   0.05064   0.13859   0.05549   0.00000   0.03832   0.25380   0.02506   0.04330   0.04877   0.05978   0.30472   2.44337   2.11613   1.98556   1.90376   0.17797   1.05511  
  9 99.0412   2393.957051  x:  0.53517   0.41837   0.59913   0.20277   0.05549   0.08173   0.03051   0.04061   0.05706   0.03817   0.18620   0.11209   0.09473   0.11791   0.01967   0.19318   0.07811   0.17647   0.25712   0.11816   0.11365   0.36214   0.05554   0.13748   0.05624   0.00000   0.03795   0.25904   0.04053   0.05818   0.04542   0.05737   0.28950   2.28880   2.06195   1.92208   1.97539   0.15016   0.95381  
 10 91.0087   2391.530523  x:  0.55192   0.38201   0.60653   0.19321   0.05986   0.07940   0.03628   0.05319   0.05810   0.05445   0.19196   0.12679   0.09729   0.11803   0.02032   0.19261   0.06768   0.17616   0.25566   0.12536   0.11212   0.35646   0.06575   0.12754   0.05798   0.00000   0.03603   0.29414   0.01696   0.04632   0.05477   0.04345   0.30183   2.09550   1.99488   1.84254   2.06339   0.13957   0.83034  
 11 125.0037   2390.626970  x:  0.55723   0.36851   0.60254   0.18381   0.05265   0.07342   0.04018   0.05545   0.06010   0.04890   0.19363   0.12187   0.10820   0.12318   0.01450   0.19585   0.07394   0.18075   0.25255   0.12442   0.10767   0.34703   0.06808   0.13107   0.05796   0.00000   0.05085   0.30814   0.03103   0.04610   0.05984   0.03614   0.31607   2.01181   1.96639   1.80792   2.10080   0.13066   0.78240  
 12 120.5010   2390.270375  x:  0.55831   0.36694   0.59720   0.18021   0.04782   0.07653   0.03887   0.05661   0.06161   0.03820   0.19355   0.11199   0.11171   0.12584   0.01690   0.19965   0.08054   0.18685   0.25119   0.12240   0.10845   0.33927   0.06322   0.13343   0.05801   0.00000   0.04269   0.30648   0.02566   0.05135   0.05862   0.03529   0.32709   1.97792   1.95546   1.79339   2.11546   0.12332   0.77095  
 13 42.4595   2390.028091  x:  0.55826   0.37294   0.59358   0.17733   0.04773   0.07670   0.03799   0.05609   0.06207   0.04733   0.19451   0.11107   0.10953   0.12790   0.01868   0.20244   0.07883   0.19787   0.25436   0.12237   0.11615   0.33029   0.05150   0.14191   0.05803   0.00000   0.04055   0.29573   0.02786   0.04974   0.05518   0.03564   0.34030   1.94787   1.94709   1.77930   2.12758   0.12324   0.77796  
 14 18.4779   2389.800280  x:  0.55760   0.38482   0.59408   0.17661   0.05129   0.07723   0.03814   0.05329   0.05764   0.04093   0.19351   0.11695   0.10699   0.12750   0.01749   0.20421   0.07624   0.20874   0.25932   0.12081   0.12112   0.32311   0.05413   0.14427   0.05839   0.00000   0.04500   0.28847   0.02444   0.05189   0.06081   0.03569   0.34902   1.91459   1.93892   1.76236   2.14044   0.13159   0.80033  
 15 19.9234   2389.354653  x:  0.55310   0.41329   0.58910   0.18010   0.05483   0.07840   0.03838   0.05064   0.06493   0.04490   0.19486   0.12041   0.10289   0.12267   0.01566   0.20631   0.07724   0.21704   0.25991   0.10673   0.11956   0.31250   0.06927   0.13281   0.05772   0.00000   0.04710   0.28219   0.02545   0.05619   0.05474   0.02832   0.35007   1.84453   1.92255   1.72453   2.16739   0.13172   0.86264  
 16 32.1083   2388.797930  x:  0.54275   0.44528   0.58410   0.18672   0.05011   0.07509   0.03860   0.05452   0.06188   0.04550   0.19496   0.11178   0.11463   0.12676   0.02203   0.20133   0.06973   0.20868   0.25165   0.10665   0.12132   0.31006   0.06281   0.12395   0.05813   0.00000   0.04014   0.29195   0.03185   0.05297   0.06120   0.02810   0.33781   1.75723   1.90241   1.67400   2.20170   0.14132   0.95135  
 17 41.6848   2388.509372  x:  0.53326   0.45536   0.57795   0.18518   0.04465   0.07944   0.03731   0.05786   0.05894   0.04578   0.19362   0.10723   0.10933   0.12458   0.01765   0.19994   0.07623   0.19809   0.24472   0.11422   0.12025   0.31372   0.06181   0.13500   0.05792   0.00000   0.04531   0.29789   0.02603   0.04607   0.05900   0.03345   0.32945   1.71473   1.89218   1.64599   2.21966   0.14306   0.99925  
 18 39.1048   2388.406070  x:  0.52682   0.45267   0.57586   0.18276   0.04333   0.07437   0.03882   0.05457   0.05968   0.04664   0.19284   0.11229   0.10760   0.12489   0.01603   0.19966   0.07966   0.19280   0.24355   0.11832   0.11621   0.31734   0.05925   0.13888   0.05769   0.00000   0.04317   0.29994   0.02452   0.05294   0.05722   0.03581   0.32956   1.70282   1.88860   1.63449   2.22623   0.14447   1.01663  
 19 17.6111   2388.245365  x:  0.51232   0.43620   0.57331   0.17889   0.04964   0.07793   0.03702   0.04903   0.06456   0.04265   0.19107   0.11771   0.10839   0.12690   0.01711   0.19960   0.08035   0.18712   0.24680   0.12092   0.10530   0.32582   0.05501   0.13759   0.05771   0.00000   0.04092   0.29793   0.02689   0.04783   0.05534   0.03751   0.33592   1.69302   1.88349   1.61431   2.23631   0.14636   1.04169  
 20 12.9891   2388.069073  x:  0.49657   0.41268   0.57250   0.17727   0.04892   0.07500   0.03732   0.04447   0.05891   0.04672   0.19118   0.11055   0.10557   0.12461   0.02025   0.19943   0.08148   0.18743   0.25364   0.12025   0.10022   0.33436   0.05630   0.13217   0.05750   0.00000   0.04182   0.29443   0.02604   0.04625   0.06138   0.03816   0.34166   1.68951   1.87827   1.59048   2.24723   0.14471   1.06689  
 21 17.8725   2387.851497  x:  0.48367   0.38382   0.57898   0.17617   0.04569   0.07692   0.03738   0.05392   0.06013   0.04701   0.19155   0.10629   0.10931   0.12332   0.01915   0.19720   0.08098   0.19398   0.26054   0.11859   0.10730   0.33855   0.05673   0.13118   0.05750   0.00000   0.04485   0.29483   0.02490   0.05221   0.05572   0.03015   0.34054   1.69437   1.87232   1.55910   2.26043   0.15078   1.09329  
 22 16.0523   2387.466006  x:  0.48230   0.35066   0.58858   0.17639   0.03737   0.07582   0.03768   0.05787   0.05785   0.04353   0.19237   0.11787   0.10630   0.12230   0.01906   0.19937   0.07925   0.20085   0.24899   0.10289   0.11015   0.32153   0.05364   0.13809   0.05750   0.00000   0.03962   0.29457   0.02645   0.04754   0.06279   0.02422   0.32981   1.71866   1.86303   1.50232   2.28249   0.14865   1.12669  
 23 14.0438   2386.665895  x:  0.50641   0.31637   0.60775   0.17187   0.05060   0.07713   0.03607   0.03656   0.06145   0.04659   0.18892   0.10864   0.10633   0.12807   0.01763   0.20301   0.07651   0.20390   0.22666   0.11975   0.11743   0.28263   0.05773   0.13117   0.05741   0.00000   0.04334   0.30199   0.02450   0.04977   0.06065   0.02832   0.32548   1.78160   1.84589   1.38638   2.32560   0.15168   1.18002  
 24 24.7687   2385.409924  x:  0.56599   0.32282   0.61497   0.15161   0.02803   0.07881   0.03587   0.04167   0.05995   0.04643   0.18726   0.11290   0.11231   0.12205   0.02639   0.19087   0.06733   0.18404   0.23199   0.12441   0.11635   0.29360   0.07196   0.12680   0.05795   0.00000   0.04149   0.30173   0.02796   0.04839   0.05525   0.03347   0.35967   1.88425   1.82449   1.22203   2.38509   0.15771   1.23824  
 25 26.7713   2384.725034  x:  0.59322   0.33801   0.61084   0.14905   0.04421   0.07853   0.03607   0.03818   0.05720   0.04813   0.19036   0.10648   0.11222   0.12477   0.02588   0.19389   0.07384   0.18023   0.24187   0.11654   0.11245   0.31592   0.06489   0.13896   0.05823   0.00000   0.04043   0.30956   0.02598   0.05178   0.06383   0.00914   0.36528   1.93811   1.81573   1.14220   2.41415   0.16161   1.26340  
 26 40.0152   2384.154390  x:  0.59761   0.35700   0.59935   0.16060   0.03668   0.07890   0.03573   0.03104   0.06581   0.04400   0.19682   0.11160   0.10490   0.12919   0.01723   0.20597   0.07951   0.20469   0.25970   0.12310   0.10860   0.33625   0.04790   0.12862   0.05840   0.00000   0.04397   0.32359   0.02504   0.04904   0.06768   0.01152   0.35424   1.97444   1.81419   1.09927   2.43158   0.16269   1.27544  
 27 18.7436   2383.712270  x:  0.58382   0.37186   0.59821   0.17425   0.03794   0.08107   0.03455   0.03009   0.05155   0.04695   0.19570   0.11389   0.11493   0.13465   0.01130   0.20959   0.07517   0.22049   0.26657   0.12560   0.09441   0.33981   0.05255   0.13527   0.05861   0.00000   0.03970   0.33044   0.02534   0.04941   0.05792   0.01794   0.35054   1.99212   1.81858   1.09227   2.43801   0.16259   1.27973  
 28 12.2262   2382.397689  x:  0.51771   0.41739   0.63008   0.20421   0.02915   0.08030   0.03522   0.02081   0.07220   0.04621   0.18498   0.10597   0.11394   0.12115   0.01192   0.20265   0.05430   0.23207   0.27010   0.13938   0.07963   0.33474   0.06420   0.15935   0.05881   0.00000   0.03322   0.34544   0.02670   0.05012   0.06657   0.00768   0.36302   2.02790   1.84241   1.11824   2.44520   0.16623   1.28976  
 29 17.2864   2380.894796  x:  0.47065   0.44720   0.65558   0.21005   0.02864   0.08272   0.03447   0.01691   0.06848   0.04615   0.18317   0.11118   0.11477   0.12262   0.00208   0.20074   0.05980   0.22469   0.26531   0.14213   0.09179   0.33189   0.06394   0.15265   0.05926   0.00000   0.03174   0.34772   0.02822   0.04884   0.06965   0.00000   0.37414   2.04796   1.86183   1.14692   2.44710   0.16530   1.29682  
 30 46.1486   2380.096771  x:  0.44881   0.46226   0.67795   0.19145   0.02796   0.08196   0.03361   0.00791   0.06864   0.04350   0.19777   0.10857   0.11346   0.13416   0.01071   0.20525   0.04557   0.21867   0.26524   0.12452   0.09350   0.33088   0.05637   0.15140   0.05908   0.00000   0.04862   0.35632   0.01578   0.05298   0.06225   0.00000   0.37529   2.05652   1.87939   1.17766   2.44394   0.16403   1.30651  
 31 31.4421   2379.522421  x:  0.45174   0.46412   0.70118   0.15772   0.02564   0.08327   0.03352   0.00899   0.06832   0.04380   0.21201   0.10499   0.10510   0.14734   0.01618   0.21999   0.04640   0.22248   0.27647   0.13151   0.08999   0.32920   0.06736   0.15328   0.05982   0.00000   0.03585   0.36089   0.02401   0.05017   0.06542   0.00000   0.36725   2.05597   1.90091   1.21908   2.43452   0.16934   1.32327  
 32 19.0396   2378.382142  x:  0.51938   0.42875   0.71371   0.13875   0.02441   0.08431   0.03140   0.00642   0.06193   0.04498   0.20070   0.11188   0.12450   0.11906   0.01404   0.22197   0.04893   0.22909   0.28396   0.15003   0.07736   0.32756   0.05287   0.14399   0.06027   0.00000   0.04126   0.35141   0.01873   0.05146   0.07193   0.00000   0.36021   2.03431   1.96387   1.34023   2.39546   0.16677   1.37645  
 33 15.7838   2377.328686  x:  0.60015   0.38016   0.71985   0.16784   0.01531   0.08659   0.03079   0.00888   0.06035   0.04493   0.19404   0.11431   0.10852   0.15082   0.00697   0.21748   0.04726   0.22667   0.28111   0.15837   0.07165   0.33339   0.05265   0.13875   0.06051   0.00000   0.04601   0.35236   0.01615   0.05435   0.07451   0.00000   0.38034   2.00790   2.02570   1.45748   2.35206   0.17303   1.43150  
 34 43.0735   2377.118288  x:  0.62564   0.36349   0.71660   0.17357   0.01684   0.08741   0.03058   0.00354   0.06245   0.04483   0.19984   0.11314   0.10852   0.14872   0.00576   0.21451   0.04929   0.23020   0.28026   0.15338   0.07636   0.33887   0.05565   0.14293   0.06064   0.00000   0.04156   0.36033   0.01873   0.05303   0.07350   0.00000   0.38547   1.99798   2.03372   1.47337   2.34184   0.17688   1.44088  
 35 30.4687   2377.051291  x:  0.62853   0.36101   0.71890   0.17964   0.01648   0.08774   0.03055   0.00459   0.06210   0.04394   0.21209   0.11362   0.11108   0.14426   0.00454   0.22457   0.04714   0.22766   0.27551   0.15634   0.07689   0.34102   0.05667   0.14343   0.06076   0.00000   0.04167   0.35883   0.01904   0.05350   0.07337   0.00000   0.38984   1.99516   2.03752   1.47661   2.33397   0.17873   1.44358  
 36  4.4942   2375.623849  x:  0.64391   0.34911   0.77945   0.16607   0.01762   0.09070   0.02737   0.00889   0.06162   0.05160   0.17130   0.11652   0.11672   0.14014   0.01247   0.25042   0.03800   0.24561   0.23959   0.14432   0.09988   0.37314   0.06684   0.14028   0.06307   0.00000   0.03911   0.37684   0.02112   0.05079   0.06778   0.00000   0.40528   1.90147   2.10149   1.42918   2.04928   0.18505   1.46183  
 37  2.5036   2373.322139  x:  0.65758   0.33611   0.86764   0.16530   0.02545   0.09371   0.02137   0.01574   0.05547   0.04872   0.20388   0.12323   0.12080   0.13731   0.01190   0.18605   0.05241   0.24095   0.26299   0.14151   0.11055   0.35341   0.06610   0.13835   0.06631   0.00000   0.03626   0.39067   0.02028   0.04337   0.06312   0.00000   0.41038   1.75949   2.19851   1.35488   1.60282   0.18683   1.48805  
 38 60.9488   2373.143168  x:  0.66401   0.33113   0.87228   0.17125   0.02456   0.09374   0.02109   0.01594   0.05615   0.04997   0.19606   0.12289   0.12328   0.13454   0.01099   0.19893   0.05359   0.22531   0.28673   0.13495   0.11446   0.34095   0.06498   0.14064   0.06659   0.00000   0.03536   0.39847   0.02004   0.04178   0.06186   0.00000   0.40974   1.74807   2.19793   1.34868   1.57103   0.18835   1.49105  
 39 11.3508   2370.327126  x:  0.66812   0.35794   0.98879   0.17988   0.02726   0.09441   0.02014   0.01639   0.04835   0.05106   0.19975   0.13325   0.13067   0.13261   0.01263   0.19390   0.07601   0.21726   0.28774   0.14475   0.11612   0.34913   0.05772   0.12913   0.06919   0.00000   0.04332   0.41293   0.01777   0.03770   0.05736   0.00000   0.42457   1.86506   1.47493   1.61084   1.72561   0.20543   1.67560  
 40  1.6275   2367.932421  x:  0.57876   0.41716   1.21185   0.18666   0.01949   0.09264   0.02825   0.00847   0.04575   0.05185   0.20692   0.14950   0.13433   0.13808   0.01911   0.21512   0.09204   0.20097   0.27298   0.18054   0.10677   0.33918   0.05769   0.11473   0.07051   0.00000   0.05358   0.40095   0.01760   0.04355   0.06472   0.00000   0.43930   1.77722   1.80753   1.35918   1.64908   0.21037   1.77447  
 41  0.8861   2365.996151  x:  0.63695   0.41495   1.45687   0.19046   0.02227   0.09005   0.03422   0.01226   0.06959   0.04824   0.21093   0.15799   0.13929   0.13739   0.02154   0.19760   0.11426   0.23228   0.30310   0.17433   0.10030   0.36080   0.04704   0.15042   0.07028   0.00000   0.05510   0.44753   0.01485   0.04470   0.05737   0.00000   0.44023   1.83640   2.01577   1.45829   2.05151   0.23329   1.97535  
 42  0.5210   2364.553605  x:  0.67920   0.38875   1.77274   0.19068   0.02589   0.09450   0.02073   0.00785   0.06287   0.04879   0.20184   0.16216   0.13204   0.14372   0.03283   0.21044   0.12006   0.24843   0.29917   0.18713   0.08300   0.38188   0.03647   0.14984   0.06614   0.00000   0.05474   0.45072   0.01793   0.04229   0.06915   0.00000   0.42923   1.82343   1.57145   1.39252   1.64287   0.23498   2.16077  
 43  0.5058   2363.603232  x:  0.75155   0.34501   2.09455   0.16817   0.02475   0.09122   0.03069   0.00909   0.04853   0.05085   0.20188   0.15418   0.13139   0.13861   0.05085   0.19778   0.12370   0.24701   0.30936   0.17199   0.08712   0.37866   0.03701   0.13893   0.06118   0.00000   0.04900   0.46079   0.01956   0.03471   0.06460   0.00000   0.42115   1.84525   1.65441   1.29754   1.73295   0.22856   2.30825  
 44  0.2514   2363.113623  x:  0.80830   0.31397   2.36529   0.14867   0.02876   0.09171   0.02731   0.00747   0.05766   0.04966   0.20714   0.14869   0.12886   0.14063   0.06630   0.20660   0.11895   0.23861   0.30887   0.16707   0.09208   0.37101   0.04606   0.13164   0.06225   0.00000   0.04985   0.45491   0.01649   0.04702   0.06247   0.00000   0.42808   1.86841   1.72892   1.25964   1.78255   0.22369   2.38407  
 45  0.2222   2362.878284  x:  0.84495   0.29033   2.56538   0.13211   0.02337   0.09178   0.02529   0.00696   0.06189   0.05004   0.20807   0.14564   0.13224   0.13704   0.08075   0.21194   0.11051   0.23831   0.30042   0.16712   0.09195   0.37287   0.04652   0.13813   0.06461   0.00000   0.04937   0.44804   0.02061   0.04136   0.06200   0.00000   0.42965   1.85626   1.63276   1.26170   1.66497   0.22013   2.42412  
 46  0.1837   2362.779946  x:  0.86593   0.27906   2.67414   0.12406   0.02746   0.09170   0.02661   0.00858   0.05828   0.05096   0.20524   0.14576   0.13237   0.14159   0.09021   0.21567   0.10346   0.23484   0.30209   0.17083   0.09112   0.37234   0.04537   0.14148   0.06598   0.00000   0.04922   0.44198   0.01972   0.03995   0.06536   0.00000   0.43363   1.85399   1.65088   1.31142   1.72674   0.21973   2.42646  
 47  0.1099   2362.698191  x:  0.86674   0.27849   2.76160   0.11029   0.02359   0.09218   0.02605   0.00994   0.05577   0.05144   0.20374   0.14648   0.13403   0.13904   0.10230   0.21495   0.09880   0.23663   0.30371   0.17035   0.09161   0.37282   0.04562   0.14260   0.06600   0.00000   0.04802   0.43842   0.01699   0.04213   0.06359   0.00000   0.43168   1.84871   1.71565   1.32405   1.81924   0.21871   2.38497  
 48  0.0941   2362.609752  x:  0.85720   0.28412   2.83052   0.09594   0.02326   0.09206   0.02793   0.01020   0.05849   0.05063   0.20416   0.15047   0.13346   0.13940   0.11714   0.21796   0.09414   0.23806   0.30189   0.17252   0.08800   0.37652   0.04851   0.13591   0.06493   0.00000   0.05193   0.43533   0.01859   0.04256   0.06079   0.00000   0.43010   1.86505   1.74977   1.35665   1.81929   0.21677   2.26784  
 49  0.0716   2362.542913  x:  0.84317   0.29300   2.87209   0.08371   0.02403   0.09204   0.02633   0.00974   0.05844   0.05048   0.20645   0.15018   0.13182   0.13901   0.13106   0.21834   0.09799   0.23720   0.30332   0.17025   0.08974   0.37651   0.04660   0.13812   0.06452   0.00000   0.05114   0.44000   0.01803   0.04171   0.06604   0.00000   0.43013   1.89943   1.77115   1.36575   1.81142   0.21122   2.13417  
 50  0.0738   2362.514080  x:  0.85089   0.28609   2.90680   0.07467   0.02521   0.09188   0.02626   0.00905   0.05742   0.05074   0.20591   0.14834   0.13195   0.14046   0.13962   0.21851   0.10246   0.23797   0.30331   0.17061   0.08926   0.37487   0.04455   0.14009   0.06499   0.00000   0.04988   0.44394   0.01784   0.04182   0.06292   0.00000   0.43097   1.89229   1.74394   1.35283   1.78123   0.20637   2.08878  
 51  0.0420   2362.502702  x:  0.86436   0.27670   2.93118   0.06650   0.02464   0.09211   0.02681   0.00909   0.05805   0.05062   0.20530   0.14793   0.13353   0.13980   0.14676   0.21622   0.10391   0.23908   0.30535   0.17099   0.09065   0.37534   0.04532   0.13952   0.06563   0.00000   0.05023   0.44667   0.01887   0.04158   0.06377   0.00000   0.43293   1.88787   1.75473   1.35026   1.80818   0.20509   2.08472  
 52  0.0233   2362.485255  x:  0.89070   0.25702   2.95366   0.04928   0.02498   0.09290   0.02673   0.00902   0.05846   0.05060   0.20616   0.14842   0.13441   0.13966   0.16404   0.21808   0.10564   0.24007   0.30424   0.17491   0.08678   0.38077   0.04405   0.13831   0.06565   0.00000   0.05162   0.44789   0.01706   0.04127   0.06385   0.00000   0.43431   1.89683   1.78411   1.36419   1.82822   0.20536   2.07852  
 53  0.0164   2362.457800  x:  0.91777   0.23353   2.92902   0.02334   0.02461   0.09251   0.02650   0.00900   0.05694   0.05105   0.20613   0.14987   0.13306   0.14011   0.19150   0.21940   0.10418   0.23891   0.30510   0.17534   0.08738   0.37779   0.04330   0.13985   0.06486   0.00000   0.05081   0.44738   0.01892   0.04322   0.06418   0.00000   0.43235   1.90000   1.76724   1.35503   1.80798   0.20642   2.08033  
 54  0.0197   2362.430358  x:  0.92285   0.22711   2.90307   0.00000   0.02426   0.09187   0.02636   0.00891   0.05826   0.05061   0.20558   0.15001   0.13187   0.14039   0.21542   0.22031   0.10082   0.23776   0.30329   0.17244   0.08972   0.37326   0.04554   0.13976   0.06484   0.00000   0.05017   0.44554   0.01826   0.04113   0.06419   0.00000   0.43065   1.89254   1.75670   1.32513   1.78286   0.20609   2.08824  
 55  0.0315   2362.428109  x:  0.92197   0.22780   2.90255   0.00000   0.02427   0.09181   0.02642   0.00895   0.05832   0.05059   0.20552   0.14991   0.13191   0.14035   0.21956   0.22043   0.10045   0.23779   0.30319   0.17200   0.08994   0.37326   0.04566   0.13971   0.06488   0.00000   0.05020   0.44537   0.01818   0.04110   0.06413   0.00000   0.43069   1.89231   1.75513   1.32281   1.77910   0.20610   2.08932  
 56  0.0323   2362.410393  x:  0.88319   0.25987   2.87404   0.00000   0.02468   0.09148   0.02699   0.00937   0.05865   0.05047   0.20506   0.14836   0.13285   0.13974   0.21806   0.21962   0.09842   0.23852   0.30291   0.16799   0.09146   0.37490   0.04621   0.13909   0.06542   0.00000   0.05066   0.44384   0.01749   0.04136   0.06338   0.00000   0.43179   1.88697   1.73778   1.31641   1.75514   0.20778   2.12306  
 57  0.0935   2362.403222  x:  0.86598   0.27488   2.87657   0.00000   0.02490   0.09215   0.02626   0.00918   0.05813   0.05063   0.20545   0.14826   0.13321   0.14003   0.21884   0.21953   0.09990   0.23858   0.30437   0.17065   0.08932   0.37603   0.04517   0.13917   0.06543   0.00000   0.05065   0.44460   0.01840   0.04162   0.06356   0.00000   0.43277   1.88689   1.75361   1.32105   1.78031   0.20823   2.13251  
 58  0.0257   2362.401973  x:  0.86353   0.27742   2.87959   0.00000   0.02465   0.09219   0.02662   0.00908   0.05810   0.05068   0.20556   0.14844   0.13310   0.13999   0.21891   0.21971   0.10052   0.23870   0.30437   0.17160   0.08915   0.37631   0.04518   0.13941   0.06529   0.00000   0.05048   0.44521   0.01822   0.04181   0.06386   0.00000   0.43270   1.88494   1.74220   1.32560   1.77155   0.20838   2.13522  
 59  0.0188   2362.401767  x:  0.86297   0.27837   2.88200   0.00000   0.02464   0.09213   0.02660   0.00910   0.05811   0.05065   0.20556   0.14859   0.13281   0.14001   0.21893   0.21975   0.10052   0.23836   0.30422   0.17164   0.08945   0.37579   0.04523   0.13933   0.06517   0.00000   0.05047   0.44553   0.01819   0.04164   0.06378   0.00000   0.43237   1.88432   1.74489   1.32779   1.77416   0.20835   2.13808  
 60  0.0040   2362.401762  x:  0.86285   0.27846   2.88201   0.00000   0.02464   0.09212   0.02660   0.00910   0.05812   0.05064   0.20554   0.14865   0.13281   0.14002   0.21893   0.21977   0.10048   0.23842   0.30414   0.17160   0.08951   0.37576   0.04527   0.13934   0.06518   0.00000   0.05048   0.44561   0.01820   0.04168   0.06379   0.00000   0.43233   1.88426   1.74528   1.32810   1.77492   0.20836   2.13792  
 61  0.0007   2362.401761  x:  0.86287   0.27842   2.88207   0.00000   0.02464   0.09212   0.02660   0.00910   0.05813   0.05065   0.20554   0.14866   0.13282   0.14002   0.21893   0.21977   0.10048   0.23843   0.30412   0.17160   0.08950   0.37576   0.04526   0.13934   0.06518   0.00000   0.05048   0.44564   0.01820   0.04168   0.06379   0.00000   0.43233   1.88430   1.74523   1.32814   1.77495   0.20835   2.13797  
 62  0.0001   2362.401761  x:  0.86285   0.27842   2.88204   0.00000   0.02464   0.09212   0.02660   0.00910   0.05812   0.05065   0.20554   0.14866   0.13282   0.14002   0.21893   0.21977   0.10047   0.23842   0.30412   0.17160   0.08950   0.37576   0.04526   0.13934   0.06518   0.00000   0.05048   0.44565   0.01820   0.04167   0.06379   0.00000   0.43233   1.88430   1.74524   1.32812   1.77494   0.20835   2.13795  
 63  0.0000   2362.401761  x:  0.86286   0.27842   2.88204   0.00000   0.02464   0.09212   0.02660   0.00910   0.05812   0.05065   0.20554   0.14866   0.13282   0.14002   0.21893   0.21977   0.10047   0.23842   0.30412   0.17160   0.08950   0.37576   0.04526   0.13934   0.06518   0.00000   0.05048   0.44565   0.01820   0.04167   0.06379   0.00000   0.43233   1.88430   1.74524   1.32812   1.77493   0.20835   2.13796  
 64  0.0000   2362.401761  x:  0.86286   0.27842   2.88204   0.00000   0.02464   0.09212   0.02660   0.00910   0.05812   0.05065   0.20554   0.14866   0.13282   0.14002   0.21893   0.21977   0.10047   0.23842   0.30412   0.17160   0.08950   0.37576   0.04526   0.13934   0.06518   0.00000   0.05048   0.44565   0.01820   0.04167   0.06379   0.00000   0.43233   1.88430   1.74524   1.32812   1.77493   0.20835   2.13795  
 65  0.0000   2362.401761  x:  0.86286   0.27842   2.88204   0.00000   0.02464   0.09212   0.02660   0.00910   0.05812   0.05065   0.20554   0.14866   0.13282   0.14002   0.21893   0.21977   0.10047   0.23842   0.30412   0.17160   0.08950   0.37576   0.04526   0.13934   0.06518   0.00000   0.05048   0.44565   0.01820   0.04167   0.06379   0.00000   0.43233   1.88430   1.74524   1.32812   1.77493   0.20835   2.13796  
 66  0.0000   2362.401761  x:  0.86286   0.27842   2.88204   0.00000   0.02464   0.09212   0.02660   0.00910   0.05812   0.05065   0.20554   0.14866   0.13282   0.14002   0.21893   0.21977   0.10047   0.23842   0.30412   0.17160   0.08950   0.37576   0.04526   0.13934   0.06518   0.00000   0.05048   0.44565   0.01820   0.04167   0.06379   0.00000   0.43233   1.88430   1.74524   1.32812   1.77493   0.20835   2.13796  

NSsites Model 8: beta&w>1

TREE # 1

  0  0.0000   2589.993282  x:  0.40498   0.43885   0.16711   0.09633   0.04535   0.06951   0.05413   0.04568   0.06279   0.02625   0.17078   0.05282   0.07894   0.10297   0.00000   0.16950   0.03151   0.10002   0.18900   0.05416   0.13949   0.22166   0.09462   0.10624   0.06496   0.02668   0.02771   0.20323   0.03086   0.03950   0.04061   0.07276   0.22837   1.76464   1.58888   1.20779   1.73946   0.90000   0.66173   1.19594   2.62385  
  1 99.0000   2503.415575  x:  0.41193   0.44438   0.20123   0.11547   0.03987   0.07544   0.04978   0.04130   0.06263   0.03975   0.17653   0.08034   0.09405   0.11155   0.08458   0.17706   0.05419   0.11851   0.19830   0.07309   0.14626   0.23112   0.09729   0.11572   0.06658   0.01453   0.03953   0.22244   0.03236   0.04327   0.04672   0.06320   0.24375   1.77106   1.59224   1.21298   1.73645   0.99999   0.63871   1.20662   2.61918  
  2 804.2278   2481.547487  x:  0.41876   0.44819   0.23559   0.12168   0.03279   0.08170   0.04313   0.03331   0.06123   0.04566   0.18190   0.09563   0.10564   0.11931   0.07226   0.18198   0.06028   0.13364   0.20749   0.08902   0.15071   0.24096   0.09783   0.12400   0.06788   0.00000   0.04515   0.24270   0.03108   0.04522   0.04909   0.05010   0.26085   1.77571   1.59478   1.21685   1.73403   0.99999   0.59737   1.22322   2.61992  
  3 401.7210   2429.579742  x:  0.44474   0.46318   0.31113   0.15758   0.05485   0.08030   0.04868   0.02819   0.07136   0.01448   0.19331   0.05412   0.08659   0.11649   0.08951   0.19942   0.05922   0.14638   0.23132   0.06085   0.14744   0.27236   0.09278   0.13349   0.12303   0.00000   0.01121   0.27587   0.04699   0.04977   0.04540   0.00000   0.30927   1.79506   1.60704   1.23346   1.72263   0.99999   0.32777   1.29795   2.62108  
  4 364.2016   2411.114793  x:  0.45500   0.46826   0.32840   0.16714   0.06155   0.07378   0.04750   0.02702   0.07318   0.04605   0.19598   0.05820   0.07737   0.11214   0.09775   0.20302   0.05176   0.14428   0.23880   0.04388   0.13918   0.28217   0.08980   0.13231   0.13334   0.00000   0.01325   0.27655   0.05128   0.05013   0.05569   0.01536   0.32343   1.80128   1.61229   1.23935   1.71801   0.99999   0.16102   1.32887   2.62155  
  5 733.8523   2408.540292  x:  0.45672   0.46785   0.32783   0.16364   0.05255   0.06809   0.03825   0.01771   0.06338   0.03444   0.19130   0.06421   0.07875   0.10882   0.10484   0.19914   0.04652   0.13995   0.23776   0.05304   0.13038   0.28059   0.08450   0.12429   0.11799   0.00000   0.01396   0.26891   0.04286   0.03655   0.04482   0.00419   0.31900   1.79902   1.61282   1.23853   1.71788   0.99999   0.12707   1.32904   2.62124  
  6 111.1032   2408.084128  x:  0.45949   0.46779   0.33516   0.16211   0.04645   0.06858   0.03385   0.01408   0.05950   0.02795   0.18774   0.06078   0.07696   0.10651   0.10740   0.19686   0.04422   0.13866   0.23760   0.05247   0.12258   0.28060   0.07961   0.12030   0.10874   0.00000   0.01380   0.26664   0.03929   0.04330   0.05128   0.00748   0.31915   1.79777   1.61365   1.23847   1.71731   0.99999   0.12225   1.33146   2.62119  
  7 46.2056   2407.730478  x:  0.46444   0.46747   0.34705   0.15994   0.04191   0.06994   0.03336   0.01765   0.05941   0.03315   0.18254   0.05755   0.07291   0.10327   0.10918   0.19377   0.04184   0.13615   0.23738   0.04705   0.11059   0.28099   0.07236   0.11596   0.09848   0.00000   0.01559   0.26293   0.03818   0.04391   0.05167   0.00103   0.31958   1.79580   1.61525   1.23860   1.71609   0.99999   0.12203   1.33703   2.62134  
  8 38.3965   2407.547009  x:  0.47052   0.46574   0.35626   0.15600   0.04336   0.06743   0.03999   0.02069   0.06231   0.03080   0.17671   0.05876   0.07366   0.10201   0.10934   0.19196   0.04398   0.13501   0.23766   0.05104   0.10365   0.28176   0.06758   0.11337   0.09587   0.00000   0.01562   0.25568   0.04004   0.03989   0.05125   0.00535   0.31952   1.79259   1.61767   1.23869   1.71418   0.99999   0.12283   1.34557   2.62181  
  9 18.9577   2407.288694  x:  0.48255   0.45942   0.36364   0.14528   0.04608   0.06522   0.03354   0.01465   0.06109   0.03304   0.16915   0.05966   0.07584   0.10229   0.11018   0.18959   0.05164   0.13080   0.23771   0.05153   0.10071   0.28302   0.06602   0.11377   0.10039   0.00000   0.01533   0.24297   0.04181   0.04204   0.04716   0.00619   0.31425   1.78375   1.62341   1.23833   1.70962   0.99999   0.12569   1.36492   2.62308  
 10 15.9469   2406.947618  x:  0.49975   0.44655   0.36478   0.12884   0.04667   0.07537   0.03317   0.01852   0.05844   0.03114   0.16583   0.05865   0.07444   0.10349   0.11312   0.18345   0.05525   0.12949   0.23725   0.05472   0.10553   0.28322   0.06751   0.11629   0.10055   0.00000   0.02202   0.23485   0.03553   0.04177   0.05018   0.00385   0.30358   1.76724   1.63269   1.23647   1.70221   0.99999   0.12701   1.39482   2.62527  
 11 25.7775   2406.556976  x:  0.51761   0.43131   0.36333   0.11409   0.04334   0.07404   0.03619   0.01974   0.05699   0.03241   0.16825   0.06218   0.07536   0.10470   0.11701   0.17700   0.05316   0.13112   0.23596   0.05439   0.11074   0.28220   0.06808   0.11569   0.09635   0.00000   0.01417   0.23604   0.02837   0.04228   0.05198   0.00259   0.29560   1.74753   1.64306   1.23373   1.69384   0.99999   0.13022   1.42793   2.62789  
 12 51.6274   2405.980184  x:  0.54361   0.40676   0.35832   0.09625   0.03580   0.06374   0.03770   0.01832   0.05625   0.02951   0.17484   0.06264   0.07670   0.10489   0.12258   0.16933   0.04731   0.13522   0.23288   0.05168   0.11549   0.27869   0.07004   0.11607   0.08687   0.00000   0.02034   0.24484   0.03386   0.04116   0.05144   0.00290   0.28769   1.71496   1.65917   1.22836   1.68075   0.99999   0.13566   1.47875   2.63229  
 13 94.8243   2405.506275  x:  0.55924   0.38682   0.35098   0.09634   0.03425   0.07046   0.02862   0.02124   0.05921   0.02999   0.17828   0.06000   0.07709   0.10274   0.12519   0.17225   0.04690   0.13704   0.22743   0.05865   0.11124   0.27117   0.07168   0.11051   0.07822   0.00000   0.01769   0.25380   0.03736   0.03933   0.04439   0.00898   0.29071   1.68428   1.67128   1.22081   1.67076   0.99999   0.13943   1.51504   2.63661  
 14 43.2282   2405.004308  x:  0.56887   0.36799   0.34249   0.10771   0.03470   0.07610   0.03512   0.01280   0.05499   0.03019   0.17670   0.06495   0.07882   0.10206   0.12503   0.18076   0.04839   0.13337   0.22017   0.06113   0.10178   0.26097   0.07184   0.10681   0.07559   0.00000   0.02088   0.25907   0.03468   0.04080   0.04657   0.00549   0.29725   1.64780   1.68256   1.20914   1.66124   0.99999   0.14299   1.54582   2.64182  
 15 45.3313   2404.592767  x:  0.57095   0.35529   0.33930   0.12160   0.03341   0.06715   0.02932   0.02156   0.05364   0.02874   0.17199   0.06904   0.08117   0.10482   0.12391   0.18733   0.04809   0.13074   0.21665   0.06486   0.09907   0.25475   0.06833   0.10884   0.07690   0.00000   0.02442   0.25847   0.02773   0.04232   0.05454   0.00000   0.30368   1.61149   1.69130   1.19523   1.65356   0.99999   0.14524   1.56550   2.64679  
 16 45.2460   2403.865396  x:  0.56096   0.34829   0.34792   0.13727   0.02005   0.06677   0.03098   0.01801   0.05185   0.03331   0.16475   0.06199   0.07987   0.10867   0.12498   0.18946   0.04187   0.13471   0.22119   0.06752   0.11121   0.25716   0.06032   0.11784   0.07561   0.00000   0.02437   0.25081   0.02459   0.03844   0.05248   0.00000   0.31112   1.55380   1.70125   1.16914   1.64396   0.99999   0.14688   1.57693   2.65392  
 17 32.9664   2402.787570  x:  0.53701   0.34547   0.36838   0.14755   0.03031   0.07281   0.02953   0.01776   0.05399   0.02867   0.16016   0.07283   0.08319   0.11177   0.12592   0.18641   0.03228   0.14448   0.23050   0.06010   0.12300   0.26502   0.05678   0.12354   0.06274   0.00000   0.02397   0.24492   0.02934   0.04613   0.04695   0.00000   0.31475   1.46019   1.71515   1.12388   1.62940   0.99999   0.14585   1.58200   2.66509  
 18 72.4952   2401.152542  x:  0.49474   0.35399   0.40743   0.13771   0.02713   0.07144   0.02758   0.01627   0.05800   0.02933   0.17055   0.07280   0.08333   0.10462   0.12666   0.18255   0.04624   0.15977   0.24053   0.05714   0.11442   0.27500   0.07917   0.11064   0.06764   0.00000   0.02445   0.25345   0.02673   0.03932   0.05521   0.00000   0.31157   1.32552   1.73367   1.05390   1.60726   0.99999   0.14303   1.57403   2.68139  
 19 79.6413   2400.487044  x:  0.47911   0.36401   0.42096   0.12242   0.02612   0.07190   0.03176   0.02106   0.05102   0.03347   0.17704   0.06916   0.08782   0.10945   0.12953   0.18045   0.04326   0.15117   0.23835   0.07037   0.10627   0.27336   0.07213   0.11240   0.07729   0.00000   0.02471   0.26667   0.03048   0.04923   0.05109   0.00000   0.31060   1.28570   1.74014   1.02776   1.59642   0.99999   0.14032   1.56412   2.68756  
 20 42.6645   2399.807011  x:  0.46966   0.38172   0.43437   0.10453   0.03145   0.07503   0.02729   0.01517   0.05629   0.03229   0.18130   0.06940   0.08790   0.11630   0.13184   0.18565   0.04277   0.13567   0.23151   0.06875   0.10446   0.27030   0.06057   0.12399   0.07769   0.00000   0.02518   0.28314   0.02514   0.03838   0.05464   0.00000   0.31711   1.27546   1.74499   1.00932   1.58318   0.99999   0.14061   1.55041   2.69303  
 21 28.1182   2398.533418  x:  0.46320   0.41770   0.44666   0.08697   0.02177   0.07183   0.03190   0.02063   0.05658   0.02997   0.17460   0.07513   0.07915   0.11625   0.12719   0.20430   0.06275   0.12585   0.21917   0.07046   0.11756   0.26409   0.06301   0.12966   0.05979   0.00000   0.02414   0.29226   0.02660   0.04649   0.05089   0.00000   0.33178   1.29831   1.75332   0.98330   1.55121   0.99999   0.13813   1.52021   2.70492  
 22 24.3184   2394.203102  x:  0.46214   0.52777   0.48657   0.07312   0.02293   0.07564   0.02220   0.01974   0.03445   0.03687   0.15485   0.08256   0.09743   0.10298   0.11531   0.21736   0.03542   0.16153   0.20323   0.08409   0.13216   0.25133   0.06845   0.10070   0.05905   0.00000   0.03197   0.29957   0.02658   0.04267   0.06530   0.00000   0.36634   1.43387   1.77925   0.91250   1.43573   0.99999   0.14604   1.41264   2.74535  
 23 58.6660   2392.296243  x:  0.46425   0.56515   0.50201   0.08353   0.01286   0.07729   0.02144   0.01271   0.06300   0.03605   0.15961   0.08588   0.10847   0.10833   0.10747   0.20648   0.02881   0.17357   0.20468   0.09219   0.12032   0.24822   0.07300   0.10215   0.05897   0.00000   0.04104   0.29987   0.01194   0.05556   0.05902   0.00000   0.36257   1.50343   1.78896   0.88442   1.38211   0.99999   0.14613   1.35630   2.76442  
 24 108.0447   2389.924876  x:  0.47056   0.58730   0.52749   0.11881   0.02001   0.07533   0.01959   0.00920   0.05010   0.03896   0.18441   0.08322   0.10449   0.12530   0.09157   0.17611   0.04911   0.18089   0.22119   0.10299   0.09655   0.25639   0.07380   0.12526   0.04202   0.00000   0.03732   0.30835   0.01023   0.05191   0.05885   0.00000   0.33657   1.59641   1.79599   0.86102   1.31888   0.99999   0.14677   1.27829   2.78742  
 25 90.8860   2389.224378  x:  0.47291   0.58421   0.53541   0.12845   0.01080   0.08125   0.01691   0.01133   0.04764   0.03501   0.18949   0.09411   0.10088   0.12622   0.08636   0.16767   0.05580   0.17801   0.22743   0.10029   0.09241   0.26287   0.06631   0.12557   0.04672   0.00000   0.03485   0.31391   0.01728   0.04874   0.06005   0.00000   0.32745   1.62334   1.79637   0.85768   1.30155   0.99999   0.14662   1.25163   2.79366  
 26 83.4919   2388.117977  x:  0.47799   0.55340   0.55397   0.13864   0.01486   0.07892   0.01626   0.00856   0.04721   0.03540   0.19115   0.09884   0.09301   0.11421   0.07861   0.16191   0.07066   0.17097   0.24319   0.10218   0.10097   0.28431   0.04391   0.10941   0.05122   0.00000   0.04361   0.33554   0.00883   0.05040   0.05383   0.00000   0.31634   1.66648   1.79286   0.86133   1.27506   0.99999   0.14572   1.19642   2.80277  
 27 57.6323   2386.728963  x:  0.48438   0.47267   0.57773   0.13432   0.01481   0.08115   0.01738   0.00878   0.05412   0.04040   0.17611   0.08843   0.12044   0.11351   0.07272   0.17253   0.08091   0.15947   0.26188   0.10384   0.10273   0.31164   0.03856   0.10628   0.04383   0.00000   0.03962   0.35407   0.01692   0.04786   0.06727   0.00000   0.31313   1.71467   1.78239   0.87770   1.24156   0.99999   0.13748   1.10591   2.81393  
 28 52.8655   2385.541591  x:  0.49243   0.39591   0.60786   0.11952   0.01321   0.08215   0.01935   0.01345   0.04626   0.03851   0.16583   0.09105   0.12116   0.11420   0.07073   0.18238   0.07673   0.16419   0.27168   0.09659   0.09129   0.32733   0.05104   0.12095   0.04906   0.00000   0.03973   0.36512   0.00931   0.04773   0.05668   0.00000   0.32814   1.75842   1.76868   0.90075   1.21738   0.99999   0.13222   1.02186   2.82138  
 29 82.1190   2384.972805  x:  0.49991   0.35391   0.62516   0.11200   0.01673   0.08004   0.01730   0.00850   0.05141   0.04075   0.17037   0.09519   0.10291   0.11764   0.06970   0.18473   0.07241   0.17103   0.26744   0.10610   0.09113   0.32325   0.05189   0.12535   0.05163   0.00000   0.03711   0.36095   0.01420   0.04917   0.06334   0.00000   0.33873   1.77181   1.75959   0.91477   1.20737   0.99999   0.12918   0.97896   2.82541  
 30 51.3377   2384.585937  x:  0.51355   0.32957   0.64621   0.11105   0.01695   0.08120   0.01829   0.01002   0.04962   0.03978   0.19165   0.09289   0.10858   0.12781   0.06738   0.18444   0.07720   0.17486   0.25241   0.09929   0.10056   0.30743   0.04802   0.11741   0.05291   0.00000   0.03957   0.34956   0.01356   0.04917   0.06104   0.00000   0.34712   1.77743   1.74617   0.93433   1.20610   0.99999   0.12535   0.94520   2.82817  
 31 23.1837   2384.333558  x:  0.53571   0.32774   0.66299   0.11850   0.01774   0.08145   0.01876   0.01027   0.05029   0.04052   0.19137   0.09316   0.11365   0.11258   0.06516   0.18057   0.07469   0.17121   0.24185   0.09943   0.10972   0.28996   0.05435   0.12453   0.05458   0.00000   0.03806   0.35323   0.01466   0.04885   0.06040   0.00000   0.34008   1.77156   1.72646   0.96146   1.21439   0.99999   0.12295   0.92294   2.83052  
 32 11.7572   2384.077799  x:  0.56288   0.33785   0.67044   0.12410   0.01851   0.08107   0.01922   0.00954   0.05107   0.04106   0.18108   0.09332   0.10877   0.12821   0.06336   0.18344   0.07085   0.17072   0.24244   0.09888   0.11346   0.28407   0.06174   0.11767   0.05574   0.00000   0.03844   0.36195   0.01576   0.04770   0.05873   0.00000   0.33208   1.75986   1.69550   1.00356   1.23165   0.99999   0.12185   0.90479   2.83335  
 33 13.7180   2383.474239  x:  0.61360   0.37160   0.65451   0.12186   0.01801   0.08246   0.01933   0.01015   0.05090   0.04131   0.19481   0.09634   0.11016   0.12352   0.05928   0.19754   0.07485   0.18412   0.25778   0.10139   0.10243   0.30589   0.04841   0.12528   0.05545   0.00000   0.03974   0.35758   0.01391   0.04914   0.06141   0.00000   0.34442   1.72504   1.60444   1.12343   1.28817   0.99999   0.12317   0.88311   2.84151  
 34 17.4151   2383.165410  x:  0.60292   0.37914   0.65223   0.12331   0.01806   0.08294   0.01920   0.00976   0.05112   0.04165   0.19208   0.09815   0.11122   0.12394   0.05907   0.17127   0.07848   0.17424   0.25430   0.10489   0.10369   0.31412   0.05481   0.12222   0.05442   0.00000   0.04118   0.35845   0.01319   0.04904   0.06262   0.00000   0.36486   1.72018   1.55435   1.18401   1.32496   0.99999   0.12548   0.89591   2.84655  
 35 12.5363   2382.313271  x:  0.51110   0.38280   0.67333   0.12301   0.01678   0.08348   0.01927   0.00932   0.05029   0.04221   0.18811   0.10305   0.11090   0.12250   0.05942   0.17729   0.07772   0.18575   0.24351   0.10903   0.10211   0.29795   0.04868   0.12210   0.05162   0.00000   0.04381   0.36005   0.01120   0.04766   0.06016   0.00000   0.34019   1.73544   1.41316   1.34164   1.44186   0.99999   0.13097   0.96988   2.86118  
 36 17.6304   2382.193977  x:  0.50967   0.38266   0.67970   0.12430   0.01641   0.08326   0.01950   0.00977   0.04975   0.04216   0.19684   0.10508   0.10961   0.12115   0.05992   0.18391   0.07076   0.17374   0.25598   0.11188   0.10424   0.29632   0.05573   0.11931   0.05062   0.00000   0.04461   0.35586   0.01143   0.04742   0.06014   0.00000   0.34106   1.74102   1.40597   1.34437   1.46291   0.99999   0.13350   0.97980   2.86251  
 37  4.2809   2379.892313  x:  0.58866   0.35443   0.70741   0.12018   0.02202   0.08709   0.02851   0.01260   0.05499   0.04774   0.19067   0.11654   0.11352   0.12816   0.05570   0.17647   0.09131   0.19601   0.29927   0.11569   0.10484   0.28113   0.04641   0.12979   0.06108   0.00000   0.04568   0.37145   0.01764   0.04273   0.06024   0.00000   0.36482   1.84542   1.39158   1.18856   1.94068   0.99999   0.13999   1.11031   2.88262  
 38  6.6253   2379.120111  x:  0.61096   0.35047   0.72529   0.13206   0.02320   0.08722   0.03116   0.01334   0.05593   0.05002   0.19989   0.12175   0.11175   0.13149   0.05353   0.18892   0.08091   0.19330   0.25795   0.12438   0.10463   0.33021   0.05667   0.13203   0.06264   0.00000   0.04694   0.37067   0.01969   0.04142   0.05935   0.00000   0.35695   1.87556   1.41100   1.15397   2.08022   0.99999   0.14478   1.15004   2.89017  
 39 31.5862   2375.605405  x:  0.52625   0.42413   0.77351   0.17075   0.02645   0.09199   0.04283   0.01845   0.06063   0.05810   0.20496   0.14970   0.11400   0.13658   0.01825   0.19057   0.08823   0.21238   0.27630   0.14631   0.10015   0.33570   0.05121   0.14149   0.06910   0.00000   0.05492   0.37478   0.02316   0.03354   0.05793   0.00000   0.36948   1.89824   2.15895   1.47077   2.46330   0.99999   0.16898   1.25657   2.95508  
 40  7.0087   2370.831412  x:  0.70794   0.33325   1.00287   0.15147   0.02400   0.09514   0.02862   0.00785   0.05496   0.06992   0.19251   0.17643   0.15172   0.14511   0.09752   0.22998   0.09009   0.23584   0.29069   0.17326   0.12415   0.33396   0.05780   0.14781   0.06723   0.00000   0.07312   0.40472   0.00955   0.05101   0.05371   0.00000   0.44331   1.78096   1.96806   1.52635   2.15321   0.99999   0.18645   1.50693   4.75389  
 41  1.0565   2367.896666  x:  0.75797   0.30678   1.26887   0.13014   0.02305   0.08984   0.02587   0.01595   0.05806   0.06125   0.20026   0.19378   0.14288   0.13252   0.07295   0.20463   0.09673   0.24210   0.27786   0.20260   0.09744   0.34586   0.04752   0.13553   0.05867   0.00000   0.07230   0.44923   0.01086   0.03964   0.06553   0.00000   0.42529   1.80397   1.57699   1.41494   1.40912   0.99999   0.20762   1.66804   4.78906  
 42  0.4176   2366.763948  x:  0.78896   0.26997   1.45727   0.12481   0.02495   0.08849   0.02370   0.01097   0.05764   0.05338   0.20962   0.19337   0.14355   0.13263   0.06156   0.20310   0.10350   0.24374   0.27312   0.21190   0.08124   0.36848   0.04600   0.13554   0.06190   0.00000   0.06743   0.46885   0.01359   0.03896   0.06683   0.00000   0.41291   1.94712   1.85266   1.43781   2.25963   0.99999   0.21520   1.76703   4.85003  
 43  0.8445   2365.124195  x:  0.78312   0.29294   1.73298   0.14698   0.02461   0.09257   0.02936   0.00128   0.05577   0.04111   0.21194   0.18377   0.14530   0.13746   0.08805   0.21191   0.10728   0.24390   0.30726   0.20956   0.07769   0.37747   0.04276   0.14072   0.07342   0.00000   0.05707   0.45802   0.01797   0.04572   0.06211   0.00000   0.42725   1.92033   1.87961   1.36176   2.05754   0.99999   0.22397   1.92976   5.68226  
 44  0.3894   2364.029020  x:  0.79356   0.30063   2.01807   0.14576   0.02519   0.09262   0.02569   0.01854   0.05802   0.03697   0.20836   0.16845   0.13481   0.13997   0.10777   0.21283   0.10582   0.24141   0.31772   0.20166   0.08182   0.37897   0.04427   0.14051   0.07345   0.00000   0.04595   0.44830   0.02004   0.04698   0.06136   0.00000   0.43135   1.85256   1.81611   1.29989   1.74487   0.99999   0.22452   2.08996   6.27987  
 45  0.5471   2363.145097  x:  0.83762   0.27342   2.27748   0.11046   0.02170   0.09086   0.02380   0.01415   0.05557   0.04512   0.20885   0.14778   0.12789   0.13908   0.10314   0.21075   0.10358   0.23571   0.29704   0.18775   0.09035   0.37277   0.04934   0.13582   0.06212   0.00000   0.04043   0.44212   0.01802   0.03801   0.06117   0.00000   0.42712   1.80705   1.68505   1.27369   1.58366   0.99999   0.21496   2.21922   6.31738  
 46  0.2135   2362.786035  x:  0.85268   0.27440   2.47370   0.09283   0.02365   0.09275   0.02919   0.00868   0.05799   0.05115   0.20938   0.14117   0.13166   0.14154   0.11553   0.21468   0.10369   0.23623   0.29617   0.18213   0.08749   0.37947   0.04637   0.13923   0.06472   0.00000   0.04415   0.44288   0.01951   0.04174   0.06602   0.00000   0.42961   1.87266   1.75687   1.32349   1.88758   0.99999   0.21845   2.28971   6.76219  
 47  0.3114   2362.631329  x:  0.85882   0.28017   2.64630   0.08039   0.02594   0.09373   0.02607   0.00768   0.05857   0.05177   0.20402   0.14033   0.13586   0.14069   0.13942   0.21852   0.10275   0.23769   0.30635   0.17264   0.08817   0.37585   0.04474   0.14015   0.06650   0.00000   0.04874   0.44455   0.01966   0.04192   0.06170   0.00000   0.43650   1.88011   1.70555   1.33259   1.78770   0.99999   0.22055   2.33936   7.36839  
 48  0.3429   2362.552040  x:  0.86545   0.27770   2.75600   0.05932   0.02453   0.09136   0.02691   0.00951   0.05829   0.05115   0.20323   0.14620   0.12916   0.13786   0.16031   0.21565   0.09996   0.23875   0.30397   0.16823   0.09043   0.37176   0.04402   0.13815   0.06381   0.00000   0.05223   0.44854   0.01765   0.04089   0.06524   0.00000   0.43357   1.88085   1.69758   1.33387   1.74695   0.99999   0.21871   2.32698   7.80882  
 49  0.1926   2362.484748  x:  0.86615   0.28217   2.83324   0.02668   0.02488   0.09123   0.02532   0.00905   0.05777   0.04919   0.20883   0.15169   0.13247   0.13995   0.18766   0.21755   0.09868   0.23851   0.30162   0.16347   0.09289   0.37261   0.04811   0.13915   0.06491   0.00000   0.05439   0.44843   0.01699   0.04193   0.06363   0.00000   0.42865   1.88977   1.73357   1.33202   1.82499   0.99999   0.21449   2.25348   8.29290  
 50  0.1573   2362.425585  x:  0.85715   0.28508   2.88278   0.00000   0.02413   0.09181   0.02773   0.00936   0.05800   0.04851   0.20786   0.15295   0.13254   0.14112   0.21862   0.21976   0.09899   0.23898   0.30459   0.16389   0.09177   0.37481   0.04627   0.14003   0.06618   0.00000   0.05238   0.44584   0.01800   0.04217   0.06333   0.00000   0.42979   1.87907   1.75569   1.31883   1.78085   0.99999   0.20960   2.16767   8.80550  
 51  0.2334   2362.406640  x:  0.85654   0.28071   2.85831   0.00000   0.02421   0.09215   0.02681   0.00916   0.05827   0.05030   0.20459   0.14939   0.13293   0.14051   0.21869   0.22037   0.10050   0.23866   0.30488   0.16929   0.08975   0.37574   0.04459   0.13967   0.06534   0.00000   0.04982   0.44540   0.01835   0.04162   0.06408   0.00000   0.43310   1.87392   1.74074   1.31846   1.75646   0.99999   0.20863   2.15268   8.77194  
 52  0.0337   2362.404866  x:  0.85824   0.28056   2.86968   0.00000   0.02445   0.09204   0.02655   0.00910   0.05826   0.05061   0.20515   0.14931   0.13293   0.14017   0.22121   0.22022   0.10043   0.23859   0.30435   0.17008   0.08959   0.37581   0.04500   0.13945   0.06517   0.00000   0.05013   0.44584   0.01831   0.04160   0.06395   0.00000   0.43291   1.87887   1.74157   1.32168   1.76748   0.99999   0.20868   2.14905   8.82553  
 53  0.0612   2362.403840  x:  0.85935   0.28065   2.86801   0.00000   0.02464   0.09200   0.02644   0.00905   0.05824   0.05081   0.20561   0.14906   0.13287   0.13990   0.21925   0.21987   0.10046   0.23847   0.30393   0.17090   0.08944   0.37583   0.04532   0.13930   0.06507   0.00000   0.05031   0.44612   0.01830   0.04161   0.06384   0.00000   0.43267   1.88247   1.74111   1.32481   1.77551   0.99999   0.20913   2.15184   8.79786  
 54  0.0815   2362.403403  x:  0.85988   0.28109   2.87185   0.00000   0.02469   0.09211   0.02669   0.00906   0.05814   0.05078   0.20575   0.14869   0.13276   0.13997   0.21933   0.21967   0.10050   0.23833   0.30412   0.17160   0.08950   0.37582   0.04538   0.13934   0.06521   0.00000   0.05029   0.44585   0.01828   0.04174   0.06382   0.00000   0.43230   1.88382   1.74256   1.32672   1.77205   0.99999   0.20900   2.14705   8.80731  
 55  0.0066   2362.403181  x:  0.86145   0.28026   2.87715   0.00000   0.02465   0.09217   0.02658   0.00911   0.05807   0.05058   0.20548   0.14858   0.13279   0.14008   0.21914   0.21978   0.10045   0.23839   0.30418   0.17164   0.08975   0.37564   0.04530   0.13935   0.06517   0.00000   0.05048   0.44584   0.01813   0.04165   0.06378   0.00000   0.43219   1.88435   1.74465   1.32851   1.77519   0.99999   0.20856   2.14198   8.81286  
 56  0.0041   2362.403096  x:  0.86234   0.27933   2.88028   0.00000   0.02462   0.09214   0.02662   0.00911   0.05816   0.05056   0.20560   0.14865   0.13285   0.14006   0.21904   0.21987   0.10046   0.23851   0.30415   0.17173   0.08947   0.37586   0.04520   0.13937   0.06520   0.00000   0.05056   0.44576   0.01819   0.04170   0.06378   0.00000   0.43244   1.88447   1.74542   1.32876   1.77643   0.99999   0.20837   2.13846   8.81674  
 57  0.0025   2362.403076  x:  0.86279   0.27876   2.88235   0.00000   0.02463   0.09213   0.02660   0.00910   0.05814   0.05065   0.20561   0.14864   0.13284   0.14005   0.21899   0.21983   0.10046   0.23848   0.30416   0.17167   0.08949   0.37585   0.04529   0.13937   0.06519   0.00000   0.05053   0.44574   0.01820   0.04168   0.06382   0.00000   0.43247   1.88420   1.74479   1.32820   1.77437   0.99999   0.20834   2.13822   8.81860  
 58  0.0018   2362.403072  x:  0.86290   0.27855   2.88254   0.00000   0.02464   0.09214   0.02661   0.00911   0.05813   0.05066   0.20559   0.14868   0.13284   0.14005   0.21898   0.21982   0.10048   0.23848   0.30419   0.17165   0.08951   0.37586   0.04529   0.13937   0.06520   0.00000   0.05050   0.44577   0.01820   0.04168   0.06380   0.00000   0.43243   1.88425   1.74527   1.32798   1.77487   0.99999   0.20835   2.13790   8.81874  
 59  0.0005   2362.403071  x:  0.86297   0.27852   2.88272   0.00000   0.02464   0.09214   0.02660   0.00910   0.05814   0.05066   0.20558   0.14869   0.13285   0.14005   0.21898   0.21982   0.10049   0.23848   0.30419   0.17164   0.08952   0.37584   0.04527   0.13937   0.06520   0.00000   0.05049   0.44576   0.01820   0.04169   0.06380   0.00000   0.43242   1.88428   1.74524   1.32804   1.77489   0.99999   0.20835   2.13798   8.81901  
 60  0.0002   2362.403071  x:  0.86301   0.27851   2.88271   0.00000   0.02464   0.09214   0.02661   0.00910   0.05814   0.05066   0.20559   0.14869   0.13285   0.14005   0.21898   0.21982   0.10049   0.23848   0.30418   0.17164   0.08952   0.37584   0.04527   0.13937   0.06519   0.00000   0.05049   0.44575   0.01820   0.04168   0.06380   0.00000   0.43242   1.88428   1.74523   1.32810   1.77490   0.99999   0.20835   2.13796   8.81902  
 61  0.0000   2362.403071  x:  0.86302   0.27850   2.88268   0.00000   0.02464   0.09214   0.02661   0.00910   0.05814   0.05066   0.20559   0.14869   0.13285   0.14005   0.21898   0.21982   0.10049   0.23847   0.30419   0.17164   0.08952   0.37584   0.04527   0.13937   0.06519   0.00000   0.05049   0.44575   0.01820   0.04168   0.06380   0.00000   0.43242   1.88429   1.74524   1.32812   1.77494   0.99999   0.20835   2.13795   8.81899  
 62  0.0000   2362.403071  x:  0.86303   0.27849   2.88269   0.00000   0.02464   0.09214   0.02661   0.00910   0.05814   0.05066   0.20559   0.14869   0.13285   0.14005   0.21898   0.21982   0.10049   0.23847   0.30419   0.17164   0.08952   0.37584   0.04527   0.13937   0.06519   0.00000   0.05049   0.44575   0.01820   0.04168   0.06380   0.00000   0.43242   1.88430   1.74524   1.32812   1.77494   0.99999   0.20835   2.13796   8.81900  
 63  0.0000   2362.403071  x:  0.86304   0.27848   2.88267   0.00000   0.02464   0.09214   0.02661   0.00910   0.05814   0.05066   0.20559   0.14869   0.13285   0.14005   0.21898   0.21982   0.10049   0.23847   0.30419   0.17164   0.08952   0.37584   0.04527   0.13937   0.06520   0.00000   0.05049   0.44575   0.01820   0.04168   0.06380   0.00000   0.43242   1.88430   1.74524   1.32812   1.77493   0.99999   0.20835   2.13795   8.81899  
 64  0.0000   2362.403071  x:  0.86304   0.27848   2.88267   0.00000   0.02464   0.09214   0.02661   0.00910   0.05814   0.05066   0.20559   0.14869   0.13285   0.14005   0.21898   0.21982   0.10049   0.23847   0.30419   0.17164   0.08952   0.37584   0.04527   0.13937   0.06520   0.00000   0.05049   0.44575   0.01820   0.04168   0.06380   0.00000   0.43242   1.88430   1.74524   1.32812   1.77493   0.99999   0.20835   2.13796   8.81898  
 65  0.0000   2362.403071  x:  0.86304   0.27848   2.88267   0.00000   0.02464   0.09214   0.02661   0.00910   0.05814   0.05066   0.20559   0.14869   0.13285   0.14005   0.21898   0.21982   0.10049   0.23847   0.30419   0.17164   0.08952   0.37584   0.04527   0.13937   0.06520   0.00000   0.05049   0.44575   0.01820   0.04168   0.06380   0.00000   0.43242   1.88430   1.74524   1.32812   1.77493   0.99999   0.20835   2.13796   8.81898  
 66  0.0000   2362.403071  x:  0.86304   0.27848   2.88267   0.00000   0.02464   0.09214   0.02661   0.00910   0.05814   0.05066   0.20559   0.14869   0.13285   0.14005   0.21898   0.21982   0.10049   0.23847   0.30419   0.17164   0.08952   0.37584   0.04527   0.13937   0.06520   0.00000   0.05049   0.44575   0.01820   0.04168   0.06380   0.00000   0.43242   1.88430   1.74524   1.32812   1.77493   0.99999   0.20835   2.13796   8.81898  
check convergence!
