IQ-TREE multicore version 2.2.2.6 COVID-edition for Linux 64-bit built May 27 2023
Developed by Bui Quang Minh, James Barbetti, Nguyen Lam Tung,
Olga Chernomor, Heiko Schmidt, Dominik Schrempf, Michael Woodhams, Ly Trong Nhan.

Host:    nei (AVX512, FMA3, 754 GB RAM)
Command: ../../../../../opt/iqtree-2.2.2.6-Linux/bin/iqtree2 -s lys_insecta_alinhado.fasta -T 20 -B 1000
Seed:    894426 (Using SPRNG - Scalable Parallel Random Number Generator)
Time:    Mon Apr 14 13:49:15 2025
Kernel:  AVX+FMA - 20 threads (104 CPU cores detected)

Reading alignment file lys_insecta_alinhado.fasta ... Fasta format detected
Reading fasta file: done in 0.109835 secs using 92.43% CPU
Alignment most likely contains protein sequences
Constructing alignment: done in 0.0952561 secs using 1938% CPU
Alignment has 2300 sequences with 3196 columns, 2536 distinct patterns
1422 parsimony-informative, 732 singleton sites, 1042 constant sites
WARNING: Some sequence names are changed as follows:
P83972.1_RecName:_Full=Lysozyme_D -> P83972.1_RecName__Full_Lysozyme_D
P37159.2_RecName:_Full=Lysozyme_E -> P37159.2_RecName__Full_Lysozyme_E
P37160.2_RecName:_Full=Lysozyme_S -> P37160.2_RecName__Full_Lysozyme_S
P29615.1_RecName:_Full=Lysozyme_P -> P29615.1_RecName__Full_Lysozyme_P
P37161.2_RecName:_Full=Lysozyme_X -> P37161.2_RecName__Full_Lysozyme_X
P48816.1_RecName:_Full=Lysozyme -> P48816.1_RecName__Full_Lysozyme

                                                                                        Gap/Ambiguity  Composition  p-value
Analyzing sequences: done in 0.00222397 secs using 1938% CPU
   1  Stomoxys_calcitrans_LOC106091337_LysI2.2                                                 92.90%    failed      0.26%
   2  XP_044010230.1_lysozyme-like_Aphidius_gifuensis                                          94.65%    passed     18.78%
   3  Stomoxys_calcitrans_LOC106091336_LysI2.1                                                 91.15%    failed      0.03%
   4  Musca_domestica_LOC109614089_LysI2                                                       84.45%    failed      0.00%
   5  Stomorhina_lunata_LysI2                                                                  90.89%    failed      0.00%
   6  Lucilia_sericata_LOC119610505_LysI2                                                      90.43%    failed      0.00%
   7  Lucilia_cuprina_LOC111686385_LysI2                                                       90.24%    failed      0.00%
   8  Calliphora_vomitoria_LysI2                                                               90.80%    failed      0.00%
   9  Calliphora_vicina_LOC135954481_LysI2                                                     90.71%    failed      0.00%
  10  Bellardia_pandia_LysI2                                                                   91.33%    failed      0.00%
  11  Bellardia_bayeri_LysI2                                                                   91.18%    failed      0.00%
  12  Phyto_melanocephala_LysI2                                                                90.86%    failed      0.00%
  13  Paykullia_maculata_LysI2                                                                 90.71%    failed      0.00%
  14  Melanophora_roralis_LysI2                                                                90.83%    failed      0.00%
  15  Protophormia_terraenovae_LysI2                                                           90.99%    failed      0.00%
  16  Protocalliphora_azurea_LysI2                                                             90.93%    failed      0.00%
  17  Phormia_regina_LysI2                                                                     91.11%    failed      0.00%
  18  Cochliomyia_hominivorax_LysI2                                                            90.86%    failed      0.00%
  19  Cochliomyia_hominivoraxBR_LysI2                                                          90.86%    failed      0.00%
  20  Chrysomya_rufifacies_LysI2                                                               91.05%    failed      0.00%
  21  XP_037937651.1_lysozyme-like_Teleopsis_dalmanni                                          96.03%    passed     68.32%
  22  XP_017844372.1_invertebrate-type_lysozyme_2_Drosophila_busckii                           93.30%    failed      0.00%
  23  XP_044313894.1_lysozyme_Drosophila_rhopaloa                                              92.24%    failed      3.39%
  24  XP_046675156.1_lysozyme-like_Homalodisca_vitripennis                                     95.65%    failed      0.21%
  25  Stomoxys_calcitrans_LOC106082278_LysI1                                                   95.18%    passed      7.41%
  26  Musca_domestica_LOC101897516_LysI1                                                       95.18%    failed      0.24%
  27  XP_061398689.1_lysozyme-like_Musca_vetustissima                                          95.18%    failed      0.43%
  28  Stomorhina_lunata_LysI1                                                                  95.03%    failed      2.30%
  29  Protophormia_terraenovae_LysI1                                                           95.03%    failed      1.55%
  30  Phormia_regina_LysI1.2                                                                   94.93%    failed      3.56%
  31  Protocalliphora_azurea_LysI1                                                             95.03%    failed      0.97%
  32  Cochliomyia_hominivorax_LysI1                                                            95.28%    failed      0.43%
  33  Cochliomyia_hominivoraxBR_LysI1.1                                                        95.03%    failed      0.18%
  34  Cochliomyia_hominivoraxBR_LysI1.2                                                        95.03%    failed      0.18%
  35  Calliphora_vomitoria_LysI1                                                               95.03%    failed      0.84%
  36  Calliphora_vicina_LOC135960165_LysI1.2                                                   94.96%    failed      0.59%
  37  Lucilia_cuprina_LOC111689823_LysI1                                                       94.96%    failed      0.14%
  38  Bellardia_pandia_LysI1                                                                   95.03%    failed      1.46%
  39  Bellardia_bayeri_LysI1                                                                   95.03%    failed      1.76%
  40  Chrysomya_rufifacies_LysI1                                                               94.87%    failed      1.49%
  41  Phyto_melanocephala_LysI1                                                                95.03%    failed      0.26%
  42  Paykullia_maculata_LysI1                                                                 94.77%    failed      4.48%
  43  Melanophora_roralis_LysI1                                                                95.03%    failed      0.73%
  44  Calliphora_vicina_LOC135961931_LysI1.1                                                   94.96%    passed     26.92%
  45  XP_053963913.1_invertebrate-type_lysozyme_3-like_Anastrepha_ludens                       95.21%    failed      0.62%
  46  XP_054739455.1_invertebrate-type_lysozyme_3-like_Anastrepha_obliqua                      95.21%    failed      0.66%
  47  XP_011213791.1_invertebrate-type_lysozyme_3_Bactrocera_dorsalis                          95.21%    failed      0.28%
  48  XP_018798928.1_lysozyme-like_Bactrocera_latifrons                                        95.21%    failed      0.23%
  49  XP_050326598.1_invertebrate-type_lysozyme_3-like_Bactrocera_neohumeralis                 95.21%    failed      0.25%
  50  XP_011192348.1_invertebrate-type_lysozyme_3_Zeugodacus_cucurbitae                        95.21%    failed      0.66%
  51  XP_039957323.1_invertebrate-type_lysozyme_3-like_Bactrocera_tryoni                       95.21%    failed      0.64%
  52  XP_004520300.1_invertebrate-type_lysozyme_3_Ceratitis_capitata                           95.21%    failed      0.22%
  53  XP_036333612.1_invertebrate-type_lysozyme_3-like_Rhagoletis_pomonella                    95.21%    failed      0.38%
  54  XP_017470063.1_lysozyme-like_Rhagoletis_zephyria                                         95.21%    failed      0.27%
  55  XP_069963723.1_invertebrate-type_lysozyme_3-like_Bactrocera_oleae                        95.28%    failed      1.20%
  56  XP_067626674.1_lysozyme-like_Eurosta_solidaginis                                         95.21%    failed      3.93%
  57  XP_034101809.1_invertebrate-type_lysozyme_3_Drosophila_albomicans                        94.96%    failed      0.35%
  58  XP_062127527.1_invertebrate-type_lysozyme_3_Drosophila_sulfurigaster_albostrigata        94.96%    failed      0.35%
  59  XP_060660871.1_invertebrate-type_lysozyme_3_Drosophila_nasuta                            94.96%    failed      0.44%
  60  XP_034479005.1_lysozyme_Drosophila_innubila                                              94.96%    failed      0.30%
  61  XP_001995415.1_invertebrate-type_lysozyme_3_Drosophila_grimshawi                         94.96%    failed      0.53%
  62  XP_023162250.1_invertebrate-type_lysozyme_3_Drosophila_hydei                             94.96%    failed      0.07%
  63  XP_043867237.1_invertebrate-type_lysozyme_3-like_Drosophila_mojavensis                   94.96%    failed      0.09%
  64  XP_017960259.1_invertebrate-type_lysozyme_3-like_Drosophila_navojoa                      94.96%    failed      0.09%
  65  XP_064535967.1_invertebrate-type_lysozyme_3-like_Drosophila_montana                      94.96%    failed      0.41%
  66  XP_002048991.1_lysozyme_Drosophila_virilis                                               94.96%    failed      0.67%
  67  XP_068147972.1_invertebrate-type_lysozyme_3_Drosophila_tropicalis                        94.96%    failed      0.19%
  68  XP_002063641.1_invertebrate-type_lysozyme_3_Drosophila_willistoni                        94.96%    failed      0.15%
  69  XP_001960610.1_invertebrate-type_lysozyme_3_Drosophila_ananassae                         94.96%    failed      0.18%
  70  XP_017108565.1_invertebrate-type_lysozyme_3_Drosophila_bipectinata                       94.96%    failed      0.16%
  71  XP_016967990.1_lysozyme_Drosophila_biarmipes                                             94.96%    failed      1.04%
  72  XP_016927878.1_lysozyme_Drosophila_suzukii                                               94.96%    failed      0.58%
  73  XP_001975296.1_lysozyme_Drosophila_erecta                                                94.96%    failed      0.29%
  74  XP_033155542.1_lysozyme_Drosophila_mauritiana                                            94.96%    failed      0.16%
  75  XP_002034193.1_lysozyme_Drosophila_sechellia                                             94.96%    failed      0.25%
  76  XP_039483992.1_lysozyme_Drosophila_santomea                                              94.96%    failed      0.22%
  77  XP_043645883.1_lysozyme_Drosophila_teissieri                                             94.96%    failed      0.37%
  78  XP_016028063.1_lysozyme_Drosophila_simulans                                              94.96%    failed      0.34%
  79  XP_002092149.1_lysozyme_Drosophila_yakuba                                                94.96%    failed      0.31%
  80  XP_016988814.1_lysozyme_Drosophila_rhopaloa                                              94.96%    failed      0.37%
  81  XP_017001981.1_lysozyme_Drosophila_takahashii                                            94.96%    failed      0.66%
  82  XP_017124904.1_lysozyme_Drosophila_elegans                                               94.99%    failed      0.18%
  83  XP_017049517.1_lysozyme_Drosophila_ficusphila                                            94.96%    failed      1.69%
  84  XP_017078142.1_invertebrate-type_lysozyme_3_Drosophila_eugracilis                        94.96%    failed      0.27%
  85  XP_033246840.1_lysozyme-like_Drosophila_miranda                                          94.96%    failed      0.11%
  86  XP_002016414.1_lysozyme_Drosophila_persimilis                                            94.96%    failed      0.11%
  87  XP_034650407.1_lysozyme_Drosophila_subobscura                                            94.96%    failed      0.07%
  88  XP_022230254.1_lysozyme_Drosophila_obscura                                               94.96%    failed      0.06%
  89  XP_017024523.1_invertebrate-type_lysozyme_3_Drosophila_kikkawai                          94.96%    failed      0.04%
  90  XP_020799746.1_lysozyme_Drosophila_serrata                                               94.96%    failed      0.03%
  91  XP_030382593.1_invertebrate-type_lysozyme_3_Scaptodrosophila_lebanonensis                94.84%    failed      0.35%
  92  XP_064535962.1_lysozyme-like_Drosophila_montana                                          94.99%    failed      4.03%
  93  XP_030563480.1_lysozyme-like_Drosophila_novamexicana                                     94.99%    passed     13.58%
  94  XP_002048993.4_invertebrate-type_lysozyme_3_Drosophila_virilis                           94.99%    failed      3.53%
  95  XP_064535968.1_lysozyme-like_Drosophila_montana                                          94.96%    failed      0.91%
  96  XP_030563479.1_lysozyme_Drosophila_novamexicana                                          94.96%    failed      0.25%
  97  XP_037949958.1_lysozyme-like_Teleopsis_dalmanni                                          95.03%    failed      0.43%
  98  XP_037950558.1_lysozyme-like_Teleopsis_dalmanni                                          95.03%    failed      0.69%
  99  XP_055855624.1_lysozyme-like_Episyrphus_balteatus                                        95.06%    failed      3.18%
 100  XP_055905749.1_lysozyme-like_Eupeodes_corollae                                           95.09%    failed      1.37%
 101  XP_037032108.1_lysozyme_1-like_Bradysia_coprophila                                       94.93%    passed     18.70%
 102  XP_026464046.1_lysozyme-like_Ctenocephalides_felis                                       95.28%    passed      6.01%
 103  XP_026464344.1_lysozyme-like_Ctenocephalides_felis                                       95.90%    failed      3.59%
 104  XP_055383412.1_invertebrate-type_lysozyme_3-like_Condylostylus_longicornis               94.71%    passed     22.79%
 105  XP_037917352.1_invertebrate-type_lysozyme_3-like_Hermetia_illucens                       95.06%    passed      9.38%
 106  XP_059057658.1_invertebrate-type_lysozyme_3-like_Achroia_grisella                        94.87%    failed      0.47%
 107  XP_052751132.1_invertebrate-type_lysozyme_3-like_Galleria_mellonella                     94.81%    failed      0.31%
 108  XP_013200866.1_lysozyme_Amyelois_transitella                                             94.96%    failed      0.77%
 109  XP_053610466.1_invertebrate-type_lysozyme_3-like_Plodia_interpunctella                   94.90%    failed      0.05%
 110  XP_026321249.1_invertebrate-type_lysozyme_3-like_Hyposmocoma_kahamanoa                   94.99%    failed      0.11%
 111  XP_021196195.3_lysozyme_Helicoverpa_armigera                                             94.84%    failed      0.02%
 112  XP_047032192.1_lysozyme-like_Helicoverpa_zea                                             93.84%    failed      0.47%
 113  XP_035444103.1_lysozyme_Spodoptera_frugiperda                                            94.93%    failed      0.02%
 114  XP_022823164.1_lysozyme-like_Spodoptera_litura                                           94.93%    failed      0.05%
 115  XP_049876206.1_lysozyme-like_Pectinophora_gossypiella                                    95.03%    failed      0.01%
 116  XP_030022728.2_lysozyme_Manduca_sexta                                                    95.09%    failed      0.95%
 117  XP_063365782.1_lysozyme-like_Cydia_amplana                                               94.99%    failed      1.38%
 118  XP_063387008.1_lysozyme-like_Cydia_fagiglandana                                          94.99%    failed      0.87%
 119  XP_061718893.1_lysozyme-like_Cydia_pomonella                                             94.99%    failed      1.04%
 120  XP_063537321.1_lysozyme-like_Cydia_strobilella                                           94.99%    failed      1.04%
 121  XP_063625912.1_lysozyme-like_Cydia_splendana                                             94.99%    failed      1.37%
 122  XP_047992344.1_lysozyme-like_Leguminivora_glycinivorella                                 94.99%    failed      4.07%
 123  XP_037973282.2_invertebrate-type_lysozyme_3_Plutella_xylostella                          94.99%    failed      0.23%
 124  XP_028042436.1_lysozyme-like_Bombyx_mandarina                                            95.18%    passed      6.85%
 125  XP_023937544.2_lysozyme_Bicyclus_anynana                                                 95.18%    failed      0.13%
 126  XP_039756541.1_lysozyme-like_Pararge_aegeria                                             94.31%    failed      0.77%
 127  XP_034834743.1_lysozyme-like_Maniola_hyperantus                                          95.18%    failed      0.06%
 128  XP_045774324.1_lysozyme-like_Maniola_jurtina                                             95.21%    failed      0.03%
 129  XP_050347672.1_lysozyme-like_Nymphalis_io                                                95.21%    failed      0.24%
 130  XP_047535403.1_lysozyme-like_Vanessa_atalanta                                            95.21%    failed      0.84%
 131  XP_026495858.1_lysozyme-like_Vanessa_tameamea                                            95.21%    failed      0.45%
 132  XP_046969639.1_lysozyme-like_Vanessa_cardui                                              95.21%    failed      0.23%
 133  XP_045500255.1_lysozyme-like_Colias_croceus                                              95.09%    failed      0.03%
 134  XP_038222477.1_lysozyme-like_Zerene_cesonia                                              95.06%    failed      0.02%
 135  XP_045523216.1_lysozyme-like_Pieris_brassicae                                            95.21%    failed      3.94%
 136  XP_047521933.1_lysozyme-like_Pieris_napi                                                 95.21%    failed      2.21%
 137  XP_022118347.2_lysozyme-like_Pieris_rapae                                                95.21%    failed      2.81%
 138  XP_050665855.1_lysozyme-like_Leptidea_sinapis                                            94.90%    failed      0.02%
 139  XP_032519113.1_lysozyme-like_Danaus_plexippus                                            95.12%    failed      0.64%
 140  XP_045451177.1_invertebrate-type_lysozyme_3-like_Melitaea_cinxia                         95.28%    failed      0.56%
 141  XP_068617645.1_lysozyme-like_Battus_philenor                                             95.12%    failed      0.59%
 142  XP_045537211.1_invertebrate-type_lysozyme_3_Papilio_machaon                              95.21%    failed      0.65%
 143  NP_001298580.1_lysozyme_2-like_precursor_Papilio_polytes                                 95.21%    failed      0.18%
 144  XP_028161455.1_lysozyme-like_Ostrinia_furnacalis                                         95.06%    failed      0.37%
 145  XP_063829397.1_lysozyme-like_Ostrinia_nubilalis                                          95.06%    failed      0.21%
 146  XP_026735904.1_invertebrate-type_lysozyme_3-like_Trichoplusia_ni                         94.90%    passed      5.29%
 147  XP_041982000.1_lysozyme-like_Aricia_agestis                                              95.18%    failed      0.13%
 148  XP_031622100.1_lysozyme-like_Contarinia_nasturtii                                        94.62%    failed      0.38%
 149  XP_055319149.1_lysozyme_3-like_Sitodiplosis_mosellana                                    94.93%    failed      2.95%
 150  XP_037898951.1_lysozyme-like_partial_Glossina_fuscipes                                   95.31%    passed     13.70%
 151  XP_055855253.1_lysozyme-like_Episyrphus_balteatus                                        95.06%    passed     12.43%
 152  XP_021706771.1_lysozyme_Aedes_aegypti                                                    95.03%    failed      0.55%
 153  XP_029716839.1_lysozyme_Aedes_albopictus                                                 94.99%    failed      0.43%
 154  XP_062557977.1_lysozyme-like_Armigeres_subalbatus                                        95.03%    failed      1.76%
 155  XP_065091966.1_lysozyme-like_Ochlerotatus_camptorhynchus                                 95.06%    failed      2.97%
 156  XP_058461445.1_lysozyme-like_Malaya_genurostris                                          95.03%    failed      0.72%
 157  XP_058833866.1_lysozyme-like_Topomyia_yanbarensis                                        95.03%    failed      3.87%
 158  XP_055619715.1_invertebrate-type_lysozyme_3-like_Toxorhynchites_rutilus                  93.24%    failed      2.19%
 159  XP_053684879.1_lysozyme-like_Sabethes_cyaneus                                            94.99%    failed      0.17%
 160  XP_039432737.1_lysozyme-like_Culex_pipiens_pallens                                       95.12%    failed      4.18%
 161  XP_001869584.1_lysozyme_Culex_quinquefasciatus                                           95.12%    failed      4.18%
 162  XP_055589868.1_lysozyme-like_Uranotaenia_lowii                                           93.15%    failed      4.37%
 163  XP_050094991.1_lysozyme-like_Anopheles_aquasalis                                         94.65%    failed      4.26%
 164  XP_049544687.1_lysozyme-like_Anopheles_darlingi                                          94.81%    failed      0.89%
 165  XP_058053247.1_lysozyme-like_Anopheles_bellator                                          94.77%    failed      0.07%
 166  XP_052869241.1_lysozyme-like_Anopheles_cruzii                                            94.74%    failed      0.44%
 167  XP_040169303.1_lysozyme-like_Anopheles_arabiensis                                        94.77%    failed      4.63%
 168  XP_309527.4_lysozyme_Anopheles_gambiae                                                   94.77%    failed      4.26%
 169  XP_041784664.1_lysozyme-like_Anopheles_merus                                             94.77%    failed      4.26%
 170  XP_040231303.1_lysozyme-like_Anopheles_coluzzii                                          94.77%    failed      2.00%
 171  XP_049288959.1_lysozyme-like_Anopheles_funestus                                          94.77%    passed     14.33%
 172  XP_053660669.1_lysozyme-like_Anopheles_marshallii                                        94.77%    passed      5.71%
 173  XP_052903210.1_lysozyme-like_Anopheles_moucheti                                          94.77%    passed      8.22%
 174  XP_050079812.1_lysozyme-like_Anopheles_maculipalpis                                      95.31%    passed     36.70%
 175  XP_035903243.1_lysozyme-like_Anopheles_stephensi                                         94.74%    passed      5.64%
 176  XP_058130205.1_lysozyme-like_Anopheles_coustani                                          94.65%    failed      0.13%
 177  XP_058171699.1_lysozyme-like_Anopheles_ziemanni                                          94.65%    failed      0.13%
 178  XP_067011443.1_lysozyme_Anabrus_simplex                                                  95.24%    failed      0.00%
 179  XP_023724511.1_lysozyme_Cryptotermes_secundus                                            95.18%    failed      2.62%
 180  XP_021918570.1_lysozyme-like_Zootermopsis_nevadensis                                     94.90%    passed      6.25%
 181  XP_046991064.1_lysozyme-like_Schistocerca_americana                                      94.74%    failed      0.02%
 182  XP_049850554.1_lysozyme-like_Schistocerca_gregaria                                       94.74%    failed      0.03%
 183  XP_049802443.1_lysozyme-like_Schistocerca_nitens                                         94.74%    failed      0.04%
 184  XP_049774443.1_lysozyme-like_Schistocerca_cancellata                                     94.74%    failed      0.04%
 185  XP_065341333.1_lysozyme-like_Cloeon_dipterum                                             94.68%    failed      0.38%
 186  XP_059475804.1_lysozyme-like_Neocloeon_triangulifer                                      95.28%    failed      2.23%
 187  XP_046406711.1_lysozyme-like_Ischnura_elegans                                            95.15%    failed      0.20%
 188  XP_046674380.1_invertebrate-type_lysozyme_3-like_Homalodisca_vitripennis                 95.53%    failed      1.35%
 189  XP_054267857.1_lysozyme-like_Macrosteles_quadrilineatus                                  95.06%    failed      3.92%
 190  XP_054269742.1_lysozyme-like_Macrosteles_quadrilineatus                                  95.06%    failed      3.92%
 191  XP_039280102.1_invertebrate-type_lysozyme_3_Nilaparvata_lugens                           94.90%    failed      0.54%
 192  XP_063709554.1_invertebrate-type_lysozyme_3-like_Culicoides_brevitarsis                  94.74%    failed      0.05%
 193  XP_019872050.1_lysozyme-like_Aethina_tumida                                              95.34%    passed      6.78%
 194  XP_050308861.1_lysozyme-like_Anthonomus_grandis_grandis                                  95.28%    failed      0.57%
 195  XP_060522299.1_lysozyme-like_Cylas_formicarius                                           95.34%    failed      0.73%
 196  XP_019770495.1_lysozyme_Dendroctonus_ponderosae                                          95.31%    failed      0.55%
 197  XP_066159224.1_lysozyme-like_Euwallacea_fornicatus                                       95.31%    failed      0.25%
 198  XP_066259677.1_lysozyme-like_Euwallacea_similis                                          95.31%    failed      0.32%
 199  XP_030768031.1_lysozyme-like_Sitophilus_oryzae                                           95.28%    failed      0.36%
 200  XP_018567491.1_lysozyme_Anoplophora_glabripennis                                         95.15%    failed      0.51%
 201  XP_023027517.1_invertebrate-type_lysozyme_3-like_Leptinotarsa_decemlineata               95.15%    passed     22.97%
 202  XP_068914812.1_lysozyme-like_Tenebrio_molitor                                            95.28%    failed      0.65%
 203  XP_063904459.1_lysozyme-like_Zophobas_morio                                              95.24%    failed      0.63%
 204  XP_015837941.1_lysozyme_Tribolium_castaneum                                              95.28%    failed      0.09%
 205  XP_044252938.1_lysozyme-like_Tribolium_madens                                            94.68%    failed      1.94%
 206  XP_044759553.1_lysozyme-like_Coccinella_septempunctata                                   95.24%    failed      0.01%
 207  XP_045475786.1_lysozyme-like_Harmonia_axyridis                                           95.24%    failed      0.30%
 208  XP_057665005.1_lysozyme-like_Diorhabda_carinulata                                        95.21%    passed     13.24%
 209  XP_056632869.1_lysozyme-like_Diorhabda_sublineata                                        95.21%    passed     10.58%
 210  XP_063903687.1_lysozyme-like_Zophobas_morio                                              95.28%    passed     58.72%
 211  XP_018332491.1_invertebrate-type_lysozyme_3_Agrilus_planipennis                          95.09%    failed      3.44%
 212  XP_065159526.1_lysozyme-like_Dalotia_coriaria                                            95.28%    passed      6.63%
 213  XP_017782892.1_lysozyme-like_Nicrophorus_vespilloides                                    95.46%    passed      7.60%
 214  XP_068914207.1_lysozyme_2-like_Tenebrio_molitor                                          95.12%    passed     45.53%
 215  XP_022916282.2_lysozyme-like_Onthophagus_taurus                                          95.28%    failed      2.50%
 216  XP_019877370.1_lysozyme_Aethina_tumida                                                   95.28%    failed      1.32%
 217  XP_031355015.1_lysozyme-like_Photinus_pyralis                                            95.21%    failed      1.52%
 218  XP_031354613.1_lysozyme-like_Photinus_pyralis                                            95.24%    failed      3.12%
 219  XP_044738420.1_lysozyme-like_Chrysoperla_carnea                                          95.34%    failed      4.06%
 220  XP_055694018.1_lysozyme-like_Lutzomyia_longipalpis                                       94.84%    failed      3.55%
 221  XP_059622353.1_lysozyme-like_Phlebotomus_argentipes                                      94.87%    failed      0.44%
 222  XP_049774442.1_invertebrate-type_lysozyme_3-like_Schistocerca_cancellata                 95.37%    failed      0.00%
 223  XP_049850555.1_invertebrate-type_lysozyme_3-like_Schistocerca_gregaria                   95.37%    failed      0.00%
 224  XP_047107998.1_invertebrate-type_lysozyme_3-like_Schistocerca_piceifrons                 95.37%    failed      0.00%
 225  XP_049947805.1_invertebrate-type_lysozyme_3-like_Schistocerca_serialis_cubense           92.62%    failed      0.00%
 226  XP_049802444.1_lysozyme-like_Schistocerca_nitens                                         95.37%    failed      0.00%
 227  XP_011054762.1_lysozyme-like_Acromyrmex_echinatior                                       95.15%    failed      1.94%
 228  XP_012057632.1_lysozyme-like_Atta_cephalotes                                             95.28%    failed      2.75%
 229  XP_018045730.1_lysozyme-like_Atta_colombica                                              95.28%    failed      3.45%
 230  XP_011696023.1_lysozyme-like_Wasmannia_auropunctata                                      95.18%    passed     25.26%
 231  XP_012523214.2_lysozyme_Monomorium_pharaonis                                             95.24%    failed      2.65%
 232  XP_011054763.1_lysozyme-like_Acromyrmex_echinatior                                       95.34%    passed     18.32%
 233  XP_012057581.1_lysozyme-like_Atta_cephalotes                                             95.34%    passed     39.57%
 234  XP_018045722.1_lysozyme-like_Atta_colombica                                              95.34%    passed     39.57%
 235  XP_018316592.1_lysozyme_2-like_Trachymyrmex_zeteki                                       95.34%    passed     25.36%
 236  XP_024883394.1_lysozyme-like_Temnothorax_curvispinosus                                   95.24%    passed     23.77%
 237  XP_024883393.1_lysozyme-like_Temnothorax_curvispinosus                                   95.24%    passed     31.34%
 238  XP_011868866.1_lysozyme-like_Vollenhovia_emeryi                                          95.31%    passed     35.09%
 239  XP_011054766.1_lysozyme_2-like_Acromyrmex_echinatior                                     95.37%    passed     34.72%
 240  XP_012057582.1_lysozyme_2-like_Atta_cephalotes                                           95.37%    passed     22.27%
 241  XP_018045716.1_lysozyme_2-like_Atta_colombica                                            95.37%    passed     24.63%
 242  XP_018351309.1_lysozyme_2-like_Trachymyrmex_septentrionalis                              95.37%    passed     41.51%
 243  XP_018316593.1_lysozyme_2-like_Trachymyrmex_zeteki                                       95.37%    passed     20.55%
 244  XP_012534115.1_lysozyme_2_Monomorium_pharaonis                                           95.37%    passed     21.35%
 245  XP_024883366.1_lysozyme_2-like_Temnothorax_curvispinosus                                 95.37%    passed      8.78%
 246  XP_011696003.1_lysozyme-like_Wasmannia_auropunctata                                      95.40%    passed     16.52%
 247  XP_025988686.1_lysozyme_2_Solenopsis_invicta                                             95.43%    passed      6.17%
 248  XP_011630017.1_invertebrate-type_lysozyme_3-like_Pogonomyrmex_barbatus                   95.28%    passed     14.45%
 249  XP_050465440.1_lysozyme-like_Cataglyphis_hispanica                                       95.06%    failed      2.98%
 250  XP_029670970.1_invertebrate-type_lysozyme_3-like_partial_Formica_exsecta                 97.34%    passed     39.48%
 251  XP_029178206.1_lysozyme-like_Nylanderia_fulva                                            95.12%    passed      5.83%
 252  XP_014478038.1_lysozyme-like_Dinoponera_quadriceps                                       95.24%    passed     11.85%
 253  XP_032676328.1_lysozyme-like_Odontomachus_brunneus                                       95.21%    passed     19.90%
 254  XP_011154006.1_invertebrate-type_lysozyme_3_Harpegnathos_saltator                        95.24%    passed      5.42%
 255  XP_011347650.1_lysozyme_Ooceraea_biroi                                                   95.18%    failed      4.94%
 256  XP_011865731.1_lysozyme_2-like_Vollenhovia_emeryi                                        95.37%    passed     15.81%
 257  XP_012523223.2_invertebrate-type_lysozyme_3_Monomorium_pharaonis                         95.28%    passed     10.46%
 258  XP_050466072.1_invertebrate-type_lysozyme_3-like_Cataglyphis_hispanica                   95.15%    passed     16.60%
 259  XP_029663396.1_invertebrate-type_lysozyme_3-like_Formica_exsecta                         95.03%    passed     32.42%
 260  XP_029663397.1_lysozyme-like_Formica_exsecta                                             95.09%    failed      3.39%
 261  XP_011696004.1_lysozyme-like_Wasmannia_auropunctata                                      95.18%    passed     25.82%
 262  XP_012235794.1_lysozyme_Linepithema_humile                                               95.18%    failed      3.85%
 263  XP_012261020.2_lysozyme-like_Athalia_rosae                                               95.28%    failed      3.61%
 264  XP_046752470.1_lysozyme_3-like_Diprion_similis                                           95.28%    failed      2.84%
 265  XP_046417441.1_invertebrate-type_lysozyme_3-like_Neodiprion_fabricii                     95.24%    failed      0.83%
 266  XP_046474960.1_lysozyme_Neodiprion_pinetum                                               95.24%    failed      1.21%
 267  XP_046604985.1_invertebrate-type_lysozyme_3-like_Neodiprion_virginianus                  95.24%    failed      1.00%
 268  XP_015512018.2_invertebrate-type_lysozyme_3_Neodiprion_lecontei                          95.24%    failed      2.21%
 269  XP_015600321.1_lysozyme_Cephus_cinctus                                                   95.12%    failed      1.06%
 270  XP_012270123.1_lysozyme-like_Orussus_abietinus                                           95.12%    failed      1.09%
 271  XP_015186257.1_lysozyme-like_Polistes_dominula                                           95.28%    passed      7.04%
 272  XP_014615199.1_lysozyme_2-like_Polistes_canadensis                                       95.28%    failed      0.12%
 273  XP_043491128.1_invertebrate-type_lysozyme_3-like_Polistes_fuscatus                       95.28%    failed      0.05%
 274  XP_047348953.1_lysozyme-like_Vespa_velutina                                              95.28%    failed      0.82%
 275  XP_043667361.1_lysozyme-like_Vespula_pensylvanica                                        95.28%    failed      0.38%
 276  XP_050848304.1_invertebrate-type_lysozyme_3-like_Vespula_vulgaris                        95.28%    failed      0.70%
 277  XP_046821287.1_lysozyme-like_Vespa_crabro                                                95.24%    failed      1.55%
 278  XP_035725596.1_lysozyme-like_Vespa_mandarinia                                            94.77%    failed      0.26%
 279  XP_044015570.1_invertebrate-type_lysozyme_3-like_Aphidius_gifuensis                      95.18%    passed     27.54%
 280  XP_034936055.1_lysozyme-like_Chelonus_insularis                                          95.15%    passed      7.22%
 281  XP_044595690.1_invertebrate-type_lysozyme_3-like_Cotesia_glomerata                       95.18%    failed      3.10%
 282  XP_044595691.1_invertebrate-type_lysozyme_3-like_Cotesia_glomerata                       95.18%    failed      3.10%
 283  XP_063973737.1_invertebrate-type_lysozyme_3-like_Diachasmimorpha_longicaudata            95.15%    failed      0.44%
 284  XP_015113936.1_invertebrate-type_lysozyme_Diachasma_alloeum                              95.15%    failed      2.02%
 285  XP_011313368.1_lysozyme_Fopius_arisanus                                                  95.03%    failed      4.87%
 286  XP_043276197.1_invertebrate-type_lysozyme_3-like_Venturia_canescens                      95.03%    failed      1.64%
 287  XP_061929234.1_lysozyme-like_Apis_cerana                                                 95.18%    passed     17.78%
 288  XP_393161.3_lysozyme_Apis_mellifera                                                      95.21%    passed     30.52%
 289  XP_006611951.1_lysozyme-like_Apis_dorsata                                                95.12%    passed     12.89%
 290  XP_043791153.1_lysozyme-like_Apis_laboriosa                                              95.12%    passed     12.89%
 291  XP_003693440.1_invertebrate-type_lysozyme-like_Apis_florea                               95.15%    passed     18.88%
 292  XP_017757357.1_lysozyme-like_Eufriesea_mexicana                                          94.96%    passed     14.48%
 293  XP_017789409.1_lysozyme-like_Habropoda_laboriosa                                         95.06%    passed     32.32%
 294  XP_003708146.1_lysozyme-like_Megachile_rotundata                                         95.09%    passed     35.18%
 295  XP_029049920.1_lysozyme-like_Osmia_bicornis_bicornis                                     95.15%    passed     10.04%
 296  XP_034182671.1_lysozyme-like_Osmia_lignaria                                              95.15%    passed      8.65%
 297  XP_017887289.1_lysozyme-like_Ceratina_calcarata                                          95.12%    passed     41.91%
 298  XP_043522477.1_lysozyme-like_Frieseomelitta_varia                                        95.15%    passed     32.03%
 299  XP_043254615.1_lysozyme-like_Colletes_gigas                                              95.18%    passed     14.12%
 300  XP_054007809.1_invertebrate-type_lysozyme_3-like_Hylaeus_anthracinus                     95.15%    passed     14.73%
 301  XP_053987056.1_invertebrate-type_lysozyme_3-like_Hylaeus_volcanicus                      95.15%    passed     11.19%
 302  XP_031844191.1_lysozyme-like_Nomia_melanderi                                             95.21%    passed     29.99%
 303  XP_033331203.1_lysozyme-like_Megalopta_genalis                                           95.21%    passed     32.73%
 304  XP_050578182.1_invertebrate-type_lysozyme_3-like_Bombus_affinis                          95.12%    passed     34.10%
 305  XP_003394100.1_invertebrate-type_lysozyme_3_Bombus_terrestris                            95.12%    passed     34.10%
 306  XP_033304913.1_lysozyme_2-like_Bombus_bifarius                                           95.12%    passed     48.81%
 307  XP_068968486.1_invertebrate-type_lysozyme_3-like_Bombus_flavifrons                       95.12%    passed     48.81%
 308  XP_050472669.1_lysozyme_2-like_Bombus_huntii                                             95.12%    passed     48.81%
 309  XP_043577785.1_lysozyme_2-like_Bombus_pyrosoma                                           95.12%    passed     48.81%
 310  XP_033353604.1_lysozyme_2-like_Bombus_vosnesenskii                                       95.12%    passed     48.81%
 311  XP_033184711.1_lysozyme_2-like_Bombus_vancouverensis_nearcticus                          95.12%    passed     48.81%
 312  XP_003487472.1_lysozyme_2-like_Bombus_impatiens                                          95.12%    passed     47.49%
 313  XP_060812724.1_invertebrate-type_lysozyme_3-like_Bombus_pascuorum                        95.12%    passed     39.58%
 314  XP_015429338.1_lysozyme-like_Dufourea_novaeangliae                                       95.15%    passed     30.97%
 315  XP_033228797.1_lysozyme-like_Belonocnema_kinseyi                                         95.18%    passed      6.51%
 316  XP_051153286.1_lysozyme-like_Leptopilina_boulardi                                        95.18%    passed     12.35%
 317  XP_043482938.1_lysozyme_3-like_Leptopilina_heterotoma                                    95.21%    passed     11.48%
 318  XP_066584156.1_lysozyme-like_Prorops_nasuta                                              94.90%    failed      1.94%
 319  XP_014219782.1_lysozyme_3-like_Copidosoma_floridanum                                     95.34%    passed      5.34%
 320  XP_031786281.1_lysozyme_Nasonia_vitripennis                                              95.15%    failed      0.00%
 321  XP_058797514.1_lysozyme-like_Phymastichus_coffea                                         95.24%    passed      5.43%
 322  XP_014222012.1_lysozyme-like_Trichogramma_pretiosum                                      94.87%    failed      0.01%
 323  XP_014221985.1_lysozyme_2-like_Trichogramma_pretiosum                                    94.71%    failed      0.30%
 324  XP_055905910.1_invertebrate-type_lysozyme_3-like_Eupeodes_corollae                       95.03%    failed      4.70%
 325  XP_063243386.1_invertebrate-type_lysozyme_3-like_Bacillus_rossius_redtenbacheri          94.96%    failed      0.00%
 326  XP_014272957.1_lysozyme_Halyomorpha_halys                                                94.84%    failed      1.69%
 327  XP_024215773.2_invertebrate-type_lysozyme_3-like_Halyomorpha_halys                       94.99%    passed     51.62%
 328  XP_034105438.1_invertebrate-type_lysozyme_3-like_Drosophila_albomicans                   94.84%    passed      9.65%
 329  XP_060655724.1_invertebrate-type_lysozyme_3-like_Drosophila_nasuta                       94.84%    passed      6.48%
 330  XP_062127526.1_invertebrate-type_lysozyme_3-like_Drosophila_sulfurigaster_albostrigata   94.84%    passed      6.17%
 331  XP_034108113.1_invertebrate-type_lysozyme_3-like_Drosophila_albomicans                   94.96%    passed     24.09%
 332  XP_060654702.1_lysozyme-like_Drosophila_nasuta                                           95.56%    passed     38.69%
 333  XP_062131874.1_lysozyme-like_Drosophila_sulfurigaster_albostrigata                       95.56%    passed     38.69%
 334  XP_001995414.1_lysozyme_Drosophila_grimshawi                                             94.90%    passed     22.94%
 335  XP_030563443.1_lysozyme_Drosophila_novamexicana                                          94.96%    passed      8.74%
 336  XP_002048990.1_lysozyme_Drosophila_virilis                                               94.96%    passed      8.37%
 337  XP_023162833.2_invertebrate-type_lysozyme_3_Drosophila_hydei                             94.96%    passed     27.48%
 338  XP_001960609.1_lysozyme_Drosophila_ananassae                                             94.96%    passed     31.51%
 339  XP_016968181.1_lysozyme_Drosophila_biarmipes                                             94.81%    passed     51.65%
 340  XP_001975295.1_lysozyme_2_Drosophila_erecta                                              94.96%    passed     73.92%
 341  XP_033153947.1_lysozyme_Drosophila_mauritiana                                            94.96%    passed     66.21%
 342  XP_002081833.1_lysozyme_Drosophila_simulans                                              94.96%    passed     66.21%
 343  XP_002034194.2_lysozyme_Drosophila_sechellia                                             95.06%    passed     72.20%
 344  XP_039482429.1_lysozyme_2_Drosophila_santomea                                            94.68%    passed     58.53%
 345  XP_043644498.1_lysozyme_2_Drosophila_teissieri                                           94.96%    passed     64.21%
 346  XP_002092148.1_lysozyme_Drosophila_yakuba                                                95.03%    passed     60.87%
 347  XP_037717619.1_lysozyme_Drosophila_subpulchrella                                         94.96%    passed     20.87%
 348  XP_016929518.2_lysozyme_Drosophila_suzukii                                               94.96%    passed     26.62%
 349  XP_016988815.1_lysozyme_Drosophila_rhopaloa                                              94.96%    failed      3.98%
 350  XP_017125023.1_lysozyme_Drosophila_elegans                                               94.96%    passed     73.22%
 351  XP_017001974.1_lysozyme_Drosophila_takahashii                                            94.96%    passed     28.55%
 352  XP_017078836.1_lysozyme_Drosophila_eugracilis                                            94.96%    passed     30.03%
 353  XP_017024453.1_lysozyme_Drosophila_kikkawai                                              94.93%    passed     22.28%
 354  XP_020818092.1_lysozyme_Drosophila_serrata                                               94.96%    passed     44.92%
 355  XP_034122092.1_lysozyme_Drosophila_guanche                                               94.93%    passed     31.72%
 356  XP_034650408.1_lysozyme_Drosophila_subobscura                                            94.96%    passed     18.25%
 357  XP_017145974.1_lysozyme_Drosophila_miranda                                               94.96%    passed     57.51%
 358  XP_002016415.1_lysozyme_Drosophila_persimilis                                            94.96%    passed     51.70%
 359  XP_022230244.2_lysozyme_Drosophila_obscura                                               94.93%    passed     40.62%
 360  XP_002063642.1_lysozyme_Drosophila_willistoni                                            94.81%    passed     33.14%
 361  XP_032586218.2_lysozyme_Drosophila_mojavensis                                            94.71%    passed     27.34%
 362  XP_017960257.1_lysozyme_Drosophila_navojoa                                               94.71%    passed     15.15%
 363  XP_017836514.1_lysozyme_Drosophila_busckii                                               94.90%    passed     32.71%
 364  XP_030382648.1_lysozyme_Scaptodrosophila_lebanonensis                                    94.84%    passed     14.64%
 365  XP_034108111.1_lysozyme_2_Drosophila_albomicans                                          94.59%    passed     12.18%
 366  XP_060654699.1_lysozyme_2_Drosophila_nasuta                                              94.59%    passed     11.42%
 367  XP_062131871.1_lysozyme_2_Drosophila_sulfurigaster_albostrigata                          94.59%    passed     14.43%
 368  XP_034478403.1_lysozyme_3_Drosophila_innubila                                            94.77%    passed     12.72%
 369  XP_001960607.1_lysozyme_Drosophila_ananassae                                             94.81%    passed     12.70%
 370  XP_017108514.2_lysozyme_2_Drosophila_bipectinata                                         94.81%    passed     18.13%
 371  XP_017124248.1_lysozyme_3_partial_Drosophila_elegans                                     93.80%    passed     10.57%
 372  XP_016988659.2_lysozyme_2_Drosophila_rhopaloa                                            93.68%    failed      3.85%
 373  XP_017078834.1_lysozyme_2_Drosophila_eugracilis                                          94.77%    passed      8.57%
 374  XP_001975293.1_lysozyme_Drosophila_erecta                                                94.90%    passed     31.93%
 375  XP_033153946.1_lysozyme_Drosophila_mauritiana                                            94.90%    passed     26.13%
 376  XP_002034197.1_lysozyme_Drosophila_sechellia                                             94.90%    passed     30.75%
 377  XP_002081835.1_lysozyme_Drosophila_simulans                                              94.90%    passed     24.37%
 378  XP_039482431.1_lysozyme_Drosophila_santomea                                              94.71%    passed     25.95%
 379  XP_002092146.2_lysozyme_Drosophila_yakuba                                                94.71%    passed     25.95%
 380  XP_037717617.1_lysozyme_3_Drosophila_subpulchrella                                       94.81%    passed     12.90%
 381  XP_017049516.1_lysozyme_Drosophila_ficusphila                                            94.81%    passed      8.93%
 382  XP_017024388.1_lysozyme_2_Drosophila_kikkawai                                            94.99%    passed     12.10%
 383  XP_020818080.1_lysozyme_2_partial_Drosophila_serrata                                     94.43%    passed     32.94%
 384  XP_034121841.1_lysozyme_2_Drosophila_guanche                                             93.74%    failed      0.89%
 385  XP_034650405.1_lysozyme_2_Drosophila_subobscura                                          94.68%    passed      9.31%
 386  XP_022230242.2_lysozyme_Drosophila_obscura                                               93.37%    failed      2.17%
 387  XP_033246839.1_lysozyme_3_Drosophila_miranda                                             94.52%    passed     38.14%
 388  XP_002016417.2_lysozyme_Drosophila_persimilis                                            94.52%    passed     10.16%
 389  XP_017835498.1_lysozyme_2_partial_Drosophila_busckii                                     95.34%    passed     22.13%
 390  XP_030387482.1_lysozyme_2_Scaptodrosophila_lebanonensis                                  94.96%    passed     32.20%
 391  XP_068144997.1_lysozyme_2_Drosophila_tropicalis                                          94.62%    passed     25.25%
 392  XP_002063644.1_lysozyme_2_Drosophila_willistoni                                          94.62%    passed     20.85%
 393  XP_032596805.1_lysozyme_3_Drosophila_grimshawi                                           94.43%    passed     13.75%
 394  XP_064535936.1_lysozyme_3-like_Drosophila_montana                                        94.56%    passed     14.96%
 395  XP_030563370.1_lysozyme_3_Drosophila_novamexicana                                        94.52%    passed     19.28%
 396  XP_002048988.2_lysozyme_2_Drosophila_virilis                                             94.56%    passed     25.38%
 397  XP_023162865.2_lysozyme_3-like_Drosophila_hydei                                          94.74%    passed     56.03%
 398  XP_002006621.2_lysozyme_2_Drosophila_mojavensis                                          93.90%    passed     20.16%
 399  XP_017960258.1_lysozyme_Drosophila_navojoa                                               94.93%    passed     11.74%
 400  XP_034108112.1_lysozyme_Drosophila_albomicans                                            94.68%    passed     31.02%
 401  XP_060654701.1_lysozyme_Drosophila_nasuta                                                94.68%    passed     36.78%
 402  XP_001960608.1_lysozyme_Drosophila_ananassae                                             95.06%    passed     63.71%
 403  XP_017107983.1_lysozyme-like_Drosophila_bipectinata                                      95.12%    passed     70.57%
 404  XP_017108515.2_lysozyme_Drosophila_bipectinata                                           94.96%    passed     58.32%
 405  XP_016968180.1_lysozyme_Drosophila_biarmipes                                             95.03%    passed     80.95%
 406  XP_001975294.1_lysozyme_2_Drosophila_erecta                                              95.03%    passed     81.24%
 407  XP_039482432.1_lysozyme_2_Drosophila_santomea                                            95.03%    passed     83.27%
 408  XP_043644072.1_lysozyme_2_Drosophila_teissieri                                           95.03%    passed     78.18%
 409  XP_002092147.1_lysozyme_2_Drosophila_yakuba                                              95.03%    passed     83.64%
 410  XP_002034196.1_lysozyme_2_Drosophila_sechellia                                           95.03%    passed     80.97%
 411  XP_033153948.1_lysozyme_2_Drosophila_mauritiana                                          95.03%    passed     80.90%
 412  XP_002081834.1_lysozyme_2_Drosophila_simulans                                            95.03%    passed     84.64%
 413  XP_037717621.1_lysozyme_2_Drosophila_subpulchrella                                       95.03%    passed     60.49%
 414  XP_016929519.2_lysozyme_2_Drosophila_suzukii                                             95.03%    passed     58.57%
 415  XP_017125024.1_lysozyme_Drosophila_elegans                                               95.03%    passed     77.19%
 416  XP_016988832.1_lysozyme_Drosophila_rhopaloa                                              95.03%    passed     75.80%
 417  XP_017078835.1_lysozyme_Drosophila_eugracilis                                            95.06%    passed     60.45%
 418  XP_017024390.1_lysozyme_Drosophila_kikkawai                                              94.99%    passed     69.45%
 419  XP_020818069.1_lysozyme_Drosophila_serrata                                               94.99%    passed     58.93%
 420  XP_017049519.1_lysozyme_Drosophila_ficusphila                                            95.09%    passed     54.81%
 421  XP_023163021.2_lysozyme-like_Drosophila_hydei                                            94.93%    passed     31.86%
 422  XP_002006620.1_lysozyme_Drosophila_mojavensis                                            95.06%    passed     20.83%
 423  XP_017960260.1_lysozyme-like_Drosophila_navojoa                                          95.03%    passed     17.95%
 424  XP_064535937.1_lysozyme-like_Drosophila_montana                                          94.93%    passed     64.64%
 425  XP_002048989.1_lysozyme_Drosophila_virilis                                               94.93%    passed     55.55%
 426  XP_030563371.1_lysozyme-like_Drosophila_novamexicana                                     94.93%    passed     43.25%
 427  XP_034478404.1_lysozyme_2_Drosophila_innubila                                            94.96%    passed     46.02%
 428  XP_034122349.1_lysozyme_Drosophila_guanche                                               95.15%    passed     39.63%
 429  XP_034650409.1_lysozyme_Drosophila_subobscura                                            95.15%    passed     32.70%
 430  XP_022230245.1_lysozyme_Drosophila_obscura                                               95.06%    passed     22.09%
 431  XP_017150428.1_lysozyme_Drosophila_miranda                                               94.65%    passed     37.37%
 432  XP_002016416.1_lysozyme_Drosophila_persimilis                                            95.12%    passed     23.33%
 433  XP_068144998.1_lysozyme_2_Drosophila_tropicalis                                          94.84%    passed     29.46%
 434  XP_002063643.3_lysozyme_2_Drosophila_willistoni                                          94.90%    passed     28.22%
 435  XP_017835927.1_lysozyme_Drosophila_busckii                                               94.90%    passed     21.95%
 436  XP_060881617.1_lysozyme-like_Metopolophium_dirhodum                                      94.27%    passed     24.40%
 437  XP_022168131.1_lysozyme-like_Myzus_persicae                                              94.96%    passed     20.29%
 438  XP_026809847.1_lysozyme-like_Rhopalosiphum_maidis                                        95.06%    passed     12.38%
 439  XP_060841310.1_lysozyme_2-like_Rhopalosiphum_padi                                        95.06%    passed      6.97%
 440  XP_046673719.1_lysozyme-like_Homalodisca_vitripennis                                     95.09%    failed      2.61%
 441  XP_046688119.1_invertebrate-type_lysozyme_3-like_Homalodisca_vitripennis                 96.28%    failed      4.61%
 442  XP_054265663.1_lysozyme-like_Macrosteles_quadrilineatus                                  94.02%    passed      7.53%
 443  XP_054267729.1_lysozyme-like_Macrosteles_quadrilineatus                                  94.02%    passed      9.31%
 444  XP_055905911.1_lysozyme-like_Eupeodes_corollae                                           95.21%    passed     16.48%
 445  XP_026321247.1_invertebrate-type_lysozyme_2-like_Hyposmocoma_kahamanoa                   92.40%    failed      1.10%
 446  XP_068915270.1_lysozyme-like_Tenebrio_molitor                                            94.81%    passed     18.85%
 447  XP_069684589.1_lysozyme-like_Periplaneta_americana                                       95.03%    failed      0.67%
 448  XP_056633228.1_invertebrate-type_lysozyme_6-like_Diorhabda_sublineata                    95.15%    passed      6.51%
 449  XP_019866650.1_lysozyme_2-like_Aethina_tumida                                            95.71%    failed      1.71%
 450  XP_065340083.1_lysozyme-like_Cloeon_dipterum                                             95.06%    passed     29.64%
 451  XP_059475803.1_lysozyme-like_Neocloeon_triangulifer                                      95.03%    passed     26.88%
 452  XP_037050797.1_lysozyme-like_Bradysia_coprophila                                         95.59%    passed     53.88%
 453  XP_063710136.1_invertebrate-type_lysozyme_2-like_Culicoides_brevitarsis                  95.62%    passed      5.07%
 454  XP_059057679.1_lysozyme-like_Achroia_grisella                                            95.40%    passed     25.68%
 455  XP_031764870.1_lysozyme-like_Galleria_mellonella                                         95.40%    passed      6.65%
 456  XP_030037656.1_lysozyme_Manduca_sexta                                                    95.34%    passed     59.36%
 457  XP_028041526.1_lysozyme-like_Bombyx_mandarina                                            94.68%    passed     19.03%
 458  XP_004926301.1_lysozyme_Bombyx_mori                                                      95.40%    passed     28.62%
 459  XP_041982001.1_lysozyme_1-like_Aricia_agestis                                            95.43%    passed     28.92%
 460  XP_050347673.1_lysozyme-like_Nymphalis_io                                                95.24%    passed     50.77%
 461  XP_047535557.1_lysozyme_2-like_Vanessa_atalanta                                          95.28%    passed     37.81%
 462  XP_026495706.2_lysozyme-like_Vanessa_tameamea                                            95.21%    passed     37.13%
 463  XP_046969725.1_lysozyme_2-like_Vanessa_cardui                                            95.21%    passed     53.36%
 464  XP_068618043.1_lysozyme-like_Battus_philenor                                             94.81%    passed     12.90%
 465  XP_014357737.2_lysozyme_2_Papilio_machaon                                                95.37%    passed     48.50%
 466  NP_001298558.1_lysozyme_2-like_precursor_Papilio_polytes                                 95.40%    passed     35.48%
 467  XP_013179764.1_lysozyme_2-like_Papilio_xuthus                                            95.21%    passed     48.95%
 468  XP_045500256.1_lysozyme_1-like_Colias_croceus                                            95.28%    passed     22.23%
 469  XP_038222416.1_lysozyme-like_Zerene_cesonia                                              95.28%    passed     22.58%
 470  XP_045522728.1_lysozyme-like_Pieris_brassicae                                            95.37%    passed     22.41%
 471  XP_022118333.2_lysozyme-like_Pieris_rapae                                                95.37%    passed     19.70%
 472  XP_047521941.1_lysozyme-like_Pieris_napi                                                 95.37%    passed     31.82%
 473  XP_050665869.1_lysozyme_1-like_Leptidea_sinapis                                          95.24%    failed      4.12%
 474  XP_028161463.1_lysozyme-like_Ostrinia_furnacalis                                         95.46%    passed     14.50%
 475  XP_063829396.1_lysozyme-like_Ostrinia_nubilalis                                          95.37%    passed     14.30%
 476  XP_060804852.1_lysozyme_1_Amyelois_transitella                                           95.37%    passed     11.96%
 477  XP_053610465.1_lysozyme_1-like_Plodia_interpunctella                                     94.43%    failed      1.67%
 478  XP_049706905.2_lysozyme_Helicoverpa_armigera                                             95.31%    failed      4.70%
 479  XP_047032257.1_lysozyme-like_Helicoverpa_zea                                             95.31%    failed      4.33%
 480  XP_022822980.1_lysozyme_1-like_Spodoptera_litura                                         95.28%    passed     51.23%
 481  XP_063365762.1_lysozyme_1-like_Cydia_amplana                                             95.34%    passed     15.00%
 482  XP_061718898.1_lysozyme_1-like_Cydia_pomonella                                           95.21%    failed      3.89%
 483  XP_063625913.1_lysozyme_1-like_Cydia_splendana                                           95.21%    failed      3.67%
 484  XP_063537323.1_lysozyme_1-like_Cydia_strobilella                                         95.21%    passed      6.54%
 485  XP_063386712.1_lysozyme_1-like_Cydia_fagiglandana                                        95.21%    passed      6.66%
 486  XP_047992342.1_lysozyme_1-like_Leguminivora_glycinivorella                               95.18%    passed     13.76%
 487  XP_045774325.1_lysozyme_2-like_Maniola_jurtina                                           95.24%    passed     30.36%
 488  XP_059057901.1_lysozyme-like_Achroia_grisella                                            95.12%    failed      3.24%
 489  XP_052751158.1_lysozyme-like_Galleria_mellonella                                         95.12%    passed      8.12%
 490  XP_060804862.1_lysozyme_Amyelois_transitella                                             95.12%    passed     15.88%
 491  XP_053611021.1_lysozyme-like_Plodia_interpunctella                                       95.18%    passed     26.59%
 492  XP_028042581.1_lysozyme_2-like_Bombyx_mandarina                                          95.12%    passed      8.79%
 493  XP_012543940.1_lysozyme_2_Bombyx_mori                                                    95.12%    passed      8.24%
 494  XP_063895237.1_lysozyme_Helicoverpa_armigera                                             95.12%    passed     24.70%
 495  XP_047032394.1_lysozyme-like_Helicoverpa_zea                                             95.12%    passed     23.56%
 496  XP_022822579.1_lysozyme-like_Spodoptera_litura                                           97.00%    passed     80.43%
 497  XP_026734096.1_lysozyme_2-like_Trichoplusia_ni                                           95.12%    passed     25.31%
 498  XP_050549807.1_lysozyme_Spodoptera_frugiperda                                            94.93%    passed     47.88%
 499  XP_049876207.1_lysozyme-like_Pectinophora_gossypiella                                    95.09%    passed      9.26%
 500  XP_030032080.1_lysozyme_Manduca_sexta                                                    95.06%    passed     21.40%
 501  XP_037293183.1_lysozyme-like_Manduca_sexta                                               95.06%    passed     17.75%
 502  XP_026321478.1_lysozyme-like_Hyposmocoma_kahamanoa                                       95.03%    passed     57.31%
 503  XP_063365283.1_lysozyme-like_Cydia_amplana                                               95.06%    passed     36.63%
 504  XP_063386702.1_lysozyme-like_Cydia_fagiglandana                                          95.06%    passed     34.42%
 505  XP_063625533.1_lysozyme-like_Cydia_splendana                                             95.06%    passed     28.14%
 506  XP_063536830.1_lysozyme-like_Cydia_strobilella                                           95.06%    passed     32.25%
 507  XP_047992557.1_lysozyme-like_Leguminivora_glycinivorella                                 95.06%    passed     35.00%
 508  XP_061718776.1_lysozyme-like_Cydia_pomonella                                             95.06%    passed     30.03%
 509  XP_052743212.1_lysozyme-like_Bicyclus_anynana                                            95.03%    failed      1.62%
 510  XP_045775262.1_lysozyme-like_Maniola_jurtina                                             94.99%    passed      9.21%
 511  XP_050347671.1_lysozyme-like_Nymphalis_io                                                94.99%    passed     34.39%
 512  XP_047535463.1_lysozyme-like_Vanessa_atalanta                                            95.06%    passed     26.15%
 513  XP_064073527.1_lysozyme-like_Vanessa_tameamea                                            95.06%    passed     22.58%
 514  XP_046969448.1_lysozyme-like_Vanessa_cardui                                              95.06%    passed     28.15%
 515  XP_032519101.2_lysozyme-like_Danaus_plexippus                                            95.03%    failed      1.20%
 516  XP_061379210.1_lysozyme-like_Danaus_plexippus                                            94.77%    passed     18.02%
 517  XP_068617901.1_lysozyme-like_Battus_philenor                                             95.09%    passed     44.69%
 518  XP_014361407.2_lysozyme_2_Papilio_machaon                                                95.03%    passed     47.16%
 519  XP_013140804.1_lysozyme-like_Papilio_polytes                                             94.96%    passed      5.33%
 520  XP_045500363.1_lysozyme-like_Colias_croceus                                              95.03%    passed     27.80%
 521  XP_038222597.1_lysozyme_1-like_Zerene_cesonia                                            96.21%    passed     73.68%
 522  XP_045523460.1_lysozyme-like_Pieris_brassicae                                            95.03%    passed     13.63%
 523  XP_022119358.2_lysozyme_2-like_Pieris_rapae                                              95.03%    passed      9.56%
 524  XP_047521847.1_lysozyme-like_Pieris_napi                                                 95.03%    passed     17.72%
 525  XP_041981992.1_lysozyme-like_Aricia_agestis                                              94.74%    passed      6.05%
 526  XP_060522272.1_lysozyme_2-like_Cylas_formicarius                                         94.96%    passed     62.07%
 527  XP_045475795.1_invertebrate-type_lysozyme_6-like_Harmonia_axyridis                       94.93%    passed     38.99%
 528  XP_068914205.1_lysozyme-like_Tenebrio_molitor                                            95.09%    passed     11.18%
 529  XP_063904458.1_invertebrate-type_lysozyme_2-like_Zophobas_morio                          95.12%    passed     14.59%
 530  XP_015837940.1_invertebrate-type_lysozyme_3_Tribolium_castaneum                          95.18%    passed      6.43%
 531  XP_017775925.1_lysozyme-like_partial_Nicrophorus_vespilloides                            95.49%    passed      5.68%
 532  XP_032519102.2_lysozyme-like_Danaus_plexippus                                            95.06%    passed     35.54%
 533  XP_032519140.2_lysozyme-like_Danaus_plexippus                                            95.03%    passed      8.26%
 534  XP_041981997.1_lysozyme-like_Aricia_agestis                                              95.31%    failed      2.06%
 535  XP_068085863.1_lysozyme_partial_Anabrus_simplex                                          95.59%    failed      1.83%
 536  XP_067011516.2_lysozyme_Anabrus_simplex                                                  94.96%    passed     50.01%
 537  XP_068085865.1_lysozyme_2_Anabrus_simplex                                                94.71%    failed      3.39%
 538  XP_063243382.1_lysozyme_2-like_Bacillus_rossius_redtenbacheri                            94.46%    failed      0.00%
 539  XP_034244880.1_lysozyme_2-like_Thrips_palmi                                              95.06%    failed      0.22%
 540  XP_069684590.1_lysozyme-like_Periplaneta_americana                                       95.28%    passed     13.93%
 541  XP_021918550.1_lysozyme-like_Zootermopsis_nevadensis                                     94.71%    passed      8.07%
 542  XP_046406548.1_lysozyme_2-like_Ischnura_elegans                                          95.24%    passed     14.66%
 543  XP_050430201.1_lysozyme_1-like_Adelges_cooleyi                                           94.93%    failed      2.44%
 544  XP_050535820.1_lysozyme-like_Daktulosphaira_vitifoliae                                   94.49%    failed      0.04%
 545  XP_001949318.2_lysozyme_Acyrthosiphon_pisum                                              94.81%    failed      0.55%
 546  XP_060881618.1_lysozyme-like_Metopolophium_dirhodum                                      94.81%    failed      0.76%
 547  XP_022168115.1_lysozyme_1-like_Myzus_persicae                                            94.81%    failed      2.34%
 548  XP_025204795.1_lysozyme_1-like_Melanaphis_sacchari                                       94.81%    failed      3.03%
 549  XP_015371379.1_lysozyme_1-like_Diuraphis_noxia                                           94.49%    failed      0.00%
 550  XP_018912502.1_lysozyme_Bemisia_tabaci                                                   95.03%    passed      9.97%
 551  XP_046674492.1_lysozyme-like_Homalodisca_vitripennis                                     95.84%    failed      0.01%
 552  XP_054268440.1_lysozyme_2-like_Macrosteles_quadrilineatus                                94.84%    passed      6.89%
 553  XP_001653399.1_lysozyme_2_Aedes_aegypti                                                  94.84%    passed     13.25%
 554  XP_019529410.2_lysozyme_2_Aedes_albopictus                                               95.09%    passed     11.23%
 555  XP_062551159.1_lysozyme_2-like_Armigeres_subalbatus                                      94.87%    passed     40.19%
 556  XP_053693932.1_lysozyme-like_Sabethes_cyaneus                                            95.06%    passed     35.65%
 557  XP_055546992.1_lysozyme_2-like_Wyeomyia_smithii                                          95.40%    passed     47.96%
 558  XP_058819470.1_lysozyme_2-like_Topomyia_yanbarensis                                      95.09%    passed     19.11%
 559  XP_055642625.1_lysozyme_2-like_Toxorhynchites_rutilus                                    94.49%    passed     83.20%
 560  XP_039442526.1_lysozyme-like_Culex_pipiens_pallens                                       95.24%    passed     45.79%
 561  XP_001850854.2_lysozyme_2_Culex_quinquefasciatus                                         95.24%    passed     46.37%
 562  XP_055599146.1_lysozyme_2-like_Uranotaenia_lowii                                         94.84%    passed     62.13%
 563  XP_035790116.1_lysozyme_2-like_Anopheles_albimanus                                       95.40%    passed     88.53%
 564  XP_049549285.1_lysozyme_2-like_Anopheles_darlingi                                        95.40%    passed     72.37%
 565  XP_050084419.1_lysozyme_2-like_Anopheles_aquasalis                                       94.74%    passed     21.91%
 566  XP_040172453.1_lysozyme-like_Anopheles_arabiensis                                        95.12%    failed      1.54%
 567  XP_040240181.2_lysozyme-like_Anopheles_coluzzii                                          95.15%    failed      1.43%
 568  XP_310846.5_lysozyme_Anopheles_gambiae                                                   95.15%    failed      1.43%
 569  XP_041764501.1_lysozyme-like_Anopheles_merus                                             95.15%    failed      2.13%
 570  XP_049279333.1_lysozyme_2-like_Anopheles_funestus                                        95.12%    passed     14.13%
 571  XP_035895099.1_lysozyme_2-like_Anopheles_stephensi                                       95.24%    passed     10.78%
 572  XP_050072165.1_lysozyme_2-like_Anopheles_maculipalpis                                    95.28%    failed      4.47%
 573  XP_058175843.1_lysozyme-like_Anopheles_ziemanni                                          95.12%    passed     34.13%
 574  XP_052872413.1_lysozyme-like_Anopheles_cruzii                                            95.21%    passed     12.53%
 575  XP_018567494.1_lysozyme-like_Anoplophora_glabripennis                                    94.84%    passed     59.41%
 576  XP_018319801.1_lysozyme-like_Agrilus_planipennis                                         94.68%    failed      0.12%
 577  XP_031352536.1_lysozyme-like_Photinus_pyralis                                            95.34%    passed     34.56%
 578  XP_055372737.1_lysozyme-like_Condylostylus_longicornis                                   95.34%    failed      3.87%
 579  XP_031343568.1_lysozyme_1-like_Photinus_pyralis                                          95.31%    passed     54.27%
 580  XP_021926418.1_invertebrate-type_lysozyme_3-like_Zootermopsis_nevadensis                 95.34%    passed      6.09%
 581  XP_063904539.1_lysozyme-like_Zophobas_morio                                              94.96%    passed      7.99%
 582  XP_063904776.1_lysozyme_1-like_Zophobas_morio                                            94.96%    passed     47.76%
 583  XP_050430202.1_lysozyme-like_Adelges_cooleyi                                             95.09%    passed     14.10%
 584  XP_050535823.1_lysozyme-like_Daktulosphaira_vitifoliae                                   95.09%    passed     14.02%
 585  XP_027836881.1_lysozyme-like_Aphis_gossypii                                              95.12%    passed     39.77%
 586  XP_025204808.1_lysozyme-like_Melanaphis_sacchari                                         95.12%    passed     46.87%
 587  XP_026813536.1_lysozyme-like_Rhopalosiphum_maidis                                        95.12%    passed     34.70%
 588  XP_060842535.1_lysozyme-like_Rhopalosiphum_padi                                          95.12%    passed     34.70%
 589  XP_022168136.1_lysozyme-like_Myzus_persicae                                              95.12%    passed     32.51%
 590  XP_015370545.1_lysozyme_2-like_Diuraphis_noxia                                           96.28%    passed     47.32%
 591  XP_063228967.1_invertebrate-type_lysozyme_3-like_Bacillus_rossius_redtenbacheri          94.74%    failed      0.14%
 592  XP_054267841.1_invertebrate-type_lysozyme_3-like_Macrosteles_quadrilineatus              94.84%    passed      6.31%
 593  XP_054268469.1_invertebrate-type_lysozyme_3-like_Macrosteles_quadrilineatus              94.84%    passed     11.71%
 594  XP_049773185.1_lysozyme_2-like_Schistocerca_cancellata                                   94.87%    failed      0.07%
 595  XP_049855937.1_lysozyme_2-like_Schistocerca_gregaria                                     94.87%    failed      0.04%
 596  XP_049803541.1_lysozyme_2-like_Schistocerca_nitens                                       94.87%    failed      0.09%
 597  XP_047108489.1_lysozyme_2-like_Schistocerca_piceifrons                                   94.87%    failed      0.03%
 598  XP_049947167.1_lysozyme_2-like_Schistocerca_serialis_cubense                             94.87%    failed      0.03%
 599  XP_014219639.1_lysozyme-like_Copidosoma_floridanum                                       94.34%    failed      0.17%
 600  XP_054266715.1_invertebrate-type_lysozyme_3-like_Macrosteles_quadrilineatus              93.18%    failed      0.01%
 601  XP_054267645.1_invertebrate-type_lysozyme_3-like_Macrosteles_quadrilineatus              94.71%    passed      7.57%
 602  XP_054266716.1_invertebrate-type_lysozyme_3-like_Macrosteles_quadrilineatus              94.74%    failed      0.96%
 603  XP_033229112.1_invertebrate-type_lysozyme_6-like_Belonocnema_kinseyi                     95.53%    failed      4.11%
 604  XP_037901473.1_lysozyme_1-like_Glossina_fuscipes                                         93.40%    failed      0.02%
 605  XP_015034393.3_lysozyme_Drosophila_willistoni                                            95.09%    passed     37.07%
 606  XP_039284897.1_lysozyme_Nilaparvata_lugens                                               95.18%    passed     49.52%
 607  XP_039284912.1_lysozyme-like_Nilaparvata_lugens                                          94.84%    failed      2.94%
 608  XP_039284906.1_lysozyme_2_Nilaparvata_lugens                                             94.81%    passed     18.20%
 609  XP_046989949.1_invertebrate-type_lysozyme_6-like_Schistocerca_americana                  94.77%    passed     32.59%
 610  XP_049947212.1_invertebrate-type_lysozyme_6-like_Schistocerca_serialis_cubense           94.77%    passed     32.59%
 611  XP_049803144.1_lysozyme-like_Schistocerca_nitens                                         94.77%    passed     33.29%
 612  XP_049771471.1_invertebrate-type_lysozyme_6-like_Schistocerca_cancellata                 94.77%    passed     23.18%
 613  XP_049856590.1_invertebrate-type_lysozyme_6-like_Schistocerca_gregaria                   94.77%    passed     26.08%
 614  XP_049771490.1_lysozyme-like_Schistocerca_cancellata                                     94.93%    failed      0.00%
 615  XP_049799396.1_lysozyme-like_Schistocerca_nitens                                         94.93%    failed      0.00%
 616  XP_047109048.1_lysozyme-like_Schistocerca_piceifrons                                     94.93%    failed      0.00%
 617  XP_049947236.1_lysozyme-like_Schistocerca_serialis_cubense                               94.93%    failed      0.00%
 618  XP_023724516.1_lysozyme_Cryptotermes_secundus                                            94.12%    passed     10.43%
 619  XP_021918552.1_lysozyme-like_Zootermopsis_nevadensis                                     95.03%    failed      1.72%
 620  XP_063243383.1_lysozyme-like_Bacillus_rossius_redtenbacheri                              94.93%    failed      1.12%
 621  XP_054267991.1_invertebrate-type_lysozyme_6-like_Macrosteles_quadrilineatus              94.27%    failed      0.80%
 622  XP_054269222.1_invertebrate-type_lysozyme_6-like_Macrosteles_quadrilineatus              94.27%    failed      4.23%
 623  XP_026480512.1_lysozyme-like_Ctenocephalides_felis                                       94.81%    failed      1.05%
 624  XP_046990304.1_invertebrate-type_lysozyme_2-like_Schistocerca_americana                  94.81%    passed      5.48%
 625  XP_049949603.1_invertebrate-type_lysozyme_2-like_Schistocerca_serialis_cubense           94.81%    failed      4.27%
 626  XP_047108614.1_invertebrate-type_lysozyme_2-like_Schistocerca_piceifrons                 94.81%    passed      5.89%
 627  XP_049850546.1_invertebrate-type_lysozyme_3-like_Schistocerca_gregaria                   94.84%    passed     18.98%
 628  XP_049799239.1_invertebrate-type_lysozyme_2-like_Schistocerca_nitens                     94.84%    passed     10.30%
 629  XP_067011504.2_lysozyme_Anabrus_simplex                                                  95.34%    passed      5.85%
 630  XP_022920100.2_lysozyme-like_Onthophagus_taurus                                          95.31%    failed      0.20%
 631  XP_039301533.1_lysozyme_2_Nilaparvata_lugens                                             94.87%    failed      3.68%
 632  XP_039275335.1_lysozyme_3-like_Nilaparvata_lugens                                        94.84%    failed      2.03%
 633  XP_039275329.1_lysozyme_3-like_Nilaparvata_lugens                                        94.84%    failed      1.56%
 634  XP_039275197.1_lysozyme_1-like_partial_Nilaparvata_lugens                                97.34%    passed     52.74%
 635  XP_039280379.1_invertebrate-type_lysozyme_3_Nilaparvata_lugens                           94.87%    failed      1.11%
 636  XP_044759552.1_lysozyme-like_Coccinella_septempunctata                                   92.90%    failed      0.02%
 637  XP_045475794.1_lysozyme-like_Harmonia_axyridis                                           93.15%    failed      0.20%
 638  XP_063904777.1_invertebrate-type_lysozyme_6-like_Zophobas_morio                          96.15%    passed     50.78%
 639  XP_059482021.1_invertebrate-type_lysozyme_3-like_Neocloeon_triangulifer                  94.24%    passed     22.32%
 640  XP_037051783.1_lysozyme_C-like_Bradysia_coprophila                                       92.27%    failed      2.17%
 641  XP_037051839.1_lysozyme_C-like_Bradysia_coprophila                                       92.27%    failed      0.72%
 642  XP_063706443.1_lysozyme_C_milk_isozyme-like_Culicoides_brevitarsis                       94.68%    passed      9.94%
 643  XP_021695199.1_putative_lysozyme-like_protein_Aedes_aegypti                              93.43%    failed      0.00%
 644  XP_030246004.1_putative_lysozyme-like_protein_partial_Drosophila_navojoa                 90.83%    failed      0.00%
 645  XP_008473820.1_putative_lysozyme-like_protein_Diaphorina_citri                           90.96%    failed      0.00%
 646  XP_034240554.1_putative_lysozyme-like_protein_Thrips_palmi                               92.52%    failed      0.00%
 647  XP_016923917.2_uncharacterized_protein_Drosophila_suzukii                                95.84%    failed      0.00%
 648  XP_058127075.1_putative_lysozyme-like_protein_Anopheles_coustani                         88.52%    failed      0.00%
 649  XP_058170575.1_putative_lysozyme-like_protein_Anopheles_ziemanni                         88.52%    failed      0.00%
 650  XP_055615335.1_putative_lysozyme-like_protein_Toxorhynchites_rutilus                     91.52%    failed      0.00%
 651  XP_050071042.1_putative_lysozyme-like_protein_Anopheles_maculipalpis                     92.96%    failed      0.00%
 652  XP_041982927.1_putative_lysozyme-like_protein_Aricia_agestis                             93.90%    failed      0.00%
 653  XP_031782212.1_putative_lysozyme-like_protein_Nasonia_vitripennis                        89.77%    failed      0.00%
 654  XP_015522428.1_putative_lysozyme-like_protein_Neodiprion_lecontei                        89.17%    failed      0.00%
 655  XP_046476286.1_putative_lysozyme-like_protein_Neodiprion_pinetum                         89.17%    failed      0.00%
 656  XP_046615841.1_putative_lysozyme-like_protein_Neodiprion_virginianus                     89.17%    failed      0.00%
 657  XP_043500789.1_putative_lysozyme-like_protein_Polistes_fuscatus                          89.17%    failed      0.00%
 658  XP_011638865.1_keratin_type_II_cytoskeletal_1_Pogonomyrmex_barbatus                      89.36%    failed      0.00%
 659  XP_011868223.1_keratin_type_II_cytoskeletal_1_Vollenhovia_emeryi                         89.17%    failed      0.00%
 660  XP_039302751.1_keratin_type_II_cytoskeletal_1_Solenopsis_invicta                         89.83%    failed      0.00%
 661  XP_031625518.1_putative_lysozyme-like_protein_Contarinia_nasturtii                       91.55%    failed      0.00%
 662  XP_049786136.1_putative_lysozyme-like_protein_Schistocerca_cancellata                    94.27%    failed      0.00%
 663  XP_050452203.1_putative_lysozyme-like_protein_Cataglyphis_hispanica                      94.77%    failed      0.00%
 664  XP_017493395.1_probable_GH_family_25_lysozyme_3_partial_Rhagoletis_zephyria              91.36%    failed      0.00%
 665  XP_017491120.1_putative_lysozyme-like_protein_partial_Rhagoletis_zephyria                95.59%    failed      0.00%
 666  XP_053964249.1_putative_lysozyme-like_protein_Anastrepha_ludens                          89.67%    failed      0.00%
 667  XP_054737879.1_putative_lysozyme-like_protein_Anastrepha_obliqua                         90.33%    failed      0.00%
 668  XP_016951693.2_probable_GH_family_25_lysozyme_3_Drosophila_biarmipes                     91.65%    failed      0.00%
 669  XP_054279360.1_putative_lysozyme-like_protein_Macrosteles_quadrilineatus                 95.40%    failed      0.00%
 670  XP_061388274.1_putative_lysozyme-like_protein_Musca_vetustissima                         88.24%    failed      0.00%
 671  XP_030380838.1_putative_lysozyme-like_protein_Scaptodrosophila_lebanonensis              89.58%    failed      0.00%
 672  XP_037954643.1_putative_lysozyme-like_protein_Teleopsis_dalmanni                         86.61%    failed      0.00%
 673  XP_069966346.1_putative_per-hexamer_repeat_protein_5_Bactrocera_oleae                    89.39%    failed      0.00%
 674  XP_055613148.1_putative_lysozyme-like_protein_partial_Uranotaenia_lowii                  93.77%    failed      0.00%
 675  XP_050091519.1_putative_lysozyme-like_protein_Anopheles_aquasalis                        93.49%    failed      0.00%
 676  XP_053660514.1_putative_lysozyme-like_protein_Anopheles_marshallii                       93.05%    failed      0.00%
 677  XP_014204101.1_spore_coat_protein_SP96-like_Copidosoma_floridanum                        88.14%    failed      0.00%
 678  XP_021694274.1_putative_lysozyme-like_protein_Aedes_aegypti                              91.27%    failed      0.00%
 679  XP_040157147.1_putative_lysozyme-like_protein_Anopheles_arabiensis                       87.39%    failed      0.00%
 680  XP_053667490.1_probable_GH_family_25_lysozyme_3_Anopheles_marshallii                     88.45%    failed      0.00%
 681  XP_038106835.1_putative_lysozyme-like_protein_Culex_quinquefasciatus                     95.56%    failed      0.00%
 682  XP_046865487.1_putative_lysozyme-like_protein_Drosophila_willistoni                      81.60%    failed      0.00%
 683  XP_047113421.1_putative_lysozyme-like_protein_Schistocerca_piceifrons                    84.23%    failed      0.00%
 684  XP_046979531.1_putative_lysozyme-like_protein_Schistocerca_americana                     85.67%    failed      0.00%
 685  XP_047097686.1_putative_lysozyme-like_protein_Schistocerca_piceifrons                    85.95%    failed      0.00%
 686  XP_055523203.1_putative_lysozyme-like_protein_Wyeomyia_smithii                           91.18%    failed      0.00%
 687  XP_054015848.1_probable_GH_family_25_lysozyme_3_Hylaeus_anthracinus                      95.12%    failed      0.00%
 688  XP_050072660.1_putative_lysozyme-like_protein_Anopheles_maculipalpis                     87.02%    failed      0.00%
 689  XP_017865164.1_putative_lysozyme-like_protein_Drosophila_arizonae                        95.24%    failed      0.00%
 690  XP_043866646.1_putative_lysozyme-like_protein_Drosophila_mojavensis                      95.21%    failed      0.00%
 691  XP_017494987.1_putative_lysozyme-like_protein_partial_Rhagoletis_zephyria                80.32%    failed      0.00%
 692  XP_001978252.1_putative_lysozyme-like_protein_Drosophila_erecta                          86.55%    failed      0.00%
 693  XP_052855382.1_putative_lysozyme-like_protein_Drosophila_gunungcola                      86.48%    failed      0.00%
 694  XP_044763113.1_probable_GH_family_25_lysozyme_3_Coccinella_septempunctata                85.67%    failed      0.00%
 695  XP_036342605.1_putative_lysozyme-like_protein_partial_Rhagoletis_pomonella               87.73%    failed      0.00%
 696  XP_036342628.1_putative_lysozyme-like_protein_partial_Rhagoletis_pomonella               87.73%    failed      0.00%
 697  XP_055590785.1_lysozyme_D-like_Uranotaenia_lowii                                         95.90%    failed      0.00%
 698  XP_061391822.1_putative_lysozyme-like_protein_Musca_vetustissima                         88.99%    failed      0.00%
 699  XP_046981437.1_putative_lysozyme-like_protein_Schistocerca_americana                     94.49%    failed      0.00%
 700  XP_034107569.1_probable_serine/threonine-protein_kinase_Drosophila_albomicans            83.01%    failed      0.00%
 701  XP_058445182.1_putative_lysozyme-like_protein_Malaya_genurostris                         77.82%    failed      0.00%
 702  XP_070141414.1_autotransporter_adhesin_BpaC_Drosophila_kikkawai                          84.98%    failed      0.00%
 703  XP_052124713.1_probable_GH_family_25_lysozyme_3_Frankliniella_occidentalis               87.73%    failed      0.00%
 704  XP_053664050.1_putative_lysozyme-like_protein_Anopheles_marshallii                       91.36%    failed      0.00%
 705  XP_026684076.1_putative_lysozyme-like_protein_Diaphorina_citri                           86.33%    failed      0.00%
 706  XP_057331750.1_putative_lysozyme-like_protein_Microplitis_mediator                       95.71%    failed      0.00%
 707  XP_026828985.1_putative_lysozyme-like_protein_Ooceraea_biroi                             87.20%    failed      0.00%
 708  XP_047023183.1_lysozyme_D-like_Helicoverpa_zea                                           96.75%    failed      0.00%
 709  XP_030751478.1_putative_lysozyme-like_protein_Sitophilus_oryzae                          93.09%    failed      0.00%
 710  XP_976143.2_putative_lysozyme-like_protein_Tribolium_castaneum                           92.96%    failed      0.00%
 711  XP_046869197.1_probable_GH_family_25_lysozyme_3_Drosophila_willistoni                    93.49%    failed      0.00%
 712  XP_058120776.1_putative_lysozyme-like_protein_Anopheles_coustani                         90.71%    failed      0.00%
 713  XP_058169820.1_putative_lysozyme-like_protein_Anopheles_ziemanni                         91.36%    failed      0.00%
 714  XP_053667156.1_putative_lysozyme-like_protein_Anopheles_marshallii                       88.17%    failed      0.00%
 715  XP_053672081.1_putative_lysozyme-like_protein_Anopheles_nili                             87.92%    failed      0.00%
 716  XP_035781745.1_putative_lysozyme-like_protein_partial_Anopheles_albimanus                92.12%    failed      0.00%
 717  XP_021712541.1_putative_lysozyme-like_protein_Aedes_aegypti                              91.43%    failed      0.00%
 718  XP_054734684.1_putative_lysozyme-like_protein_Anastrepha_obliqua                         85.98%    failed      0.00%
 719  XP_054085022.1_putative_lysozyme-like_protein_Zeugodacus_cucurbitae                      85.29%    failed      0.00%
 720  XP_022215147.1_putative_lysozyme-like_protein_Drosophila_obscura                         96.34%    failed      0.00%
 721  XP_062557523.1_probable_GH_family_25_lysozyme_3_Armigeres_subalbatus                     90.30%    failed      0.00%
 722  XP_046998751.1_putative_lysozyme-like_protein_Schistocerca_americana                     93.18%    failed      0.00%
 723  XP_049812530.1_putative_lysozyme-like_protein_Schistocerca_nitens                        93.18%    failed      0.00%
 724  XP_054734548.1_putative_lysozyme-like_protein_Anastrepha_obliqua                         90.02%    failed      0.00%
 725  XP_049833311.1_putative_lysozyme-like_protein_Schistocerca_gregaria                      91.24%    failed      0.00%
 726  XP_052863760.1_putative_lysozyme-like_protein_Anopheles_cruzii                           89.80%    failed      0.00%
 727  XP_012540137.2_putative_lysozyme-like_protein_Monomorium_pharaonis                       84.23%    failed      0.00%
 728  XP_030378877.1_putative_lysozyme-like_protein_partial_Scaptodrosophila_lebanonensis      92.93%    failed      0.00%
 729  XP_058063310.1_putative_lysozyme-like_protein_Anopheles_bellator                         83.48%    failed      0.00%
 730  XP_052863455.1_putative_lysozyme-like_protein_Anopheles_cruzii                           82.23%    failed      0.00%
 731  XP_049543262.1_putative_lysozyme-like_protein_Anopheles_darlingi                         89.96%    failed      0.00%
 732  XP_037954376.1_putative_lysozyme-like_protein_Teleopsis_dalmanni                         93.21%    failed      0.00%
 733  XP_058178322.1_putative_lysozyme-like_protein_Anopheles_ziemanni                         94.15%    failed      0.00%
 734  XP_049823641.1_putative_lysozyme-like_protein_Aethina_tumida                             91.49%    failed      0.00%
 735  XP_060529169.1_putative_lysozyme-like_protein_Cylas_formicarius                          91.43%    failed      0.00%
 736  XP_019756690.1_putative_lysozyme-like_protein_Dendroctonus_ponderosae                    91.71%    failed      0.00%
 737  XP_028128261.1_putative_lysozyme-like_protein_Diabrotica_virgifera_virgifera             91.55%    failed      0.00%
 738  XP_030768097.1_putative_lysozyme-like_protein_Sitophilus_oryzae                          90.93%    failed      0.00%
 739  XP_017116992.1_probable_GH_family_25_lysozyme_3_Drosophila_elegans                       89.64%    failed      0.00%
 740  XP_039481339.1_probable_GH_family_25_lysozyme_3_Drosophila_santomea                      89.89%    failed      0.00%
 741  XP_043644411.1_probable_GH_family_25_lysozyme_3_Drosophila_teissieri                     90.02%    failed      0.00%
 742  XP_014601542.1_putative_lysozyme-like_protein_Polistes_canadensis                        91.02%    failed      0.00%
 743  XP_017463514.1_putative_lysozyme-like_protein_partial_Rhagoletis_zephyria                91.43%    failed      0.00%
 744  XP_011880393.1_putative_lysozyme-like_protein_Vollenhovia_emeryi                         88.74%    failed      0.00%
 745  XP_049772101.1_putative_lysozyme-like_protein_partial_Schistocerca_cancellata            94.90%    failed      0.00%
 746  XP_062534619.1_putative_lysozyme-like_protein_Armigeres_subalbatus                       92.96%    failed      0.00%
 747  XP_063240529.1_putative_lysozyme-like_protein_Bacillus_rossius_redtenbacheri             92.93%    failed      0.00%
 748  XP_046994126.1_putative_lysozyme-like_protein_Schistocerca_americana                     91.43%    failed      0.00%
 749  XP_049957978.1_putative_lysozyme-like_protein_Schistocerca_serialis_cubense              91.43%    failed      0.00%
 750  XP_049860827.1_putative_lysozyme-like_protein_Schistocerca_gregaria                      91.43%    failed      0.00%
 751  XP_047112010.1_putative_lysozyme-like_protein_Schistocerca_piceifrons                    92.08%    failed      0.00%
 752  XP_039301664.1_putative_lysozyme-like_protein_Solenopsis_invicta                         88.86%    failed      0.00%
 753  XP_049777268.1_putative_lysozyme-like_protein_Schistocerca_cancellata                    88.30%    failed      0.00%
 754  XP_047112221.1_putative_lysozyme-like_protein_Schistocerca_piceifrons                    88.05%    failed      0.00%
 755  XP_030767237.1_putative_lysozyme-like_protein_Sitophilus_oryzae                          88.02%    failed      0.00%
 756  XP_011692453.1_putative_lysozyme-like_protein_Wasmannia_auropunctata                     92.55%    failed      0.00%
 757  XP_037717674.1_putative_lysozyme-like_protein_Drosophila_subpulchrella                   84.57%    failed      0.00%
 758  XP_034942337.1_probable_GH_family_25_lysozyme_3_Chelonus_insularis                       86.83%    failed      0.00%
 759  XP_022188949.2_putative_lysozyme-like_protein_Nilaparvata_lugens                         95.46%    failed      0.00%
 760  XP_054736410.1_putative_lysozyme-like_protein_Anastrepha_obliqua                         87.23%    failed      0.00%
 761  XP_035781549.1_putative_lysozyme-like_protein_Anopheles_albimanus                        90.46%    failed      0.00%
 762  XP_052868089.1_putative_lysozyme-like_protein_Anopheles_cruzii                           90.80%    failed      0.00%
 763  XP_058116678.1_putative_lysozyme-like_protein_Anopheles_coustani                         90.27%    failed      0.00%
 764  XP_050070670.1_putative_lysozyme-like_protein_Anopheles_maculipalpis                     90.71%    failed      0.00%
 765  XP_061402611.1_putative_lysozyme-like_protein_Musca_vetustissima                         96.59%    failed      0.00%
 766  XP_066596238.1_probable_GH_family_25_lysozyme_3_Prorops_nasuta                           94.84%    failed      0.00%
 767  XP_065335973.1_peroxisomal_membrane_protein_PEX13-like_Cloeon_dipterum                   95.56%    failed      0.00%
 768  Calliphora_vicina_lysozyme_1-like_XM_065499793.1                                         95.59%    passed      8.17%
 769  Calliphora_vicina_lysozyme_1-like_XM_065499876.1                                         95.59%    passed      8.17%
 770  Calliphora_vicina_lysozyme_1-like_XM_065499877.1                                         95.59%    passed      8.17%
 771  Calliphora_vomitoria_LysC11                                                              95.59%    passed      8.17%
 772  Calliphora_vomitoria_LysC12                                                              95.59%    passed      8.17%
 773  Calliphora_vomitoria_LysC15                                                              95.59%    passed      8.17%
 774  Calliphora_vicina_lysozyme_1-like_XM_065500492.1                                         95.59%    passed      5.27%
 775  Calliphora_vicina_lysozyme_1-like_XM_065500526.1                                         95.59%    passed     11.67%
 776  Calliphora_vomitoria_LysC13                                                              95.59%    passed     13.01%
 777  Calliphora_vomitoria_LysC16                                                              95.59%    passed      9.74%
 778  Calliphora_vicina_lysozyme_1-like_XM_065500692.1                                         95.59%    passed     11.70%
 779  Calliphora_vicina_lysozyme_1-like_XM_065500622.1                                         95.59%    passed      9.39%
 780  Calliphora_vicina_lysozyme_1-like_XM_065500698.1                                         95.59%    passed     11.78%
 781  Calliphora_vomitoria_LysC14                                                              95.59%    passed      6.60%
 782  Phormia_regina_LysC4                                                                     95.59%    failed      3.88%
 783  Cochliomyia_hominivoraxUS_LysC6                                                          95.59%    passed      6.36%
 784  Protophormia_terraenovae_LysC20                                                          95.59%    passed      8.99%
 785  Lucilia_sericata_lysozyme_1-like_XM_037963752.1                                          95.59%    passed     12.45%
 786  Lucilia_sericata_lysozyme_1-like_XM_037963759.1                                          95.59%    passed      8.72%
 787  Lucilia_sericata_lysozyme_1-like_XM_037963757.1                                          95.59%    passed      8.72%
 788  Lucilia_sericata_lysozyme_1-like_XM_037963756.1                                          95.59%    passed      9.95%
 789  Lucilia_sericata_lysozyme_1-like_XM_037963760.1                                          95.59%    passed      6.75%
 790  Lucilia_cuprina_lysozyme_1-like_XM_023448798.2                                           95.59%    passed      5.80%
 791  Lucilia_sericata_lysozyme_1-like_XM_037963755.1                                          95.59%    passed      7.74%
 792  Lucilia_cuprina_lysozyme_1-like_XM_023448796.2                                           95.59%    passed      6.97%
 793  Lucilia_cuprina_lysozyme_1-like_XM_023448799.2                                           95.59%    passed      9.00%
 794  Lucilia_sericata_lysozyme_1-like_XM_037963758.1                                          95.59%    failed      4.30%
 795  Lucilia_cuprina_lysozyme_1-like_XM_023448797.2                                           95.59%    passed      7.75%
 796  Chrysomya_megacephala_LysC3                                                              95.59%    failed      3.90%
 797  Chrysomya_megacephala_LysC4                                                              95.59%    failed      3.57%
 798  Chrysomya_megacephala_LysC5                                                              95.59%    passed     17.37%
 799  Phyto_melanocephala_LysC4                                                                95.59%    passed      6.23%
 800  Protophormia_terraenovae_LysC19                                                          95.59%    passed     83.10%
 801  Phormia_regina_LysC5                                                                     95.46%    passed     81.11%
 802  Cochliomyia_hominivoraxUS_LysC3                                                          95.59%    passed     90.45%
 803  Calliphora_vicina_lysozyme_1-like_XM_065511310.1                                         95.59%    passed     56.26%
 804  Calliphora_vomitoria_LysC7                                                               95.59%    passed     41.42%
 805  Calliphora_vomitoria_LysC6                                                               95.59%    passed     47.03%
 806  Calliphora_vomitoria_LysC8                                                               95.59%    passed     59.56%
 807  Musca_domestica_lysozyme_1_XM_059127590.1                                                95.59%    passed     59.10%
 808  Musca_domestica_lysozyme_1_XM_059127601.1                                                95.59%    passed     59.10%
 809  Musca_domestica_lysozyme_1_XM_020037574.2                                                95.59%    passed     59.10%
 810  Musca_domestica_lysozyme_1_XM_005185770.4                                                95.59%    passed     59.10%
 811  Musca_domestica_lysozyme_1_XM_059127595.1                                                95.59%    passed     59.10%
 812  Musca_domestica_lysozyme_1_NM_001308972.2                                                95.59%    passed     59.10%
 813  Musca_domestica_lysozyme_1-like_XM_020037581.2                                           95.59%    passed     59.10%
 814  Musca_domestica_lysozyme_1_XM_059127597.1                                                95.59%    passed     59.10%
 815  Musca_domestica_lysozyme_1-like_XM_005185778.4                                           95.59%    passed     59.10%
 816  Musca_domestica_lysozyme_1-like_XM_059127598.1                                           95.59%    passed     59.10%
 817  Musca_domestica_lysozyme_1_XM_059127599.1                                                95.59%    passed     59.10%
 818  XP_058983581.1_lysozyme_1-like_Musca_domestica                                           95.59%    passed     59.10%
 819  Musca_domestica_lysozyme_1-like_XM_059127594.1                                           95.59%    passed     58.23%
 820  Musca_domestica_lysozyme_1-like_XM_059127596.1                                           95.59%    passed     65.92%
 821  Musca_domestica_lysozyme_1-like_XM_020037580.2                                           95.59%    passed     69.65%
 822  Musca_domestica_lysozyme_1-like_XM_059127603.1                                           95.59%    passed     42.50%
 823  Musca_domestica_lysozyme_1-like_XM_059127591.1                                           95.59%    passed     42.50%
 824  Musca_domestica_lysozyme_1-like_XM_059127602.1                                           95.59%    passed     42.50%
 825  Musca_domestica_lysozyme_1-like_XM_059127592.1                                           95.59%    passed     42.50%
 826  XP_061393098.1_lysozyme_1_Musca_vetustissima                                             95.59%    passed     43.62%
 827  XP_061393099.1_lysozyme_1_Musca_vetustissima                                             95.59%    passed     43.62%
 828  XP_061393105.1_lysozyme_1-like_Musca_vetustissima                                        95.59%    passed     65.27%
 829  XP_061393134.1_lysozyme_1-like_Musca_vetustissima                                        95.59%    passed     58.74%
 830  Musca_domestica_lysozyme_1-like_XM_005185779.4                                           95.59%    passed     59.17%
 831  XP_061393102.1_lysozyme_1-like_Musca_vetustissima                                        95.59%    passed     65.22%
 832  XP_061393100.1_lysozyme_1-like_Musca_vetustissima                                        95.59%    passed     65.22%
 833  XP_061393101.1_lysozyme_1-like_Musca_vetustissima                                        95.59%    passed     65.22%
 834  XP_061393136.1_lysozyme_1-like_Musca_vetustissima                                        95.59%    passed     65.22%
 835  XP_061393103.1_lysozyme_1-like_Musca_vetustissima                                        95.59%    passed     56.54%
 836  XP_061393135.1_lysozyme_1-like_Musca_vetustissima                                        95.59%    passed     58.46%
 837  Protophormia_terraenovae_LysC10                                                          95.59%    passed     73.95%
 838  Protophormia_terraenovae_LysC11                                                          95.59%    passed     79.23%
 839  Phormia_regina_LysC8                                                                     95.59%    passed     72.33%
 840  Protophormia_terraenovae_LysC12                                                          95.59%    passed     37.67%
 841  Protophormia_terraenovae_LysC13                                                          95.59%    passed     45.82%
 842  Protophormia_terraenovae_LysC15                                                          95.59%    passed     49.61%
 843  Phormia_regina_LysC11                                                                    95.59%    passed     46.23%
 844  Chrysomya_rufifacies_LysC4                                                               95.59%    passed     45.35%
 845  Chrysomya_rufifacies_LysC6                                                               95.59%    passed     47.32%
 846  Cochliomyia_hominivoraxUS_LysC1                                                          95.59%    passed     84.54%
 847  Stomoxys_calcitrans_lysozyme_1_XM_059368529.1                                            95.59%    passed     62.18%
 848  Stomoxys_calcitrans_lysozyme_1_XM_059368530.1                                            95.59%    passed     62.18%
 849  Stomoxys_calcitrans_lysozyme_1_XM_059368531.1                                            95.59%    passed     62.18%
 850  Stomoxys_calcitrans_lysozyme_1_XM_013259399.2                                            95.59%    passed     62.18%
 851  Stomoxys_calcitrans_lysozyme_1_XM_059368532.1                                            95.59%    passed     62.18%
 852  Stomoxys_calcitrans_lysozyme_1_XM_013259396.2                                            95.59%    passed     58.35%
 853  Bellardia_bayeri_LysC4                                                                   95.59%    passed     36.25%
 854  Stomorhina_lunata_LysC6                                                                  95.59%    passed     44.50%
 855  Stomorhina_lunata_LysC7                                                                  95.59%    passed     47.26%
 856  XP_037950680.1_inactive_lysozyme_1A-like_Teleopsis_dalmanni                              95.59%    passed     58.48%
 857  XP_037952695.1_inactive_lysozyme_1A-like_Teleopsis_dalmanni                              95.59%    passed     58.48%
 858  XP_037951569.1_inactive_lysozyme_1A-like_Teleopsis_dalmanni                              95.59%    passed     73.15%
 859  XP_037952696.1_inactive_lysozyme_1A-like_Teleopsis_dalmanni                              95.59%    passed     73.15%
 860  XP_037952693.1_lysozyme_1_Teleopsis_dalmanni                                             95.59%    passed     56.80%
 861  Protophormia_terraenovae_LysC14                                                          95.59%    passed     26.66%
 862  Lucilia_cuprina_lysozyme_1-like_ChrmX_XM_046955367.1                                     96.71%    passed     21.19%
 863  Protophormia_terraenovae_LysC9                                                           95.56%    passed     46.17%
 864  Phormia_regina_LysC9                                                                     95.56%    passed     51.30%
 865  Protocalliphora_azurea_LysC2                                                             95.53%    passed     80.99%
 866  Chrysomya_megacephala_LysC1                                                              95.62%    passed     35.76%
 867  Chrysomya_megacephala_LysC7                                                              95.62%    passed     35.76%
 868  Chrysomya_megacephala_LysC8                                                              95.62%    passed     35.76%
 869  Chrysomya_megacephala_LysC16                                                             95.62%    passed     35.76%
 870  Chrysomya_megacephala_LysC17                                                             95.62%    passed     35.76%
 871  Cochliomyia_hominivoraxUS_LysC5                                                          95.59%    passed     37.90%
 872  Phyto_melanocephala_LysC3                                                                95.59%    passed     14.59%
 873  XP_053966453.1_lysozyme_1-like_Anastrepha_ludens                                         94.31%    passed     10.93%
 874  XP_054741317.1_lysozyme_1-like_Anastrepha_obliqua                                        95.59%    passed     52.20%
 875  XP_014102231.1_lysozyme_1_Bactrocera_oleae                                               95.59%    passed     48.48%
 876  XP_011206450.2_lysozyme_E-like_Bactrocera_dorsalis                                       95.59%    passed     13.10%
 877  XP_018784510.1_lysozyme_1-like_Bactrocera_latifrons                                      95.59%    passed     70.58%
 878  XP_050323066.1_lysozyme_1_Bactrocera_neohumeralis                                        95.59%    passed     23.51%
 879  XP_039957069.1_lysozyme_E-like_Bactrocera_tryoni                                         95.59%    passed     23.02%
 880  XP_011206449.2_lysozyme_1_Bactrocera_dorsalis                                            95.59%    passed     63.52%
 881  XP_050323073.1_lysozyme_1-like_Bactrocera_neohumeralis                                   95.59%    passed     35.96%
 882  XP_039957072.1_lysozyme_1-like_Bactrocera_tryoni                                         95.59%    passed     35.96%
 883  XP_036334584.1_lysozyme_1_Rhagoletis_pomonella                                           95.59%    passed     26.25%
 884  XP_034103459.1_lysozyme_D_Drosophila_albomicans                                          95.62%    passed     64.45%
 885  XP_051860878.1_lysozyme_D_Drosophila_albomicans                                          95.62%    passed     64.45%
 886  XP_034103463.1_lysozyme_D_Drosophila_albomicans                                          95.62%    passed     64.45%
 887  XP_060660915.1_lysozyme_D_Drosophila_nasuta                                              95.62%    passed     64.45%
 888  XP_062130800.1_lysozyme_D_Drosophila_sulfurigaster_albostrigata                          95.62%    passed     64.45%
 889  XP_060660914.1_lysozyme_D-like_Drosophila_nasuta                                         95.62%    passed     66.81%
 890  XP_060660917.1_lysozyme_D-like_Drosophila_nasuta                                         95.62%    passed     67.79%
 891  XP_062130797.1_lysozyme_D-like_Drosophila_sulfurigaster_albostrigata                     95.62%    passed     67.79%
 892  XP_062130799.1_lysozyme_D-like_Drosophila_sulfurigaster_albostrigata                     95.62%    passed     67.79%
 893  XP_034103462.1_lysozyme_E-like_Drosophila_albomicans                                     95.62%    passed     66.61%
 894  XP_060658458.1_lysozyme_E-like_Drosophila_nasuta                                         95.62%    passed     66.61%
 895  XP_062130801.1_lysozyme_E-like_Drosophila_sulfurigaster_albostrigata                     95.62%    passed     66.61%
 896  XP_017860579.1_lysozyme_A/C-like_Drosophila_arizonae                                     95.18%    passed     32.29%
 897  XP_001983608.1_lysozyme_A/C_Drosophila_grimshawi                                         95.62%    passed     71.25%
 898  XP_001983607.1_lysozyme_A/C_Drosophila_grimshawi                                         95.62%    passed     71.25%
 899  XP_023167108.1_lysozyme_A/C-like_Drosophila_hydei                                        95.62%    passed     58.36%
 900  XP_030079514.1_lysozyme_A/C-like_Drosophila_hydei                                        95.62%    passed     58.36%
 901  XP_023169112.1_lysozyme_A/C-like_Drosophila_hydei                                        95.62%    passed     62.31%
 902  XP_030079472.1_lysozyme_A/C-like_Drosophila_hydei                                        95.62%    passed     62.31%
 903  XP_002046428.1_lysozyme_A/C_Drosophila_virilis                                           95.62%    passed     66.88%
 904  XP_030560723.1_lysozyme_A/C-like_Drosophila_novamexicana                                 95.62%    passed     63.39%
 905  XP_001983604.1_lysozyme_A/C_Drosophila_grimshawi                                         95.62%    passed     66.17%
 906  XP_001983609.1_lysozyme_A/C_Drosophila_grimshawi                                         95.62%    passed     66.17%
 907  XP_002012059.1_lysozyme_A/C_Drosophila_mojavensis                                        95.62%    passed     22.14%
 908  XP_002012065.1_lysozyme_A/C_Drosophila_mojavensis                                        95.62%    passed     76.40%
 909  XP_002012064.1_lysozyme_A/C_Drosophila_mojavensis                                        95.62%    passed     76.40%
 910  XP_017863134.1_lysozyme_D-like_Drosophila_arizonae                                       95.62%    passed     32.23%
 911  XP_017863135.1_lysozyme_D-like_Drosophila_arizonae                                       95.62%    passed     30.91%
 912  XP_002012058.1_lysozyme_D_Drosophila_mojavensis                                          95.62%    passed     28.74%
 913  XP_002012057.1_lysozyme_D_Drosophila_mojavensis                                          95.62%    passed     28.74%
 914  XP_002012060.1_lysozyme_D_Drosophila_mojavensis                                          95.62%    passed     27.94%
 915  XP_030241752.1_lysozyme_D-like_Drosophila_navojoa                                        95.62%    passed     60.57%
 916  XP_030241750.1_lysozyme_D-like_Drosophila_navojoa                                        95.62%    passed     60.57%
 917  XP_030241751.1_lysozyme_D_Drosophila_navojoa                                             95.62%    passed     39.67%
 918  XP_030241748.1_lysozyme_D_Drosophila_navojoa                                             95.62%    passed     48.44%
 919  XP_017956439.2_lysozyme_D_Drosophila_navojoa                                             95.62%    passed     57.35%
 920  XP_030241749.1_lysozyme_D-like_Drosophila_navojoa                                        95.62%    passed     57.35%
 921  XP_023167110.1_lysozyme_D_Drosophila_hydei                                               95.62%    passed     40.83%
 922  XP_023167109.2_lysozyme_D_Drosophila_hydei                                               95.62%    passed     40.83%
 923  XP_030079481.1_lysozyme_D_Drosophila_hydei                                               95.62%    passed     40.83%
 924  XP_030079480.1_lysozyme_D_Drosophila_hydei                                               95.62%    passed     35.88%
 925  XP_030079515.1_lysozyme_D_Drosophila_hydei                                               95.62%    passed     35.88%
 926  XP_017863136.1_lysozyme_D_Drosophila_arizonae                                            95.62%    passed     55.75%
 927  XP_017841291.1_lysozyme_B_Drosophila_busckii                                             95.62%    passed     79.07%
 928  XP_033149700.1_lysozyme_A/C-like_Drosophila_busckii                                      95.62%    passed     43.82%
 929  XP_017842468.2_lysozyme_A/C-like_Drosophila_busckii                                      95.62%    passed     39.39%
 930  XP_064541586.1_lysozyme_B-like_Drosophila_montana                                        95.59%    passed     67.31%
 931  XP_064541590.1_lysozyme_A/C_Drosophila_montana                                           95.62%    passed     87.36%
 932  XP_030560721.1_lysozyme_A/C_Drosophila_novamexicana                                      95.62%    passed     87.36%
 933  XP_030560724.1_lysozyme_A/C-like_Drosophila_novamexicana                                 95.62%    passed     83.70%
 934  XP_032289312.2_lysozyme_A/C_Drosophila_virilis                                           95.62%    passed     83.70%
 935  XP_002046433.1_lysozyme_A/C_Drosophila_virilis                                           95.62%    passed     83.70%
 936  XP_002046431.1_lysozyme_A/C_Drosophila_virilis                                           95.62%    passed     83.70%
 937  XP_030560719.1_lysozyme_A/C-like_Drosophila_novamexicana                                 95.62%    passed     83.70%
 938  XP_032291322.1_lysozyme_A/C_Drosophila_virilis                                           95.62%    passed     63.72%
 939  XP_064541636.1_lysozyme_B-like_Drosophila_montana                                        95.62%    passed     85.62%
 940  XP_034482082.1_lysozyme_B_Drosophila_innubila                                            95.62%    passed     40.59%
 941  XP_034482085.1_lysozyme_B_Drosophila_innubila                                            95.62%    passed     40.59%
 942  XP_034482086.1_lysozyme_B_Drosophila_innubila                                            95.62%    passed     40.59%
 943  XP_032309533.1_lysozyme_B-like_Drosophila_ananassae                                      95.62%    passed     46.50%
 944  XP_001956719.1_lysozyme_B_Drosophila_ananassae                                           95.62%    passed     46.50%
 945  XP_017103992.1_lysozyme_B_Drosophila_bipectinata                                         95.62%    passed     55.58%
 946  XP_002034873.2_lysozyme_B_Drosophila_sechellia                                           95.62%    passed     55.58%
 947  XP_002083181.2_lysozyme_B_Drosophila_simulans                                            95.62%    passed     55.58%
 948  XP_001956720.1_lysozyme_B_Drosophila_ananassae                                           95.62%    passed     54.61%
 949  P83972.1_RecName__Full_Lysozyme_D                                                        95.62%    passed     65.42%
 950  XP_017127140.1_lysozyme_A/C_Drosophila_elegans                                           95.62%    passed     85.58%
 951  XP_017127139.1_lysozyme_A/C-like_Drosophila_elegans                                      95.62%    passed     77.91%
 952  XP_052847744.1_lysozyme_A/C_Drosophila_gunungcola                                        95.62%    passed     83.83%
 953  XP_001971094.1_lysozyme_A/C_Drosophila_erecta                                            95.62%    passed     81.13%
 954  XP_026833569.1_lysozyme_A/C_Drosophila_erecta                                            95.62%    passed     81.13%
 955  XP_001982999.1_lysozyme_A/C_Drosophila_erecta                                            95.62%    passed     81.13%
 956  XP_001982998.1_lysozyme_A/C_Drosophila_erecta                                            95.62%    passed     81.13%
 957  XP_033157261.1_lysozyme_A/C-like_Drosophila_mauritiana                                   95.62%    passed     84.89%
 958  XP_002034869.1_lysozyme_A/C_Drosophila_sechellia                                         95.62%    passed     84.89%
 959  XP_033157263.1_lysozyme_A/C_Drosophila_mauritiana                                        95.62%    passed     76.25%
 960  XP_033157264.1_lysozyme_A/C_Drosophila_mauritiana                                        95.62%    passed     76.25%
 961  XP_002034870.1_lysozyme_A/C_Drosophila_sechellia                                         95.62%    passed     76.25%
 962  XP_039149016.1_lysozyme_A/C_Drosophila_simulans                                          95.62%    passed     76.25%
 963  XP_016029777.2_lysozyme_A/C_Drosophila_simulans                                          95.62%    passed     76.25%
 964  XP_002093082.1_lysozyme_A/C_Drosophila_yakuba                                            95.62%    passed     75.58%
 965  XP_002093081.1_lysozyme_A/C_Drosophila_yakuba                                            95.62%    passed     75.58%
 966  XP_016993207.2_lysozyme_A/C_Drosophila_takahashii                                        95.62%    passed     79.88%
 967  XP_017063459.1_lysozyme_A/C_Drosophila_eugracilis                                        95.62%    passed     77.48%
 968  XP_002093080.1_lysozyme_A/C_Drosophila_yakuba                                            95.62%    passed     86.98%
 969  XP_039488298.1_lysozyme_A/C-like_Drosophila_santomea                                     95.62%    passed     85.32%
 970  XP_002093083.1_lysozyme_A/C_Drosophila_yakuba                                            95.62%    passed     85.32%
 971  XP_043650681.1_lysozyme_A/C_Drosophila_teissieri                                         95.62%    passed     73.94%
 972  XP_043650680.1_lysozyme_A/C-like_Drosophila_teissieri                                    95.62%    passed     69.89%
 973  XP_043650683.1_lysozyme_A/C-like_Drosophila_teissieri                                    95.62%    passed     69.89%
 974  XP_039488295.1_lysozyme_A/C-like_Drosophila_santomea                                     95.62%    passed     82.11%
 975  XP_017063458.1_lysozyme_A/C-like_Drosophila_eugracilis                                   95.62%    passed     70.85%
 976  XP_039488289.1_lysozyme_A/C-like_Drosophila_santomea                                     95.62%    passed     82.24%
 977  XP_016993203.3_lysozyme_A/C_Drosophila_takahashii                                        95.62%    passed     75.27%
 978  XP_016954853.2_lysozyme_A/C-like_partial_Drosophila_biarmipes                            94.81%    passed     56.21%
 979  XP_016956899.1_lysozyme_A/C_Drosophila_biarmipes                                         95.62%    passed     58.92%
 980  XP_016956922.1_lysozyme_A/C-like_Drosophila_biarmipes                                    95.62%    passed     57.86%
 981  XP_037722984.1_lysozyme_A/C_Drosophila_subpulchrella                                     95.62%    passed     59.21%
 982  XP_016934099.1_lysozyme_A/C_Drosophila_suzukii                                           95.62%    passed     59.21%
 983  XP_036670261.1_lysozyme_A/C_Drosophila_suzukii                                           95.62%    passed     59.21%
 984  XP_037722986.1_lysozyme_A/C-like_Drosophila_subpulchrella                                95.62%    passed     43.93%
 985  XP_016934100.2_lysozyme_A/C_Drosophila_suzukii                                           95.62%    passed     58.50%
 986  XP_033157265.1_lysozyme_B_Drosophila_mauritiana                                          95.62%    passed     82.20%
 987  XP_016969740.2_lysozyme_A/C_Drosophila_rhopaloa                                          95.62%    passed     58.86%
 988  XP_044313922.1_lysozyme_A/C-like_Drosophila_rhopaloa                                     95.62%    passed     50.32%
 989  XP_016984106.1_lysozyme_A/C-like_Drosophila_rhopaloa                                     95.62%    passed     50.32%
 990  XP_016984111.1_lysozyme_A/C-like_Drosophila_rhopaloa                                     95.62%    passed     50.32%
 991  P37159.2_RecName__Full_Lysozyme_E                                                        95.62%    passed     50.62%
 992  XP_017063462.1_lysozyme_B_Drosophila_eugracilis                                          95.62%    passed     62.36%
 993  XP_016993208.2_lysozyme_E_Drosophila_takahashii                                          95.62%    passed     69.26%
 994  XP_044250346.1_lysozyme_D-like_Drosophila_takahashii                                     95.62%    passed     60.12%
 995  XP_017059594.1_lysozyme_B-like_Drosophila_ficusphila                                     95.62%    passed     56.92%
 996  XP_017059593.1_lysozyme_B-like_Drosophila_ficusphila                                     95.62%    passed     66.63%
 997  XP_017017725.2_lysozyme_B-like_Drosophila_kikkawai                                       95.62%    passed     65.35%
 998  XP_041632269.1_lysozyme_B-like_Drosophila_kikkawai                                       95.62%    passed     65.35%
 999  XP_017017767.1_lysozyme_B-like_Drosophila_kikkawai                                       95.62%    passed     66.35%
1000  XP_020801524.1_lysozyme_B-like_Drosophila_serrata                                        95.62%    passed     57.56%
1001  XP_020801523.1_lysozyme_B-like_Drosophila_serrata                                        95.62%    passed     78.24%
1002  XP_017017771.1_lysozyme_B_Drosophila_kikkawai                                            95.62%    passed     44.75%
1003  XP_020801521.1_lysozyme_D_Drosophila_serrata                                             95.62%    passed     57.46%
1004  XP_020801518.1_lysozyme_B-like_Drosophila_serrata                                        95.62%    passed     42.56%
1005  XP_020801519.1_lysozyme_B-like_Drosophila_serrata                                        95.62%    passed     55.83%
1006  XP_041632270.1_lysozyme_D-like_Drosophila_kikkawai                                       95.62%    passed     45.06%
1007  XP_041632265.2_lysozyme_B-like_Drosophila_kikkawai                                       95.62%    passed     46.73%
1008  XP_017103996.2_lysozyme_D-like_Drosophila_bipectinata                                    95.62%    passed     56.19%
1009  XP_032309534.1_lysozyme_E-like_Drosophila_ananassae                                      95.62%    passed     33.18%
1010  XP_017103990.2_lysozyme_E-like_Drosophila_bipectinata                                    95.62%    passed     46.94%
1011  XP_017103994.2_lysozyme_E-like_Drosophila_bipectinata                                    95.62%    passed     38.52%
1012  XP_001956722.1_lysozyme_E_Drosophila_ananassae                                           95.62%    passed     39.95%
1013  XP_034133758.1_lysozyme_D-like_Drosophila_guanche                                        95.62%    passed     77.16%
1014  XP_034133766.1_lysozyme_D_Drosophila_guanche                                             95.62%    passed     67.27%
1015  XP_034133765.1_lysozyme_D-like_Drosophila_guanche                                        95.62%    passed     63.32%
1016  XP_034133767.1_lysozyme_D-like_Drosophila_guanche                                        95.62%    passed     68.08%
1017  XP_034133763.1_lysozyme_D-like_Drosophila_guanche                                        95.59%    passed     66.38%
1018  XP_017137331.1_lysozyme_D-like_Drosophila_miranda                                        95.62%    passed     72.69%
1019  XP_034655124.1_lysozyme_D_Drosophila_subobscura                                          95.62%    passed     83.76%
1020  XP_034655132.1_lysozyme_D_Drosophila_subobscura                                          95.62%    passed     83.76%
1021  XP_034655131.1_lysozyme_D-like_Drosophila_subobscura                                     95.62%    passed     89.15%
1022  XP_017137323.2_lysozyme_B-like_Drosophila_miranda                                        95.28%    passed     90.99%
1023  XP_017137322.1_lysozyme_A/C-like_Drosophila_miranda                                      95.62%    passed     92.14%
1024  XP_022226714.2_lysozyme_D_Drosophila_obscura                                             95.62%    passed     50.05%
1025  XP_022226712.2_lysozyme_D_Drosophila_obscura                                             95.62%    passed     50.05%
1026  XP_041450587.1_lysozyme_D_Drosophila_obscura                                             95.62%    passed     49.24%
1027  XP_022226718.1_lysozyme_D_Drosophila_obscura                                             95.62%    passed     49.24%
1028  XP_026849746.1_lysozyme_D-like_Drosophila_persimilis                                     95.62%    passed     69.06%
1029  XP_026849747.1_lysozyme_D-like_Drosophila_persimilis                                     95.62%    passed     69.06%
1030  XP_002026118.2_lysozyme_D_Drosophila_persimilis                                          95.62%    passed     69.06%
1031  XP_002026116.1_lysozyme_D_Drosophila_persimilis                                          95.62%    passed     69.06%
1032  XP_034655128.1_lysozyme_A/C-like_Drosophila_subobscura                                   95.59%    passed     85.96%
1033  XP_017137333.2_lysozyme_A/C_Drosophila_miranda                                           95.62%    passed     93.37%
1034  XP_017137334.2_lysozyme_A/C_Drosophila_miranda                                           95.62%    passed     93.37%
1035  XP_033242420.1_lysozyme_A/C_Drosophila_miranda                                           95.62%    passed     93.37%
1036  XP_002026119.1_lysozyme_A/C_Drosophila_persimilis                                        95.62%    passed     93.37%
1037  XP_002026115.1_lysozyme_A/C_Drosophila_persimilis                                        95.62%    passed     93.37%
1038  XP_002026117.2_lysozyme_A/C_Drosophila_persimilis                                        95.62%    passed     93.37%
1039  XP_030375504.1_lysozyme_D-like_Scaptodrosophila_lebanonensis                             95.62%    passed     43.48%
1040  XP_030375505.1_lysozyme_D_Scaptodrosophila_lebanonensis                                  95.62%    passed     48.55%
1041  XP_030375506.1_lysozyme_D_Scaptodrosophila_lebanonensis                                  95.62%    passed     48.55%
1042  XP_030375509.1_lysozyme_D-like_Scaptodrosophila_lebanonensis                             95.62%    passed     59.56%
1043  XP_030375510.1_lysozyme_D-like_Scaptodrosophila_lebanonensis                             95.62%    passed     59.56%
1044  XP_030375512.1_lysozyme_D-like_Scaptodrosophila_lebanonensis                             95.62%    passed     59.56%
1045  XP_030375513.1_lysozyme_D-like_Scaptodrosophila_lebanonensis                             95.62%    passed     59.56%
1046  XP_030375514.1_lysozyme_D-like_Scaptodrosophila_lebanonensis                             95.62%    passed     59.56%
1047  XP_030375517.1_lysozyme_D-like_Scaptodrosophila_lebanonensis                             95.62%    passed     59.56%
1048  XP_030375515.1_lysozyme_D-like_Scaptodrosophila_lebanonensis                             95.62%    passed     69.01%
1049  XP_068142053.1_lysozyme_B_Drosophila_tropicalis                                          95.59%    passed     66.45%
1050  XP_068142136.1_lysozyme_B-like_Drosophila_tropicalis                                     95.59%    passed     72.20%
1051  XP_002065979.1_lysozyme_B_Drosophila_willistoni                                          95.59%    passed     48.09%
1052  XP_002065981.1_lysozyme_B_Drosophila_willistoni                                          95.59%    passed     48.09%
1053  XP_002065978.1_lysozyme_B_Drosophila_willistoni                                          95.59%    passed     48.09%
1054  XP_068142017.1_lysozyme_B-like_Drosophila_tropicalis                                     95.59%    passed     64.48%
1055  XP_068141977.1_lysozyme_B-like_Drosophila_tropicalis                                     95.59%    passed     62.13%
1056  XP_002065980.1_lysozyme_B_Drosophila_willistoni                                          95.59%    passed     55.45%
1057  XP_002065982.1_lysozyme_B_Drosophila_willistoni                                          95.59%    passed     55.45%
1058  XP_064541587.1_lysozyme_A/C-like_Drosophila_montana                                      95.59%    passed     50.70%
1059  XP_064541588.1_lysozyme_A/C-like_Drosophila_montana                                      95.59%    passed     60.17%
1060  XP_030560720.1_lysozyme_A/C-like_Drosophila_novamexicana                                 95.62%    passed     80.03%
1061  XP_002046434.3_lysozyme_A/C_Drosophila_virilis                                           96.25%    passed     50.80%
1062  XP_032289307.1_lysozyme_B-like_Drosophila_virilis                                        95.18%    passed     90.53%
1063  XP_034103461.1_lysozyme_D-like_Drosophila_albomicans                                     95.62%    passed     72.16%
1064  XP_060660919.1_lysozyme_D-like_Drosophila_nasuta                                         95.62%    passed     62.63%
1065  XP_020801520.1_lysozyme_D-like_Drosophila_serrata                                        95.59%    passed     38.64%
1066  XP_034482088.1_lysozyme_1-like_Drosophila_innubila                                       95.62%    passed     23.73%
1067  XP_030375508.1_lysozyme_E-like_Scaptodrosophila_lebanonensis                             95.46%    passed     44.96%
1068  XP_034103466.1_lysozyme_D-like_Drosophila_albomicans                                     95.71%    passed      9.04%
1069  XP_062130803.1_lysozyme_D-like_Drosophila_sulfurigaster_albostrigata                     95.71%    passed     39.74%
1070  XP_034103467.1_lysozyme_E-like_Drosophila_albomicans                                     95.71%    passed     13.49%
1071  XP_060660920.1_lysozyme_D-like_Drosophila_nasuta                                         95.71%    passed     13.49%
1072  XP_060660921.1_lysozyme_E-like_Drosophila_nasuta                                         95.71%    passed     71.87%
1073  XP_062130804.1_lysozyme_E-like_Drosophila_sulfurigaster_albostrigata                     95.71%    passed     48.91%
1074  XP_001956716.1_lysozyme_S_Drosophila_ananassae                                           95.62%    passed     53.34%
1075  XP_017103995.2_lysozyme_S_Drosophila_bipectinata                                         95.62%    passed     48.86%
1076  XP_050741955.1_lysozyme_S_Drosophila_biarmipes                                           95.62%    passed     19.13%
1077  XP_037722982.1_lysozyme_S-like_Drosophila_subpulchrella                                  95.62%    passed     34.00%
1078  XP_037722985.1_lysozyme_S_Drosophila_subpulchrella                                       95.62%    passed     26.77%
1079  XP_016934102.3_lysozyme_S_Drosophila_suzukii                                             95.62%    passed     38.68%
1080  XP_016956933.1_lysozyme_S-like_Drosophila_biarmipes                                      95.62%    passed     31.93%
1081  XP_016984109.1_lysozyme_S_Drosophila_rhopaloa                                            95.62%    passed     26.77%
1082  XP_033157266.1_lysozyme_S_Drosophila_mauritiana                                          95.62%    passed     15.93%
1083  XP_016022646.2_lysozyme_S_Drosophila_simulans                                            95.62%    passed     24.80%
1084  XP_002076490.1_lysozyme_S_Drosophila_simulans                                            95.62%    passed     24.80%
1085  XP_039488293.1_lysozyme_S_Drosophila_santomea                                            95.62%    passed     18.95%
1086  XP_043650677.1_lysozyme_S_Drosophila_teissieri                                           95.62%    passed     22.27%
1087  XP_002093085.1_lysozyme_S_Drosophila_yakuba                                              95.62%    passed     14.26%
1088  P37160.2_RecName__Full_Lysozyme_S                                                        95.62%    passed     16.42%
1089  XP_017063461.1_lysozyme_S-like_Drosophila_eugracilis                                     95.62%    passed     39.09%
1090  XP_017063463.1_lysozyme_S_Drosophila_eugracilis                                          95.62%    passed     18.69%
1091  XP_017059591.1_lysozyme_S_Drosophila_ficusphila                                          95.62%    passed     33.77%
1092  XP_017137327.1_lysozyme_S_Drosophila_miranda                                             95.59%    passed     30.20%
1093  XP_026849743.1_lysozyme_S_Drosophila_persimilis                                          95.59%    passed     30.20%
1094  XP_022226710.1_lysozyme_S_Drosophila_obscura                                             95.59%    passed     41.75%
1095  XP_034655127.1_lysozyme_S_Drosophila_subobscura                                          95.59%    passed     41.75%
1096  XP_016993204.2_lysozyme_S-like_Drosophila_takahashii                                     95.59%    passed     25.26%
1097  XP_016993206.1_lysozyme_S_Drosophila_takahashii                                          95.59%    passed     20.90%
1098  XP_052847745.1_lysozyme_S_Drosophila_gunungcola                                          95.62%    passed     24.12%
1099  XP_001971097.1_lysozyme_S_Drosophila_erecta                                              95.62%    passed     10.25%
1100  XP_017017764.1_lysozyme_S_Drosophila_kikkawai                                            95.59%    passed     38.59%
1101  XP_068141915.1_lysozyme_S_Drosophila_tropicalis                                          95.56%    passed     26.37%
1102  XP_002065984.1_lysozyme_S_Drosophila_willistoni                                          95.56%    passed     26.37%
1103  XP_001956717.1_lysozyme_P_Drosophila_ananassae                                           95.59%    passed     36.30%
1104  XP_017103991.2_lysozyme_P_Drosophila_bipectinata                                         95.59%    passed     16.23%
1105  XP_016956872.1_lysozyme_P_Drosophila_biarmipes                                           95.59%    passed     67.04%
1106  XP_037722981.1_lysozyme_P_Drosophila_subpulchrella                                       95.59%    passed     52.45%
1107  XP_016934098.2_lysozyme_P_Drosophila_suzukii                                             95.59%    passed     48.99%
1108  XP_017063457.1_lysozyme_P_Drosophila_eugracilis                                          95.59%    passed     43.44%
1109  XP_033157262.1_lysozyme_P_Drosophila_mauritiana                                          95.59%    passed     26.86%
1110  XP_032575946.1_lysozyme_P_Drosophila_sechellia                                           95.59%    passed     33.33%
1111  XP_016029776.1_lysozyme_P_Drosophila_simulans                                            95.59%    passed     43.25%
1112  XP_043650679.1_lysozyme_P_Drosophila_teissieri                                           95.59%    passed     30.28%
1113  P29615.1_RecName__Full_Lysozyme_P                                                        95.59%    passed     54.91%
1114  XP_017127138.1_lysozyme_P_Drosophila_elegans                                             95.59%    passed     38.15%
1115  XP_052847743.1_lysozyme_P_Drosophila_gunungcola                                          95.59%    passed     41.38%
1116  XP_016993205.2_lysozyme_P_Drosophila_takahashii                                          95.59%    passed     37.28%
1117  XP_001971096.1_lysozyme_P_Drosophila_erecta                                              95.59%    passed     20.44%
1118  XP_034133759.1_lysozyme_B-like_Drosophila_guanche                                        95.53%    passed     16.04%
1119  XP_022226708.2_lysozyme_P_Drosophila_obscura                                             95.53%    passed     10.89%
1120  XP_017137325.1_lysozyme_E-like_Drosophila_miranda                                        95.49%    passed     38.67%
1121  XP_026849748.1_lysozyme_E-like_Drosophila_persimilis                                     95.49%    passed     28.55%
1122  XP_017059589.1_lysozyme_P-like_Drosophila_ficusphila                                     95.59%    passed     70.51%
1123  Paykullia_maculata_LysC1                                                                 95.59%    passed     78.61%
1124  XP_017860836.1_lysozyme_B-like_Drosophila_arizonae                                       96.59%    passed     68.75%
1125  XP_032310747.1_lysozyme_E-like_Drosophila_ananassae                                      94.77%    failed      2.91%
1126  XP_053966456.1_lysozyme_D-like_Anastrepha_ludens                                         95.59%    passed     23.99%
1127  XP_053966455.1_lysozyme_D-like_Anastrepha_ludens                                         95.59%    passed     16.19%
1128  XP_053966457.1_lysozyme_D-like_Anastrepha_ludens                                         95.59%    passed     16.19%
1129  XP_054741319.1_lysozyme_D-like_Anastrepha_obliqua                                        95.59%    passed     12.88%
1130  XP_054741318.1_lysozyme_D-like_Anastrepha_obliqua                                        95.59%    passed     25.41%
1131  XP_054737972.1_lysozyme_D-like_Anastrepha_obliqua                                        95.59%    passed     13.53%
1132  XP_011206451.1_lysozyme_B_Bactrocera_dorsalis                                            95.59%    passed     68.81%
1133  XP_011206453.2_lysozyme_B_Bactrocera_dorsalis                                            95.59%    passed     77.47%
1134  XP_011206452.1_lysozyme_B-like_Bactrocera_dorsalis                                       95.59%    passed     65.01%
1135  XP_050323068.1_lysozyme_B-like_Bactrocera_neohumeralis                                   95.59%    passed     57.49%
1136  XP_050323072.1_lysozyme_B-like_Bactrocera_neohumeralis                                   95.59%    passed     49.42%
1137  XP_050323069.1_lysozyme_B-like_Bactrocera_neohumeralis                                   95.59%    passed     46.99%
1138  XP_039957073.1_lysozyme_B-like_Bactrocera_tryoni                                         95.59%    passed     46.99%
1139  XP_049309706.1_lysozyme_B-like_Bactrocera_dorsalis                                       95.59%    passed     48.52%
1140  XP_050323070.1_lysozyme_B-like_Bactrocera_neohumeralis                                   95.59%    passed     74.46%
1141  XP_011206456.2_lysozyme_B-like_Bactrocera_dorsalis                                       95.59%    passed     67.16%
1142  XP_039957071.1_lysozyme_B-like_Bactrocera_tryoni                                         95.59%    passed     39.90%
1143  XP_011206454.1_lysozyme_B_Bactrocera_dorsalis                                            95.59%    passed     59.12%
1144  XP_018784508.1_lysozyme_D-like_Bactrocera_latifrons                                      95.65%    passed     79.21%
1145  XP_011180845.2_lysozyme_B-like_Zeugodacus_cucurbitae                                     95.59%    passed     48.85%
1146  XP_011180848.2_lysozyme_B_Zeugodacus_cucurbitae                                          95.59%    passed     48.85%
1147  XP_054088799.1_lysozyme_B-like_Zeugodacus_cucurbitae                                     95.59%    passed     53.04%
1148  XP_011180851.1_lysozyme_B-like_Zeugodacus_cucurbitae                                     95.59%    passed     63.43%
1149  XP_054088797.1_lysozyme_B-like_Zeugodacus_cucurbitae                                     95.59%    passed     76.59%
1150  XP_011206455.2_lysozyme_B-like_Bactrocera_dorsalis                                       95.59%    passed     73.06%
1151  XP_018784507.1_lysozyme_B-like_Bactrocera_latifrons                                      95.59%    passed     79.65%
1152  XP_050323065.1_lysozyme_B-like_Bactrocera_neohumeralis                                   95.59%    passed     70.93%
1153  XP_014102232.2_lysozyme_B_Bactrocera_oleae                                               95.59%    passed     65.63%
1154  XP_028895454.2_lysozyme_B-like_Zeugodacus_cucurbitae                                     95.59%    passed     56.62%
1155  XP_011180844.2_lysozyme_E-like_partial_Zeugodacus_cucurbitae                             95.43%    passed     46.76%
1156  XP_020717732.1_lysozyme_D-like_Ceratitis_capitata                                        95.59%    passed     45.21%
1157  XP_004517800.1_lysozyme_B-like_Ceratitis_capitata                                        95.59%    passed     40.16%
1158  XP_023158883.1_lysozyme_B-like_Ceratitis_capitata                                        95.59%    passed     40.16%
1159  XP_004517799.1_lysozyme_B_Ceratitis_capitata                                             95.59%    passed     42.48%
1160  XP_036334585.1_lysozyme_1-like_Rhagoletis_pomonella                                      95.59%    passed     28.14%
1161  XP_017473133.1_lysozyme_1-like_Rhagoletis_zephyria                                       95.12%    passed     27.94%
1162  XP_037950968.1_lysozyme_1-like_Teleopsis_dalmanni                                        95.59%    passed     14.13%
1163  XP_037952694.1_lysozyme_1-like_Teleopsis_dalmanni                                        95.59%    passed     23.83%
1164  Stomoxys_calcitrans_lysozyme_1-like_XM_013259394.2                                       95.59%    passed     51.14%
1165  Stomoxys_calcitrans_lysozyme_1-like_XM_013262540.2                                       95.56%    passed     95.04%
1166  XP_034103458.1_lysozyme_B-like_Drosophila_albomicans                                     95.53%    passed     56.46%
1167  XP_060660913.1_lysozyme_B-like_Drosophila_nasuta                                         95.53%    passed     39.48%
1168  XP_062130795.1_lysozyme_B-like_Drosophila_sulfurigaster_albostrigata                     95.53%    passed     38.01%
1169  XP_034482084.1_lysozyme_B-like_Drosophila_innubila                                       95.53%    passed     36.10%
1170  XP_023167111.1_lysozyme_B-like_Drosophila_hydei                                          95.49%    passed     29.68%
1171  XP_002012061.1_lysozyme_B_Drosophila_mojavensis                                          95.49%    passed     55.17%
1172  XP_017956436.1_lysozyme_B-like_Drosophila_navojoa                                        94.59%    failed      2.38%
1173  XP_064541634.1_lysozyme_B-like_Drosophila_montana                                        95.53%    passed     17.53%
1174  XP_030560717.1_lysozyme_A/C-like_Drosophila_novamexicana                                 95.53%    passed     43.36%
1175  XP_002046430.1_lysozyme_A/C_Drosophila_virilis                                           95.53%    passed     37.60%
1176  XP_001956727.1_lysozyme_X_Drosophila_ananassae                                           95.56%    passed     34.84%
1177  XP_017104049.2_lysozyme_X-like_Drosophila_bipectinata                                    94.96%    passed     20.56%
1178  XP_043069954.1_lysozyme_X-like_Drosophila_bipectinata                                    94.96%    passed     12.68%
1179  XP_016959139.1_lysozyme_X_Drosophila_biarmipes                                           95.56%    passed     48.88%
1180  XP_017063430.1_lysozyme_X-like_Drosophila_eugracilis                                     95.56%    passed     56.98%
1181  XP_017126756.1_lysozyme_X_Drosophila_elegans                                             95.53%    passed     45.62%
1182  XP_052847742.1_lysozyme_X-like_Drosophila_gunungcola                                     95.53%    passed     43.87%
1183  XP_016969769.2_lysozyme_X-like_Drosophila_rhopaloa                                       95.56%    passed     68.28%
1184  XP_016993245.3_lysozyme_X-like_Drosophila_takahashii                                     94.77%    passed     73.38%
1185  XP_001971088.1_lysozyme_X_Drosophila_erecta                                              95.56%    passed     38.81%
1186  XP_039488291.1_lysozyme_X_Drosophila_santomea                                            95.56%    passed     35.63%
1187  XP_002093075.1_lysozyme_X_Drosophila_yakuba                                              95.56%    passed     39.26%
1188  XP_043650678.1_lysozyme_X_Drosophila_teissieri                                           95.56%    passed      7.60%
1189  XP_041632263.1_lysozyme_X_Drosophila_kikkawai                                            95.56%    passed     48.73%
1190  XP_020801510.1_lysozyme_X_Drosophila_serrata                                             95.56%    passed     81.12%
1191  XP_033158206.1_lysozyme_X_Drosophila_mauritiana                                          94.99%    passed     33.54%
1192  XP_002083176.1_lysozyme_X_Drosophila_simulans                                            94.99%    passed     23.41%
1193  P37161.2_RecName__Full_Lysozyme_X                                                        95.56%    passed     53.52%
1194  XP_016993244.3_lysozyme_X-like_Drosophila_takahashii                                     94.87%    passed     20.61%
1195  XP_017842465.1_lysozyme_B-like_Drosophila_busckii                                        95.59%    passed     88.88%
1196  XP_034133760.1_lysozyme_S-like_Drosophila_guanche                                        95.56%    passed     12.91%
1197  XP_017137324.1_lysozyme_B-like_Drosophila_miranda                                        95.43%    passed     45.06%
1198  XP_002026120.1_lysozyme_B_Drosophila_persimilis                                          95.43%    passed     43.46%
1199  XP_017063418.1_lysozyme_X_Drosophila_eugracilis                                          94.96%    passed     77.86%
1200  XP_030079478.1_lysozyme_P-like_Drosophila_hydei                                          95.24%    passed     52.30%
1201  Bellardia_pandia_LysC1                                                                   95.49%    passed      6.45%
1202  Bellardia_bayeri_LysC1                                                                   95.56%    passed     16.94%
1203  Calliphora_vicina_lysozyme_1-like_XM_065511531.1                                         95.56%    passed     99.52%
1204  Calliphora_vomitoria_LysC3                                                               95.56%    passed     95.67%
1205  Calliphora_vomitoria_LysC4                                                               95.56%    passed     94.37%
1206  Calliphora_vicina_lysozyme_1-like_XM_065512022.1                                         95.53%    passed     86.82%
1207  Protophormia_terraenovae_LysC5                                                           95.56%    passed     78.66%
1208  Protocalliphora_azurea_LysC1                                                             95.56%    passed     84.50%
1209  Phormia_regina_LysC10                                                                    95.56%    passed     85.87%
1210  Chrysomya_megacephala_LysC9                                                              95.56%    passed     82.52%
1211  Chrysomya_megacephala_LysC10                                                             95.56%    passed     82.52%
1212  Chrysomya_megacephala_LysC11                                                             95.56%    passed     82.52%
1213  Chrysomya_megacephala_LysC12                                                             95.56%    passed     82.52%
1214  Chrysomya_megacephala_LysC18                                                             95.56%    passed     82.52%
1215  Chrysomya_megacephala_LysC19                                                             95.56%    passed     82.52%
1216  Protophormia_terraenovae_LysC7                                                           95.43%    passed     75.28%
1217  Cochliomyia_hominivoraxUS_LysC2                                                          95.56%    passed     29.30%
1218  XP_034482089.1_lysozyme_A/C-like_Drosophila_innubila                                     95.62%    passed     56.77%
1219  XP_067627392.1_lysozyme_1-like_Eurosta_solidaginis                                       95.59%    passed     27.34%
1220  XP_067627399.1_lysozyme_1-like_Eurosta_solidaginis                                       95.59%    passed     21.65%
1221  XP_067627393.1_lysozyme_1-like_Eurosta_solidaginis                                       95.59%    passed     24.49%
1222  XP_067627394.1_lysozyme_1-like_Eurosta_solidaginis                                       95.59%    passed     21.60%
1223  XP_067627395.1_lysozyme_1-like_Eurosta_solidaginis                                       95.59%    passed     21.60%
1224  XP_067627397.1_lysozyme_1-like_Eurosta_solidaginis                                       95.59%    passed     23.72%
1225  XP_067627401.1_lysozyme_1-like_Eurosta_solidaginis                                       95.59%    passed     29.70%
1226  XP_067627400.1_lysozyme_1-like_Eurosta_solidaginis                                       95.59%    passed     27.18%
1227  XP_067627398.1_lysozyme_1-like_Eurosta_solidaginis                                       95.59%    passed     25.95%
1228  XP_064541585.1_lysozyme_B-like_Drosophila_montana                                        95.56%    passed     13.25%
1229  XP_030560718.1_lysozyme_B-like_Drosophila_novamexicana                                   95.53%    passed     96.88%
1230  XP_032289303.1_lysozyme_B-like_Drosophila_virilis                                        95.53%    passed     95.14%
1231  XP_002046436.1_lysozyme_B_Drosophila_virilis                                             95.53%    passed     95.14%
1232  XP_068141914.1_lysozyme_S-like_Drosophila_tropicalis                                     95.43%    failed      4.70%
1233  XP_002065983.1_lysozyme_S_Drosophila_willistoni                                          95.43%    failed      2.78%
1234  Lucilia_sericata_lysozyme_1-like_XM_037958003.1                                          95.53%    passed     11.96%
1235  Lucilia_cuprina_lysozyme_1-like_XM_046955615.1                                           95.53%    passed     16.85%
1236  Lucilia_cuprina_lysozyme_1-like_XM_046955614.1                                           95.53%    passed     16.85%
1237  Lucilia_sericata_lysozyme_1B_XM_037958005.1                                              95.56%    passed     92.56%
1238  XP_037952692.1_lysozyme_1-like_Teleopsis_dalmanni                                        95.59%    passed     20.85%
1239  Protophormia_terraenovae_LysC6                                                           95.56%    passed      7.00%
1240  Protophormia_terraenovae_LysC8                                                           96.37%    passed     30.19%
1241  XP_017059465.1_lysozyme_X_Drosophila_ficusphila                                          95.31%    passed     50.81%
1242  XP_001991776.2_lysozyme_B_Drosophila_grimshawi                                           96.46%    passed     26.21%
1243  Calliphora_vicina_lysozyme_2-like_XM_065511517.1                                         95.56%    passed     68.45%
1244  Calliphora_vomitoria_LysC1                                                               95.56%    passed     63.63%
1245  Calliphora_vomitoria_LysC2                                                               95.56%    passed     60.37%
1246  Calliphora_vicina_lysozyme_2_XM_065511645.1                                              95.56%    passed     92.94%
1247  Lucilia_sericata_lysozyme_2-like_XM_037951089.1                                          95.56%    passed     91.54%
1248  Lucilia_sericata_lysozyme_2-like_XM_037951088.1                                          95.56%    passed     80.16%
1249  Lucilia_cuprina_lysozyme_2-like_XM_023438453.2                                           95.56%    passed     90.70%
1250  Lucilia_cuprina_lysozyme_2-like_XM_023438456.2                                           95.56%    passed     93.22%
1251  Protophormia_terraenovae_LysC1                                                           95.56%    passed     78.37%
1252  Protophormia_terraenovae_LysC3                                                           95.56%    passed     79.34%
1253  Protophormia_terraenovae_LysC4                                                           95.56%    passed     74.47%
1254  Phormia_regina_LysC2                                                                     95.56%    passed     78.22%
1255  Chrysomya_rufifacies_LysC1                                                               96.53%    passed     98.54%
1256  Chrysomya_rufifacies_LysC2                                                               96.53%    passed     98.54%
1257  Chrysomya_megacephala_LysC13                                                             95.56%    passed     88.68%
1258  Chrysomya_megacephala_LysC14                                                             95.56%    passed     86.61%
1259  Chrysomya_megacephala_LysC15                                                             95.56%    passed     75.98%
1260  Stomorhina_lunata_LysC3                                                                  95.53%    passed     87.46%
1261  Stomoxys_calcitrans_lysozyme_2-like_XM_059370494.1                                       95.56%    passed     46.50%
1262  Stomoxys_calcitrans_lysozyme_2-like_XM_013257674.2                                       95.56%    passed     49.03%
1263  Stomoxys_calcitrans_lysozyme_2-like_XM_059370495.1                                       95.56%    passed     48.96%
1264  Stomoxys_calcitrans_lysozyme_2-like_XM_059370493.1                                       95.56%    passed     48.96%
1265  Stomoxys_calcitrans_lysozyme_2-like_X1_XM_059370490.1                                    95.56%    passed     48.96%
1266  Stomoxys_calcitrans_lysozyme_2-like_XM_059370492.1                                       95.56%    passed     59.88%
1267  Stomoxys_calcitrans_lysozyme_2-like_XM_013257675.2                                       95.56%    passed     56.30%
1268  Stomoxys_calcitrans_lysozyme_2-like_XM_013257684.2                                       95.56%    passed     53.83%
1269  Stomoxys_calcitrans_lysozyme_2_XM_013257687.2                                            95.56%    passed     53.83%
1270  Stomoxys_calcitrans_lysozyme_2_XM_013257682.2                                            95.56%    passed     53.83%
1271  Stomoxys_calcitrans_lysozyme_2_XM_013257686.2                                            95.56%    passed     53.83%
1272  Stomoxys_calcitrans_lysozyme_2-like_XM_013257685.2                                       95.56%    passed     54.08%
1273  Stomoxys_calcitrans_lysozyme_2-like_XM_013257683.2                                       95.56%    passed     54.08%
1274  Musca_domestica_lysozyme_1-like_XM_020035061.2                                           95.56%    passed     80.62%
1275  Musca_domestica_lysozyme_2-like_XM_020035062.2                                           95.56%    passed     82.26%
1276  Musca_domestica_lysozyme_2_XM_011292181.3                                                95.56%    passed     82.26%
1277  Musca_domestica_lysozyme_2-like_XM_020035060.2                                           95.56%    passed     78.21%
1278  Musca_domestica_lysozyme_2_XM_011292180.2                                                95.56%    passed     79.94%
1279  Musca_domestica_lysozyme_2-like_XM_005178415.4                                           95.56%    passed     79.93%
1280  Musca_domestica_lysozyme_2-like_XM_005178411.4                                           95.56%    passed     74.71%
1281  XP_061391476.1_lysozyme_2-like_Musca_vetustissima                                        95.56%    passed     96.46%
1282  XP_061400445.1_lysozyme_2-like_Musca_vetustissima                                        95.56%    passed     94.25%
1283  XP_061400439.1_lysozyme_2_Musca_vetustissima                                             95.56%    passed     84.54%
1284  Musca_domestica_lysozyme_2-like_XM_005185318.2                                           95.56%    passed     74.34%
1285  Musca_domestica_lysozyme_2-like_XM_059126266.1                                           95.56%    passed     60.56%
1286  Musca_domestica_lysozyme_2-like_XM_059126267.1                                           95.56%    passed     60.56%
1287  Musca_domestica_lysozyme_2-like_XM_005185309.3                                           95.56%    passed     54.75%
1288  Musca_domestica_lysozyme_2-like_XM_020035064.2                                           95.56%    passed     62.54%
1289  Musca_domestica_lysozyme_2-like_XM_020035063.2                                           95.56%    passed     38.71%
1290  Musca_domestica_lysozyme_2-like_XM_011292185.3                                           95.56%    passed     43.62%
1291  Lucilia_sericata_lysozyme_2_XM_037951090.1                                               95.56%    passed     90.57%
1292  Lucilia_cuprina_lysozyme_2_XM_023438454.2                                                95.56%    passed     94.53%
1293  Protophormia_terraenovae_LysC2                                                           95.56%    passed     94.41%
1294  Phormia_regina_LysC1                                                                     95.56%    passed     85.12%
1295  XP_061391475.1_lysozyme_2-like_Musca_vetustissima                                        95.56%    passed     62.47%
1296  XP_061400440.1_lysozyme_2-like_Musca_vetustissima                                        95.56%    passed     62.47%
1297  Musca_domestica_lysozyme_2-like_XM_005178434.4                                           97.40%    passed     82.78%
1298  Musca_domestica_lysozyme_2-like_XM_005178432.1                                           95.49%    passed     37.21%
1299  XP_067627390.1_lysozyme_2-like_Eurosta_solidaginis                                       95.40%    passed     41.20%
1300  XP_067627391.1_lysozyme_2-like_Eurosta_solidaginis                                       95.56%    passed      8.66%
1301  XP_052847746.1_lysozyme_X-like_Drosophila_gunungcola                                     95.62%    passed     15.47%
1302  XP_044313782.1_lysozyme_X-like_Drosophila_rhopaloa                                       95.62%    passed     16.53%
1303  XP_037722693.1_lysozyme_P-like_Drosophila_subpulchrella                                  95.31%    failed      0.47%
1304  XP_016933606.2_lysozyme_P-like_Drosophila_suzukii                                        95.56%    failed      0.37%
1305  XP_022226709.2_lysozyme_B-like_Drosophila_obscura                                        95.37%    passed     75.53%
1306  XP_061391499.1_lysozyme_2-like_Musca_vetustissima                                        95.46%    failed      0.77%
1307  XP_061400438.1_lysozyme_2-like_Musca_vetustissima                                        95.46%    failed      1.00%
1308  Lucilia_sericata_lysozyme_B-like_XM_037958008.1                                          95.59%    failed      1.55%
1309  Lucilia_cuprina_lysozyme_P-like_XM_046955619.1                                           95.59%    failed      1.13%
1310  Stomorhina_lunata_LysC5                                                                  95.56%    failed      0.29%
1311  XP_001983606.1_lysozyme_S_Drosophila_grimshawi                                           95.53%    failed      3.58%
1312  XP_054741316.1_lysozyme_1-like_Anastrepha_obliqua                                        95.53%    passed     42.96%
1313  XP_030387648.1_lysozyme_X-like_Scaptodrosophila_lebanonensis                             95.06%    passed     94.25%
1314  XP_060660922.1_lysozyme_D-like_Drosophila_nasuta                                         97.68%    passed     23.32%
1315  XP_011180840.2_lysozyme_D-like_Zeugodacus_cucurbitae                                     95.56%    failed      3.57%
1316  XP_012155754.1_lysozyme_1-like_Ceratitis_capitata                                        95.59%    passed     67.58%
1317  XP_018784448.1_lysozyme_B-like_Bactrocera_latifrons                                      95.24%    passed     25.46%
1318  Bellardia_pandia_LysC3                                                                   95.68%    passed     13.76%
1319  Lucilia_sericata_lysozyme_P-like_XM_037958002.1                                          95.43%    passed     11.19%
1320  Lucilia_cuprina_lysozyme_1-like_XM_023439612.2                                           95.49%    passed     28.33%
1321  XP_030374009.1_lysozyme_X-like_Scaptodrosophila_lebanonensis                             94.68%    passed     23.84%
1322  XP_053965636.1_lysozyme_P-like_Anastrepha_ludens                                         95.49%    failed      0.14%
1323  XP_053965638.1_lysozyme_P-like_Anastrepha_ludens                                         95.49%    failed      1.46%
1324  XP_004522949.1_lysozyme_P-like_Ceratitis_capitata                                        95.49%    failed      0.93%
1325  XP_011199991.2_lysozyme_P_Bactrocera_dorsalis                                            94.90%    failed      0.16%
1326  XP_050324899.1_lysozyme_P-like_Bactrocera_neohumeralis                                   95.49%    failed      0.27%
1327  XP_039956973.1_lysozyme_P-like_Bactrocera_tryoni                                         95.49%    failed      0.27%
1328  XP_011185403.1_lysozyme_P_Zeugodacus_cucurbitae                                          95.49%    failed      0.16%
1329  XP_069964556.1_lysozyme_P_Bactrocera_oleae                                               95.49%    failed      1.68%
1330  XP_053964205.1_lysozyme_X-like_Anastrepha_ludens                                         95.34%    passed      8.01%
1331  XP_054737832.1_lysozyme_X-like_Anastrepha_obliqua                                        95.34%    passed      5.51%
1332  XP_049307629.1_lysozyme_P-like_Bactrocera_dorsalis                                       95.49%    failed      3.49%
1333  XP_018786149.1_lysozyme_S-like_Bactrocera_latifrons                                      95.49%    failed      3.07%
1334  XP_039954297.1_lysozyme_P-like_Bactrocera_tryoni                                         95.49%    failed      3.55%
1335  XP_069964555.1_lysozyme_P-like_Bactrocera_oleae                                          95.49%    passed      7.28%
1336  XP_020713530.1_lysozyme_P-like_Ceratitis_capitata                                        95.46%    passed     29.25%
1337  XP_034133764.1_lysozyme_P-like_Drosophila_guanche                                        95.59%    passed     66.64%
1338  XP_034655129.1_lysozyme_P-like_Drosophila_subobscura                                     95.59%    passed     51.63%
1339  XP_022226711.2_lysozyme_P-like_Drosophila_obscura                                        95.59%    passed     17.36%
1340  XP_017137328.1_lysozyme_D-like_Drosophila_miranda                                        95.59%    passed     33.16%
1341  XP_026849744.1_lysozyme_P-like_Drosophila_persimilis                                     95.59%    passed     65.67%
1342  XP_001986040.2_lysozyme_P_Drosophila_grimshawi                                           94.31%    passed     20.76%
1343  XP_061394300.1_inactive_lysozyme_1A-like_Musca_vetustissima                              95.62%    passed      5.79%
1344  XP_061397155.1_inactive_lysozyme_1A-like_Musca_vetustissima                              95.62%    passed     10.60%
1345  XP_053965639.1_lysozyme_P-like_Anastrepha_ludens                                         95.06%    passed     83.28%
1346  XP_054740623.1_lysozyme_P-like_Anastrepha_obliqua                                        95.06%    passed     76.93%
1347  XP_011199990.2_lysozyme_P_Bactrocera_dorsalis                                            95.06%    passed     47.79%
1348  XP_050324830.1_lysozyme_P-like_Bactrocera_neohumeralis                                   94.99%    passed     66.50%
1349  XP_069964554.1_lysozyme_P_Bactrocera_oleae                                               95.21%    passed     35.73%
1350  XP_011185402.2_lysozyme_P_Zeugodacus_cucurbitae                                          95.06%    passed     84.62%
1351  XP_036334711.1_lysozyme_P_Rhagoletis_pomonella                                           95.12%    passed     41.57%
1352  XP_017474247.1_lysozyme_P_Rhagoletis_zephyria                                            95.12%    passed     41.14%
1353  XP_004522950.1_lysozyme_P-like_Ceratitis_capitata                                        95.06%    passed     71.39%
1354  XP_034107204.1_lysozyme_P_Drosophila_albomicans                                          95.21%    failed      4.55%
1355  XP_060656560.1_lysozyme_P_Drosophila_nasuta                                              95.21%    failed      4.55%
1356  XP_001985890.1_lysozyme_P_Drosophila_grimshawi                                           95.28%    passed      6.77%
1357  XP_034477183.1_lysozyme_P_Drosophila_innubila                                            94.56%    passed     29.84%
1358  XP_064549010.1_lysozyme_P_Drosophila_montana                                             95.15%    passed     19.31%
1359  XP_032292738.1_lysozyme_P_Drosophila_virilis                                             95.24%    passed     14.81%
1360  XP_002049593.1_lysozyme_P-like_Drosophila_virilis                                        95.24%    passed     14.81%
1361  XP_017836559.1_lysozyme_P_Drosophila_busckii                                             95.31%    passed      5.43%
1362  XP_001959002.1_lysozyme_P_Drosophila_ananassae                                           95.40%    passed      7.92%
1363  XP_017093461.1_lysozyme_P_Drosophila_bipectinata                                         95.40%    passed      6.61%
1364  XP_016946698.1_lysozyme_P_Drosophila_biarmipes                                           95.40%    failed      4.19%
1365  XP_001975398.1_lysozyme_P_Drosophila_erecta                                              95.37%    failed      1.52%
1366  XP_039481858.1_lysozyme_P_Drosophila_santomea                                            95.37%    failed      2.56%
1367  XP_043644553.1_lysozyme_P_Drosophila_teissieri                                           95.37%    failed      2.56%
1368  XP_002092255.1_lysozyme_P_Drosophila_yakuba                                              95.37%    failed      2.56%
1369  XP_039147853.1_lysozyme_P_Drosophila_simulans                                            95.37%    failed      4.06%
1370  XP_017078913.1_lysozyme_P_Drosophila_eugracilis                                          95.37%    failed      0.63%
1371  XP_017049345.1_lysozyme_1_Drosophila_ficusphila                                          95.37%    failed      1.21%
1372  XP_037714944.1_lysozyme_P_Drosophila_subpulchrella                                       95.34%    failed      1.64%
1373  XP_016985964.1_lysozyme_P_Drosophila_rhopaloa                                            95.37%    failed      1.30%
1374  XP_017124426.1_lysozyme_1_Drosophila_elegans                                             95.34%    failed      3.50%
1375  XP_020798342.1_lysozyme_P_Drosophila_serrata                                             95.24%    failed      1.00%
1376  XP_017033212.1_lysozyme_P_Drosophila_kikkawai                                            95.15%    failed      0.19%
1377  XP_034131453.1_lysozyme_P_Drosophila_guanche                                             94.68%    failed      0.42%
1378  XP_034654347.1_lysozyme_P_Drosophila_subobscura                                          95.18%    failed      0.01%
1379  XP_017146199.1_lysozyme_P_Drosophila_miranda                                             95.28%    failed      0.09%
1380  XP_026840814.1_lysozyme_P_Drosophila_persimilis                                          95.28%    failed      0.23%
1381  XP_033253905.1_lysozyme_P-like_Drosophila_miranda                                        95.28%    failed      0.45%
1382  XP_033253907.1_lysozyme_P-like_Drosophila_miranda                                        95.28%    failed      0.45%
1383  XP_022227198.2_lysozyme_P_Drosophila_obscura                                             95.28%    failed      0.26%
1384  XP_068147876.1_lysozyme_P_Drosophila_tropicalis                                          95.28%    failed      2.34%
1385  XP_002061593.2_lysozyme_P_Drosophila_willistoni                                          95.31%    failed      1.01%
1386  XP_030388214.1_lysozyme_P_Scaptodrosophila_lebanonensis                                  95.21%    passed     19.57%
1387  XP_023165164.2_lysozyme_P_Drosophila_hydei                                               95.15%    failed      2.68%
1388  XP_002006261.1_lysozyme_P_Drosophila_mojavensis                                          95.15%    passed      5.44%
1389  XP_017960749.1_lysozyme_P_Drosophila_navojoa                                             95.15%    passed      7.79%
1390  XP_037916493.1_lysozyme_Hermetia_illucens                                                95.24%    passed     47.76%
1391  XP_002034864.1_lysozyme_X_Drosophila_sechellia                                           95.34%    failed      4.71%
1392  Calliphora_vicina_lysozyme_1-like_XM_065512186.1                                         95.59%    failed      1.61%
1393  Calliphora_vomitoria_LysC5                                                               95.59%    failed      3.48%
1394  Stomoxys_calcitrans_lysozyme_1_XM_013259395.2                                            95.53%    passed     65.75%
1395  Stomorhina_lunata_LysC4                                                                  95.56%    passed     78.67%
1396  XP_055374658.1_inactive_lysozyme_1A-like_Condylostylus_longicornis                       95.49%    failed      0.51%
1397  XP_055850699.1_inactive_lysozyme_1A_Episyrphus_balteatus                                 95.53%    passed     13.57%
1398  XP_055906822.1_lysozyme_1B-like_Eupeodes_corollae                                        95.37%    passed      6.96%
1399  XP_055910463.1_lysozyme_c-1-like_Eupeodes_corollae                                       96.62%    passed     23.83%
1400  XP_037915159.1_lysozyme_c-1-like_Hermetia_illucens                                       95.62%    failed      1.32%
1401  XP_037915160.1_lysozyme_c-1-like_Hermetia_illucens                                       95.62%    failed      1.32%
1402  XP_037916231.1_lysozyme_c-1-like_Hermetia_illucens                                       95.62%    failed      1.94%
1403  XP_037915161.1_lysozyme_2-like_Hermetia_illucens                                         95.62%    passed      6.16%
1404  XP_037916159.1_lysozyme_2-like_Hermetia_illucens                                         95.62%    passed      6.16%
1405  XP_037916627.1_lysozyme_2-like_Hermetia_illucens                                         95.62%    passed      5.02%
1406  XP_037916836.1_lysozyme_c-1-like_Hermetia_illucens                                       95.65%    failed      2.14%
1407  XP_037915162.1_lysozyme_c-1-like_Hermetia_illucens                                       96.40%    failed      0.63%
1408  XP_037915163.1_lysozyme_c-1-like_Hermetia_illucens                                       95.62%    failed      0.23%
1409  XP_037915165.1_lysozyme_c-1-like_Hermetia_illucens                                       95.62%    failed      0.23%
1410  XP_037915164.1_lysozyme_c-1-like_Hermetia_illucens                                       95.62%    failed      0.23%
1411  XP_037916186.1_lysozyme_c-1-like_Hermetia_illucens                                       95.62%    failed      0.17%
1412  XP_037915166.1_lysozyme_2-like_Hermetia_illucens                                         95.62%    failed      1.02%
1413  XP_037915171.1_lysozyme_2-like_Hermetia_illucens                                         95.62%    failed      1.02%
1414  XP_037915170.1_lysozyme_2-like_Hermetia_illucens                                         95.62%    failed      1.56%
1415  XP_037915947.1_lysozyme_2-like_Hermetia_illucens                                         95.62%    failed      0.83%
1416  XP_037916843.1_lysozyme_2-like_Hermetia_illucens                                         95.62%    failed      0.71%
1417  XP_037915169.1_lysozyme_2-like_Hermetia_illucens                                         96.40%    failed      1.41%
1418  XP_037915180.1_lysozyme_2-like_Hermetia_illucens                                         96.40%    failed      1.41%
1419  XP_037915172.1_lysozyme_2-like_Hermetia_illucens                                         96.40%    failed      3.08%
1420  XP_037915173.1_lysozyme_2-like_Hermetia_illucens                                         96.40%    failed      3.08%
1421  XP_037915179.1_lysozyme_2-like_Hermetia_illucens                                         96.40%    failed      3.08%
1422  XP_037915176.1_lysozyme_2-like_Hermetia_illucens                                         96.40%    failed      1.98%
1423  XP_037915178.1_lysozyme_2-like_Hermetia_illucens                                         96.40%    failed      2.06%
1424  XP_037915182.1_lysozyme_2-like_Hermetia_illucens                                         96.40%    failed      2.85%
1425  XP_037915181.1_lysozyme_2-like_Hermetia_illucens                                         96.40%    failed      2.85%
1426  XP_037915184.1_lysozyme_2-like_Hermetia_illucens                                         96.40%    failed      2.85%
1427  XP_037915187.1_lysozyme_2-like_Hermetia_illucens                                         96.40%    failed      2.85%
1428  XP_037915185.1_lysozyme_2-like_Hermetia_illucens                                         96.40%    failed      2.85%
1429  XP_037915168.1_lysozyme-like_Hermetia_illucens                                           96.40%    failed      1.53%
1430  XP_037916109.1_lysozyme_2-like_Hermetia_illucens                                         95.62%    failed      1.77%
1431  XP_037917974.1_lysozyme_2-like_Hermetia_illucens                                         95.62%    failed      0.92%
1432  XP_037915174.1_lysozyme-like_Hermetia_illucens                                           96.40%    failed      1.32%
1433  XP_037916841.1_lysozyme_2-like_Hermetia_illucens                                         95.62%    failed      2.56%
1434  XP_037918653.1_lysozyme_c-1-like_Hermetia_illucens                                       95.62%    failed      0.03%
1435  XP_037915916.1_lysozyme_1-like_Hermetia_illucens                                         95.56%    passed      9.59%
1436  XP_037916066.1_lysozyme_1-like_Hermetia_illucens                                         95.59%    passed     19.92%
1437  XP_037916609.1_lysozyme_1-like_Hermetia_illucens                                         95.59%    passed     25.65%
1438  XP_037916608.1_lysozyme_1-like_Hermetia_illucens                                         95.59%    passed      9.72%
1439  XP_037916607.1_lysozyme_1-like_Hermetia_illucens                                         95.59%    failed      2.15%
1440  XP_037916382.1_lysozyme_1-like_Hermetia_illucens                                         95.59%    failed      0.22%
1441  XP_037916025.1_lysozyme-like_Hermetia_illucens                                           95.59%    passed     59.22%
1442  XP_037916134.1_lysozyme-like_Hermetia_illucens                                           95.53%    failed      2.30%
1443  XP_069673831.1_lysozyme_c-1-like_Periplaneta_americana                                   95.59%    failed      0.45%
1444  XP_069673832.1_lysozyme-like_Periplaneta_americana                                       95.37%    passed     17.19%
1445  Stomoxys_calcitrans_lysozyme_XM_013256305.2                                              95.40%    passed     23.00%
1446  Musca_domestica_lysozyme_XM_005187455.3                                                  95.37%    passed     35.42%
1447  XP_061400544.1_lysozyme_Musca_vetustissima                                               95.49%    passed     51.09%
1448  XP_053967193.1_lysozyme_Anastrepha_ludens                                                95.46%    passed     58.05%
1449  XP_054736335.1_lysozyme_Anastrepha_obliqua                                               95.46%    passed     58.05%
1450  XP_036330690.1_lysozyme_Rhagoletis_pomonella                                             95.46%    passed     46.85%
1451  XP_017477859.1_lysozyme_c-1_Rhagoletis_zephyria                                          97.53%    passed     93.60%
1452  XP_018797972.1_lysozyme_Bactrocera_latifrons                                             95.46%    passed     36.13%
1453  XP_050325208.1_lysozyme_Bactrocera_neohumeralis                                          95.46%    passed     36.13%
1454  XP_014091498.1_lysozyme_Bactrocera_oleae                                                 95.46%    passed     36.13%
1455  XP_039954366.1_lysozyme_Bactrocera_tryoni                                                95.46%    passed     36.13%
1456  XP_011196364.1_lysozyme_Zeugodacus_cucurbitae                                            95.46%    passed     31.12%
1457  XP_004526501.1_lysozyme_Ceratitis_capitata                                               95.46%    passed     41.07%
1458  XP_067631355.1_lysozyme-like_Eurosta_solidaginis                                         95.46%    passed     53.33%
1459  XP_037954117.1_lysozyme_Teleopsis_dalmanni                                               95.46%    passed     21.96%
1460  XP_034106818.1_lysozyme_Drosophila_albomicans                                            95.40%    failed      2.66%
1461  XP_060659659.1_lysozyme_Drosophila_nasuta                                                95.40%    failed      1.36%
1462  XP_034478353.1_lysozyme_Drosophila_innubila                                              95.40%    failed      1.92%
1463  XP_017866227.1_lysozyme_Drosophila_arizonae                                              95.46%    failed      1.83%
1464  XP_002004291.1_lysozyme_Drosophila_mojavensis                                            95.46%    failed      1.83%
1465  XP_017959422.1_lysozyme_Drosophila_navojoa                                               95.46%    failed      3.46%
1466  XP_023174837.1_lysozyme_Drosophila_hydei                                                 95.46%    passed      5.37%
1467  XP_064547018.1_lysozyme_Drosophila_montana                                               95.40%    failed      0.08%
1468  XP_030560216.1_lysozyme_Drosophila_novamexicana                                          95.40%    failed      0.17%
1469  XP_002059449.1_lysozyme_Drosophila_virilis                                               95.40%    failed      0.17%
1470  XP_017838967.1_lysozyme_Drosophila_busckii                                               95.46%    failed      4.04%
1471  XP_016947509.1_lysozyme_Drosophila_biarmipes                                             95.43%    failed      4.17%
1472  XP_026836644.1_lysozyme_Drosophila_erecta                                                95.43%    failed      4.17%
1473  XP_017073139.1_lysozyme_Drosophila_eugracilis                                            95.43%    failed      4.17%
1474  XP_052842477.1_lysozyme_Drosophila_gunungcola                                            95.43%    failed      4.17%
1475  XP_017025159.1_lysozyme_Drosophila_kikkawai                                              95.43%    failed      4.17%
1476  XP_016970683.2_lysozyme_Drosophila_rhopaloa                                              95.43%    failed      4.17%
1477  XP_039479985.1_lysozyme_Drosophila_santomea                                              95.43%    failed      4.17%
1478  XP_020806728.1_lysozyme_Drosophila_serrata                                               95.43%    failed      4.17%
1479  XP_037714599.1_lysozyme_Drosophila_subpulchrella                                         95.43%    failed      4.17%
1480  XP_016930277.3_lysozyme_Drosophila_suzukii                                               95.43%    failed      4.17%
1481  XP_017003308.1_lysozyme_Drosophila_takahashii                                            95.43%    failed      4.17%
1482  XP_043644129.1_lysozyme_Drosophila_teissieri                                             95.43%    failed      4.17%
1483  XP_002091651.1_lysozyme_Drosophila_yakuba                                                95.43%    failed      4.17%
1484  XP_033155058.1_lysozyme_Drosophila_mauritiana                                            95.43%    failed      4.01%
1485  XP_044778310.1_lysozyme_Drosophila_simulans                                              95.43%    failed      4.01%
1486  XP_002034721.1_lysozyme_Drosophila_sechellia                                             95.43%    passed      7.71%
1487  XP_017051137.1_lysozyme_Drosophila_ficusphila                                            95.43%    failed      2.96%
1488  XP_017093698.1_lysozyme_Drosophila_bipectinata                                           95.43%    failed      2.69%
1489  XP_017147055.2_lysozyme_Drosophila_miranda                                               95.43%    passed     11.65%
1490  XP_022228192.1_lysozyme_Drosophila_obscura                                               95.43%    passed      6.41%
1491  XP_033248133.1_lysozyme_Drosophila_miranda                                               94.81%    passed      6.09%
1492  XP_034654837.1_lysozyme_Drosophila_subobscura                                            95.40%    passed     12.37%
1493  XP_068145931.1_lysozyme_Drosophila_tropicalis                                            95.37%    passed     15.30%
1494  XP_002063048.3_lysozyme_Drosophila_willistoni                                            95.37%    passed     15.30%
1495  XP_001987569.2_lysozyme_Drosophila_grimshawi                                             95.28%    failed      0.74%
1496  XP_037888632.1_lysozyme_Glossina_fuscipes                                                95.40%    passed     22.25%
1497  XP_055916469.1_lysozyme_Eupeodes_corollae                                                95.46%    passed     28.47%
1498  XP_037909237.1_lysozyme_Hermetia_illucens                                                95.49%    passed     39.45%
1499  XP_055380258.1_lysozyme-like_Condylostylus_longicornis                                   95.49%    passed     21.07%
1500  XP_055689057.1_lysozyme_c-1_Lutzomyia_longipalpis                                        95.53%    passed     34.21%
1501  XP_059609223.1_lysozyme_c-1-like_Phlebotomus_argentipes                                  95.53%    passed     24.97%
1502  XP_055701495.1_lysozyme_c-1-like_Phlebotomus_papatasi                                    95.56%    passed     21.92%
1503  XP_026462496.1_lysozyme-like_Ctenocephalides_felis                                       95.56%    failed      3.38%
1504  XP_021696191.1_lysozyme_c-1_Aedes_aegypti                                                94.65%    failed      0.49%
1505  XP_062533531.1_lysozyme_c-1-like_Armigeres_subalbatus                                    95.56%    passed      6.17%
1506  XP_062549620.1_lysozyme_c-1-like_Armigeres_subalbatus                                    95.56%    passed      6.17%
1507  XP_062534238.1_lysozyme_c-1-like_Armigeres_subalbatus                                    95.56%    passed      7.99%
1508  XP_058464415.1_lysozyme_c-1-like_Malaya_genurostris                                      95.34%    passed      6.06%
1509  XP_053689897.1_lysozyme_c-1-like_Sabethes_cyaneus                                        95.34%    failed      1.47%
1510  XP_055538285.1_lysozyme_c-1-like_Wyeomyia_smithii                                        95.40%    passed     22.78%
1511  XP_058836343.1_lysozyme_c-1_Topomyia_yanbarensis                                         95.56%    passed      8.76%
1512  XP_055621737.1_lysozyme_c-1-like_Toxorhynchites_rutilus                                  95.37%    passed      8.92%
1513  XP_065082682.1_lysozyme_c-1-like_Ochlerotatus_camptorhynchus                             95.40%    passed     18.14%
1514  XP_055606511.1_lysozyme_c-1-like_Uranotaenia_lowii                                       95.34%    failed      2.85%
1515  XP_040154905.1_lysozyme_c-1_Anopheles_arabiensis                                         95.21%    passed     49.73%
1516  XP_040229111.2_lysozyme_c-1_Anopheles_coluzzii                                           95.21%    passed     52.16%
1517  XP_308448.3_lysozyme_c-1_Anopheles_gambiae                                               95.21%    passed     52.16%
1518  XP_041770389.1_lysozyme_c-1_Anopheles_merus                                              95.21%    passed     56.35%
1519  XP_049297870.1_lysozyme_c-1_Anopheles_funestus                                           95.28%    passed     15.63%
1520  XP_053667216.1_lysozyme_c-1-like_Anopheles_marshallii                                    95.28%    passed     10.05%
1521  XP_052898147.1_lysozyme_Anopheles_moucheti                                               95.03%    passed     20.01%
1522  XP_050075798.1_lysozyme_c-1-like_Anopheles_maculipalpis                                  95.28%    passed     19.13%
1523  XP_035918670.1_lysozyme-like_Anopheles_stephensi                                         95.28%    passed     15.17%
1524  XP_058124828.1_lysozyme_c-1-like_Anopheles_coustani                                      95.84%    passed     24.56%
1525  XP_058178765.1_lysozyme_c-1-like_Anopheles_ziemanni                                      95.03%    passed     23.60%
1526  XP_053676042.1_lysozyme_c-1-like_Anopheles_nili                                          95.28%    passed     10.59%
1527  XP_058053684.1_lysozyme_c-1-like_Anopheles_bellator                                      95.28%    failed      1.41%
1528  XP_052861425.1_lysozyme_c-1-like_Anopheles_cruzii                                        95.15%    failed      1.19%
1529  XP_063700130.1_lysozyme_c-1_Culicoides_brevitarsis                                       95.56%    failed      0.15%
1530  XP_021696195.1_lysozyme_c-1_Aedes_aegypti                                                95.43%    passed     13.52%
1531  XP_029726541.2_lysozyme_c-1_Aedes_albopictus                                             94.65%    failed      1.23%
1532  XP_062533525.1_lysozyme_c-1-like_Armigeres_subalbatus                                    95.43%    passed      8.28%
1533  XP_062534242.1_lysozyme_c-1-like_Armigeres_subalbatus                                    95.43%    passed      8.28%
1534  XP_062549617.1_lysozyme_c-1-like_Armigeres_subalbatus                                    95.43%    passed      8.28%
1535  XP_065082684.1_lysozyme_c-1-like_Ochlerotatus_camptorhynchus                             95.43%    failed      0.30%
1536  XP_039442062.1_lysozyme_c-1-like_Culex_pipiens_pallens                                   95.24%    failed      0.69%
1537  XP_058464416.1_lysozyme_c-1-like_Malaya_genurostris                                      95.40%    failed      3.94%
1538  XP_058836342.1_lysozyme_c-1-like_Topomyia_yanbarensis                                    95.40%    failed      0.46%
1539  XP_053689899.1_lysozyme_c-1-like_Sabethes_cyaneus                                        95.46%    failed      0.86%
1540  XP_055538289.1_lysozyme_c-1-like_Wyeomyia_smithii                                        95.46%    failed      0.40%
1541  XP_055621735.1_lysozyme_c-1-like_Toxorhynchites_rutilus                                  95.03%    failed      0.30%
1542  XP_055606508.1_lysozyme_c-1-like_Uranotaenia_lowii                                       95.18%    failed      1.96%
1543  XP_040154904.1_lysozyme_c-1-like_Anopheles_arabiensis                                    95.21%    failed      3.07%
1544  XP_040229110.2_lysozyme_c-1-like_Anopheles_coluzzii                                      95.21%    failed      3.07%
1545  XP_041770391.1_lysozyme_c-1-like_Anopheles_merus                                         95.21%    failed      1.83%
1546  XP_061507566.1_lysozyme_c-1-like_Anopheles_gambiae                                       94.46%    passed      6.45%
1547  XP_050075807.1_lysozyme_c-1-like_Anopheles_maculipalpis                                  95.37%    failed      4.55%
1548  XP_035909987.1_lysozyme_c-1-like_Anopheles_stephensi                                     95.37%    passed      5.94%
1549  XP_035918672.1_lysozyme_c-1-like_Anopheles_stephensi                                     95.37%    passed      7.96%
1550  XP_058053687.1_lysozyme_c-1-like_Anopheles_bellator                                      95.40%    failed      0.30%
1551  XP_052861428.1_lysozyme_c-1-like_Anopheles_cruzii                                        95.40%    failed      2.11%
1552  XP_058124827.1_lysozyme_c-1-like_Anopheles_coustani                                      95.43%    failed      0.12%
1553  XP_058178766.1_lysozyme_c-1-like_Anopheles_ziemanni                                      95.43%    failed      0.12%
1554  XP_013190977.2_lysozyme_Amyelois_transitella                                             95.53%    passed     38.74%
1555  XP_053620058.1_lysozyme-like_Plodia_interpunctella                                       95.56%    passed     12.61%
1556  XP_041971711.1_lysozyme-like_Aricia_agestis                                              95.62%    passed     32.98%
1557  XP_068624244.1_lysozyme-like_Battus_philenor                                             95.53%    passed     12.91%
1558  XP_045540156.1_lysozyme-like_Papilio_machaon                                             95.53%    passed     34.59%
1559  XP_013168776.1_lysozyme-like_Papilio_xuthus                                              95.53%    passed     20.56%
1560  XP_013138390.1_lysozyme-like_Papilio_polytes                                             94.93%    passed     13.43%
1561  XP_049881416.1_lysozyme_Pectinophora_gossypiella                                         95.46%    passed     32.19%
1562  XP_049705928.1_lysozyme_Helicoverpa_armigera                                             94.77%    passed     78.54%
1563  XP_047036709.1_lysozyme_Helicoverpa_zea                                                  95.53%    passed     72.88%
1564  XP_026735473.1_lysozyme-like_Trichoplusia_ni                                             95.53%    passed     60.40%
1565  XP_050554187.1_lysozyme_Spodoptera_frugiperda                                            94.74%    passed     28.62%
1566  XP_032521935.1_lysozyme_Danaus_plexippus                                                 95.59%    passed     16.85%
1567  XP_045454916.1_lysozyme_Melitaea_cinxia                                                  95.59%    passed     27.23%
1568  XP_050356822.1_lysozyme-like_Nymphalis_io                                                95.59%    passed     40.32%
1569  XP_047539252.1_lysozyme_Vanessa_atalanta                                                 95.59%    passed     37.44%
1570  XP_026497738.1_lysozyme_Vanessa_tameamea                                                 95.59%    passed     32.62%
1571  XP_046972516.1_lysozyme-like_Vanessa_cardui                                              95.59%    passed     53.67%
1572  XP_026316221.1_lysozyme-like_Hyposmocoma_kahamanoa                                       95.56%    passed     35.00%
1573  XP_030033032.1_lysozyme_Manduca_sexta                                                    95.53%    passed     30.62%
1574  XP_023939383.1_lysozyme-like_Bicyclus_anynana                                            95.59%    passed     22.07%
1575  XP_039745218.1_lysozyme-like_Pararge_aegeria                                             95.59%    passed     21.93%
1576  XP_034825804.2_lysozyme-like_Maniola_hyperantus                                          94.68%    passed     23.31%
1577  XP_045761809.1_lysozyme-like_Maniola_jurtina                                             94.68%    passed     51.90%
1578  XP_063373258.1_lysozyme_Cydia_amplana                                                    95.59%    passed     36.77%
1579  XP_061705520.1_lysozyme_Cydia_pomonella                                                  95.59%    passed     34.99%
1580  XP_063394194.1_lysozyme_Cydia_fagiglandana                                               95.59%    passed     50.75%
1581  XP_063630539.1_lysozyme_Cydia_splendana                                                  95.59%    passed     50.75%
1582  XP_047996973.1_lysozyme-like_Leguminivora_glycinivorella                                 95.59%    passed     32.53%
1583  XP_063543517.1_lysozyme_Cydia_strobilella                                                95.24%    passed     42.19%
1584  XP_045506999.1_lysozyme_Colias_croceus                                                   95.56%    passed     24.58%
1585  XP_038218238.1_lysozyme-like_Zerene_cesonia                                              95.56%    passed     25.03%
1586  XP_045518581.1_lysozyme-like_Pieris_brassicae                                            95.56%    passed      9.79%
1587  XP_022117864.1_lysozyme-like_Pieris_rapae                                                95.56%    passed      9.79%
1588  XP_047510279.1_lysozyme-like_Pieris_napi                                                 95.56%    passed      9.18%
1589  XP_026748575.1_lysozyme-like_Galleria_mellonella                                         95.56%    passed     38.81%
1590  XP_028158766.1_lysozyme_Ostrinia_furnacalis                                              94.62%    passed      7.28%
1591  XP_063834323.1_lysozyme_Ostrinia_nubilalis                                               95.56%    passed     12.77%
1592  XP_028030688.1_lysozyme_Bombyx_mandarina                                                 95.53%    passed     62.35%
1593  XP_062532674.1_lysozyme-like_protein_1_Bombyx_mori                                       95.12%    passed     61.78%
1594  XP_048487099.1_lysozyme_Plutella_xylostella                                              95.53%    passed      8.79%
1595  XP_066996509.2_lysozyme_Anabrus_simplex                                                  95.65%    failed      0.57%
1596  XP_023707583.1_lysozyme_Cryptotermes_secundus                                            95.65%    passed     10.91%
1597  XP_021924973.1_lysozyme-like_Zootermopsis_nevadensis                                     95.62%    failed      0.39%
1598  XP_069702532.1_lysozyme-like_Periplaneta_americana                                       95.68%    passed     29.72%
1599  XP_069702533.1_lysozyme-like_Periplaneta_americana                                       94.31%    passed      7.18%
1600  XP_067002033.2_lysozyme_Anabrus_simplex                                                  95.62%    failed      0.53%
1601  XP_023711547.1_lysozyme_Cryptotermes_secundus                                            95.49%    passed     12.73%
1602  XP_069681842.1_lysozyme-like_Periplaneta_americana                                       95.59%    failed      1.46%
1603  XP_069681844.1_lysozyme-like_Periplaneta_americana                                       95.65%    failed      2.80%
1604  XP_046999992.1_lysozyme-like_Schistocerca_americana                                      95.59%    failed      0.20%
1605  XP_049815887.1_lysozyme-like_Schistocerca_nitens                                         95.59%    failed      0.17%
1606  XP_049963021.1_lysozyme-like_Schistocerca_serialis_cubense                               95.59%    failed      0.12%
1607  XP_049831129.1_lysozyme-like_Schistocerca_gregaria                                       95.59%    failed      0.26%
1608  XP_049788087.1_lysozyme-like_Schistocerca_cancellata                                     95.59%    failed      0.66%
1609  XP_047000872.1_lysozyme-like_Schistocerca_americana                                      95.62%    failed      0.38%
1610  XP_049964251.1_lysozyme-like_Schistocerca_serialis_cubense                               95.62%    failed      0.38%
1611  XP_049815794.1_lysozyme-like_Schistocerca_nitens                                         95.62%    failed      0.16%
1612  XP_047118245.1_lysozyme-like_Schistocerca_piceifrons                                     95.62%    failed      0.11%
1613  XP_049831131.1_lysozyme-like_Schistocerca_gregaria                                       95.62%    failed      0.16%
1614  XP_049788088.1_lysozyme-like_Schistocerca_cancellata                                     95.62%    failed      0.08%
1615  XP_012258668.2_lysozyme-like_Athalia_rosae                                               95.49%    passed     30.45%
1616  XP_046752913.1_lysozyme-like_Diprion_similis                                             95.49%    passed     20.04%
1617  XP_015515023.1_lysozyme_Neodiprion_lecontei                                              95.56%    passed      9.95%
1618  XP_046492449.1_lysozyme-like_Neodiprion_pinetum                                          95.56%    passed      5.15%
1619  XP_046628276.1_lysozyme_Neodiprion_virginianus                                           95.56%    passed      9.31%
1620  XP_015597738.1_lysozyme_Cephus_cinctus                                                   95.40%    passed     97.37%
1621  XP_046385445.1_lysozyme-like_Ischnura_elegans                                            94.93%    passed     18.21%
1622  XP_055679751.1_lysozyme-like_Lutzomyia_longipalpis                                       95.09%    failed      2.47%
1623  XP_055679781.1_lysozyme-like_Lutzomyia_longipalpis                                       95.49%    passed     66.96%
1624  XP_059621308.1_lysozyme_c-1-like_Phlebotomus_argentipes                                  95.34%    failed      4.68%
1625  XP_059055439.1_lysozyme_Achroia_grisella                                                 95.62%    passed     42.19%
1626  XP_026755257.1_lysozyme_Galleria_mellonella                                              95.59%    passed     42.70%
1627  XP_052756229.1_lysozyme_Galleria_mellonella                                              95.59%    passed     42.70%
1628  XP_026750267.2_lysozyme-like_Galleria_mellonella                                         95.59%    passed     73.28%
1629  XP_059055429.1_lysozyme-like_Achroia_grisella                                            95.59%    passed     26.07%
1630  XP_013196660.1_lysozyme_Amyelois_transitella                                             95.68%    passed     39.90%
1631  XP_053612493.1_lysozyme-like_Plodia_interpunctella                                       95.65%    passed     10.13%
1632  XP_049696526.1_lysozyme_Helicoverpa_armigera                                             95.56%    passed     17.31%
1633  XP_047019592.1_lysozyme-like_Helicoverpa_zea                                             95.56%    passed     17.31%
1634  XP_035434307.1_lysozyme-like_Spodoptera_frugiperda                                       95.59%    passed     42.69%
1635  XP_022814852.1_lysozyme-like_Spodoptera_litura                                           95.59%    passed     38.12%
1636  XP_026732891.1_lysozyme_Trichoplusia_ni                                                  95.59%    passed     55.05%
1637  XP_063364906.1_lysozyme-like_Cydia_amplana                                               95.71%    passed     72.24%
1638  XP_061729744.1_lysozyme-like_Cydia_pomonella                                             95.71%    passed     58.21%
1639  XP_063379287.1_lysozyme-like_Cydia_fagiglandana                                          95.62%    passed     82.61%
1640  XP_063619140.1_lysozyme-like_Cydia_splendana                                             95.62%    passed     70.36%
1641  XP_047985978.1_lysozyme-like_Leguminivora_glycinivorella                                 95.68%    passed     36.15%
1642  XP_047993532.1_lysozyme-like_Leguminivora_glycinivorella                                 95.68%    passed     52.23%
1643  XP_041988125.1_lysozyme-like_Aricia_agestis                                              95.68%    passed     78.05%
1644  XP_068632958.1_lysozyme-like_Battus_philenor                                             95.68%    passed     45.34%
1645  XP_014369280.1_lysozyme_Papilio_machaon                                                  95.68%    passed     39.36%
1646  XP_013149253.1_lysozyme-like_Papilio_polytes                                             95.68%    passed     36.75%
1647  XP_013181578.1_lysozyme-like_Papilio_xuthus                                              95.21%    passed     39.63%
1648  XP_023955128.1_lysozyme_Bicyclus_anynana                                                 95.65%    passed     52.35%
1649  XP_045447626.1_lysozyme-like_Melitaea_cinxia                                             95.68%    passed     23.16%
1650  XP_050346632.1_lysozyme-like_Nymphalis_io                                                95.65%    passed     36.23%
1651  XP_047530675.1_lysozyme-like_Vanessa_atalanta                                            95.65%    passed     36.63%
1652  XP_046962766.1_lysozyme-like_Vanessa_cardui                                              95.65%    passed     45.48%
1653  XP_034826897.1_lysozyme-like_Maniola_hyperantus                                          95.62%    passed     49.58%
1654  XP_045768363.1_lysozyme-like_Maniola_jurtina                                             95.62%    passed     21.11%
1655  XP_045495178.1_lysozyme-like_Colias_croceus                                              95.65%    passed     61.58%
1656  XP_038214848.1_lysozyme-like_Zerene_cesonia                                              95.65%    passed     43.62%
1657  XP_050668783.1_lysozyme-like_Leptidea_sinapis                                            95.65%    passed     71.01%
1658  XP_032515409.2_lysozyme-like_Danaus_plexippus                                            95.65%    passed     41.28%
1659  XP_045515842.1_lysozyme-like_Pieris_brassicae                                            95.68%    passed     16.16%
1660  XP_022123937.1_lysozyme_Pieris_rapae                                                     95.68%    passed     24.80%
1661  XP_047507076.1_lysozyme-like_Pieris_napi                                                 95.68%    passed     34.22%
1662  XP_039751588.1_lysozyme-like_Pararge_aegeria                                             95.62%    passed     10.31%
1663  XP_030024172.2_lysozyme_Manduca_sexta                                                    94.87%    passed     55.81%
1664  XP_037298374.1_lysozyme-like_Manduca_sexta                                               95.65%    passed     39.92%
1665  XP_037302755.1_lysozyme-like_Manduca_sexta                                               95.65%    passed     39.92%
1666  XP_037301412.1_lysozyme_Manduca_sexta                                                    95.65%    failed      0.00%
1667  XP_037298387.1_lysozyme-like_Manduca_sexta                                               95.65%    failed      0.00%
1668  XP_068632297.1_lysozyme-like_Battus_philenor                                             95.68%    passed     93.50%
1669  XP_068632330.1_lysozyme-like_Battus_philenor                                             95.59%    passed     19.39%
1670  XP_014369273.2_lysozyme_Papilio_machaon                                                  95.49%    passed     25.85%
1671  XP_013180573.1_lysozyme-like_partial_Papilio_xuthus                                      95.93%    passed     19.52%
1672  XP_013149146.1_lysozyme-like_Papilio_polytes                                             95.59%    passed     21.97%
1673  XP_013149147.1_lysozyme-like_Papilio_polytes                                             95.65%    passed     59.60%
1674  XP_068632596.1_lysozyme-like_Battus_philenor                                             95.59%    passed     39.50%
1675  XP_045534718.1_lysozyme_Papilio_machaon                                                  95.65%    passed     55.65%
1676  XP_013149139.1_lysozyme-like_Papilio_polytes                                             95.65%    passed     14.31%
1677  XP_028030251.1_lysozyme_Bombyx_mandarina                                                 95.71%    passed     46.65%
1678  P48816.1_RecName__Full_Lysozyme                                                          95.71%    passed     46.65%
1679  XP_049868494.1_lysozyme-like_Pectinophora_gossypiella                                    95.65%    passed     53.62%
1680  XP_049868495.1_lysozyme-like_Pectinophora_gossypiella                                    95.65%    passed     74.35%
1681  XP_034826899.1_lysozyme-like_Maniola_hyperantus                                          95.68%    passed      6.94%
1682  XP_034826898.1_lysozyme-like_Maniola_hyperantus                                          95.68%    failed      4.73%
1683  XP_045768125.1_lysozyme-like_Maniola_jurtina                                             95.68%    failed      0.04%
1684  XP_028169326.1_lysozyme-like_Ostrinia_furnacalis                                         95.62%    passed     95.35%
1685  XP_063823050.1_lysozyme-like_Ostrinia_nubilalis                                          95.62%    passed     95.35%
1686  XP_011551067.3_lysozyme_Plutella_xylostella                                              95.62%    passed     14.94%
1687  XP_068632463.1_lysozyme-like_Battus_philenor                                             95.71%    passed     16.93%
1688  XP_045534717.1_lysozyme-like_Papilio_machaon                                             95.62%    passed     19.45%
1689  XP_013149152.1_lysozyme-like_Papilio_polytes                                             95.62%    failed      1.82%
1690  XP_049696527.2_lysozyme_Helicoverpa_armigera                                             95.65%    passed     87.66%
1691  XP_047019562.1_lysozyme-like_Helicoverpa_zea                                             95.65%    passed     76.46%
1692  XP_035433980.2_lysozyme-like_Spodoptera_frugiperda                                       95.62%    passed     18.46%
1693  XP_022814833.1_lysozyme-like_Spodoptera_litura                                           95.62%    passed     58.87%
1694  XP_026471188.1_lysozyme-like_Ctenocephalides_felis                                       95.68%    passed     43.24%
1695  XP_026472235.1_lysozyme-like_Ctenocephalides_felis                                       95.68%    passed     39.69%
1696  XP_026471312.1_lysozyme-like_Ctenocephalides_felis                                       95.68%    passed     16.78%
1697  XP_026471311.1_lysozyme-like_Ctenocephalides_felis                                       95.68%    passed     29.79%
1698  XP_045495179.1_lysozyme-like_Colias_croceus                                              95.62%    passed     77.38%
1699  XP_038214847.1_lysozyme-like_Zerene_cesonia                                              95.62%    passed     94.03%
1700  XP_047507357.1_lysozyme-like_Pieris_napi                                                 95.71%    passed     66.35%
1701  XP_022123928.2_lysozyme_Pieris_rapae                                                     95.71%    passed     32.08%
1702  XP_063364914.1_lysozyme-like_Cydia_amplana                                               95.68%    passed     11.72%
1703  XP_063628351.1_lysozyme-like_Cydia_splendana                                             95.68%    passed      9.33%
1704  XP_063377699.1_lysozyme-like_Cydia_fagiglandana                                          95.68%    passed      8.72%
1705  XP_063364926.1_lysozyme-like_Cydia_amplana                                               95.68%    passed     10.62%
1706  XP_063628462.1_lysozyme-like_Cydia_splendana                                             95.68%    passed     15.10%
1707  XP_047992391.1_lysozyme-like_Leguminivora_glycinivorella                                 95.68%    failed      4.53%
1708  XP_061729742.1_lysozyme-like_Cydia_pomonella                                             95.65%    passed     20.39%
1709  XP_047990122.1_lysozyme-like_Leguminivora_glycinivorella                                 95.68%    passed      7.42%
1710  XP_013193987.2_lysozyme-like_Amyelois_transitella                                        95.56%    passed     32.59%
1711  XP_053605608.1_lysozyme-like_Plodia_interpunctella                                       95.46%    passed     45.25%
1712  XP_049693234.2_lysozyme_Helicoverpa_armigera                                             95.65%    passed     32.08%
1713  XP_047026248.1_lysozyme-like_Helicoverpa_zea                                             95.65%    passed     53.50%
1714  XP_035441310.1_lysozyme_Spodoptera_frugiperda                                            95.65%    passed     66.48%
1715  XP_022834886.1_lysozyme-like_Spodoptera_litura                                           95.65%    passed     61.70%
1716  XP_026731948.1_lysozyme-like_Trichoplusia_ni                                             95.65%    passed     18.01%
1717  XP_028166301.1_lysozyme-like_Ostrinia_furnacalis                                         95.53%    passed     30.37%
1718  XP_063827039.1_lysozyme-like_Ostrinia_nubilalis                                          95.53%    passed     25.59%
1719  XP_063242984.1_lysozyme-like_Bacillus_rossius_redtenbacheri                              95.40%    failed      3.93%
1720  XP_026318553.1_lysozyme-like_Hyposmocoma_kahamanoa                                       95.71%    passed     55.94%
1721  XP_014244232.1_lysozyme-like_Cimex_lectularius                                           95.59%    failed      0.52%
1722  XP_046999665.1_lysozyme-like_Schistocerca_americana                                      95.59%    passed      7.16%
1723  XP_049963043.1_lysozyme-like_Schistocerca_serialis_cubense                               95.59%    passed     16.49%
1724  XP_049830396.1_lysozyme-like_Schistocerca_gregaria                                       95.59%    failed      3.87%
1725  XP_049815028.1_lysozyme-like_Schistocerca_nitens                                         95.59%    failed      2.06%
1726  XP_047118741.1_lysozyme-like_Schistocerca_piceifrons                                     95.59%    failed      4.42%
1727  XP_049788122.1_lysozyme-like_Schistocerca_cancellata                                     95.59%    passed      8.97%
1728  XP_046999664.1_lysozyme-like_Schistocerca_americana                                      95.59%    passed     26.56%
1729  XP_049815027.1_lysozyme-like_Schistocerca_nitens                                         95.59%    passed     13.14%
1730  XP_047117814.1_lysozyme_c-1-like_Schistocerca_piceifrons                                 95.59%    passed     16.55%
1731  XP_049963042.1_lysozyme-like_Schistocerca_serialis_cubense                               95.59%    passed     25.10%
1732  XP_021699294.1_lysozyme-like_Aedes_aegypti                                               95.37%    failed      0.00%
1733  XP_029735634.2_lysozyme_Aedes_albopictus                                                 95.34%    failed      0.08%
1734  XP_021699295.1_lysozyme-like_Aedes_aegypti                                               95.37%    failed      0.00%
1735  XP_019560056.3_lysozyme_Aedes_albopictus                                                 95.37%    failed      0.06%
1736  XP_062534056.1_lysozyme-like_Armigeres_subalbatus                                        95.34%    failed      0.02%
1737  XP_065080660.1_lysozyme-like_Ochlerotatus_camptorhynchus                                 95.28%    failed      0.09%
1738  XP_055619622.1_lysozyme-like_Toxorhynchites_rutilus                                      95.40%    failed      0.01%
1739  XP_055602141.1_lysozyme-like_Uranotaenia_lowii                                           95.53%    failed      0.12%
1740  XP_055602142.1_lysozyme-like_Uranotaenia_lowii                                           95.56%    failed      0.10%
1741  XP_039437504.1_lysozyme_c-1-like_Culex_pipiens_pallens                                   95.37%    failed      0.66%
1742  XP_001847112.1_lysozyme_c-1_Culex_quinquefasciatus                                       95.37%    failed      0.58%
1743  XP_058456243.1_lysozyme-like_Malaya_genurostris                                          95.40%    failed      0.00%
1744  XP_058837208.1_lysozyme-like_Topomyia_yanbarensis                                        95.40%    failed      0.06%
1745  XP_055529484.1_lysozyme-like_Wyeomyia_smithii                                            95.31%    passed      5.69%
1746  XP_055608009.1_lysozyme_c-1-like_Uranotaenia_lowii                                       95.49%    failed      0.67%
1747  XP_035791660.1_lysozyme_c-1-like_Anopheles_albimanus                                     95.59%    passed      6.43%
1748  XP_050095280.1_lysozyme_c-1-like_Anopheles_aquasalis                                     95.53%    passed      5.39%
1749  XP_049541918.1_lysozyme_c-1-like_Anopheles_darlingi                                      95.53%    passed      6.20%
1750  XP_040160488.1_lysozyme_c-1_Anopheles_arabiensis                                         95.62%    failed      0.06%
1751  XP_040219422.2_lysozyme_c-1_Anopheles_coluzzii                                           95.59%    failed      0.14%
1752  XP_041773894.1_lysozyme_c-1_Anopheles_merus                                              95.62%    failed      0.04%
1753  XP_053661911.1_lysozyme_c-1_Anopheles_marshallii                                         95.62%    failed      0.10%
1754  XP_052899308.1_lysozyme_c-1_Anopheles_moucheti                                           95.62%    failed      1.16%
1755  XP_049297859.1_lysozyme_c-1-like_Anopheles_funestus                                      95.62%    failed      0.42%
1756  XP_050075833.1_lysozyme_c-1_Anopheles_maculipalpis                                       95.59%    failed      0.07%
1757  XP_035908483.1_lysozyme_c-1_Anopheles_stephensi                                          95.59%    failed      0.03%
1758  XP_052899309.1_lysozyme_c-1-like_Anopheles_moucheti                                      95.62%    passed      6.88%
1759  XP_058124699.1_lysozyme_c-1-like_Anopheles_coustani                                      95.62%    failed      2.08%
1760  XP_058176143.1_lysozyme_c-1-like_Anopheles_ziemanni                                      95.62%    failed      2.08%
1761  XP_058124700.1_lysozyme_c-1-like_Anopheles_coustani                                      95.62%    failed      0.17%
1762  XP_058176132.1_lysozyme_c-1-like_Anopheles_ziemanni                                      95.62%    failed      0.17%
1763  XP_053675128.1_lysozyme_c-1-like_Anopheles_nili                                          95.59%    failed      0.02%
1764  XP_058053456.1_lysozyme_c-1-like_Anopheles_bellator                                      95.62%    failed      4.97%
1765  XP_052860690.1_lysozyme_c-1-like_Anopheles_cruzii                                        95.62%    failed      3.83%
1766  XP_040160490.1_lysozyme_c-1-like_Anopheles_arabiensis                                    95.62%    passed     79.18%
1767  XP_061496669.1_lysozyme_c-1-like_Anopheles_gambiae                                       95.62%    passed     74.85%
1768  XP_040219419.2_lysozyme_c-1-like_Anopheles_coluzzii                                      94.46%    passed     34.41%
1769  XP_050075897.1_lysozyme_c-1-like_Anopheles_maculipalpis                                  95.62%    passed     25.61%
1770  XP_053661912.1_lysozyme_c-1-like_Anopheles_marshallii                                    95.62%    passed     22.02%
1771  XP_058064248.1_lysozyme_c-1-like_Anopheles_bellator                                      95.68%    passed     15.06%
1772  XP_049541919.1_lysozyme_c-1-like_Anopheles_darlingi                                      95.59%    passed     39.58%
1773  XP_053674624.1_lysozyme_c-1-like_Anopheles_nili                                          95.49%    passed      6.82%
1774  XP_019562191.1_lysozyme_Aedes_albopictus                                                 95.49%    failed      1.34%
1775  XP_062550871.1_lysozyme-like_Armigeres_subalbatus                                        95.53%    failed      0.15%
1776  XP_062558375.1_lysozyme-like_Armigeres_subalbatus                                        95.49%    failed      0.00%
1777  XP_065082770.1_lysozyme-like_Ochlerotatus_camptorhynchus                                 95.43%    failed      0.13%
1778  XP_053684417.1_lysozyme-like_Sabethes_cyaneus                                            95.15%    passed     13.30%
1779  XP_055532641.1_lysozyme-like_Wyeomyia_smithii                                            95.46%    passed     15.67%
1780  XP_058456245.1_lysozyme-like_Malaya_genurostris                                          95.49%    passed      6.61%
1781  XP_058456244.1_lysozyme-like_Malaya_genurostris                                          95.49%    failed      2.08%
1782  XP_058837211.1_lysozyme_c-1-like_Topomyia_yanbarensis                                    95.49%    failed      0.34%
1783  XP_058837210.1_lysozyme-like_Topomyia_yanbarensis                                        95.49%    failed      0.07%
1784  XP_058456246.1_lysozyme-like_Malaya_genurostris                                          95.49%    failed      0.27%
1785  XP_053689352.1_lysozyme-like_Sabethes_cyaneus                                            95.43%    failed      0.94%
1786  XP_055529486.1_lysozyme-like_Wyeomyia_smithii                                            95.43%    failed      0.18%
1787  XP_055619623.1_lysozyme-like_Toxorhynchites_rutilus                                      95.43%    passed     15.52%
1788  Calliphora_vicina_lysozyme-like_XM_065513499.1                                           94.62%    passed      8.11%
1789  Calliphora_vomitoria_LysCX1                                                              94.56%    failed      4.34%
1790  Bellardia_pandia_LysCX1                                                                  94.52%    failed      1.76%
1791  Bellardia_bayeri_LysCX1                                                                  94.52%    failed      2.84%
1792  Lucilia_sericata_lysozyme-like_X1_XM_037964714.1                                         94.46%    failed      1.89%
1793  Lucilia_cuprina_lysozyme-like_X1_XM_046953569.1                                          94.46%    failed      2.09%
1794  Protophormia_terraenovae_LysCX1                                                          94.46%    failed      0.77%
1795  Protocalliphora_azurea_LysCX1                                                            94.46%    failed      0.23%
1796  Phormia_regina_LysCX1                                                                    94.65%    failed      2.27%
1797  Cochliomyia_hominivoraxUS_LysCX1                                                         94.46%    failed      0.38%
1798  Chrysomya_rufifacies_LysCX1                                                              94.74%    failed      0.30%
1799  Chrysomya_megacephala_LysCX1                                                             94.65%    failed      0.17%
1800  Paykullia_maculata_LysCX1                                                                94.59%    failed      0.90%
1801  Melanophora_roralis_LysCX1                                                               94.52%    failed      0.62%
1802  Phyto_melanocephala_LysCX1                                                               94.46%    failed      0.03%
1803  Stomorhina_lunata_LysCX1                                                                 94.59%    failed      0.02%
1804  XP_037888630.1_lysozyme_c-1_Glossina_fuscipes                                            94.68%    failed      0.63%
1805  Stomoxys_calcitrans_lysozyme_c-1_X1_XM_013256299.2                                       94.37%    failed      1.11%
1806  Musca_domestica_lysozyme_c-1_X1_XM_005187448.4                                           94.46%    failed      2.81%
1807  Musca_domestica_lysozyme-like_XM_005187451.4                                             94.90%    failed      4.28%
1808  XP_061400555.1_lysozyme-like_Musca_vetustissima                                          94.93%    passed     10.20%
1809  XP_061400554.1_lysozyme_c-1-like_Musca_vetustissima                                      92.15%    failed      0.01%
1810  XP_053967191.1_lysozyme_c-1_Anastrepha_ludens                                            94.62%    failed      4.69%
1811  XP_054736333.1_lysozyme_c-1_Anastrepha_obliqua                                           94.62%    failed      4.12%
1812  XP_036330683.1_lysozyme_c-1-like_Rhagoletis_pomonella                                    92.49%    failed      2.01%
1813  XP_017477852.1_lysozyme-like_Rhagoletis_zephyria                                         92.96%    failed      3.59%
1814  XP_049308563.1_lysozyme_c-1_Bactrocera_dorsalis                                          94.71%    failed      0.17%
1815  XP_050325206.1_lysozyme_c-1-like_Bactrocera_neohumeralis                                 94.71%    failed      0.91%
1816  XP_039954364.1_lysozyme_c-1-like_Bactrocera_tryoni                                       94.71%    failed      0.91%
1817  XP_069964618.1_lysozyme_c-1_Bactrocera_oleae                                             94.81%    failed      4.55%
1818  XP_012157829.1_lysozyme_Ceratitis_capitata                                               95.28%    passed     20.17%
1819  XP_049308567.1_lysozyme-like_Bactrocera_dorsalis                                         95.34%    failed      0.04%
1820  XP_011196361.2_lysozyme_c-1_Zeugodacus_cucurbitae                                        94.84%    passed      9.44%
1821  XP_018797970.1_lysozyme_c-1_Bactrocera_latifrons                                         94.49%    failed      1.60%
1822  XP_067634146.1_lysozyme-like_Eurosta_solidaginis                                         94.62%    failed      2.86%
1823  XP_055839271.1_lysozyme-like_Episyrphus_balteatus                                        95.37%    passed      9.02%
1824  XP_055916468.1_lysozyme-like_Eupeodes_corollae                                           95.37%    failed      1.89%
1825  XP_055916465.1_lysozyme-like_Eupeodes_corollae                                           93.84%    failed      0.30%
1826  XP_034098467.1_lysozyme_Drosophila_albomicans                                            95.49%    failed      1.19%
1827  XP_060661850.1_lysozyme_Drosophila_nasuta                                                95.49%    failed      0.74%
1828  XP_034489877.1_lysozyme_Drosophila_innubila                                              95.46%    failed      1.49%
1829  XP_017872191.1_lysozyme_Drosophila_arizonae                                              93.49%    failed      0.00%
1830  XP_017965911.1_lysozyme_Drosophila_navojoa                                               95.43%    failed      0.20%
1831  XP_002010180.2_lysozyme_Drosophila_mojavensis                                            94.21%    failed      0.00%
1832  XP_064537001.1_lysozyme_Drosophila_montana                                               95.43%    failed      0.25%
1833  XP_002055697.1_lysozyme_Drosophila_virilis                                               95.43%    failed      0.24%
1834  XP_023167983.2_lysozyme_Drosophila_hydei                                                 95.49%    failed      0.15%
1835  XP_017851115.1_lysozyme_Drosophila_busckii                                               95.31%    failed      1.86%
1836  XP_017156356.1_lysozyme_Drosophila_miranda                                               95.34%    failed      0.01%
1837  XP_002022966.1_lysozyme_Drosophila_persimilis                                            95.34%    failed      0.05%
1838  XP_034650864.1_lysozyme_Drosophila_subobscura                                            95.37%    failed      0.00%
1839  XP_001963772.2_lysozyme_Drosophila_ananassae                                             94.99%    failed      0.28%
1840  XP_017093113.2_lysozyme_Drosophila_bipectinata                                           94.99%    failed      0.08%
1841  XP_016949407.1_lysozyme_Drosophila_biarmipes                                             95.24%    failed      0.01%
1842  XP_037726546.1_lysozyme_Drosophila_subpulchrella                                         95.24%    failed      0.06%
1843  XP_016937236.1_lysozyme_Drosophila_suzukii                                               95.31%    failed      0.03%
1844  XP_017064719.1_lysozyme_Drosophila_eugracilis                                            95.24%    failed      0.04%
1845  XP_016982455.1_lysozyme_Drosophila_rhopaloa                                              95.31%    failed      0.13%
1846  XP_001976965.2_lysozyme_Drosophila_erecta                                                95.24%    failed      0.09%
1847  XP_033169434.1_lysozyme_Drosophila_mauritiana                                            95.24%    failed      0.23%
1848  XP_002036915.1_lysozyme_Drosophila_sechellia                                             95.24%    failed      0.18%
1849  XP_016038182.1_lysozyme_Drosophila_simulans                                              95.24%    failed      0.18%
1850  XP_043659063.1_lysozyme_Drosophila_teissieri                                             95.24%    failed      0.04%
1851  XP_002100010.1_lysozyme_Drosophila_yakuba                                                95.24%    failed      0.03%
1852  XP_017112668.1_lysozyme_Drosophila_elegans                                               95.31%    failed      0.01%
1853  XP_052856741.1_lysozyme_Drosophila_gunungcola                                            95.31%    failed      0.03%
1854  XP_016993558.2_lysozyme_Drosophila_takahashii                                            95.28%    failed      0.29%
1855  XP_017024268.1_lysozyme_Drosophila_kikkawai                                              95.18%    failed      0.53%
1856  XP_020806163.1_lysozyme_Drosophila_serrata                                               95.24%    failed      0.01%
1857  XP_068151063.1_lysozyme_Drosophila_tropicalis                                            95.37%    passed      8.25%
1858  XP_030382242.1_lysozyme_Scaptodrosophila_lebanonensis                                    95.31%    failed      3.81%
1859  XP_051861666.1_lysozyme_c-1_Drosophila_albomicans                                        94.71%    failed      2.59%
1860  XP_060659658.1_lysozyme_Drosophila_nasuta                                                94.71%    failed      2.67%
1861  XP_062136511.1_lysozyme_Drosophila_sulfurigaster_albostrigata                            94.71%    failed      1.30%
1862  XP_034478351.1_lysozyme_Drosophila_innubila                                              95.18%    failed      0.56%
1863  XP_017866225.1_lysozyme_Drosophila_arizonae                                              94.99%    failed      1.21%
1864  XP_032585859.1_lysozyme_Drosophila_mojavensis                                            94.99%    failed      2.35%
1865  XP_017959420.1_lysozyme_Drosophila_navojoa                                               94.99%    failed      1.18%
1866  XP_023174836.1_lysozyme_Drosophila_hydei                                                 94.99%    failed      0.12%
1867  XP_064547012.1_lysozyme_Drosophila_montana                                               94.77%    passed      8.53%
1868  XP_030560214.1_lysozyme_Drosophila_novamexicana                                          94.87%    passed      5.11%
1869  XP_070066291.1_lysozyme_Drosophila_virilis                                               94.87%    failed      3.53%
1870  XP_001987568.1_lysozyme_Drosophila_grimshawi                                             94.71%    failed      0.87%
1871  XP_016947508.1_lysozyme_c-1_Drosophila_biarmipes                                         94.93%    passed     10.08%
1872  XP_016989441.1_lysozyme_Drosophila_rhopaloa                                              93.40%    failed      0.70%
1873  XP_037714597.1_lysozyme_Drosophila_subpulchrella                                         94.12%    failed      0.55%
1874  XP_070851204.1_lysozyme_Drosophila_suzukii                                               94.90%    failed      3.06%
1875  XP_001974941.1_lysozyme_c-1_Drosophila_erecta                                            94.40%    passed      5.89%
1876  XP_033155056.1_lysozyme_c-1_Drosophila_mauritiana                                        94.40%    passed      6.63%
1877  XP_002034720.1_lysozyme_c-1_Drosophila_sechellia                                         94.40%    passed      8.65%
1878  XP_002082364.1_lysozyme_c-1_Drosophila_simulans                                          94.40%    passed      7.01%
1879  XP_002091652.1_lysozyme_c-1_Drosophila_yakuba                                            94.40%    passed     26.24%
1880  XP_041673553.1_lysozyme_Drosophila_eugracilis                                            94.90%    passed      8.71%
1881  XP_017051135.1_lysozyme_Drosophila_ficusphila                                            94.31%    passed      7.30%
1882  XP_043644128.1_lysozyme_Drosophila_teissieri                                             94.40%    passed     12.21%
1883  XP_017025158.1_lysozyme_c-1_Drosophila_kikkawai                                          94.90%    failed      0.88%
1884  XP_020806726.1_lysozyme_Drosophila_serrata                                               95.12%    failed      0.76%
1885  XP_017126414.1_lysozyme_Drosophila_elegans                                               94.90%    passed      5.54%
1886  XP_052842474.1_lysozyme_Drosophila_gunungcola                                            94.90%    failed      1.89%
1887  XP_017093697.1_lysozyme_Drosophila_bipectinata                                           94.90%    failed      4.33%
1888  XP_017147057.1_lysozyme_Drosophila_miranda                                               94.46%    failed      3.83%
1889  XP_033250630.1_lysozyme-like_Drosophila_miranda                                          94.90%    passed     20.70%
1890  XP_022228190.2_lysozyme_Drosophila_obscura                                               94.21%    failed      0.43%
1891  XP_002063047.1_lysozyme_Drosophila_willistoni                                            94.96%    failed      1.70%
1892  XP_030368952.1_lysozyme_Scaptodrosophila_lebanonensis                                    94.31%    failed      0.81%
1893  XP_037954115.1_lysozyme_c-1_Teleopsis_dalmanni                                           95.06%    passed      5.96%
1894  XP_011059716.1_lysozyme-like_Acromyrmex_echinatior                                       94.49%    passed     38.68%
1895  XP_018368558.1_lysozyme-like_Trachymyrmex_cornetzi                                       95.09%    failed      1.81%
1896  XP_011638242.1_lysozyme-like_Pogonomyrmex_barbatus                                       94.87%    failed      1.64%
1897  XP_024879484.1_lysozyme-like_Temnothorax_curvispinosus                                   94.90%    passed     23.49%
1898  XP_011700449.1_lysozyme_c-1-like_Wasmannia_auropunctata                                  94.90%    passed     22.16%
1899  XP_011862258.1_lysozyme-like_Vollenhovia_emeryi                                          94.84%    passed     10.47%
1900  XP_011164763.2_lysozyme_Solenopsis_invicta                                               94.65%    failed      1.12%
1901  XP_011262282.2_lysozyme_Camponotus_floridanus                                            94.93%    failed      0.63%
1902  XP_019882636.2_lysozyme_Camponotus_floridanus                                            94.93%    failed      0.11%
1903  XP_050451186.1_lysozyme-like_Cataglyphis_hispanica                                       94.99%    failed      2.46%
1904  XP_029659494.1_lysozyme-like_Formica_exsecta                                             94.99%    failed      0.94%
1905  XP_014474328.1_lysozyme_c-1-like_Dinoponera_quadriceps                                   94.77%    failed      2.68%
1906  XP_011153257.1_lysozyme_c-1_Harpegnathos_saltator                                        95.18%    passed     19.30%
1907  XP_032675511.1_lysozyme_Odontomachus_brunneus                                            95.34%    passed     25.72%
1908  XP_029163827.1_lysozyme_c-1-like_Nylanderia_fulva                                        94.90%    passed      7.31%
1909  XP_061939765.1_lysozyme-like_Apis_cerana                                                 95.12%    passed     23.58%
1910  XP_031371038.1_lysozyme-like_Apis_dorsata                                                95.12%    passed     21.73%
1911  XP_012340510.2_lysozyme-like_Apis_florea                                                 95.18%    passed     28.86%
1912  XP_050591379.1_lysozyme-like_Bombus_affinis                                              95.15%    passed      8.74%
1913  XP_012170668.1_lysozyme_Bombus_terrestris                                                95.15%    passed      8.74%
1914  XP_033318970.1_lysozyme_Bombus_bifarius                                                  95.15%    passed      5.16%
1915  XP_068980378.1_lysozyme_Bombus_flavifrons                                                95.15%    passed      5.16%
1916  XP_003487633.1_lysozyme_Bombus_impatiens                                                 95.15%    passed      5.16%
1917  XP_043597176.1_lysozyme-like_Bombus_pyrosoma                                             95.15%    passed      5.16%
1918  XP_033182860.1_lysozyme_Bombus_vancouverensis_nearcticus                                 95.15%    passed      5.16%
1919  XP_060823703.1_lysozyme_Bombus_pascuorum                                                 95.15%    passed      7.41%
1920  XP_043528454.1_lysozyme-like_Frieseomelitta_varia                                        95.12%    failed      0.15%
1921  XP_017766557.1_lysozyme-like_Eufriesea_mexicana                                          95.40%    passed     21.00%
1922  XP_017788975.1_lysozyme-like_Habropoda_laboriosa                                         94.99%    passed      9.85%
1923  XP_003704205.1_lysozyme_c-1-like_Megachile_rotundata                                     95.43%    failed      4.07%
1924  XP_029036119.2_lysozyme-like_Osmia_bicornis_bicornis                                     95.40%    failed      0.49%
1925  XP_034178793.1_lysozyme-like_Osmia_lignaria                                              95.40%    failed      0.97%
1926  XP_031371039.1_lysozyme_c-1-like_Apis_dorsata                                            95.56%    failed      1.59%
1927  XP_012340511.1_lysozyme_c-1-like_Apis_florea                                             95.56%    failed      1.64%
1928  XP_026300526.1_lysozyme_Apis_mellifera                                                   95.53%    failed      0.19%
1929  XP_043257523.1_lysozyme-like_Colletes_gigas                                              95.53%    passed     55.85%
1930  XP_015432353.1_lysozyme-like_Dufourea_novaeangliae                                       95.46%    passed     25.98%
1931  XP_054010278.1_lysozyme-like_Hylaeus_anthracinus                                         95.53%    passed     65.81%
1932  XP_054010282.1_lysozyme-like_Hylaeus_anthracinus                                         95.53%    passed     65.81%
1933  XP_053982467.1_lysozyme-like_Hylaeus_volcanicus                                          93.68%    failed      2.00%
1934  XP_031827757.1_lysozyme_c-1-like_Nomia_melanderi                                         95.28%    passed     59.67%
1935  XP_043257522.1_lysozyme-like_Colletes_gigas                                              95.49%    failed      4.63%
1936  XP_054010281.1_lysozyme_c-1-like_Hylaeus_anthracinus                                     95.40%    passed      8.62%
1937  XP_053982468.1_lysozyme_c-1-like_Hylaeus_volcanicus                                      95.40%    passed     11.89%
1938  XP_012278512.1_lysozyme_c-1-like_Orussus_abietinus                                       95.46%    passed      7.46%
1939  XP_043284525.1_lysozyme_c-1-like_Venturia_canescens                                      95.28%    failed      1.68%
1940  XP_012227980.1_lysozyme-like_Linepithema_humile                                          95.09%    failed      1.47%
1941  XP_026826375.1_lysozyme_c-1-like_Ooceraea_biroi                                          94.68%    failed      2.04%
1942  XP_018374442.1_lysozyme-like_Trachymyrmex_cornetzi                                       95.12%    passed     95.39%
1943  XP_015599045.1_lysozyme_Cephus_cinctus                                                   95.56%    passed     11.48%
1944  XP_014611336.1_lysozyme_c-1-like_Polistes_canadensis                                     95.09%    failed      0.18%
1945  XP_043492430.1_lysozyme-like_Polistes_fuscatus                                           95.12%    failed      0.67%
1946  XP_015176527.1_lysozyme_c-1-like_Polistes_dominula                                       95.03%    failed      0.05%
1947  XP_046838029.1_lysozyme_c-1-like_Vespa_crabro                                            95.34%    failed      0.71%
1948  XP_035717751.1_lysozyme_c-1-like_Vespa_mandarinia                                        95.31%    failed      0.61%
1949  XP_047345390.1_lysozyme_c-1-like_Vespa_velutina                                          95.31%    failed      0.33%
1950  XP_043663732.1_lysozyme_c-1-like_Vespula_pensylvanica                                    95.34%    failed      1.51%
1951  XP_050845269.1_lysozyme_c-1-like_Vespula_vulgaris                                        95.40%    failed      1.04%
1952  XP_066583186.1_lysozyme-like_Prorops_nasuta                                              95.09%    passed     28.08%
1953  XP_017893366.1_lysozyme_c-1-like_Ceratina_calcarata                                      94.99%    failed      0.42%
1954  XP_033209343.1_lysozyme_c-1-like_Belonocnema_kinseyi                                     95.03%    passed      8.34%
1955  XP_043473453.1_lysozyme_c-1-like_Leptopilina_heterotoma                                  95.31%    failed      0.43%
1956  XP_043473424.1_lysozyme_c-1-like_Leptopilina_heterotoma                                  95.49%    passed     35.60%
1957  XP_051161160.1_lysozyme_c-1-like_Leptopilina_boulardi                                    95.49%    failed      4.36%
1958  XP_015126315.1_lysozyme_c-1_Diachasma_alloeum                                            95.15%    failed      2.29%
1959  XP_011309649.1_lysozyme_c-1-like_Fopius_arisanus                                         94.99%    failed      2.25%
1960  XP_044579712.1_lysozyme_c-1-like_Cotesia_glomerata                                       94.81%    failed      3.38%
1961  XP_008555843.1_lysozyme_C_milk_isozyme_Microplitis_demolitor                             94.81%    failed      0.64%
1962  XP_057331760.1_lysozyme_c-1-like_Microplitis_mediator                                    94.81%    failed      4.07%
1963  XP_034943356.1_lysozyme_c-1-like_Chelonus_insularis                                      94.93%    failed      0.50%
1964  XP_012268896.2_lysozyme-like_Athalia_rosae                                               95.24%    failed      3.46%
1965  XP_046750420.1_lysozyme-like_Diprion_similis                                             95.18%    passed     21.45%
1966  XP_046431365.1_lysozyme-like_Neodiprion_fabricii                                         95.18%    passed      7.61%
1967  XP_046626488.1_lysozyme-like_Neodiprion_virginianus                                      95.18%    passed      7.61%
1968  XP_015518121.2_lysozyme-like_Neodiprion_lecontei                                         95.18%    passed      5.24%
1969  XP_046489377.1_lysozyme-like_Neodiprion_pinetum                                          95.18%    failed      3.26%
1970  XP_011494296.1_lysozyme_c-1_Ceratosolen_solmsi_marchali                                  94.46%    failed      0.51%
1971  XP_031787063.1_lysozyme_c-1_Nasonia_vitripennis                                          94.24%    failed      4.86%
1972  XP_014221542.1_lysozyme_c-1_Trichogramma_pretiosum                                       93.68%    passed     12.47%
1973  XP_014218156.1_lysozyme_c-1_Copidosoma_floridanum                                        94.62%    passed      7.86%
1974  XP_019881740.1_lysozyme_Aethina_tumida                                                   95.68%    failed      2.95%
1975  XP_068894778.1_lysozyme-like_Tenebrio_molitor                                            95.68%    passed     15.44%
1976  XP_008195539.1_lysozyme_Tribolium_castaneum                                              95.68%    passed     19.95%
1977  XP_044265562.1_lysozyme-like_Tribolium_madens                                            95.68%    failed      4.11%
1978  XP_063919097.1_lysozyme_Zophobas_morio                                                   95.71%    passed     23.37%
1979  XP_018579992.1_lysozyme-like_Anoplophora_glabripennis                                    95.62%    failed      0.09%
1980  XP_060526129.1_lysozyme-like_Cylas_formicarius                                           95.46%    failed      0.14%
1981  XP_050509822.1_lysozyme-like_Diabrotica_virgifera_virgifera                              95.49%    passed      6.14%
1982  XP_056649053.1_lysozyme-like_Diorhabda_sublineata                                        95.53%    passed      8.92%
1983  XP_023028141.1_lysozyme-like_Leptinotarsa_decemlineata                                   95.65%    passed      8.97%
1984  XP_066257401.1_lysozyme-like_Euwallacea_similis                                          95.62%    failed      4.34%
1985  XP_030765730.1_lysozyme-like_Sitophilus_oryzae                                           95.93%    passed     28.67%
1986  XP_030757064.1_lysozyme-like_Sitophilus_oryzae                                           95.59%    passed     24.85%
1987  XP_031328328.1_lysozyme-like_Photinus_pyralis                                            97.18%    passed      7.63%
1988  XP_031358515.1_lysozyme_Photinus_pyralis                                                 95.78%    failed      1.69%
1989  XP_071053885.1_lysozyme_Onthophagus_taurus                                               95.49%    failed      0.33%
1990  XP_044745371.1_lysozyme-like_Coccinella_septempunctata                                   95.71%    failed      0.80%
1991  XP_045466640.1_lysozyme-like_Harmonia_axyridis                                           94.84%    failed      0.13%
1992  XP_044745370.1_lysozyme-like_Coccinella_septempunctata                                   95.56%    failed      1.10%
1993  XP_045466632.1_lysozyme-like_Harmonia_axyridis                                           95.56%    passed      8.88%
1994  XP_028134147.1_lysozyme_Diabrotica_virgifera_virgifera                                   95.34%    passed     12.59%
1995  XP_057657810.1_lysozyme-like_Diorhabda_carinulata                                        95.40%    failed      1.10%
1996  XP_056640295.1_lysozyme-like_Diorhabda_sublineata                                        95.40%    failed      0.64%
1997  XP_023014754.1_lysozyme-like_Leptinotarsa_decemlineata                                   96.43%    passed     28.83%
1998  XP_017778825.1_lysozyme-like_Nicrophorus_vespilloides                                    95.37%    passed     37.18%
1999  XP_018579991.1_lysozyme_Anoplophora_glabripennis                                         95.12%    failed      4.42%
2000  XP_044739391.1_lysozyme-like_Chrysoperla_carnea                                          94.96%    failed      0.98%
2001  XP_023028707.1_lysozyme-like_Leptinotarsa_decemlineata                                   96.34%    passed     18.25%
2002  XP_044730425.1_lysozyme-like_Chrysoperla_carnea                                          95.53%    failed      3.22%
2003  XP_044743167.1_lysozyme-like_Chrysoperla_carnea                                          95.68%    failed      0.12%
2004  XP_044726460.1_lysozyme-like_Chrysoperla_carnea                                          95.53%    failed      0.00%
2005  XP_044732070.1_lysozyme-like_Chrysoperla_carnea                                          95.43%    failed      0.01%
2006  XP_037915726.1_lysozyme-like_Hermetia_illucens                                           95.03%    passed     40.71%
2007  XP_037915727.1_lysozyme-like_Hermetia_illucens                                           95.03%    passed     40.07%
2008  XP_055679740.1_lysozyme_c-1-like_Lutzomyia_longipalpis                                   94.65%    passed     22.01%
2009  XP_055679766.1_lysozyme-like_Lutzomyia_longipalpis                                       95.49%    passed     60.27%
2010  XP_055715754.1_lysozyme_c-1_Phlebotomus_papatasi                                         94.65%    passed     24.05%
2011  XP_059620889.1_lysozyme_c-1_Phlebotomus_argentipes                                       94.68%    passed     17.78%
2012  XP_068632594.1_lysozyme-like_Battus_philenor                                             95.59%    failed      0.65%
2013  XP_040160487.1_lysozyme_c-1-like_Anopheles_arabiensis                                    95.49%    passed     25.29%
2014  XP_001237085.2_lysozyme_c-1-like_Anopheles_gambiae                                       95.49%    passed     39.41%
2015  XP_040160486.1_lysozyme_c-1-like_Anopheles_arabiensis                                    95.49%    passed     48.94%
2016  XP_308483.3_lysozyme_c-1-like_Anopheles_gambiae                                          95.49%    passed     38.29%
2017  XP_041773892.1_lysozyme_c-1-like_Anopheles_merus                                         95.49%    passed     37.84%
2018  XP_001237086.2_lysozyme_c-1-like_Anopheles_gambiae                                       95.15%    passed     63.40%
2019  XP_049461420.1_lysozyme_c-1-like_Anopheles_coluzzii                                      95.46%    passed     27.06%
2020  XP_026464249.1_lysozyme-like_Ctenocephalides_felis                                       96.65%    passed     23.44%
2021  XP_026464252.1_lysozyme-like_Ctenocephalides_felis                                       95.81%    passed     14.59%
2022  XP_068632595.1_lysozyme-like_Battus_philenor                                             95.56%    passed     33.67%
2023  XP_017059595.1_lysozyme_A/C-like_Drosophila_ficusphila                                   95.81%    passed     70.14%
2024  XP_055380222.1_lysozyme_C-like_Condylostylus_longicornis                                 95.24%    passed     15.01%
2025  XP_055380046.1_lysozyme_C-like_Condylostylus_longicornis                                 95.40%    passed     53.10%
2026  XP_028156922.1_lysozyme-like_Ostrinia_furnacalis                                         95.71%    passed     78.02%
2027  XP_063822760.1_lysozyme-like_Ostrinia_nubilalis                                          95.71%    passed     75.32%
2028  XP_019560054.3_lysozyme_c-1_Aedes_albopictus                                             95.24%    passed     94.38%
2029  XP_021931330.1_lysozyme-like_partial_Zootermopsis_nevadensis                             97.65%    passed     62.87%
2030  XP_034937417.1_lysozyme-like_Chelonus_insularis                                          95.84%    passed     48.98%
2031  XP_026291031.2_lysozyme_C_milk_isozyme-like_Frankliniella_occidentalis                   93.99%    passed     55.19%
2032  XP_034230753.1_lysozyme_1-like_Thrips_palmi                                              94.99%    passed     12.11%
2033  XP_034235752.1_lysozyme_C-like_Thrips_palmi                                              95.40%    passed     42.89%
2034  XP_034255300.1_lysozyme_C-like_Thrips_palmi                                              95.40%    passed     42.89%
2035  XP_034255301.1_lysozyme_2-like_Thrips_palmi                                              95.40%    passed     41.40%
2036  XP_059056324.1_lysozyme-like_Achroia_grisella                                            94.31%    failed      1.45%
2037  XP_052751046.1_lysozyme-like_Galleria_mellonella                                         94.31%    failed      3.10%
2038  XP_041971969.1_lysozyme-like_Aricia_agestis                                              94.27%    failed      0.60%
2039  XP_052744265.1_lysozyme_Bicyclus_anynana                                                 93.99%    failed      1.18%
2040  XP_069355581.1_lysozyme-like_Maniola_hyperantus                                          93.90%    passed     11.89%
2041  XP_045762184.1_lysozyme-like_Maniola_jurtina                                             94.02%    failed      1.04%
2042  XP_039749176.1_lysozyme-like_Pararge_aegeria                                             93.68%    failed      2.80%
2043  XP_050356812.1_lysozyme-like_Nymphalis_io                                                94.18%    passed     28.95%
2044  XP_026497725.1_lysozyme-like_Vanessa_tameamea                                            94.27%    passed     30.57%
2045  XP_046972817.1_lysozyme-like_Vanessa_cardui                                              93.59%    passed     14.54%
2046  XP_047539451.1_lysozyme-like_Vanessa_atalanta                                            94.34%    passed      7.37%
2047  XP_050668530.1_lysozyme-like_Leptidea_sinapis                                            94.43%    passed      5.84%
2048  XP_045519938.1_lysozyme-like_Pieris_brassicae                                            94.34%    passed     26.74%
2049  XP_047510639.1_lysozyme-like_Pieris_napi                                                 94.34%    passed     25.10%
2050  XP_045484937.1_lysozyme_Pieris_rapae                                                     94.34%    passed     16.64%
2051  XP_038218108.1_lysozyme-like_Zerene_cesonia                                              94.37%    passed     20.55%
2052  XP_032522057.1_lysozyme-like_Danaus_plexippus                                            94.21%    failed      1.16%
2053  XP_063373194.1_lysozyme-like_Cydia_amplana                                               94.31%    failed      3.64%
2054  XP_063548123.1_lysozyme-like_Cydia_strobilella                                           94.24%    failed      1.09%
2055  XP_063394176.1_lysozyme-like_Cydia_fagiglandana                                          94.09%    failed      3.67%
2056  XP_063630493.1_lysozyme-like_Cydia_splendana                                             94.09%    passed      7.11%
2057  XP_048006908.1_lysozyme-like_Leguminivora_glycinivorella                                 94.24%    failed      1.17%
2058  XP_068624006.1_lysozyme-like_Battus_philenor                                             94.43%    failed      1.54%
2059  XP_014358706.2_lysozyme_Papilio_machaon                                                  94.27%    passed      8.12%
2060  XP_013168718.1_lysozyme-like_Papilio_xuthus                                              94.31%    passed     13.53%
2061  XP_013138338.1_lysozyme-like_Papilio_polytes                                             94.37%    failed      4.01%
2062  XP_037300805.1_lysozyme_Manduca_sexta                                                    94.12%    failed      1.10%
2063  XP_049881386.1_lysozyme-like_Pectinophora_gossypiella                                    93.96%    failed      2.24%
2064  XP_037967052.2_lysozyme_Plutella_xylostella                                              94.27%    failed      4.49%
2065  XP_041971971.1_lysozyme-like_Aricia_agestis                                              94.40%    failed      0.01%
2066  XP_050554428.1_lysozyme_Spodoptera_frugiperda                                            94.93%    passed     37.92%
2067  XP_022837261.1_lysozyme-like_Spodoptera_litura                                           94.24%    failed      0.01%
2068  XP_026735750.1_lysozyme-like_Trichoplusia_ni                                             94.09%    passed      8.04%
2069  XP_013191006.1_lysozyme_c-1_Amyelois_transitella                                         94.18%    failed      1.75%
2070  XP_053620323.1_lysozyme_c-1-like_Plodia_interpunctella                                   94.37%    failed      4.33%
2071  XP_028158890.1_lysozyme-like_Ostrinia_furnacalis                                         94.18%    failed      1.44%
2072  XP_063834053.1_lysozyme-like_Ostrinia_nubilalis                                          94.18%    failed      1.48%
2073  XP_060807844.1_lysozyme-like_Amyelois_transitella                                        94.43%    failed      0.94%
2074  XP_068624200.1_lysozyme-like_Battus_philenor                                             95.24%    passed      8.79%
2075  XP_045540154.1_lysozyme_Papilio_machaon                                                  95.46%    passed      6.64%
2076  XP_013138392.1_lysozyme-like_Papilio_polytes                                             95.53%    passed      8.14%
2077  XP_012552141.1_lysozyme-like_Bombyx_mori                                                 94.21%    failed      0.85%
2078  XP_026746167.1_lysozyme-like_Trichoplusia_ni                                             94.40%    failed      0.84%
2079  XP_063373239.1_lysozyme-like_Cydia_amplana                                               94.06%    failed      0.04%
2080  XP_063630479.1_lysozyme-like_Cydia_splendana                                             94.06%    failed      0.06%
2081  XP_063547644.1_lysozyme-like_Cydia_strobilella                                           94.09%    failed      0.15%
2082  XP_063394169.1_lysozyme-like_Cydia_fagiglandana                                          94.09%    failed      0.20%
2083  XP_061384728.1_lysozyme-like_Danaus_plexippus                                            94.34%    failed      1.28%
2084  XP_050668528.1_lysozyme-like_Leptidea_sinapis                                            94.12%    passed     20.49%
2085  XP_013138336.1_lysozyme-like_Papilio_polytes                                             93.93%    failed      4.69%
2086  Calliphora_vicina_lysozyme_1_XM_065512512.1                                              95.65%    passed     52.06%
2087  Calliphora_vomitoria_LysC9                                                               94.24%    passed     27.46%
2088  Bellardia_pandia_LysC6                                                                   94.31%    passed     57.29%
2089  Bellardia_bayeri_LysC6                                                                   94.31%    passed     68.59%
2090  Lucilia_sericata_lysozyme_1_XM_037958027.1                                               94.34%    passed      7.10%
2091  Lucilia_cuprina_lysozyme_1_XM_023441183.2                                                94.31%    passed     11.89%
2092  Protophormia_terraenovae_LysC16                                                          94.34%    passed     24.27%
2093  Protocalliphora_azurea_LysC4                                                             94.34%    passed     18.74%
2094  Phormia_regina_LysC3                                                                     94.34%    passed     12.49%
2095  Chrysomya_rufifacies_LysC5                                                               94.21%    passed     22.70%
2096  Paykullia_maculata_LysC3                                                                 94.43%    passed     46.30%
2097  Phyto_melanocephala_LysC1                                                                94.40%    passed     29.80%
2098  Melanophora_roralis_LysC1                                                                94.34%    failed      4.08%
2099  Stomorhina_lunata_LysC2                                                                  94.27%    passed     25.94%
2100  XP_053963940.1_lysozyme_1_Anastrepha_ludens                                              94.34%    passed     17.08%
2101  XP_049306979.1_lysozyme_1_Bactrocera_dorsalis                                            93.77%    failed      3.30%
2102  XP_050324113.1_lysozyme_1_Bactrocera_neohumeralis                                        93.49%    failed      0.20%
2103  XP_014085207.2_lysozyme_1_Bactrocera_oleae                                               93.80%    passed      5.75%
2104  XP_028895173.2_lysozyme_1_Zeugodacus_cucurbitae                                          91.65%    failed      0.04%
2105  XP_036334422.1_lysozyme_1_Rhagoletis_pomonella                                           94.24%    passed     18.24%
2106  XP_017478102.1_lysozyme_1_Rhagoletis_zephyria                                            94.24%    passed     14.66%
2107  XP_067633605.1_lysozyme_1_Eurosta_solidaginis                                            94.40%    passed     14.95%
2108  XP_012155935.1_lysozyme_1_Ceratitis_capitata                                             93.77%    passed     18.19%
2109  XP_034109317.1_lysozyme_B_Drosophila_albomicans                                          94.18%    passed     47.70%
2110  XP_060660534.1_lysozyme_B_Drosophila_nasuta                                              94.18%    passed     46.41%
2111  XP_017865271.1_lysozyme_1_Drosophila_arizonae                                            94.68%    passed      9.84%
2112  XP_043866731.1_lysozyme_1_Drosophila_mojavensis                                          94.68%    passed     14.65%
2113  XP_017959361.1_inactive_lysozyme_1A_Drosophila_navojoa                                   94.77%    passed      6.81%
2114  XP_023168800.2_lysozyme_1B_Drosophila_hydei                                              94.74%    passed     16.97%
2115  XP_064536044.1_lysozyme_1_Drosophila_montana                                             94.68%    passed     33.97%
2116  XP_030563572.1_lysozyme_1_Drosophila_novamexicana                                        94.68%    passed     13.69%
2117  XP_015030333.1_lysozyme_1_Drosophila_virilis                                             94.68%    passed     17.26%
2118  XP_034479683.1_lysozyme_2_Drosophila_innubila                                            94.40%    passed      6.17%
2119  XP_016957504.1_lysozyme_1_Drosophila_biarmipes                                           94.15%    passed     24.20%
2120  XP_037713180.1_lysozyme_1_Drosophila_subpulchrella                                       94.21%    passed     19.56%
2121  XP_016943152.3_lysozyme_1_Drosophila_suzukii                                             94.27%    passed     22.73%
2122  XP_017001034.3_lysozyme_1_Drosophila_takahashii                                          94.15%    passed     64.04%
2123  XP_017081553.1_lysozyme_1_Drosophila_eugracilis                                          94.68%    passed     40.10%
2124  XP_015012801.2_lysozyme_1_Drosophila_erecta                                              94.65%    passed     12.66%
2125  XP_033156793.1_lysozyme_1_Drosophila_mauritiana                                          94.68%    passed     27.15%
2126  XP_032572413.1_lysozyme_1_Drosophila_sechellia                                           94.18%    passed     16.90%
2127  XP_016027391.1_lysozyme_1_Drosophila_simulans                                            94.18%    passed     18.53%
2128  XP_039484380.1_lysozyme_1_Drosophila_santomea                                            94.15%    passed     17.73%
2129  XP_015052851.1_lysozyme_1_Drosophila_yakuba                                              94.15%    passed     25.13%
2130  XP_043645872.1_lysozyme_1_Drosophila_teissieri                                           94.15%    passed     28.95%
2131  XP_017131951.1_lysozyme_1B_Drosophila_elegans                                            94.68%    passed     51.41%
2132  XP_016973307.1_lysozyme_1_Drosophila_rhopaloa                                            94.68%    passed     88.17%
2133  XP_017051123.1_lysozyme_1_Drosophila_ficusphila                                          94.62%    passed     27.22%
2134  XP_052841190.1_lysozyme_1_Drosophila_gunungcola                                          94.24%    passed     12.97%
2135  XP_017016924.2_lysozyme_1_Drosophila_kikkawai                                            94.77%    passed     17.30%
2136  XP_020806014.1_lysozyme_1_Drosophila_serrata                                             94.71%    passed     12.94%
2137  XP_017090724.3_lysozyme_1B_Drosophila_bipectinata                                        94.56%    passed      5.21%
2138  XP_017838109.1_lysozyme_P_Drosophila_busckii                                             94.12%    passed     13.35%
2139  XP_017148190.1_lysozyme_1_Drosophila_miranda                                             93.87%    failed      0.57%
2140  XP_033251072.1_lysozyme_1-like_Drosophila_miranda                                        94.59%    failed      0.45%
2141  XP_026841034.1_lysozyme_1_Drosophila_persimilis                                          93.93%    failed      0.56%
2142  XP_022224620.2_lysozyme_1_Drosophila_obscura                                             94.43%    failed      1.01%
2143  XP_030388068.1_lysozyme_1B_Scaptodrosophila_lebanonensis                                 95.93%    passed     54.83%
2144  XP_037941605.1_lysozyme_1B-like_Teleopsis_dalmanni                                       95.49%    passed      6.53%
2145  XP_037950981.1_lysozyme_1B-like_Teleopsis_dalmanni                                       95.49%    failed      4.37%
2146  XP_032597148.1_lysozyme_1B_Drosophila_grimshawi                                          94.43%    failed      0.95%
2147  XP_015034857.1_lysozyme_1B_Drosophila_willistoni                                         94.09%    failed      1.92%
2148  XP_037887180.1_lysozyme_1_Glossina_fuscipes                                              94.90%    passed     36.22%
2149  Stomoxys_calcitrans_lysozyme_1B-like_XM_013262434.2                                      94.15%    passed      9.75%
2150  Musca_domestica_lysozyme_1B-like_XM_005184849.3                                          94.27%    passed     49.91%
2151  Musca_domestica_lysozyme_1B-like_XM_059128787.1                                          94.27%    passed     48.97%
2152  XP_061391442.1_lysozyme_1B_Musca_vetustissima                                            93.93%    passed     29.72%
2153  Calliphora_vicina_LysCP                                                                  95.21%    passed     13.90%
2154  Calliphora_vomitoria_LysC10                                                              95.21%    passed     13.77%
2155  Bellardia_pandia_LysC5                                                                   95.24%    passed      5.29%
2156  Bellardia_bayeri_LysC5                                                                   95.24%    passed     10.10%
2157  Phyto_melanocephala_LysC2                                                                95.28%    passed     52.23%
2158  Paykullia_maculata_LysC2                                                                 95.28%    passed     87.94%
2159  Melanophora_roralis_LysC2                                                                95.28%    passed     31.02%
2160  Protophormia_terraenovae_LysC17                                                          95.31%    passed     17.04%
2161  Phormia_regina_LysC6                                                                     95.31%    passed     11.60%
2162  Protocalliphora_azurea_LysC5                                                             95.28%    passed     18.26%
2163  Cochliomyia_hominivoraxUS_LysC4                                                          95.28%    failed      1.23%
2164  Chrysomya_rufifacies_LysC3                                                               95.28%    failed      4.30%
2165  Stomorhina_lunata_LysC1                                                                  95.24%    passed     28.78%
2166  Lucilia_sericata_lysozyme_P-like_XM_037958029.1                                          95.37%    passed     14.67%
2167  Lucilia_cuprina_lysozyme_P-like_XM_023441184.2                                           95.37%    passed     18.55%
2168  Stomoxys_calcitrans_lysozyme_P_XM_013262443.2                                            95.37%    failed      1.69%
2169  Musca_domestica_lysozyme_P-like_XM_059128789.1                                           95.28%    passed     30.01%
2170  XP_037887181.1_lysozyme_1-like_Glossina_fuscipes                                         95.21%    passed     60.58%
2171  XP_044726455.1_lysozyme-like_Chrysoperla_carnea                                          95.37%    passed     41.48%
2172  XP_019867332.1_lysozyme_X_Aethina_tumida                                                 95.71%    passed     33.81%
2173  XP_018562961.1_lysozyme_c-1-like_Anoplophora_glabripennis                                95.49%    passed     78.64%
2174  XP_044754217.1_lysozyme_P-like_Coccinella_septempunctata                                 95.53%    passed     62.79%
2175  XP_045473803.1_lysozyme_C-like_Harmonia_axyridis                                         95.53%    passed     46.33%
2176  XP_018566916.1_lysozyme_P-like_Anoplophora_glabripennis                                  95.78%    passed      5.97%
2177  XP_019872095.1_lysozyme_c-1_Aethina_tumida                                               95.62%    passed     31.20%
2178  XP_019872118.1_lysozyme_C_Aethina_tumida                                                 95.62%    passed      7.61%
2179  XP_050304684.1_lysozyme_C-like_Anthonomus_grandis_grandis                                95.40%    passed     31.32%
2180  XP_060528660.1_lysozyme_C-like_Cylas_formicarius                                         95.34%    failed      0.16%
2181  XP_044749297.1_lysozyme_C-1-like_Coccinella_septempunctata                               95.53%    passed     12.16%
2182  XP_044757049.1_lysozyme_C-1-like_Coccinella_septempunctata                               95.53%    passed      8.73%
2183  XP_044753475.1_lysozyme_C-like_Coccinella_septempunctata                                 93.99%    passed      8.68%
2184  XP_068897701.1_lysozyme_c-1-like_Tenebrio_molitor                                        95.53%    failed      1.10%
2185  XP_063920227.1_lysozyme-like_Zophobas_morio                                              95.56%    failed      2.76%
2186  NP_001159495.1_lysozyme_precursor_Tribolium_castaneum                                    81.54%    failed      0.00%
2187  XP_044258630.1_lysozyme-like_Tribolium_madens                                            95.40%    passed      6.15%
2188  XP_063920752.1_lysozyme_C_milk_isozyme-like_Zophobas_morio                               95.71%    passed     72.29%
2189  XP_063904723.1_lysozyme_C_milk_isozyme-like_Zophobas_morio                               95.49%    passed     36.26%
2190  XP_031356443.1_lysozyme_C-1-like_Photinus_pyralis                                        92.99%    failed      2.59%
2191  XP_068083738.1_lysozyme_C_milk_isozyme-like_Anabrus_simplex                              95.87%    passed     64.93%
2192  XP_063236222.1_lysozyme_2-like_Bacillus_rossius_redtenbacheri                            94.09%    failed      0.00%
2193  XP_046997835.1_lysozyme_E-like_Schistocerca_americana                                    95.15%    failed      0.16%
2194  XP_046997834.1_lysozyme_c-1-like_Schistocerca_americana                                  94.81%    failed      1.05%
2195  XP_049961583.1_lysozyme_c-1-like_Schistocerca_serialis_cubense                           94.81%    failed      0.56%
2196  XP_023720269.1_lysozyme_C_Cryptotermes_secundus                                          93.99%    passed     19.50%
2197  XP_046394525.1_lysozyme_2-like_Ischnura_elegans                                          92.71%    failed      0.03%
2198  XP_046688019.1_lysozyme_C-like_Homalodisca_vitripennis                                   92.05%    failed      0.10%
2199  XP_054264742.1_lysozyme_P-like_Macrosteles_quadrilineatus                                95.06%    passed      6.58%
2200  XP_054290800.1_lysozyme_P-like_Macrosteles_quadrilineatus                                95.06%    passed      6.58%
2201  XP_054290053.1_lysozyme_P-like_Macrosteles_quadrilineatus                                94.90%    passed      5.14%
2202  XP_054262276.1_lysozyme_C-like_Macrosteles_quadrilineatus                                90.77%    failed      0.00%
2203  XP_002431986.1_Lysozyme_P_precursor_putative_Pediculus_humanus_corporis                  93.90%    passed     21.26%
2204  XP_039289163.1_lysozyme_C-1_Nilaparvata_lugens                                           95.18%    passed     49.39%
2205  XP_017781870.1_lysozyme_C-like_Nicrophorus_vespilloides                                  92.02%    failed      0.00%
2206  XP_012261627.2_lysozyme_C-like_Athalia_rosae                                             95.37%    failed      1.03%
2207  XP_012267191.2_lysozyme_C_milk_isozyme-like_Athalia_rosae                                95.28%    passed     50.27%
2208  XP_066907987.1_lysozyme_c-1-like_Halyomorpha_halys                                       92.87%    failed      0.19%
2209  XP_034255542.1_lysozyme_S-like_partial_Thrips_palmi                                      94.65%    failed      0.01%
2210  XP_065156599.1_lysozyme_B-like_Dalotia_coriaria                                          96.06%    passed     44.99%
2211  XP_017768436.1_lysozyme_D-like_Nicrophorus_vespilloides                                  95.99%    passed     91.10%
2212  XP_017770657.1_lysozyme_D-like_Nicrophorus_vespilloides                                  96.03%    passed     99.83%
2213  XP_017768438.1_lysozyme_c-1-like_Nicrophorus_vespilloides                                96.25%    passed     97.04%
2214  XP_017771952.1_lysozyme_c-1-like_Nicrophorus_vespilloides                                95.96%    passed     45.33%
2215  XP_017773020.1_lysozyme_c-1-like_Nicrophorus_vespilloides                                95.28%    passed     27.48%
2216  XP_023174145.2_lysozyme_C-like_Drosophila_hydei                                          94.62%    failed      0.00%
2217  XP_028134252.2_lysozyme_C_milk_isozyme-like_Diabrotica_virgifera_virgifera               95.53%    passed     68.76%
2218  XP_056631455.1_lysozyme_C_milk_isozyme-like_Diorhabda_sublineata                         95.53%    failed      2.07%
2219  XP_065336862.1_lysozyme_C-1-like_Cloeon_dipterum                                         93.87%    passed     12.87%
2220  XP_059490317.1_lysozyme_P-like_Neocloeon_triangulifer                                    93.80%    failed      0.26%
2221  XP_023708066.1_lysozyme_c-1-like_Cryptotermes_secundus                                   95.71%    passed      7.47%
2222  XP_023708074.1_lysozyme_C-like_Cryptotermes_secundus                                     95.71%    passed     11.29%
2223  XP_023708068.1_lysozyme_1B-like_Cryptotermes_secundus                                    95.71%    passed     11.97%
2224  XP_023708072.1_lysozyme_C-like_Cryptotermes_secundus                                     95.71%    failed      0.24%
2225  XP_033607473.1_lysozyme_C-like_Cryptotermes_secundus                                     95.71%    passed      9.16%
2226  XP_021915960.1_lysozyme_1-like_Zootermopsis_nevadensis                                   95.71%    passed     16.06%
2227  XP_026683840.1_lysozyme_1-like_Diaphorina_citri                                          95.12%    passed     61.68%
2228  XP_026683841.1_lysozyme_C-like_partial_Diaphorina_citri                                  97.12%    passed     48.93%
2229  XP_018566901.1_lysozyme_c-1-like_Anoplophora_glabripennis                                95.43%    passed     11.44%
2230  XP_050299141.1_lysozyme_C-1-like_Anthonomus_grandis_grandis                              95.46%    failed      1.94%
2231  XP_019755695.2_lysozyme_C-1_Dendroctonus_ponderosae                                      95.49%    failed      0.33%
2232  XP_066141660.1_lysozyme_C-like_Euwallacea_fornicatus                                     94.87%    passed      5.50%
2233  XP_066251352.1_lysozyme_C-1-like_Euwallacea_similis                                      95.46%    passed      7.79%
2234  XP_018914387.2_uncharacterized_protein_Bemisia_tabaci                                    90.14%    failed      0.34%
2235  XP_026273055.1_lysozyme_C_II_Frankliniella_occidentalis                                  94.02%    failed      0.00%
2236  XP_034239611.1_lysozyme_c-1-like_Thrips_palmi                                            94.43%    failed      0.73%
2237  XP_026284668.1_lysozyme_C-3_Frankliniella_occidentalis                                   95.31%    passed     37.03%
2238  XP_034255541.1_lysozyme_C-like_Thrips_palmi                                              95.37%    passed     31.36%
2239  XP_026287319.1_lysozyme_c-1-like_Frankliniella_occidentalis                              94.68%    passed     44.05%
2240  XP_017778185.1_lysozyme_E-like_Nicrophorus_vespilloides                                  95.99%    passed     33.53%
2241  XP_052122718.1_lysozyme_2-like_Frankliniella_occidentalis                                94.37%    failed      1.66%
2242  XP_014243985.1_lysozyme_Cimex_lectularius                                                95.53%    failed      0.98%
2243  XP_014290449.1_lysozyme_Halyomorpha_halys                                                95.68%    passed      6.39%
2244  XP_014260444.1_lysozyme-like_Cimex_lectularius                                           94.93%    passed     16.84%
2245  XP_037041424.1_lysozyme_Bradysia_coprophila                                              95.53%    passed     11.61%
2246  XP_065168052.1_lysozyme-like_Dalotia_coriaria                                            95.53%    passed     69.53%
2247  XP_014290444.1_lysozyme_Halyomorpha_halys                                                93.77%    failed      0.43%
2248  XP_028144016.1_lysozyme-like_Diabrotica_virgifera_virgifera                              95.43%    failed      2.03%
2249  XP_057671877.1_lysozyme-like_Diorhabda_carinulata                                        95.49%    passed     68.45%
2250  XP_056631657.1_lysozyme-like_Diorhabda_sublineata                                        95.49%    passed     75.30%
2251  XP_047000323.1_lysozyme_c-1-like_Schistocerca_americana                                  95.59%    failed      1.33%
2252  XP_049788089.1_lysozyme_c-1-like_Schistocerca_cancellata                                 95.59%    failed      0.42%
2253  XP_049831130.1_lysozyme_c-1-like_Schistocerca_gregaria                                   95.59%    failed      0.42%
2254  XP_047118130.1_lysozyme_c-1-like_Schistocerca_piceifrons                                 95.59%    failed      2.12%
2255  XP_049963020.1_lysozyme_c-1-like_Schistocerca_serialis_cubense                           95.59%    failed      0.74%
2256  XP_049815502.1_lysozyme_c-1-like_Schistocerca_nitens                                     95.59%    failed      3.19%
2257  XP_044010562.1_lysozyme-like_Aphidius_gifuensis                                          95.03%    failed      0.82%
2258  XP_014205706.1_lysozyme-like_Copidosoma_floridanum                                       94.18%    failed      3.64%
2259  XP_023317308.1_lysozyme_c-1-like_Trichogramma_pretiosum                                  94.81%    passed     72.26%
2260  XP_055384110.1_lysozyme_P-like_Condylostylus_longicornis                                 94.87%    failed      0.54%
2261  XP_044726453.1_lysozyme_1-like_Chrysoperla_carnea                                        95.28%    passed     82.46%
2262  XP_044726454.1_inactive_lysozyme_1A-like_Chrysoperla_carnea                              95.34%    passed     13.56%
2263  XP_044726456.1_lysozyme_2-like_Chrysoperla_carnea                                        95.40%    passed     61.88%
2264  XP_044742747.1_lysozyme_C-like_Chrysoperla_carnea                                        94.84%    failed      0.62%
2265  XP_044741902.1_lysozyme-like_Chrysoperla_carnea                                          94.96%    failed      0.28%
2266  XP_044743008.1_lysozyme_C-like_Chrysoperla_carnea                                        95.31%    passed     39.16%
2267  XP_031630474.1_lysozyme-like_Contarinia_nasturtii                                        94.71%    failed      0.08%
2268  XP_055320388.1_lysozyme-like_Sitodiplosis_mosellana                                      94.99%    passed     15.61%
2269  XP_044729787.1_lysozyme-like_Chrysoperla_carnea                                          95.21%    failed      0.62%
2270  XP_051860448.1_lysozyme_P-like_Drosophila_albomicans                                     94.34%    passed     30.75%
2271  XP_060655137.1_lysozyme_P-like_Drosophila_nasuta                                         94.34%    passed     32.97%
2272  XP_062130993.1_lysozyme_P-like_Drosophila_sulfurigaster_albostrigata                     94.34%    passed     21.70%
2273  XP_060655745.1_lysozyme_P-like_Drosophila_nasuta                                         94.40%    passed     37.40%
2274  XP_062131614.1_lysozyme_P-like_Drosophila_sulfurigaster_albostrigata                     94.37%    passed     22.63%
2275  XP_030081929.1_lysozyme_X-like_Drosophila_hydei                                          94.31%    failed      2.54%
2276  XP_032586614.1_lysozyme_P-like_Drosophila_mojavensis                                     94.18%    passed     23.66%
2277  XP_017839890.1_lysozyme_P-like_Drosophila_busckii                                        94.27%    failed      2.62%
2278  XP_041978098.1_lysozyme-like_Aricia_agestis                                              95.59%    failed      4.66%
2279  XP_046432266.1_lysozyme_P-like_Neodiprion_fabricii                                       95.15%    failed      1.31%
2280  XP_046626075.1_lysozyme_P-like_Neodiprion_virginianus                                    95.15%    failed      1.14%
2281  XP_046599771.1_putative_lysozyme_C-2_Neodiprion_lecontei                                 95.15%    failed      0.33%
2282  XP_063701356.1_lysozyme-like_Culicoides_brevitarsis                                      93.77%    failed      0.55%
2283  XP_037035146.1_lysozyme_c-1-like_Bradysia_coprophila                                     94.09%    failed      0.32%
2284  XP_017776385.1_lysozyme_C_I-like_Nicrophorus_vespilloides                                96.46%    passed      6.80%
2285  XP_017779135.1_lysozyme_C_I-like_Nicrophorus_vespilloides                                96.46%    passed     10.65%
2286  XP_014251178.1_lysozyme_c-1-like_Cimex_lectularius                                       95.49%    failed      0.74%
2287  XP_026679799.1_lysozyme-like_partial_Diaphorina_citri                                    95.21%    passed     53.02%
2288  XP_026679803.1_lysozyme_c-1-like_Diaphorina_citri                                        97.56%    passed     45.91%
2289  Bellardia_pandia_LysC2                                                                   96.31%    passed     15.10%
2290  XP_036319046.1_lysozyme_D-like_Rhagoletis_pomonella                                      95.99%    passed     53.31%
2291  XP_017467409.1_lysozyme_D-like_Rhagoletis_zephyria                                       95.99%    passed     52.86%
2292  Chrysomya_megacephala_LysC2                                                              96.84%    failed      1.24%
2293  Chrysomya_megacephala_LysC6                                                              96.90%    failed      0.15%
2294  XP_014249536.1_lysozyme_Cimex_lectularius                                                95.59%    failed      0.29%
2295  XP_069704375.1_lysozyme_1B-like_Periplaneta_americana                                    95.24%    passed     19.45%
2296  XP_024085841.1_lysozyme-like_Cimex_lectularius                                           96.03%    passed     41.06%
2297  XP_024084364.1_lysozyme_C_milk_isozyme-like_Cimex_lectularius                            96.84%    passed     88.64%
2298  Bellardia_pandia_LysC4                                                                   96.62%    passed     36.54%
2299  XP_014290443.1_lysozyme_Halyomorpha_halys                                                94.99%    passed      7.17%
2300  XP_066904954.1_putative_lysozyme-like_protein_Halyomorpha_halys                          85.04%    failed      0.00%
WARNING: 2300 sequences contain more than 50% gaps/ambiguity
****  TOTAL                                                                                    94.92%  888 sequences failed composition chi2 test (p-value<5%; df=19)
NOTE: Cochliomyia_hominivoraxBR_LysI1.2 is identical to Cochliomyia_hominivoraxBR_LysI1.1 but kept for subsequent analysis
NOTE: XP_062127527.1_invertebrate-type_lysozyme_3_Drosophila_sulfurigaster_albostrigata is identical to XP_034101809.1_invertebrate-type_lysozyme_3_Drosophila_albomicans but kept for subsequent analysis
NOTE: XP_017960259.1_invertebrate-type_lysozyme_3-like_Drosophila_navojoa is identical to XP_043867237.1_invertebrate-type_lysozyme_3-like_Drosophila_mojavensis but kept for subsequent analysis
NOTE: XP_002016414.1_lysozyme_Drosophila_persimilis is identical to XP_033246840.1_lysozyme-like_Drosophila_miranda but kept for subsequent analysis
NOTE: XP_063537321.1_lysozyme-like_Cydia_strobilella is identical to XP_061718893.1_lysozyme-like_Cydia_pomonella but kept for subsequent analysis
NOTE: XP_001869584.1_lysozyme_Culex_quinquefasciatus is identical to XP_039432737.1_lysozyme-like_Culex_pipiens_pallens but kept for subsequent analysis
NOTE: XP_041784664.1_lysozyme-like_Anopheles_merus is identical to XP_309527.4_lysozyme_Anopheles_gambiae but kept for subsequent analysis
NOTE: XP_058171699.1_lysozyme-like_Anopheles_ziemanni is identical to XP_058130205.1_lysozyme-like_Anopheles_coustani but kept for subsequent analysis
NOTE: XP_054269742.1_lysozyme-like_Macrosteles_quadrilineatus is identical to XP_054267857.1_lysozyme-like_Macrosteles_quadrilineatus but kept for subsequent analysis
NOTE: XP_018045722.1_lysozyme-like_Atta_colombica is identical to XP_012057581.1_lysozyme-like_Atta_cephalotes but kept for subsequent analysis
NOTE: XP_044595691.1_invertebrate-type_lysozyme_3-like_Cotesia_glomerata is identical to XP_044595690.1_invertebrate-type_lysozyme_3-like_Cotesia_glomerata but kept for subsequent analysis
NOTE: XP_043791153.1_lysozyme-like_Apis_laboriosa is identical to XP_006611951.1_lysozyme-like_Apis_dorsata but kept for subsequent analysis
NOTE: XP_003394100.1_invertebrate-type_lysozyme_3_Bombus_terrestris is identical to XP_050578182.1_invertebrate-type_lysozyme_3-like_Bombus_affinis but kept for subsequent analysis
NOTE: XP_068968486.1_invertebrate-type_lysozyme_3-like_Bombus_flavifrons is identical to XP_033304913.1_lysozyme_2-like_Bombus_bifarius but kept for subsequent analysis
NOTE: XP_062131874.1_lysozyme-like_Drosophila_sulfurigaster_albostrigata is identical to XP_060654702.1_lysozyme-like_Drosophila_nasuta but kept for subsequent analysis
NOTE: XP_002081833.1_lysozyme_Drosophila_simulans is identical to XP_033153947.1_lysozyme_Drosophila_mauritiana but kept for subsequent analysis
NOTE: XP_002092146.2_lysozyme_Drosophila_yakuba is identical to XP_039482431.1_lysozyme_Drosophila_santomea but kept for subsequent analysis
NOTE: XP_310846.5_lysozyme_Anopheles_gambiae is identical to XP_040240181.2_lysozyme-like_Anopheles_coluzzii but kept for subsequent analysis
NOTE: XP_060842535.1_lysozyme-like_Rhopalosiphum_padi is identical to XP_026813536.1_lysozyme-like_Rhopalosiphum_maidis but kept for subsequent analysis
NOTE: XP_049947212.1_invertebrate-type_lysozyme_6-like_Schistocerca_serialis_cubense is identical to XP_046989949.1_invertebrate-type_lysozyme_6-like_Schistocerca_americana but kept for subsequent analysis
NOTE: XP_058170575.1_putative_lysozyme-like_protein_Anopheles_ziemanni is identical to XP_058127075.1_putative_lysozyme-like_protein_Anopheles_coustani but kept for subsequent analysis
NOTE: XP_046476286.1_putative_lysozyme-like_protein_Neodiprion_pinetum is identical to XP_015522428.1_putative_lysozyme-like_protein_Neodiprion_lecontei but kept for subsequent analysis
NOTE: XP_036342628.1_putative_lysozyme-like_protein_partial_Rhagoletis_pomonella is identical to XP_036342605.1_putative_lysozyme-like_protein_partial_Rhagoletis_pomonella but kept for subsequent analysis
NOTE: Calliphora_vicina_lysozyme_1-like_XM_065499876.1 is identical to Calliphora_vicina_lysozyme_1-like_XM_065499793.1 but kept for subsequent analysis
NOTE: Lucilia_sericata_lysozyme_1-like_XM_037963757.1 is identical to Lucilia_sericata_lysozyme_1-like_XM_037963759.1 but kept for subsequent analysis
NOTE: Musca_domestica_lysozyme_1_XM_059127601.1 is identical to Musca_domestica_lysozyme_1_XM_059127590.1 but kept for subsequent analysis
NOTE: Musca_domestica_lysozyme_1-like_XM_059127602.1 is identical to Musca_domestica_lysozyme_1-like_XM_059127591.1 but kept for subsequent analysis
NOTE: XP_061393099.1_lysozyme_1_Musca_vetustissima is identical to XP_061393098.1_lysozyme_1_Musca_vetustissima but kept for subsequent analysis
NOTE: XP_061393100.1_lysozyme_1-like_Musca_vetustissima is identical to XP_061393102.1_lysozyme_1-like_Musca_vetustissima but kept for subsequent analysis
NOTE: Stomoxys_calcitrans_lysozyme_1_XM_059368530.1 is identical to Stomoxys_calcitrans_lysozyme_1_XM_059368529.1 but kept for subsequent analysis
NOTE: XP_037952695.1_inactive_lysozyme_1A-like_Teleopsis_dalmanni is identical to XP_037950680.1_inactive_lysozyme_1A-like_Teleopsis_dalmanni but kept for subsequent analysis
NOTE: XP_037952696.1_inactive_lysozyme_1A-like_Teleopsis_dalmanni is identical to XP_037951569.1_inactive_lysozyme_1A-like_Teleopsis_dalmanni but kept for subsequent analysis
NOTE: Chrysomya_megacephala_LysC7 is identical to Chrysomya_megacephala_LysC1 but kept for subsequent analysis
NOTE: XP_039957072.1_lysozyme_1-like_Bactrocera_tryoni is identical to XP_050323073.1_lysozyme_1-like_Bactrocera_neohumeralis but kept for subsequent analysis
NOTE: XP_051860878.1_lysozyme_D_Drosophila_albomicans is identical to XP_034103459.1_lysozyme_D_Drosophila_albomicans but kept for subsequent analysis
NOTE: XP_062130797.1_lysozyme_D-like_Drosophila_sulfurigaster_albostrigata is identical to XP_060660917.1_lysozyme_D-like_Drosophila_nasuta but kept for subsequent analysis
NOTE: XP_060658458.1_lysozyme_E-like_Drosophila_nasuta is identical to XP_034103462.1_lysozyme_E-like_Drosophila_albomicans but kept for subsequent analysis
NOTE: XP_001983607.1_lysozyme_A/C_Drosophila_grimshawi is identical to XP_001983608.1_lysozyme_A/C_Drosophila_grimshawi but kept for subsequent analysis
NOTE: XP_030079514.1_lysozyme_A/C-like_Drosophila_hydei is identical to XP_023167108.1_lysozyme_A/C-like_Drosophila_hydei but kept for subsequent analysis
NOTE: XP_030079472.1_lysozyme_A/C-like_Drosophila_hydei is identical to XP_023169112.1_lysozyme_A/C-like_Drosophila_hydei but kept for subsequent analysis
NOTE: XP_001983609.1_lysozyme_A/C_Drosophila_grimshawi is identical to XP_001983604.1_lysozyme_A/C_Drosophila_grimshawi but kept for subsequent analysis
NOTE: XP_002012064.1_lysozyme_A/C_Drosophila_mojavensis is identical to XP_002012065.1_lysozyme_A/C_Drosophila_mojavensis but kept for subsequent analysis
NOTE: XP_002012057.1_lysozyme_D_Drosophila_mojavensis is identical to XP_002012058.1_lysozyme_D_Drosophila_mojavensis but kept for subsequent analysis
NOTE: XP_030241749.1_lysozyme_D-like_Drosophila_navojoa is identical to XP_017956439.2_lysozyme_D_Drosophila_navojoa but kept for subsequent analysis
NOTE: XP_023167109.2_lysozyme_D_Drosophila_hydei is identical to XP_023167110.1_lysozyme_D_Drosophila_hydei but kept for subsequent analysis
NOTE: XP_030079515.1_lysozyme_D_Drosophila_hydei is identical to XP_030079480.1_lysozyme_D_Drosophila_hydei but kept for subsequent analysis
NOTE: XP_032289312.2_lysozyme_A/C_Drosophila_virilis is identical to XP_030560724.1_lysozyme_A/C-like_Drosophila_novamexicana but kept for subsequent analysis
NOTE: XP_034482085.1_lysozyme_B_Drosophila_innubila is identical to XP_034482082.1_lysozyme_B_Drosophila_innubila but kept for subsequent analysis
NOTE: XP_001956719.1_lysozyme_B_Drosophila_ananassae is identical to XP_032309533.1_lysozyme_B-like_Drosophila_ananassae but kept for subsequent analysis
NOTE: XP_002034873.2_lysozyme_B_Drosophila_sechellia is identical to XP_017103992.1_lysozyme_B_Drosophila_bipectinata but kept for subsequent analysis
NOTE: XP_026833569.1_lysozyme_A/C_Drosophila_erecta is identical to XP_001971094.1_lysozyme_A/C_Drosophila_erecta but kept for subsequent analysis
NOTE: XP_002034869.1_lysozyme_A/C_Drosophila_sechellia is identical to XP_033157261.1_lysozyme_A/C-like_Drosophila_mauritiana but kept for subsequent analysis
NOTE: XP_033157264.1_lysozyme_A/C_Drosophila_mauritiana is identical to XP_033157263.1_lysozyme_A/C_Drosophila_mauritiana but kept for subsequent analysis
NOTE: XP_002093081.1_lysozyme_A/C_Drosophila_yakuba is identical to XP_002093082.1_lysozyme_A/C_Drosophila_yakuba but kept for subsequent analysis
NOTE: XP_002093083.1_lysozyme_A/C_Drosophila_yakuba is identical to XP_039488298.1_lysozyme_A/C-like_Drosophila_santomea but kept for subsequent analysis
NOTE: XP_043650683.1_lysozyme_A/C-like_Drosophila_teissieri is identical to XP_043650680.1_lysozyme_A/C-like_Drosophila_teissieri but kept for subsequent analysis
NOTE: XP_016934099.1_lysozyme_A/C_Drosophila_suzukii is identical to XP_037722984.1_lysozyme_A/C_Drosophila_subpulchrella but kept for subsequent analysis
NOTE: XP_016984106.1_lysozyme_A/C-like_Drosophila_rhopaloa is identical to XP_044313922.1_lysozyme_A/C-like_Drosophila_rhopaloa but kept for subsequent analysis
NOTE: XP_041632269.1_lysozyme_B-like_Drosophila_kikkawai is identical to XP_017017725.2_lysozyme_B-like_Drosophila_kikkawai but kept for subsequent analysis
NOTE: XP_034655132.1_lysozyme_D_Drosophila_subobscura is identical to XP_034655124.1_lysozyme_D_Drosophila_subobscura but kept for subsequent analysis
NOTE: XP_022226712.2_lysozyme_D_Drosophila_obscura is identical to XP_022226714.2_lysozyme_D_Drosophila_obscura but kept for subsequent analysis
NOTE: XP_022226718.1_lysozyme_D_Drosophila_obscura is identical to XP_041450587.1_lysozyme_D_Drosophila_obscura but kept for subsequent analysis
NOTE: XP_026849747.1_lysozyme_D-like_Drosophila_persimilis is identical to XP_026849746.1_lysozyme_D-like_Drosophila_persimilis but kept for subsequent analysis
NOTE: XP_017137334.2_lysozyme_A/C_Drosophila_miranda is identical to XP_017137333.2_lysozyme_A/C_Drosophila_miranda but kept for subsequent analysis
NOTE: XP_030375506.1_lysozyme_D_Scaptodrosophila_lebanonensis is identical to XP_030375505.1_lysozyme_D_Scaptodrosophila_lebanonensis but kept for subsequent analysis
NOTE: XP_030375510.1_lysozyme_D-like_Scaptodrosophila_lebanonensis is identical to XP_030375509.1_lysozyme_D-like_Scaptodrosophila_lebanonensis but kept for subsequent analysis
NOTE: XP_002065981.1_lysozyme_B_Drosophila_willistoni is identical to XP_002065979.1_lysozyme_B_Drosophila_willistoni but kept for subsequent analysis
NOTE: XP_002065982.1_lysozyme_B_Drosophila_willistoni is identical to XP_002065980.1_lysozyme_B_Drosophila_willistoni but kept for subsequent analysis
NOTE: XP_002076490.1_lysozyme_S_Drosophila_simulans is identical to XP_016022646.2_lysozyme_S_Drosophila_simulans but kept for subsequent analysis
NOTE: XP_026849743.1_lysozyme_S_Drosophila_persimilis is identical to XP_017137327.1_lysozyme_S_Drosophila_miranda but kept for subsequent analysis
NOTE: XP_034655127.1_lysozyme_S_Drosophila_subobscura is identical to XP_022226710.1_lysozyme_S_Drosophila_obscura but kept for subsequent analysis
NOTE: XP_002065984.1_lysozyme_S_Drosophila_willistoni is identical to XP_068141915.1_lysozyme_S_Drosophila_tropicalis but kept for subsequent analysis
NOTE: XP_053966457.1_lysozyme_D-like_Anastrepha_ludens is identical to XP_053966455.1_lysozyme_D-like_Anastrepha_ludens but kept for subsequent analysis
NOTE: XP_039957073.1_lysozyme_B-like_Bactrocera_tryoni is identical to XP_050323069.1_lysozyme_B-like_Bactrocera_neohumeralis but kept for subsequent analysis
NOTE: XP_011180848.2_lysozyme_B_Zeugodacus_cucurbitae is identical to XP_011180845.2_lysozyme_B-like_Zeugodacus_cucurbitae but kept for subsequent analysis
NOTE: XP_023158883.1_lysozyme_B-like_Ceratitis_capitata is identical to XP_004517800.1_lysozyme_B-like_Ceratitis_capitata but kept for subsequent analysis
NOTE: Chrysomya_megacephala_LysC10 is identical to Chrysomya_megacephala_LysC9 but kept for subsequent analysis
NOTE: XP_067627395.1_lysozyme_1-like_Eurosta_solidaginis is identical to XP_067627394.1_lysozyme_1-like_Eurosta_solidaginis but kept for subsequent analysis
NOTE: XP_002046436.1_lysozyme_B_Drosophila_virilis is identical to XP_032289303.1_lysozyme_B-like_Drosophila_virilis but kept for subsequent analysis
NOTE: Lucilia_cuprina_lysozyme_1-like_XM_046955614.1 is identical to Lucilia_cuprina_lysozyme_1-like_XM_046955615.1 but kept for subsequent analysis
NOTE: Chrysomya_rufifacies_LysC2 is identical to Chrysomya_rufifacies_LysC1 but kept for subsequent analysis
NOTE: Stomoxys_calcitrans_lysozyme_2-like_XM_059370493.1 is identical to Stomoxys_calcitrans_lysozyme_2-like_XM_059370495.1 but kept for subsequent analysis
NOTE: Stomoxys_calcitrans_lysozyme_2_XM_013257682.2 is identical to Stomoxys_calcitrans_lysozyme_2_XM_013257687.2 but kept for subsequent analysis
NOTE: Stomoxys_calcitrans_lysozyme_2-like_XM_013257683.2 is identical to Stomoxys_calcitrans_lysozyme_2-like_XM_013257685.2 but kept for subsequent analysis
NOTE: Musca_domestica_lysozyme_2_XM_011292181.3 is identical to Musca_domestica_lysozyme_2-like_XM_020035062.2 but kept for subsequent analysis
NOTE: Musca_domestica_lysozyme_2-like_XM_059126267.1 is identical to Musca_domestica_lysozyme_2-like_XM_059126266.1 but kept for subsequent analysis
NOTE: XP_061400440.1_lysozyme_2-like_Musca_vetustissima is identical to XP_061391475.1_lysozyme_2-like_Musca_vetustissima but kept for subsequent analysis
NOTE: XP_039956973.1_lysozyme_P-like_Bactrocera_tryoni is identical to XP_050324899.1_lysozyme_P-like_Bactrocera_neohumeralis but kept for subsequent analysis
NOTE: XP_060656560.1_lysozyme_P_Drosophila_nasuta is identical to XP_034107204.1_lysozyme_P_Drosophila_albomicans but kept for subsequent analysis
NOTE: XP_002049593.1_lysozyme_P-like_Drosophila_virilis is identical to XP_032292738.1_lysozyme_P_Drosophila_virilis but kept for subsequent analysis
NOTE: XP_043644553.1_lysozyme_P_Drosophila_teissieri is identical to XP_039481858.1_lysozyme_P_Drosophila_santomea but kept for subsequent analysis
NOTE: XP_033253907.1_lysozyme_P-like_Drosophila_miranda is identical to XP_033253905.1_lysozyme_P-like_Drosophila_miranda but kept for subsequent analysis
NOTE: XP_037915160.1_lysozyme_c-1-like_Hermetia_illucens is identical to XP_037915159.1_lysozyme_c-1-like_Hermetia_illucens but kept for subsequent analysis
NOTE: XP_037916159.1_lysozyme_2-like_Hermetia_illucens is identical to XP_037915161.1_lysozyme_2-like_Hermetia_illucens but kept for subsequent analysis
NOTE: XP_037915165.1_lysozyme_c-1-like_Hermetia_illucens is identical to XP_037915163.1_lysozyme_c-1-like_Hermetia_illucens but kept for subsequent analysis
NOTE: XP_037915171.1_lysozyme_2-like_Hermetia_illucens is identical to XP_037915166.1_lysozyme_2-like_Hermetia_illucens but kept for subsequent analysis
NOTE: XP_037915180.1_lysozyme_2-like_Hermetia_illucens is identical to XP_037915169.1_lysozyme_2-like_Hermetia_illucens but kept for subsequent analysis
NOTE: XP_037915173.1_lysozyme_2-like_Hermetia_illucens is identical to XP_037915172.1_lysozyme_2-like_Hermetia_illucens but kept for subsequent analysis
NOTE: XP_037915181.1_lysozyme_2-like_Hermetia_illucens is identical to XP_037915182.1_lysozyme_2-like_Hermetia_illucens but kept for subsequent analysis
NOTE: XP_054736335.1_lysozyme_Anastrepha_obliqua is identical to XP_053967193.1_lysozyme_Anastrepha_ludens but kept for subsequent analysis
NOTE: XP_050325208.1_lysozyme_Bactrocera_neohumeralis is identical to XP_018797972.1_lysozyme_Bactrocera_latifrons but kept for subsequent analysis
NOTE: XP_002004291.1_lysozyme_Drosophila_mojavensis is identical to XP_017866227.1_lysozyme_Drosophila_arizonae but kept for subsequent analysis
NOTE: XP_002059449.1_lysozyme_Drosophila_virilis is identical to XP_030560216.1_lysozyme_Drosophila_novamexicana but kept for subsequent analysis
NOTE: XP_026836644.1_lysozyme_Drosophila_erecta is identical to XP_016947509.1_lysozyme_Drosophila_biarmipes but kept for subsequent analysis
NOTE: XP_044778310.1_lysozyme_Drosophila_simulans is identical to XP_033155058.1_lysozyme_Drosophila_mauritiana but kept for subsequent analysis
NOTE: XP_002063048.3_lysozyme_Drosophila_willistoni is identical to XP_068145931.1_lysozyme_Drosophila_tropicalis but kept for subsequent analysis
NOTE: XP_062549620.1_lysozyme_c-1-like_Armigeres_subalbatus is identical to XP_062533531.1_lysozyme_c-1-like_Armigeres_subalbatus but kept for subsequent analysis
NOTE: XP_308448.3_lysozyme_c-1_Anopheles_gambiae is identical to XP_040229111.2_lysozyme_c-1_Anopheles_coluzzii but kept for subsequent analysis
NOTE: XP_062534242.1_lysozyme_c-1-like_Armigeres_subalbatus is identical to XP_062533525.1_lysozyme_c-1-like_Armigeres_subalbatus but kept for subsequent analysis
NOTE: XP_040229110.2_lysozyme_c-1-like_Anopheles_coluzzii is identical to XP_040154904.1_lysozyme_c-1-like_Anopheles_arabiensis but kept for subsequent analysis
NOTE: XP_058178766.1_lysozyme_c-1-like_Anopheles_ziemanni is identical to XP_058124827.1_lysozyme_c-1-like_Anopheles_coustani but kept for subsequent analysis
NOTE: XP_063630539.1_lysozyme_Cydia_splendana is identical to XP_063394194.1_lysozyme_Cydia_fagiglandana but kept for subsequent analysis
NOTE: XP_022117864.1_lysozyme-like_Pieris_rapae is identical to XP_045518581.1_lysozyme-like_Pieris_brassicae but kept for subsequent analysis
NOTE: XP_049964251.1_lysozyme-like_Schistocerca_serialis_cubense is identical to XP_047000872.1_lysozyme-like_Schistocerca_americana but kept for subsequent analysis
NOTE: XP_052756229.1_lysozyme_Galleria_mellonella is identical to XP_026755257.1_lysozyme_Galleria_mellonella but kept for subsequent analysis
NOTE: XP_047019592.1_lysozyme-like_Helicoverpa_zea is identical to XP_049696526.1_lysozyme_Helicoverpa_armigera but kept for subsequent analysis
NOTE: XP_037302755.1_lysozyme-like_Manduca_sexta is identical to XP_037298374.1_lysozyme-like_Manduca_sexta but kept for subsequent analysis
NOTE: P48816.1_RecName__Full_Lysozyme is identical to XP_028030251.1_lysozyme_Bombyx_mandarina but kept for subsequent analysis
NOTE: XP_063823050.1_lysozyme-like_Ostrinia_nubilalis is identical to XP_028169326.1_lysozyme-like_Ostrinia_furnacalis but kept for subsequent analysis
NOTE: XP_058176143.1_lysozyme_c-1-like_Anopheles_ziemanni is identical to XP_058124699.1_lysozyme_c-1-like_Anopheles_coustani but kept for subsequent analysis
NOTE: XP_058176132.1_lysozyme_c-1-like_Anopheles_ziemanni is identical to XP_058124700.1_lysozyme_c-1-like_Anopheles_coustani but kept for subsequent analysis
NOTE: XP_039954364.1_lysozyme_c-1-like_Bactrocera_tryoni is identical to XP_050325206.1_lysozyme_c-1-like_Bactrocera_neohumeralis but kept for subsequent analysis
NOTE: XP_016038182.1_lysozyme_Drosophila_simulans is identical to XP_002036915.1_lysozyme_Drosophila_sechellia but kept for subsequent analysis
NOTE: XP_012170668.1_lysozyme_Bombus_terrestris is identical to XP_050591379.1_lysozyme-like_Bombus_affinis but kept for subsequent analysis
NOTE: XP_068980378.1_lysozyme_Bombus_flavifrons is identical to XP_033318970.1_lysozyme_Bombus_bifarius but kept for subsequent analysis
NOTE: XP_054010282.1_lysozyme-like_Hylaeus_anthracinus is identical to XP_054010278.1_lysozyme-like_Hylaeus_anthracinus but kept for subsequent analysis
NOTE: XP_046626488.1_lysozyme-like_Neodiprion_virginianus is identical to XP_046431365.1_lysozyme-like_Neodiprion_fabricii but kept for subsequent analysis
NOTE: XP_034255300.1_lysozyme_C-like_Thrips_palmi is identical to XP_034235752.1_lysozyme_C-like_Thrips_palmi but kept for subsequent analysis
NOTE: XP_054290800.1_lysozyme_P-like_Macrosteles_quadrilineatus is identical to XP_054264742.1_lysozyme_P-like_Macrosteles_quadrilineatus but kept for subsequent analysis
NOTE: XP_049831130.1_lysozyme_c-1-like_Schistocerca_gregaria is identical to XP_049788089.1_lysozyme_c-1-like_Schistocerca_cancellata but kept for subsequent analysis
Checking for duplicate sequences: done in 0.0184009 secs using 1919% CPU
Identifying sites to remove: done in 0.059238 secs using 1915% CPU
NOTE: 84 identical sequences (see below) will be ignored for subsequent analysis
NOTE: XP_050472669.1_lysozyme_2-like_Bombus_huntii (identical to XP_033304913.1_lysozyme_2-like_Bombus_bifarius) is ignored but added at the end
NOTE: XP_043577785.1_lysozyme_2-like_Bombus_pyrosoma (identical to XP_033304913.1_lysozyme_2-like_Bombus_bifarius) is ignored but added at the end
NOTE: XP_033353604.1_lysozyme_2-like_Bombus_vosnesenskii (identical to XP_033304913.1_lysozyme_2-like_Bombus_bifarius) is ignored but added at the end
NOTE: XP_033184711.1_lysozyme_2-like_Bombus_vancouverensis_nearcticus (identical to XP_033304913.1_lysozyme_2-like_Bombus_bifarius) is ignored but added at the end
NOTE: Calliphora_vicina_lysozyme_1-like_XM_065499877.1 (identical to Calliphora_vicina_lysozyme_1-like_XM_065499793.1) is ignored but added at the end
NOTE: Calliphora_vomitoria_LysC11 (identical to Calliphora_vicina_lysozyme_1-like_XM_065499793.1) is ignored but added at the end
NOTE: Calliphora_vomitoria_LysC12 (identical to Calliphora_vicina_lysozyme_1-like_XM_065499793.1) is ignored but added at the end
NOTE: Calliphora_vomitoria_LysC15 (identical to Calliphora_vicina_lysozyme_1-like_XM_065499793.1) is ignored but added at the end
NOTE: Musca_domestica_lysozyme_1_XM_020037574.2 (identical to Musca_domestica_lysozyme_1_XM_059127590.1) is ignored but added at the end
NOTE: Musca_domestica_lysozyme_1_XM_005185770.4 (identical to Musca_domestica_lysozyme_1_XM_059127590.1) is ignored but added at the end
NOTE: Musca_domestica_lysozyme_1_XM_059127595.1 (identical to Musca_domestica_lysozyme_1_XM_059127590.1) is ignored but added at the end
NOTE: Musca_domestica_lysozyme_1_NM_001308972.2 (identical to Musca_domestica_lysozyme_1_XM_059127590.1) is ignored but added at the end
NOTE: Musca_domestica_lysozyme_1-like_XM_020037581.2 (identical to Musca_domestica_lysozyme_1_XM_059127590.1) is ignored but added at the end
NOTE: Musca_domestica_lysozyme_1_XM_059127597.1 (identical to Musca_domestica_lysozyme_1_XM_059127590.1) is ignored but added at the end
NOTE: Musca_domestica_lysozyme_1-like_XM_005185778.4 (identical to Musca_domestica_lysozyme_1_XM_059127590.1) is ignored but added at the end
NOTE: Musca_domestica_lysozyme_1-like_XM_059127598.1 (identical to Musca_domestica_lysozyme_1_XM_059127590.1) is ignored but added at the end
NOTE: Musca_domestica_lysozyme_1_XM_059127599.1 (identical to Musca_domestica_lysozyme_1_XM_059127590.1) is ignored but added at the end
NOTE: XP_058983581.1_lysozyme_1-like_Musca_domestica (identical to Musca_domestica_lysozyme_1_XM_059127590.1) is ignored but added at the end
NOTE: Musca_domestica_lysozyme_1-like_XM_059127592.1 (identical to Musca_domestica_lysozyme_1-like_XM_059127591.1) is ignored but added at the end
NOTE: XP_061393101.1_lysozyme_1-like_Musca_vetustissima (identical to XP_061393102.1_lysozyme_1-like_Musca_vetustissima) is ignored but added at the end
NOTE: XP_061393136.1_lysozyme_1-like_Musca_vetustissima (identical to XP_061393102.1_lysozyme_1-like_Musca_vetustissima) is ignored but added at the end
NOTE: Stomoxys_calcitrans_lysozyme_1_XM_059368531.1 (identical to Stomoxys_calcitrans_lysozyme_1_XM_059368529.1) is ignored but added at the end
NOTE: Stomoxys_calcitrans_lysozyme_1_XM_013259399.2 (identical to Stomoxys_calcitrans_lysozyme_1_XM_059368529.1) is ignored but added at the end
NOTE: Stomoxys_calcitrans_lysozyme_1_XM_059368532.1 (identical to Stomoxys_calcitrans_lysozyme_1_XM_059368529.1) is ignored but added at the end
NOTE: Chrysomya_megacephala_LysC8 (identical to Chrysomya_megacephala_LysC1) is ignored but added at the end
NOTE: Chrysomya_megacephala_LysC16 (identical to Chrysomya_megacephala_LysC1) is ignored but added at the end
NOTE: Chrysomya_megacephala_LysC17 (identical to Chrysomya_megacephala_LysC1) is ignored but added at the end
NOTE: XP_034103463.1_lysozyme_D_Drosophila_albomicans (identical to XP_034103459.1_lysozyme_D_Drosophila_albomicans) is ignored but added at the end
NOTE: XP_060660915.1_lysozyme_D_Drosophila_nasuta (identical to XP_034103459.1_lysozyme_D_Drosophila_albomicans) is ignored but added at the end
NOTE: XP_062130800.1_lysozyme_D_Drosophila_sulfurigaster_albostrigata (identical to XP_034103459.1_lysozyme_D_Drosophila_albomicans) is ignored but added at the end
NOTE: XP_062130799.1_lysozyme_D-like_Drosophila_sulfurigaster_albostrigata (identical to XP_060660917.1_lysozyme_D-like_Drosophila_nasuta) is ignored but added at the end
NOTE: XP_062130801.1_lysozyme_E-like_Drosophila_sulfurigaster_albostrigata (identical to XP_034103462.1_lysozyme_E-like_Drosophila_albomicans) is ignored but added at the end
NOTE: XP_030079481.1_lysozyme_D_Drosophila_hydei (identical to XP_023167110.1_lysozyme_D_Drosophila_hydei) is ignored but added at the end
NOTE: XP_002046433.1_lysozyme_A/C_Drosophila_virilis (identical to XP_030560724.1_lysozyme_A/C-like_Drosophila_novamexicana) is ignored but added at the end
NOTE: XP_002046431.1_lysozyme_A/C_Drosophila_virilis (identical to XP_030560724.1_lysozyme_A/C-like_Drosophila_novamexicana) is ignored but added at the end
NOTE: XP_034482086.1_lysozyme_B_Drosophila_innubila (identical to XP_034482082.1_lysozyme_B_Drosophila_innubila) is ignored but added at the end
NOTE: XP_002083181.2_lysozyme_B_Drosophila_simulans (identical to XP_017103992.1_lysozyme_B_Drosophila_bipectinata) is ignored but added at the end
NOTE: XP_001982999.1_lysozyme_A/C_Drosophila_erecta (identical to XP_001971094.1_lysozyme_A/C_Drosophila_erecta) is ignored but added at the end
NOTE: XP_001982998.1_lysozyme_A/C_Drosophila_erecta (identical to XP_001971094.1_lysozyme_A/C_Drosophila_erecta) is ignored but added at the end
NOTE: XP_002034870.1_lysozyme_A/C_Drosophila_sechellia (identical to XP_033157263.1_lysozyme_A/C_Drosophila_mauritiana) is ignored but added at the end
NOTE: XP_039149016.1_lysozyme_A/C_Drosophila_simulans (identical to XP_033157263.1_lysozyme_A/C_Drosophila_mauritiana) is ignored but added at the end
NOTE: XP_016029777.2_lysozyme_A/C_Drosophila_simulans (identical to XP_033157263.1_lysozyme_A/C_Drosophila_mauritiana) is ignored but added at the end
NOTE: XP_036670261.1_lysozyme_A/C_Drosophila_suzukii (identical to XP_037722984.1_lysozyme_A/C_Drosophila_subpulchrella) is ignored but added at the end
NOTE: XP_016984111.1_lysozyme_A/C-like_Drosophila_rhopaloa (identical to XP_044313922.1_lysozyme_A/C-like_Drosophila_rhopaloa) is ignored but added at the end
NOTE: XP_002026118.2_lysozyme_D_Drosophila_persimilis (identical to XP_026849746.1_lysozyme_D-like_Drosophila_persimilis) is ignored but added at the end
NOTE: XP_002026116.1_lysozyme_D_Drosophila_persimilis (identical to XP_026849746.1_lysozyme_D-like_Drosophila_persimilis) is ignored but added at the end
NOTE: XP_033242420.1_lysozyme_A/C_Drosophila_miranda (identical to XP_017137333.2_lysozyme_A/C_Drosophila_miranda) is ignored but added at the end
NOTE: XP_002026119.1_lysozyme_A/C_Drosophila_persimilis (identical to XP_017137333.2_lysozyme_A/C_Drosophila_miranda) is ignored but added at the end
NOTE: XP_002026115.1_lysozyme_A/C_Drosophila_persimilis (identical to XP_017137333.2_lysozyme_A/C_Drosophila_miranda) is ignored but added at the end
NOTE: XP_002026117.2_lysozyme_A/C_Drosophila_persimilis (identical to XP_017137333.2_lysozyme_A/C_Drosophila_miranda) is ignored but added at the end
NOTE: XP_030375512.1_lysozyme_D-like_Scaptodrosophila_lebanonensis (identical to XP_030375509.1_lysozyme_D-like_Scaptodrosophila_lebanonensis) is ignored but added at the end
NOTE: XP_030375513.1_lysozyme_D-like_Scaptodrosophila_lebanonensis (identical to XP_030375509.1_lysozyme_D-like_Scaptodrosophila_lebanonensis) is ignored but added at the end
NOTE: XP_030375514.1_lysozyme_D-like_Scaptodrosophila_lebanonensis (identical to XP_030375509.1_lysozyme_D-like_Scaptodrosophila_lebanonensis) is ignored but added at the end
NOTE: XP_030375517.1_lysozyme_D-like_Scaptodrosophila_lebanonensis (identical to XP_030375509.1_lysozyme_D-like_Scaptodrosophila_lebanonensis) is ignored but added at the end
NOTE: XP_002065978.1_lysozyme_B_Drosophila_willistoni (identical to XP_002065979.1_lysozyme_B_Drosophila_willistoni) is ignored but added at the end
NOTE: Chrysomya_megacephala_LysC11 (identical to Chrysomya_megacephala_LysC9) is ignored but added at the end
NOTE: Chrysomya_megacephala_LysC12 (identical to Chrysomya_megacephala_LysC9) is ignored but added at the end
NOTE: Chrysomya_megacephala_LysC18 (identical to Chrysomya_megacephala_LysC9) is ignored but added at the end
NOTE: Chrysomya_megacephala_LysC19 (identical to Chrysomya_megacephala_LysC9) is ignored but added at the end
NOTE: Stomoxys_calcitrans_lysozyme_2-like_X1_XM_059370490.1 (identical to Stomoxys_calcitrans_lysozyme_2-like_XM_059370495.1) is ignored but added at the end
NOTE: Stomoxys_calcitrans_lysozyme_2_XM_013257686.2 (identical to Stomoxys_calcitrans_lysozyme_2_XM_013257687.2) is ignored but added at the end
NOTE: XP_002092255.1_lysozyme_P_Drosophila_yakuba (identical to XP_039481858.1_lysozyme_P_Drosophila_santomea) is ignored but added at the end
NOTE: XP_037915164.1_lysozyme_c-1-like_Hermetia_illucens (identical to XP_037915163.1_lysozyme_c-1-like_Hermetia_illucens) is ignored but added at the end
NOTE: XP_037915179.1_lysozyme_2-like_Hermetia_illucens (identical to XP_037915172.1_lysozyme_2-like_Hermetia_illucens) is ignored but added at the end
NOTE: XP_037915184.1_lysozyme_2-like_Hermetia_illucens (identical to XP_037915182.1_lysozyme_2-like_Hermetia_illucens) is ignored but added at the end
NOTE: XP_037915187.1_lysozyme_2-like_Hermetia_illucens (identical to XP_037915182.1_lysozyme_2-like_Hermetia_illucens) is ignored but added at the end
NOTE: XP_037915185.1_lysozyme_2-like_Hermetia_illucens (identical to XP_037915182.1_lysozyme_2-like_Hermetia_illucens) is ignored but added at the end
NOTE: XP_014091498.1_lysozyme_Bactrocera_oleae (identical to XP_018797972.1_lysozyme_Bactrocera_latifrons) is ignored but added at the end
NOTE: XP_039954366.1_lysozyme_Bactrocera_tryoni (identical to XP_018797972.1_lysozyme_Bactrocera_latifrons) is ignored but added at the end
NOTE: XP_017073139.1_lysozyme_Drosophila_eugracilis (identical to XP_016947509.1_lysozyme_Drosophila_biarmipes) is ignored but added at the end
NOTE: XP_052842477.1_lysozyme_Drosophila_gunungcola (identical to XP_016947509.1_lysozyme_Drosophila_biarmipes) is ignored but added at the end
NOTE: XP_017025159.1_lysozyme_Drosophila_kikkawai (identical to XP_016947509.1_lysozyme_Drosophila_biarmipes) is ignored but added at the end
NOTE: XP_016970683.2_lysozyme_Drosophila_rhopaloa (identical to XP_016947509.1_lysozyme_Drosophila_biarmipes) is ignored but added at the end
NOTE: XP_039479985.1_lysozyme_Drosophila_santomea (identical to XP_016947509.1_lysozyme_Drosophila_biarmipes) is ignored but added at the end
NOTE: XP_020806728.1_lysozyme_Drosophila_serrata (identical to XP_016947509.1_lysozyme_Drosophila_biarmipes) is ignored but added at the end
NOTE: XP_037714599.1_lysozyme_Drosophila_subpulchrella (identical to XP_016947509.1_lysozyme_Drosophila_biarmipes) is ignored but added at the end
NOTE: XP_016930277.3_lysozyme_Drosophila_suzukii (identical to XP_016947509.1_lysozyme_Drosophila_biarmipes) is ignored but added at the end
NOTE: XP_017003308.1_lysozyme_Drosophila_takahashii (identical to XP_016947509.1_lysozyme_Drosophila_biarmipes) is ignored but added at the end
NOTE: XP_043644129.1_lysozyme_Drosophila_teissieri (identical to XP_016947509.1_lysozyme_Drosophila_biarmipes) is ignored but added at the end
NOTE: XP_002091651.1_lysozyme_Drosophila_yakuba (identical to XP_016947509.1_lysozyme_Drosophila_biarmipes) is ignored but added at the end
NOTE: XP_062549617.1_lysozyme_c-1-like_Armigeres_subalbatus (identical to XP_062533525.1_lysozyme_c-1-like_Armigeres_subalbatus) is ignored but added at the end
NOTE: XP_003487633.1_lysozyme_Bombus_impatiens (identical to XP_033318970.1_lysozyme_Bombus_bifarius) is ignored but added at the end
NOTE: XP_043597176.1_lysozyme-like_Bombus_pyrosoma (identical to XP_033318970.1_lysozyme_Bombus_bifarius) is ignored but added at the end
NOTE: XP_033182860.1_lysozyme_Bombus_vancouverensis_nearcticus (identical to XP_033318970.1_lysozyme_Bombus_bifarius) is ignored but added at the end
Alignment was printed to lys_insecta_alinhado.fasta.uniqueseq.phy

For your convenience alignment with unique sequences printed to lys_insecta_alinhado.fasta.uniqueseq.phy

Creating fast initial parsimony tree by random order stepwise addition...
14.397 seconds, parsimony score: 63336 (based on 2154 sites)
Perform fast likelihood tree search using LG+I+G model...
Estimate model parameters (epsilon = 5.000)
Perform nearest neighbor interchange...
Optimizing NNI: done in 68.3055 secs using 1974% CPU
Estimate model parameters (epsilon = 1.000)
1. Initial log-likelihood: -303354.829
2. Current log-likelihood: -303353.519
Optimal log-likelihood: -303352.906
Proportion of invariable sites: 0.000
Gamma shape alpha: 1.450
Parameters optimization took 2 rounds (6.632 sec)
Time for fast ML tree search: 106.327 seconds

NOTE: ModelFinder requires 8760 MB RAM!
ModelFinder will test up to 1232 protein models (sample size: 3196) ...
 No. Model         -LnL         df  AIC          AICc         BIC
  1  LG            312999.949   4429 634857.897   39875797.897 661740.401
  2  LG+I          312998.590   4430 634857.181   39893517.181 661745.754
  3  LG+G4         303352.358   4430 615564.715   39874224.715 642453.288
  4  LG+I+G4       303352.417   4431 615566.834   39891950.834 642461.476
  5  LG+R2         305978.071   4431 620818.142   39897202.142 647712.785
  6  LG+R3         303828.430   4433 616522.860   39928366.860 643429.642
  7  LG+R4         303072.598   4435 615015.196   39962335.196 641934.117
  8  LG+R5         302854.689   4437 614583.378   39997395.378 641514.439
  9  LG+R6         302550.672   4439 613979.344   40032299.344 640922.544
 10  LG+R7         302456.415   4441 613794.830   40067638.830 640750.169
 11  LG+R8         302428.438   4443 613742.875   40103126.875 640710.354
 12  LG+R9         302343.952   4445 613577.905   40138517.905 640557.522
 13  LG+R10        302339.967   4447 613573.933   40174085.933 640565.690
 14  LG+I+R2       305978.130   4432 620820.261   39914932.261 647720.973
 15  LG+I+R3       303828.450   4434 616524.901   39946104.901 643437.752
 16  LG+I+R4       303073.348   4436 615018.695   39980082.695 641943.686
 17  LG+I+R5       302851.477   4438 614578.954   40015142.954 641516.084
 18  LG+I+R6       302550.613   4440 613981.226   40050061.226 640930.495
 19  LG+I+R7       302456.991   4442 613797.982   40085409.982 640759.390
 20  LG+I+R8       302428.716   4444 613745.431   40120905.431 640718.979
 21  LG+I+R9       302423.305   4446 613738.611   40156462.611 640724.298
 34  LG+F+R9       305742.090   4464 620412.180   40483932.180 647507.122
 35  LG+F+R10      305716.684   4466 620365.368   40519609.368 647472.448
 56  WAG+R9        302084.379   4445 613058.759   40137998.759 640038.377
 57  WAG+R10       302024.820   4447 612943.640   40173455.640 639935.397
 78  WAG+F+R9      304687.726   4464 618303.452   40481823.452 645398.393
 79  WAG+F+R10     304639.303   4466 618210.605   40517454.605 645317.686
100  JTT+R9        302577.701   4445 614045.403   40138985.403 641025.021
101  JTT+R10       302538.668   4447 613971.336   40174483.336 640963.093
122  JTT+F+R9      304928.934   4464 618785.868   40482305.868 645880.810
123  JTT+F+R10     304880.799   4466 618693.599   40517937.599 645800.679
WARNING: Normalizing state frequencies so that sum of them equals to 1
144  Q.pfam+R9     301924.766   4445 612739.531   40137679.531 639719.149
WARNING: Normalizing state frequencies so that sum of them equals to 1
145  Q.pfam+R10    301883.689   4447 612661.378   40173173.378 639653.135
WARNING: Normalizing state frequencies so that sum of them equals to 1
166  Q.pfam+F+R9   305955.912   4464 620839.824   40484359.824 647934.765
WARNING: Normalizing state frequencies so that sum of them equals to 1
167  Q.pfam+F+R10  305921.588   4466 620775.176   40520019.176 647882.256
WARNING: Normalizing state frequencies so that sum of them equals to 1
188  Q.bird+R9     307467.680   4445 623825.359   40148765.359 650804.977
WARNING: Normalizing state frequencies so that sum of them equals to 1
189  Q.bird+R10    307438.778   4447 623771.556   40184283.556 650763.313
WARNING: Normalizing state frequencies so that sum of them equals to 1
210  Q.bird+F+R9   310795.107   4464 630518.213   40494038.213 657613.155
WARNING: Normalizing state frequencies so that sum of them equals to 1
211  Q.bird+F+R10  310778.133   4466 630488.267   40529732.267 657595.347
WARNING: Normalizing state frequencies so that sum of them equals to 1
232  Q.mammal+R9   305440.169   4445 619770.337   40144710.337 646749.955
WARNING: Normalizing state frequencies so that sum of them equals to 1
233  Q.mammal+R10  305409.111   4447 619712.221   40180224.221 646703.979
WARNING: Normalizing state frequencies so that sum of them equals to 1
254  Q.mammal+F+R9 308696.755   4464 626321.511   40489841.511 653416.452
WARNING: Normalizing state frequencies so that sum of them equals to 1
255  Q.mammal+F+R10 308675.634   4466 626283.268   40525527.268 653390.349
276  Q.insect+R9   302586.696   4445 614063.392   40139003.392 641043.010
277  Q.insect+R10  302551.544   4447 613997.088   40174509.088 640988.845
298  Q.insect+F+R9 306163.319   4464 621254.638   40484774.638 648349.579
299  Q.insect+F+R10 306128.999   4466 621189.997   40520433.997 648297.078
WARNING: Normalizing state frequencies so that sum of them equals to 1
320  Q.plant+R9    303545.566   4445 615981.132   40140921.132 642960.750
WARNING: Normalizing state frequencies so that sum of them equals to 1
321  Q.plant+R10   303484.234   4447 615862.468   40176374.468 642854.225
WARNING: Normalizing state frequencies so that sum of them equals to 1
342  Q.plant+F+R9  307731.937   4464 624391.874   40487911.874 651486.815
WARNING: Normalizing state frequencies so that sum of them equals to 1
343  Q.plant+F+R10 307686.208   4466 624304.416   40523548.416 651411.496
WARNING: Normalizing state frequencies so that sum of them equals to 1
364  Q.yeast+R9    303000.355   4445 614890.711   40139830.711 641870.329
WARNING: Normalizing state frequencies so that sum of them equals to 1
365  Q.yeast+R10   302947.712   4447 614789.423   40175301.423 641781.180
WARNING: Normalizing state frequencies so that sum of them equals to 1
386  Q.yeast+F+R9  306489.676   4464 621907.351   40485427.351 649002.293
WARNING: Normalizing state frequencies so that sum of them equals to 1
387  Q.yeast+F+R10 306458.262   4466 621848.524   40521092.524 648955.605
408  JTTDCMut+R9   302589.949   4445 614069.899   40139009.899 641049.517
409  JTTDCMut+R10  302553.755   4447 614001.509   40174513.509 640993.266
430  JTTDCMut+F+R9 304883.555   4464 618695.111   40482215.111 645790.052
431  JTTDCMut+F+R10 304835.163   4466 618602.326   40517846.326 645709.407
452  DCMut+R9      305284.578   4445 619459.156   40144399.156 646438.774
453  DCMut+R10     305250.478   4447 619394.955   40179906.955 646386.712
474  DCMut+F+R9    306116.701   4464 621161.402   40484681.402 648256.343
475  DCMut+F+R10   306090.696   4466 621113.391   40520357.391 648220.472
496  VT+R9         302304.762   4445 613499.524   40138439.524 640479.142
497  VT+R10        302251.071   4447 613396.142   40173908.142 640387.899
518  VT+F+R9       305289.620   4464 619507.239   40483027.239 646602.180
519  VT+F+R10      305247.927   4466 619427.854   40518671.854 646534.934
540  PMB+R9        304001.915   4445 616893.829   40141833.829 643873.447
541  PMB+R10       303976.019   4447 616846.038   40177358.038 643837.795
562  PMB+F+R9      306675.525   4464 622279.049   40485799.049 649373.991
563  PMB+F+R10     306646.278   4466 622224.555   40521468.555 649331.636
584  Blosum62+R9   304349.230   4445 617588.461   40142528.461 644568.079
585  Blosum62+R10  304313.474   4447 617520.947   40178032.947 644512.704
606  Blosum62+F+R9 306794.664   4464 622517.327   40486037.327 649612.268
607  Blosum62+F+R10 306770.338   4466 622472.675   40521716.675 649579.756
628  Dayhoff+R9    305297.469   4445 619484.937   40144424.937 646464.555
629  Dayhoff+R10   305262.801   4447 619419.602   40179931.602 646411.359
650  Dayhoff+F+R9  306131.532   4464 621191.063   40484711.063 648286.005
651  Dayhoff+F+R10 306105.354   4466 621142.708   40520386.708 648249.789
672  mtREV+R9      317117.249   4445 643124.499   40168064.499 670104.117
673  mtREV+R10     317084.348   4447 643062.697   40203574.697 670054.454
694  mtREV+F+R9    311013.538   4464 630955.076   40494475.076 658050.017
695  mtREV+F+R10   310982.963   4466 630897.926   40530141.926 658005.007
716  mtART+R9      322156.745   4445 653203.490   40178143.490 680183.108
717  mtART+R10     322133.330   4447 653160.660   40213672.660 680152.417
738  mtART+F+R9    316397.979   4464 641723.957   40505243.957 668818.899
739  mtART+F+R10   316333.424   4466 641598.848   40540842.848 668705.929
760  mtZOA+R9      314524.220   4445 637938.440   40162878.440 664918.057
761  mtZOA+R10     314476.716   4447 637847.433   40198359.433 664839.190
782  mtZOA+F+R9    311570.213   4464 632068.427   40495588.427 659163.368
783  mtZOA+F+R10   311508.143   4466 631948.285   40531192.285 659055.366
804  mtMet+R9      315958.567   4445 640807.135   40165747.135 667786.752
805  mtMet+R10     315924.654   4447 640743.309   40201255.309 667735.066
826  mtMet+F+R9    310113.015   4464 629154.030   40492674.030 656248.971
827  mtMet+F+R10   310069.712   4466 629071.423   40528315.423 656178.504
848  mtVer+R9      319009.580   4445 646909.160   40171849.160 673888.778
849  mtVer+R10     318975.224   4447 646844.447   40207356.447 673836.204
870  mtVer+F+R9    314342.654   4464 637613.308   40501133.308 664708.249
871  mtVer+F+R10   314305.427   4466 637542.855   40536786.855 664649.936
892  mtInv+R9      317152.355   4445 643194.710   40168134.710 670174.328
893  mtInv+R10     317133.552   4447 643161.103   40203673.103 670152.861
914  mtInv+F+R9    308380.911   4464 625689.822   40489209.822 652784.763
915  mtInv+F+R10   308324.825   4466 625581.650   40524825.650 652688.731
936  mtMAM+R9      324263.850   4445 657417.700   40182357.700 684397.317
937  mtMAM+R10     324194.959   4447 657283.918   40217795.918 684275.675
958  mtMAM+F+R9    317222.914   4464 643373.828   40506893.828 670468.769
959  mtMAM+F+R10   317175.995   4466 643283.991   40542527.991 670391.072
WARNING: Normalizing state frequencies so that sum of them equals to 1
980  FLAVI+R9      313614.972   4445 636119.945   40161059.945 663099.563
WARNING: Normalizing state frequencies so that sum of them equals to 1
981  FLAVI+R10     313598.881   4447 636091.762   40196603.762 663083.519
WARNING: Normalizing state frequencies so that sum of them equals to 1
1002  FLAVI+F+R9    314243.597   4464 637415.194   40500935.194 664510.136
WARNING: Normalizing state frequencies so that sum of them equals to 1
1003  FLAVI+F+R10   314214.746   4466 637361.493   40536605.493 664468.573
1024  HIVb+R9       308869.933   4445 626629.867   40151569.867 653609.485
1025  HIVb+R10      308848.854   4447 626591.708   40187103.708 653583.465
1046  HIVb+F+R9     310032.586   4464 628993.172   40492513.172 656088.113
1047  HIVb+F+R10    309958.130   4466 628848.259   40528092.259 655955.340
1068  HIVw+R9       320091.366   4445 649072.733   40174012.733 676052.350
1069  HIVw+R10      320061.938   4447 649017.875   40209529.875 676009.632
1090  HIVw+F+R9     315859.694   4464 640647.387   40504167.387 667742.328
1091  HIVw+F+R10    315840.106   4466 640612.211   40539856.211 667719.292
1112  FLU+R9        307421.909   4445 623733.818   40148673.818 650713.436
1113  FLU+R10       307393.714   4447 623681.429   40184193.429 650673.186
1134  FLU+F+R9      307238.721   4464 623405.442   40486925.442 650500.383
1135  FLU+F+R10     307212.740   4466 623357.480   40522601.480 650464.561
1156  rtREV+R9      305929.072   4445 620748.145   40145688.145 647727.763
1157  rtREV+R10     305884.396   4447 620662.793   40181174.793 647654.550
1178  rtREV+F+R9    307843.394   4464 624614.787   40488134.787 651709.729
1179  rtREV+F+R10   307825.270   4466 624582.539   40523826.539 651689.620
1200  cpREV+R9      303772.106   4445 616434.212   40141374.212 643413.830
1201  cpREV+R10     303743.745   4447 616381.489   40176893.489 643373.246
1222  cpREV+F+R9    306681.297   4464 622290.594   40485810.594 649385.536
1223  cpREV+F+R10   306624.174   4466 622180.347   40521424.347 649287.428
Akaike Information Criterion:           Q.pfam+R10
Corrected Akaike Information Criterion: LG+G4
Bayesian Information Criterion:         Q.pfam+R10
Best-fit model: Q.pfam+R10 chosen according to BIC

All model information printed to lys_insecta_alinhado.fasta.model.gz
CPU time for ModelFinder: 1263078.056 seconds (350h:51m:18s)
Wall-clock time for ModelFinder: 63668.825 seconds (17h:41m:8s)
Generating 1000 samples for ultrafast bootstrap (seed: 894426)...
WARNING: Normalizing state frequencies so that sum of them equals to 1

NOTE: 8760 MB RAM (8 GB) is required!
Estimate model parameters (epsilon = 0.100)
1. Initial log-likelihood: -301883.689
Optimal log-likelihood: -301883.539
Site proportion and rates:  (0.015,0.041) (0.022,0.133) (0.032,0.225) (0.075,0.366) (0.094,0.488) (0.175,0.654) (0.209,0.864) (0.155,1.160) (0.189,1.626) (0.036,3.759)
Parameters optimization took 1 rounds (23.292 sec)
Wrote distance file to... 
Computing ML distances based on estimated model parameters...
Calculating distance matrix: done in 121.632 secs using 2000% CPU
Computing ML distances took 121.647364 sec (of wall-clock time) 2432.787023 sec (of CPU time)
WARNING: Some pairwise ML distances are too long (saturated)
Setting up auxiliary I and S matrices: done in 0.00795412 secs using 2045% CPU
Constructing RapidNJ tree: done in 0.585355 secs using 2073% CPU
Computing RapidNJ tree took 0.593415 sec (of wall-clock time) 12.299581 sec (of CPU time)
Log-likelihood of RapidNJ tree: -305808.690
--------------------------------------------------------------------
|             INITIALIZING CANDIDATE TREE SET                      |
--------------------------------------------------------------------
Generating 98 parsimony trees... 100.679 second
Computing log-likelihood of 98 initial trees ... 423.585 seconds
Current best score: -301883.539

Do NNI search on 20 best initial trees
Optimizing NNI: done in 82.1118 secs using 1975% CPU
Estimate model parameters (epsilon = 0.100)
BETTER TREE FOUND at iteration 1: -301795.408
Optimizing NNI: done in 267.143 secs using 1972% CPU
Estimate model parameters (epsilon = 0.100)
BETTER TREE FOUND at iteration 2: -301343.744
Optimizing NNI: done in 385.806 secs using 1972% CPU
Optimizing NNI: done in 398.673 secs using 1972% CPU
Optimizing NNI: done in 337.52 secs using 1972% CPU
Optimizing NNI: done in 393.217 secs using 1973% CPU
Optimizing NNI: done in 348.99 secs using 1972% CPU
Optimizing NNI: done in 389.21 secs using 1972% CPU
Optimizing NNI: done in 407.96 secs using 1972% CPU
Optimizing NNI: done in 394.205 secs using 1972% CPU
Iteration 10 / LogL: -301638.538 / Time: 1h:14m:21s
Optimizing NNI: done in 376.314 secs using 1972% CPU
Optimizing NNI: done in 370.233 secs using 1972% CPU
Optimizing NNI: done in 381.045 secs using 1973% CPU
Optimizing NNI: done in 396.563 secs using 1972% CPU
Optimizing NNI: done in 408.071 secs using 1973% CPU
Optimizing NNI: done in 363.274 secs using 1972% CPU
Optimizing NNI: done in 352.065 secs using 1972% CPU
Optimizing NNI: done in 411.067 secs using 1972% CPU
Optimizing NNI: done in 389.717 secs using 1972% CPU
Optimizing NNI: done in 386.1 secs using 1972% CPU
Iteration 20 / LogL: -301824.548 / Time: 2h:18m:19s
Finish initializing candidate tree set (20)
Current best tree score: -301343.744 / CPU time: 8079.767
Number of iterations: 20
--------------------------------------------------------------------
|               OPTIMIZING CANDIDATE TREE SET                      |
--------------------------------------------------------------------
Optimizing NNI: done in 153.896 secs using 1982% CPU
Optimizing NNI: done in 144.604 secs using 1983% CPU
Optimizing NNI: done in 158.443 secs using 1982% CPU
Estimate model parameters (epsilon = 0.100)
BETTER TREE FOUND at iteration 23: -301296.966
Optimizing NNI: done in 147.093 secs using 1982% CPU
Estimate model parameters (epsilon = 0.100)
BETTER TREE FOUND at iteration 24: -301268.240
Optimizing NNI: done in 154.462 secs using 1981% CPU
Optimizing NNI: done in 140.597 secs using 1983% CPU
Estimate model parameters (epsilon = 0.100)
BETTER TREE FOUND at iteration 26: -301226.301
Optimizing NNI: done in 138.228 secs using 1982% CPU
Optimizing NNI: done in 150.072 secs using 1983% CPU
Optimizing NNI: done in 120.23 secs using 1984% CPU
Optimizing NNI: done in 142.422 secs using 1983% CPU
Estimate model parameters (epsilon = 0.100)
BETTER TREE FOUND at iteration 30: -301217.417
Iteration 30 / LogL: -301217.417 / Time: 2h:52m:39s (9h:55m:21s left)
Optimizing NNI: done in 134.868 secs using 1983% CPU
Optimizing NNI: done in 172.098 secs using 1980% CPU
Estimate model parameters (epsilon = 0.100)
BETTER TREE FOUND at iteration 32: -301134.562
Optimizing NNI: done in 142.266 secs using 1982% CPU
Optimizing NNI: done in 160.075 secs using 1984% CPU
Optimizing NNI: done in 155.267 secs using 1982% CPU
Estimate model parameters (epsilon = 0.100)
BETTER TREE FOUND at iteration 35: -301120.674
Optimizing NNI: done in 135.838 secs using 1982% CPU
Optimizing NNI: done in 131.911 secs using 1982% CPU
Estimate model parameters (epsilon = 0.100)
BETTER TREE FOUND at iteration 37: -301071.108
Optimizing NNI: done in 137.806 secs using 1983% CPU
Optimizing NNI: done in 128.73 secs using 1982% CPU
Optimizing NNI: done in 113.763 secs using 1984% CPU
Iteration 40 / LogL: -301228.744 / Time: 3h:20m:30s (8h:18m:40s left)
Optimizing NNI: done in 111.298 secs using 1986% CPU
Optimizing NNI: done in 145.883 secs using 1981% CPU
Optimizing NNI: done in 143.884 secs using 1983% CPU
Optimizing NNI: done in 136.251 secs using 1982% CPU
Estimate model parameters (epsilon = 0.100)
BETTER TREE FOUND at iteration 44: -300992.598
Optimizing NNI: done in 133.654 secs using 1983% CPU
Optimizing NNI: done in 121.571 secs using 1983% CPU
Optimizing NNI: done in 143.561 secs using 1981% CPU
Estimate model parameters (epsilon = 0.100)
BETTER TREE FOUND at iteration 47: -300978.614
Optimizing NNI: done in 143.22 secs using 1982% CPU
Optimizing NNI: done in 159.693 secs using 1981% CPU
Optimizing NNI: done in 120.6 secs using 1984% CPU
Iteration 50 / LogL: -301019.430 / Time: 3h:47m:53s (7h:31m:8s left)
Log-likelihood cutoff on original alignment: -301427.133
Optimizing NNI: done in 136.048 secs using 1982% CPU
Optimizing NNI: done in 139.173 secs using 1982% CPU
Optimizing NNI: done in 138.44 secs using 1983% CPU
Optimizing NNI: done in 159.553 secs using 1981% CPU
Optimizing NNI: done in 136.557 secs using 1984% CPU
Optimizing NNI: done in 124.124 secs using 1984% CPU
Optimizing NNI: done in 132.652 secs using 1983% CPU
Optimizing NNI: done in 150.967 secs using 1981% CPU
Optimizing NNI: done in 127.315 secs using 1983% CPU
Optimizing NNI: done in 137.306 secs using 1983% CPU
Iteration 60 / LogL: -301260.858 / Time: 4h:11m:27s (6h:10m:48s left)
Optimizing NNI: done in 125.868 secs using 1983% CPU
Optimizing NNI: done in 148.428 secs using 1981% CPU
Optimizing NNI: done in 145.653 secs using 1981% CPU
Optimizing NNI: done in 141.709 secs using 1982% CPU
Optimizing NNI: done in 153.337 secs using 1982% CPU
Optimizing NNI: done in 146.563 secs using 1983% CPU
Optimizing NNI: done in 123.173 secs using 1983% CPU
Optimizing NNI: done in 115.22 secs using 1983% CPU
Optimizing NNI: done in 135.555 secs using 1983% CPU
Optimizing NNI: done in 144.411 secs using 1982% CPU
Estimate model parameters (epsilon = 0.100)
BETTER TREE FOUND at iteration 70: -300933.126
Iteration 70 / LogL: -300933.126 / Time: 4h:35m:51s (6h:39m:47s left)
Optimizing NNI: done in 138.121 secs using 1981% CPU
Estimate model parameters (epsilon = 0.100)
BETTER TREE FOUND at iteration 71: -300917.278
Optimizing NNI: done in 131.195 secs using 1983% CPU
Optimizing NNI: done in 137.06 secs using 1982% CPU
Optimizing NNI: done in 131.735 secs using 1983% CPU
Optimizing NNI: done in 131.602 secs using 1982% CPU
Optimizing NNI: done in 161.211 secs using 1981% CPU
Optimizing NNI: done in 120.47 secs using 1984% CPU
Optimizing NNI: done in 127.28 secs using 1982% CPU
Optimizing NNI: done in 120.67 secs using 1984% CPU
Optimizing NNI: done in 132.631 secs using 1985% CPU
Iteration 80 / LogL: -300995.139 / Time: 4h:59m:30s (5h:45m:0s left)
Optimizing NNI: done in 126.733 secs using 1983% CPU
Optimizing NNI: done in 111.11 secs using 1982% CPU
Optimizing NNI: done in 153.887 secs using 1982% CPU
Optimizing NNI: done in 152.043 secs using 1980% CPU
Optimizing NNI: done in 130.642 secs using 1983% CPU
Optimizing NNI: done in 139.671 secs using 1983% CPU
Optimizing NNI: done in 142.893 secs using 1981% CPU
Estimate model parameters (epsilon = 0.100)
BETTER TREE FOUND at iteration 87: -300868.985
Optimizing NNI: done in 144.862 secs using 1982% CPU
Optimizing NNI: done in 140.957 secs using 1981% CPU
Optimizing NNI: done in 147.069 secs using 1981% CPU
Iteration 90 / LogL: -300972.611 / Time: 5h:24m:3s (5h:53m:11s left)
Optimizing NNI: done in 126.431 secs using 1984% CPU
Optimizing NNI: done in 134.416 secs using 1982% CPU
Optimizing NNI: done in 122.828 secs using 1987% CPU
Optimizing NNI: done in 146.02 secs using 1981% CPU
Optimizing NNI: done in 140.047 secs using 1984% CPU
Optimizing NNI: done in 143.276 secs using 1981% CPU
Optimizing NNI: done in 137.804 secs using 1981% CPU
Optimizing NNI: done in 129.586 secs using 1983% CPU
Optimizing NNI: done in 137.018 secs using 1982% CPU
Optimizing NNI: done in 133.032 secs using 1983% CPU
Iteration 100 / LogL: -300984.952 / Time: 5h:46m:49s (5h:4m:47s left)
Log-likelihood cutoff on original alignment: -301249.260
NOTE: Bootstrap correlation coefficient of split occurrence frequencies: 0.929
NOTE: UFBoot does not converge, continue at least 100 more iterations
Optimizing NNI: done in 124.818 secs using 1983% CPU
Optimizing NNI: done in 146.761 secs using 1981% CPU
Optimizing NNI: done in 121.723 secs using 1984% CPU
Optimizing NNI: done in 144.857 secs using 1982% CPU
Optimizing NNI: done in 142.676 secs using 1982% CPU
Optimizing NNI: done in 135.869 secs using 1982% CPU
Optimizing NNI: done in 131.606 secs using 1983% CPU
Optimizing NNI: done in 131.055 secs using 1983% CPU
Optimizing NNI: done in 128.039 secs using 1981% CPU
Optimizing NNI: done in 139.683 secs using 1980% CPU
Iteration 110 / LogL: -300928.424 / Time: 6h:9m:51s (5h:5m:22s left)
Optimizing NNI: done in 134.45 secs using 1980% CPU
Optimizing NNI: done in 126.774 secs using 1982% CPU
Optimizing NNI: done in 133.288 secs using 1980% CPU
Optimizing NNI: done in 140.793 secs using 1981% CPU
Optimizing NNI: done in 127.242 secs using 1981% CPU
Optimizing NNI: done in 145.801 secs using 1980% CPU
Optimizing NNI: done in 144.494 secs using 1978% CPU
Optimizing NNI: done in 127.751 secs using 1982% CPU
Optimizing NNI: done in 133.967 secs using 1980% CPU
Optimizing NNI: done in 127.85 secs using 1981% CPU
Iteration 120 / LogL: -301118.692 / Time: 6h:32m:30s (4h:23m:52s left)
Optimizing NNI: done in 131.122 secs using 1982% CPU
Optimizing NNI: done in 122.223 secs using 1981% CPU
Optimizing NNI: done in 160.459 secs using 1980% CPU
Optimizing NNI: done in 133.293 secs using 1981% CPU
Optimizing NNI: done in 156.664 secs using 1980% CPU
Optimizing NNI: done in 153.922 secs using 1981% CPU
Optimizing NNI: done in 140.362 secs using 1981% CPU
Optimizing NNI: done in 130.815 secs using 1983% CPU
Optimizing NNI: done in 131.067 secs using 1983% CPU
Optimizing NNI: done in 134.877 secs using 1982% CPU
Estimate model parameters (epsilon = 0.100)
BETTER TREE FOUND at iteration 130: -300857.568
Iteration 130 / LogL: -300857.568 / Time: 6h:57m:8s (5h:23m:21s left)
Optimizing NNI: done in 127.196 secs using 1982% CPU
Optimizing NNI: done in 126.868 secs using 1981% CPU
Optimizing NNI: done in 138.788 secs using 1982% CPU
Optimizing NNI: done in 143.643 secs using 1980% CPU
Optimizing NNI: done in 148.226 secs using 1981% CPU
Optimizing NNI: done in 147.279 secs using 1980% CPU
Optimizing NNI: done in 131.291 secs using 1984% CPU
Optimizing NNI: done in 143.583 secs using 1982% CPU
Optimizing NNI: done in 137.316 secs using 1982% CPU
Optimizing NNI: done in 153.236 secs using 1980% CPU
Iteration 140 / LogL: -300931.894 / Time: 7h:20m:43s (4h:45m:21s left)
Optimizing NNI: done in 132.681 secs using 1981% CPU
Optimizing NNI: done in 122.761 secs using 1983% CPU
Optimizing NNI: done in 138.748 secs using 1982% CPU
Optimizing NNI: done in 147.964 secs using 1981% CPU
Optimizing NNI: done in 130.128 secs using 1984% CPU
Optimizing NNI: done in 142.525 secs using 1981% CPU
Optimizing NNI: done in 131.654 secs using 1983% CPU
Optimizing NNI: done in 146.178 secs using 1980% CPU
Optimizing NNI: done in 135.551 secs using 1981% CPU
Optimizing NNI: done in 133.952 secs using 1983% CPU
Iteration 150 / LogL: -301095.866 / Time: 7h:43m:42s (4h:8m:58s left)
Log-likelihood cutoff on original alignment: -301249.260
Optimizing NNI: done in 126.521 secs using 1983% CPU
Optimizing NNI: done in 143.443 secs using 1981% CPU
Optimizing NNI: done in 151.469 secs using 1976% CPU
Optimizing NNI: done in 119.049 secs using 1983% CPU
Optimizing NNI: done in 140.703 secs using 1980% CPU
Optimizing NNI: done in 148.577 secs using 1980% CPU
Optimizing NNI: done in 147.43 secs using 1981% CPU
Optimizing NNI: done in 143.576 secs using 1980% CPU
Optimizing NNI: done in 136.322 secs using 1979% CPU
Optimizing NNI: done in 142.367 secs using 1981% CPU
Iteration 160 / LogL: -301057.452 / Time: 8h:7m:38s (3h:34m:41s left)
Optimizing NNI: done in 142.224 secs using 1979% CPU
Optimizing NNI: done in 143.962 secs using 1980% CPU
Optimizing NNI: done in 150.011 secs using 1980% CPU
Optimizing NNI: done in 158.159 secs using 1979% CPU
Optimizing NNI: done in 148.349 secs using 1981% CPU
Optimizing NNI: done in 142.819 secs using 1981% CPU
Optimizing NNI: done in 138.962 secs using 1979% CPU
Optimizing NNI: done in 136.572 secs using 1982% CPU
Optimizing NNI: done in 133.614 secs using 1980% CPU
Optimizing NNI: done in 129.69 secs using 1983% CPU
Iteration 170 / LogL: -300997.695 / Time: 8h:31m:41s (3h:1m:40s left)
Optimizing NNI: done in 126.941 secs using 1982% CPU
Optimizing NNI: done in 137.724 secs using 1981% CPU
Optimizing NNI: done in 139.917 secs using 1980% CPU
Optimizing NNI: done in 142.052 secs using 1981% CPU
Optimizing NNI: done in 143.828 secs using 1981% CPU
Optimizing NNI: done in 145.961 secs using 1980% CPU
Optimizing NNI: done in 141.429 secs using 1981% CPU
Optimizing NNI: done in 142.329 secs using 1980% CPU
Optimizing NNI: done in 140.678 secs using 1979% CPU
Optimizing NNI: done in 146.176 secs using 1981% CPU
Iteration 180 / LogL: -300896.246 / Time: 8h:55m:27s (2h:29m:34s left)
Optimizing NNI: done in 139.828 secs using 1981% CPU
Optimizing NNI: done in 122.657 secs using 1981% CPU
Optimizing NNI: done in 138.164 secs using 1982% CPU
Optimizing NNI: done in 153.83 secs using 1978% CPU
Optimizing NNI: done in 111.415 secs using 1984% CPU
Optimizing NNI: done in 141.116 secs using 1980% CPU
Optimizing NNI: done in 134.176 secs using 1980% CPU
Estimate model parameters (epsilon = 0.100)
BETTER TREE FOUND at iteration 187: -300841.229
Optimizing NNI: done in 118.872 secs using 1984% CPU
Optimizing NNI: done in 129.773 secs using 1982% CPU
Optimizing NNI: done in 149.599 secs using 1979% CPU
Iteration 190 / LogL: -300912.573 / Time: 9h:19m:13s (4h:47m:0s left)
Optimizing NNI: done in 133.124 secs using 1982% CPU
Optimizing NNI: done in 135.076 secs using 1979% CPU
Estimate model parameters (epsilon = 0.100)
BETTER TREE FOUND at iteration 192: -300830.626
Optimizing NNI: done in 133.521 secs using 1983% CPU
Optimizing NNI: done in 144.372 secs using 1979% CPU
Optimizing NNI: done in 141.295 secs using 1978% CPU
Optimizing NNI: done in 115.146 secs using 1982% CPU
Optimizing NNI: done in 134.825 secs using 1981% CPU
Optimizing NNI: done in 144.573 secs using 1980% CPU
Optimizing NNI: done in 152.293 secs using 1981% CPU
Estimate model parameters (epsilon = 0.100)
BETTER TREE FOUND at iteration 199: -300822.904
Optimizing NNI: done in 130.096 secs using 1980% CPU
Iteration 200 / LogL: -300944.489 / Time: 9h:44m:5s (4h:50m:34s left)
Log-likelihood cutoff on original alignment: -301150.186
NOTE: Bootstrap correlation coefficient of split occurrence frequencies: 0.959
NOTE: UFBoot does not converge, continue at least 100 more iterations
Optimizing NNI: done in 134.266 secs using 1979% CPU
Optimizing NNI: done in 104.765 secs using 1987% CPU
Optimizing NNI: done in 132.967 secs using 1980% CPU
Optimizing NNI: done in 135.044 secs using 1981% CPU
Optimizing NNI: done in 144.808 secs using 1981% CPU
Optimizing NNI: done in 128.619 secs using 1981% CPU
Optimizing NNI: done in 127.653 secs using 1982% CPU
Optimizing NNI: done in 102.78 secs using 1987% CPU
Optimizing NNI: done in 127.519 secs using 1982% CPU
Optimizing NNI: done in 122.986 secs using 1980% CPU
Iteration 210 / LogL: -300929.389 / Time: 10h:5m:43s (4h:20m:50s left)
Optimizing NNI: done in 141.645 secs using 1979% CPU
Estimate model parameters (epsilon = 0.100)
BETTER TREE FOUND at iteration 211: -300818.062
Optimizing NNI: done in 131.336 secs using 1980% CPU
Optimizing NNI: done in 137.078 secs using 1980% CPU
Estimate model parameters (epsilon = 0.100)
BETTER TREE FOUND at iteration 213: -300784.445
Optimizing NNI: done in 133.42 secs using 1982% CPU
Optimizing NNI: done in 135.787 secs using 1981% CPU
Optimizing NNI: done in 136.99 secs using 1981% CPU
Optimizing NNI: done in 137.232 secs using 1981% CPU
Optimizing NNI: done in 125.112 secs using 1982% CPU
Optimizing NNI: done in 134.168 secs using 1981% CPU
Optimizing NNI: done in 137.477 secs using 1981% CPU
Iteration 220 / LogL: -300863.977 / Time: 10h:30m:17s (4h:27m:39s left)
Optimizing NNI: done in 140.384 secs using 1981% CPU
Optimizing NNI: done in 119.349 secs using 1981% CPU
Optimizing NNI: done in 138.342 secs using 1979% CPU
Optimizing NNI: done in 132.09 secs using 1982% CPU
Optimizing NNI: done in 124.749 secs using 1981% CPU
Optimizing NNI: done in 118.445 secs using 1982% CPU
Optimizing NNI: done in 155.853 secs using 1980% CPU
Optimizing NNI: done in 114.004 secs using 1984% CPU
Optimizing NNI: done in 141.626 secs using 1980% CPU
Optimizing NNI: done in 128.829 secs using 1977% CPU
Iteration 230 / LogL: -300820.280 / Time: 10h:52m:31s (3h:56m:30s left)
Optimizing NNI: done in 139.781 secs using 1978% CPU
Optimizing NNI: done in 131.988 secs using 1982% CPU
Optimizing NNI: done in 135.553 secs using 1981% CPU
Optimizing NNI: done in 137.005 secs using 1981% CPU
Optimizing NNI: done in 147.688 secs using 1978% CPU
Optimizing NNI: done in 128.462 secs using 1979% CPU
Optimizing NNI: done in 140.803 secs using 1981% CPU
Optimizing NNI: done in 124.264 secs using 1982% CPU
Optimizing NNI: done in 125.067 secs using 1983% CPU
Optimizing NNI: done in 124.852 secs using 1980% CPU
Iteration 240 / LogL: -300872.672 / Time: 11h:15m:7s (3h:26m:12s left)
Optimizing NNI: done in 97.1063 secs using 1987% CPU
Optimizing NNI: done in 135.97 secs using 1978% CPU
Optimizing NNI: done in 136.105 secs using 1978% CPU
Optimizing NNI: done in 130.945 secs using 1981% CPU
Optimizing NNI: done in 141.565 secs using 1980% CPU
Optimizing NNI: done in 134.099 secs using 1979% CPU
Optimizing NNI: done in 140.059 secs using 1980% CPU
Optimizing NNI: done in 122.436 secs using 1982% CPU
Optimizing NNI: done in 136.978 secs using 1980% CPU
Optimizing NNI: done in 143.704 secs using 1978% CPU
Iteration 250 / LogL: -300812.742 / Time: 11h:37m:26s (2h:56m:27s left)
Log-likelihood cutoff on original alignment: -301037.825
Optimizing NNI: done in 116.799 secs using 1983% CPU
Optimizing NNI: done in 151.404 secs using 1979% CPU
Optimizing NNI: done in 128.544 secs using 1983% CPU
Optimizing NNI: done in 138.393 secs using 1982% CPU
Optimizing NNI: done in 140.851 secs using 1980% CPU
Optimizing NNI: done in 118.283 secs using 1985% CPU
Optimizing NNI: done in 128.666 secs using 1982% CPU
Optimizing NNI: done in 135.455 secs using 1981% CPU
Optimizing NNI: done in 136.749 secs using 1979% CPU
Optimizing NNI: done in 149.561 secs using 1980% CPU
Iteration 260 / LogL: -300822.277 / Time: 12h:0m:29s (2h:27m:26s left)
Optimizing NNI: done in 125.961 secs using 1981% CPU
Optimizing NNI: done in 135.683 secs using 1981% CPU
Optimizing NNI: done in 109.726 secs using 1986% CPU
Optimizing NNI: done in 138.958 secs using 1980% CPU
Optimizing NNI: done in 133.05 secs using 1980% CPU
Optimizing NNI: done in 118.791 secs using 1983% CPU
Optimizing NNI: done in 122.783 secs using 1985% CPU
Optimizing NNI: done in 128.27 secs using 1981% CPU
Optimizing NNI: done in 142.574 secs using 1980% CPU
Optimizing NNI: done in 151.459 secs using 1979% CPU
Iteration 270 / LogL: -300852.056 / Time: 12h:22m:37s (1h:58m:42s left)
Optimizing NNI: done in 148.314 secs using 1980% CPU
Optimizing NNI: done in 144.24 secs using 1981% CPU
Optimizing NNI: done in 142.819 secs using 1982% CPU
Optimizing NNI: done in 109.021 secs using 1986% CPU
Optimizing NNI: done in 137.036 secs using 1984% CPU
Optimizing NNI: done in 144.827 secs using 1980% CPU
Optimizing NNI: done in 144.464 secs using 1980% CPU
Optimizing NNI: done in 117.905 secs using 1981% CPU
Optimizing NNI: done in 155.64 secs using 1980% CPU
Optimizing NNI: done in 127.764 secs using 1981% CPU
Iteration 280 / LogL: -300895.408 / Time: 12h:45m:51s (1h:30m:35s left)
Optimizing NNI: done in 140.049 secs using 1981% CPU
Optimizing NNI: done in 127.271 secs using 1981% CPU
Optimizing NNI: done in 129.717 secs using 1982% CPU
Optimizing NNI: done in 116.131 secs using 1984% CPU
Optimizing NNI: done in 168.922 secs using 1980% CPU
Optimizing NNI: done in 182.891 secs using 1980% CPU
Optimizing NNI: done in 157.669 secs using 1982% CPU
Optimizing NNI: done in 140.498 secs using 1982% CPU
Optimizing NNI: done in 115.817 secs using 1981% CPU
Optimizing NNI: done in 141.849 secs using 1980% CPU
Iteration 290 / LogL: -300888.446 / Time: 13h:9m:53s (1h:2m:51s left)
Optimizing NNI: done in 132.071 secs using 1979% CPU
Optimizing NNI: done in 149.707 secs using 1980% CPU
Optimizing NNI: done in 130.399 secs using 1982% CPU
Optimizing NNI: done in 134.069 secs using 1982% CPU
Optimizing NNI: done in 143.312 secs using 1980% CPU
Optimizing NNI: done in 137.694 secs using 1981% CPU
Optimizing NNI: done in 144.352 secs using 1982% CPU
Optimizing NNI: done in 152.75 secs using 1980% CPU
Optimizing NNI: done in 146.524 secs using 1980% CPU
Optimizing NNI: done in 122.264 secs using 1984% CPU
Iteration 300 / LogL: -300951.239 / Time: 13h:33m:28s (0h:35m:22s left)
Log-likelihood cutoff on original alignment: -301037.825
NOTE: Bootstrap correlation coefficient of split occurrence frequencies: 0.966
NOTE: UFBoot does not converge, continue at least 100 more iterations
Optimizing NNI: done in 108.167 secs using 1986% CPU
Optimizing NNI: done in 143.166 secs using 1979% CPU
Optimizing NNI: done in 138.352 secs using 1980% CPU
Optimizing NNI: done in 119.92 secs using 1983% CPU
Optimizing NNI: done in 134.518 secs using 1981% CPU
Optimizing NNI: done in 150.552 secs using 1981% CPU
Optimizing NNI: done in 142.178 secs using 1981% CPU
Optimizing NNI: done in 135.462 secs using 1981% CPU
Optimizing NNI: done in 141.126 secs using 1980% CPU
Optimizing NNI: done in 134.07 secs using 1979% CPU
Iteration 310 / LogL: -300945.233 / Time: 13h:56m:34s (4h:3m:39s left)
Optimizing NNI: done in 139.279 secs using 1981% CPU
Optimizing NNI: done in 133.586 secs using 1980% CPU
Optimizing NNI: done in 119.489 secs using 1981% CPU
Optimizing NNI: done in 110.539 secs using 1983% CPU
Optimizing NNI: done in 142.945 secs using 1980% CPU
Optimizing NNI: done in 146.194 secs using 1981% CPU
Optimizing NNI: done in 137.759 secs using 1980% CPU
Optimizing NNI: done in 151.555 secs using 1979% CPU
Optimizing NNI: done in 149.344 secs using 1979% CPU
Optimizing NNI: done in 134.308 secs using 1981% CPU
Iteration 320 / LogL: -300830.831 / Time: 14h:19m:42s (3h:35m:35s left)
Optimizing NNI: done in 142.327 secs using 1981% CPU
Optimizing NNI: done in 119.694 secs using 1985% CPU
Optimizing NNI: done in 138.173 secs using 1984% CPU
Optimizing NNI: done in 125.2 secs using 1981% CPU
Optimizing NNI: done in 135.914 secs using 1981% CPU
Optimizing NNI: done in 137.657 secs using 1981% CPU
Optimizing NNI: done in 140.456 secs using 1980% CPU
Optimizing NNI: done in 128.413 secs using 1981% CPU
Optimizing NNI: done in 149.774 secs using 1980% CPU
Optimizing NNI: done in 160.413 secs using 1980% CPU
Iteration 330 / LogL: -300913.833 / Time: 14h:43m:2s (3h:7m:52s left)
Optimizing NNI: done in 127.716 secs using 1981% CPU
Optimizing NNI: done in 188.225 secs using 1980% CPU
Optimizing NNI: done in 126.139 secs using 1981% CPU
Optimizing NNI: done in 131.103 secs using 1980% CPU
Optimizing NNI: done in 131.415 secs using 1979% CPU
Optimizing NNI: done in 121.156 secs using 1981% CPU
Optimizing NNI: done in 147.972 secs using 1979% CPU
Optimizing NNI: done in 151.17 secs using 1979% CPU
Optimizing NNI: done in 126.826 secs using 1982% CPU
Optimizing NNI: done in 140.133 secs using 1980% CPU
Iteration 340 / LogL: -300896.941 / Time: 15h:6m:37s (2h:40m:27s left)
Optimizing NNI: done in 116.384 secs using 1984% CPU
Optimizing NNI: done in 152.052 secs using 1981% CPU
Optimizing NNI: done in 145.243 secs using 1981% CPU
Optimizing NNI: done in 134.45 secs using 1982% CPU
Optimizing NNI: done in 150.624 secs using 1981% CPU
Optimizing NNI: done in 142.854 secs using 1981% CPU
Optimizing NNI: done in 147.986 secs using 1980% CPU
Optimizing NNI: done in 130.026 secs using 1981% CPU
Optimizing NNI: done in 132.258 secs using 1980% CPU
Optimizing NNI: done in 131.113 secs using 1982% CPU
Iteration 350 / LogL: -300925.832 / Time: 15h:30m:2s (2h:13m:14s left)
Log-likelihood cutoff on original alignment: -301037.825
Optimizing NNI: done in 136.167 secs using 1980% CPU
Optimizing NNI: done in 100.447 secs using 1985% CPU
Optimizing NNI: done in 142.157 secs using 1979% CPU
Optimizing NNI: done in 133.188 secs using 1983% CPU
Optimizing NNI: done in 137.681 secs using 1979% CPU
Optimizing NNI: done in 131.972 secs using 1980% CPU
Optimizing NNI: done in 121.239 secs using 1981% CPU
Optimizing NNI: done in 148.422 secs using 1981% CPU
Optimizing NNI: done in 139.1 secs using 1982% CPU
Optimizing NNI: done in 142.1 secs using 1980% CPU
Iteration 360 / LogL: -300928.289 / Time: 15h:52m:55s (1h:46m:10s left)
Optimizing NNI: done in 132.308 secs using 1980% CPU
Optimizing NNI: done in 116.467 secs using 1985% CPU
Optimizing NNI: done in 137.807 secs using 1981% CPU
Optimizing NNI: done in 126.988 secs using 1983% CPU
Optimizing NNI: done in 132.744 secs using 1980% CPU
Optimizing NNI: done in 142.14 secs using 1978% CPU
Optimizing NNI: done in 122.279 secs using 1981% CPU
Optimizing NNI: done in 149.084 secs using 1978% CPU
Optimizing NNI: done in 131.084 secs using 1978% CPU
Optimizing NNI: done in 139.1 secs using 1980% CPU
Iteration 370 / LogL: -300906.557 / Time: 16h:15m:28s (1h:19m:18s left)
Optimizing NNI: done in 117.82 secs using 1980% CPU
Optimizing NNI: done in 136.667 secs using 1980% CPU
Optimizing NNI: done in 122.051 secs using 1981% CPU
Optimizing NNI: done in 119.533 secs using 1980% CPU
Optimizing NNI: done in 137.394 secs using 1979% CPU
Optimizing NNI: done in 128.795 secs using 1984% CPU
Optimizing NNI: done in 147.585 secs using 1977% CPU
Optimizing NNI: done in 148.662 secs using 1976% CPU
Optimizing NNI: done in 141.358 secs using 1980% CPU
Optimizing NNI: done in 119.242 secs using 1984% CPU
Iteration 380 / LogL: -301062.893 / Time: 16h:37m:51s (0h:52m:39s left)
Optimizing NNI: done in 131.584 secs using 1978% CPU
Optimizing NNI: done in 144.839 secs using 1976% CPU
Optimizing NNI: done in 127.222 secs using 1981% CPU
Optimizing NNI: done in 150.408 secs using 1980% CPU
Optimizing NNI: done in 144.09 secs using 1979% CPU
Optimizing NNI: done in 123.109 secs using 1981% CPU
Optimizing NNI: done in 131.131 secs using 1983% CPU
Optimizing NNI: done in 140.333 secs using 1981% CPU
Optimizing NNI: done in 123.276 secs using 1985% CPU
Optimizing NNI: done in 126.074 secs using 1981% CPU
Iteration 390 / LogL: -300869.803 / Time: 17h:0m:37s (0h:26m:14s left)
Optimizing NNI: done in 139.466 secs using 1979% CPU
Optimizing NNI: done in 139.644 secs using 1979% CPU
Optimizing NNI: done in 143.7 secs using 1980% CPU
Optimizing NNI: done in 128.322 secs using 1981% CPU
Optimizing NNI: done in 137.386 secs using 1981% CPU
Optimizing NNI: done in 105.907 secs using 1985% CPU
Optimizing NNI: done in 134.579 secs using 1981% CPU
Optimizing NNI: done in 119.589 secs using 1982% CPU
Optimizing NNI: done in 121.115 secs using 1985% CPU
Optimizing NNI: done in 128.16 secs using 1984% CPU
Iteration 400 / LogL: -300969.038 / Time: 17h:22m:38s (0h:0m:0s left)
Log-likelihood cutoff on original alignment: -301003.793
NOTE: Bootstrap correlation coefficient of split occurrence frequencies: 0.978
NOTE: UFBoot does not converge, continue at least 100 more iterations
Optimizing NNI: done in 117.479 secs using 1981% CPU
Optimizing NNI: done in 116.554 secs using 1979% CPU
Optimizing NNI: done in 127.069 secs using 1980% CPU
Optimizing NNI: done in 136.566 secs using 1980% CPU
Optimizing NNI: done in 121.789 secs using 1982% CPU
Optimizing NNI: done in 130.401 secs using 1984% CPU
Optimizing NNI: done in 124.136 secs using 1981% CPU
Optimizing NNI: done in 142.039 secs using 1980% CPU
Optimizing NNI: done in 138.978 secs using 1980% CPU
Optimizing NNI: done in 130.428 secs using 1981% CPU
Iteration 410 / LogL: -300905.438 / Time: 17h:44m:45s (3h:54m:17s left)
Optimizing NNI: done in 115.814 secs using 1985% CPU
Optimizing NNI: done in 130.803 secs using 1979% CPU
Optimizing NNI: done in 122.91 secs using 1982% CPU
Optimizing NNI: done in 135.567 secs using 1981% CPU
Optimizing NNI: done in 117.138 secs using 1982% CPU
Optimizing NNI: done in 117.076 secs using 1985% CPU
Optimizing NNI: done in 142.567 secs using 1983% CPU
Optimizing NNI: done in 134.481 secs using 1982% CPU
Optimizing NNI: done in 119.024 secs using 1981% CPU
Optimizing NNI: done in 134.112 secs using 1979% CPU
Iteration 420 / LogL: -300842.243 / Time: 18h:6m:19s (3h:27m:24s left)
Optimizing NNI: done in 134.836 secs using 1979% CPU
Optimizing NNI: done in 140.633 secs using 1981% CPU
Optimizing NNI: done in 133.296 secs using 1980% CPU
Optimizing NNI: done in 153.075 secs using 1979% CPU
Optimizing NNI: done in 125.692 secs using 1984% CPU
Optimizing NNI: done in 109.218 secs using 1985% CPU
Optimizing NNI: done in 130.926 secs using 1980% CPU
Optimizing NNI: done in 115.385 secs using 1983% CPU
Optimizing NNI: done in 123.157 secs using 1981% CPU
Optimizing NNI: done in 123.61 secs using 1982% CPU
Iteration 430 / LogL: -300941.744 / Time: 18h:28m:13s (3h:0m:49s left)
Optimizing NNI: done in 130.104 secs using 1979% CPU
Optimizing NNI: done in 131.559 secs using 1979% CPU
Optimizing NNI: done in 134.624 secs using 1976% CPU
Optimizing NNI: done in 122.002 secs using 1983% CPU
Optimizing NNI: done in 150.747 secs using 1978% CPU
Optimizing NNI: done in 149.603 secs using 1979% CPU
Optimizing NNI: done in 129.854 secs using 1981% CPU
Optimizing NNI: done in 130.924 secs using 1984% CPU
Optimizing NNI: done in 139.849 secs using 1980% CPU
Optimizing NNI: done in 134.886 secs using 1982% CPU
Iteration 440 / LogL: -300993.549 / Time: 18h:51m:12s (2h:34m:36s left)
Optimizing NNI: done in 125.687 secs using 1982% CPU
Optimizing NNI: done in 129.372 secs using 1978% CPU
Optimizing NNI: done in 127.125 secs using 1983% CPU
Optimizing NNI: done in 126.891 secs using 1980% CPU
Optimizing NNI: done in 129.971 secs using 1982% CPU
Optimizing NNI: done in 160.472 secs using 1979% CPU
Optimizing NNI: done in 153.293 secs using 1980% CPU
Optimizing NNI: done in 129.131 secs using 1981% CPU
Optimizing NNI: done in 133.296 secs using 1981% CPU
Optimizing NNI: done in 138.215 secs using 1980% CPU
Iteration 450 / LogL: -300873.691 / Time: 19h:14m:10s (2h:8m:31s left)
Log-likelihood cutoff on original alignment: -301003.793
Optimizing NNI: done in 141.993 secs using 1978% CPU
Optimizing NNI: done in 131.919 secs using 1982% CPU
Optimizing NNI: done in 141.004 secs using 1982% CPU
Optimizing NNI: done in 123.645 secs using 1981% CPU
Optimizing NNI: done in 162.129 secs using 1979% CPU
Optimizing NNI: done in 134.236 secs using 1980% CPU
Optimizing NNI: done in 100.46 secs using 1986% CPU
Optimizing NNI: done in 124.743 secs using 1982% CPU
Optimizing NNI: done in 121.213 secs using 1984% CPU
Optimizing NNI: done in 130.324 secs using 1983% CPU
Iteration 460 / LogL: -300994.319 / Time: 19h:36m:44s (1h:42m:32s left)
Optimizing NNI: done in 137.522 secs using 1979% CPU
Optimizing NNI: done in 121.718 secs using 1984% CPU
Optimizing NNI: done in 146.56 secs using 1979% CPU
Optimizing NNI: done in 111.879 secs using 1983% CPU
Optimizing NNI: done in 155.068 secs using 1979% CPU
Optimizing NNI: done in 136.715 secs using 1980% CPU
Optimizing NNI: done in 124.004 secs using 1980% CPU
Optimizing NNI: done in 122.733 secs using 1982% CPU
Optimizing NNI: done in 116.969 secs using 1981% CPU
Optimizing NNI: done in 129.485 secs using 1981% CPU
Iteration 470 / LogL: -300900.446 / Time: 19h:58m:52s (1h:16m:41s left)
Optimizing NNI: done in 115.393 secs using 1983% CPU
Optimizing NNI: done in 116.191 secs using 1983% CPU
Optimizing NNI: done in 140.979 secs using 1979% CPU
Optimizing NNI: done in 140.817 secs using 1979% CPU
Estimate model parameters (epsilon = 0.100)
BETTER TREE FOUND at iteration 474: -300780.635
Optimizing NNI: done in 132.906 secs using 1980% CPU
Optimizing NNI: done in 114.506 secs using 1982% CPU
Optimizing NNI: done in 135.036 secs using 1980% CPU
Optimizing NNI: done in 131.093 secs using 1981% CPU
Optimizing NNI: done in 158.595 secs using 1978% CPU
Optimizing NNI: done in 111.653 secs using 1982% CPU
Iteration 480 / LogL: -300870.333 / Time: 20h:22m:8s (3h:59m:50s left)
Optimizing NNI: done in 141.514 secs using 1980% CPU
Optimizing NNI: done in 143.729 secs using 1979% CPU
Optimizing NNI: done in 143.12 secs using 1979% CPU
Optimizing NNI: done in 132.202 secs using 1982% CPU
Optimizing NNI: done in 110.693 secs using 1985% CPU
Optimizing NNI: done in 147.77 secs using 1979% CPU
Optimizing NNI: done in 143.587 secs using 1980% CPU
Optimizing NNI: done in 147.765 secs using 1979% CPU
Optimizing NNI: done in 142.887 secs using 1981% CPU
Optimizing NNI: done in 142.818 secs using 1976% CPU
Iteration 490 / LogL: -300849.775 / Time: 20h:45m:49s (3h:34m:0s left)
Optimizing NNI: done in 147.28 secs using 1979% CPU
Optimizing NNI: done in 135.323 secs using 1980% CPU
Optimizing NNI: done in 139.367 secs using 1977% CPU
Optimizing NNI: done in 106.228 secs using 1984% CPU
Optimizing NNI: done in 137.792 secs using 1981% CPU
Optimizing NNI: done in 135.75 secs using 1979% CPU
Optimizing NNI: done in 117.314 secs using 1982% CPU
Optimizing NNI: done in 144.229 secs using 1979% CPU
Optimizing NNI: done in 153.539 secs using 1977% CPU
Optimizing NNI: done in 137.943 secs using 1981% CPU
Iteration 500 / LogL: -300941.822 / Time: 21h:8m:50s (3h:8m:9s left)
Log-likelihood cutoff on original alignment: -301003.793
NOTE: Bootstrap correlation coefficient of split occurrence frequencies: 0.992
Optimizing NNI: done in 134.846 secs using 1980% CPU
Optimizing NNI: done in 140.494 secs using 1978% CPU
Optimizing NNI: done in 136.59 secs using 1979% CPU
Estimate model parameters (epsilon = 0.100)
BETTER TREE FOUND at iteration 503: -300780.319
Optimizing NNI: done in 136.338 secs using 1978% CPU
Optimizing NNI: done in 135.831 secs using 1977% CPU
Optimizing NNI: done in 132.342 secs using 1978% CPU
Optimizing NNI: done in 144.057 secs using 1975% CPU
Optimizing NNI: done in 146.748 secs using 1979% CPU
Optimizing NNI: done in 122.292 secs using 1985% CPU
Optimizing NNI: done in 131.424 secs using 1980% CPU
Iteration 510 / LogL: -300823.628 / Time: 21h:32m:41s (3h:56m:11s left)
Optimizing NNI: done in 125.79 secs using 1980% CPU
Optimizing NNI: done in 141.648 secs using 1978% CPU
Optimizing NNI: done in 131.076 secs using 1983% CPU
Optimizing NNI: done in 125.998 secs using 1982% CPU
Optimizing NNI: done in 125.379 secs using 1981% CPU
Optimizing NNI: done in 144.329 secs using 1979% CPU
Optimizing NNI: done in 145.017 secs using 1978% CPU
Optimizing NNI: done in 136.966 secs using 1980% CPU
Optimizing NNI: done in 144.519 secs using 1979% CPU
Optimizing NNI: done in 130.914 secs using 1980% CPU
Iteration 520 / LogL: -300833.545 / Time: 21h:55m:40s (3h:30m:24s left)
Optimizing NNI: done in 142.157 secs using 1981% CPU
Optimizing NNI: done in 111.704 secs using 1982% CPU
Optimizing NNI: done in 123.086 secs using 1984% CPU
Optimizing NNI: done in 133.044 secs using 1980% CPU
Optimizing NNI: done in 119.683 secs using 1982% CPU
Optimizing NNI: done in 117.18 secs using 1983% CPU
Optimizing NNI: done in 136.917 secs using 1979% CPU
Optimizing NNI: done in 126.755 secs using 1982% CPU
Optimizing NNI: done in 134.247 secs using 1980% CPU
Optimizing NNI: done in 130.317 secs using 1975% CPU
Iteration 530 / LogL: -300904.916 / Time: 22h:17m:21s (3h:4m:33s left)
Optimizing NNI: done in 135.95 secs using 1977% CPU
Optimizing NNI: done in 135.09 secs using 1979% CPU
Optimizing NNI: done in 139.735 secs using 1979% CPU
Optimizing NNI: done in 138.394 secs using 1978% CPU
Optimizing NNI: done in 118.884 secs using 1984% CPU
Optimizing NNI: done in 117.022 secs using 1984% CPU
Optimizing NNI: done in 112.021 secs using 1979% CPU
Optimizing NNI: done in 133.309 secs using 1982% CPU
Optimizing NNI: done in 132.824 secs using 1978% CPU
Optimizing NNI: done in 136.989 secs using 1977% CPU
Iteration 540 / LogL: -300835.473 / Time: 22h:39m:28s (2h:38m:53s left)
Optimizing NNI: done in 138.014 secs using 1977% CPU
Optimizing NNI: done in 145.665 secs using 1979% CPU
Optimizing NNI: done in 133.929 secs using 1979% CPU
Optimizing NNI: done in 121.241 secs using 1983% CPU
Optimizing NNI: done in 143.251 secs using 1979% CPU
Optimizing NNI: done in 138.124 secs using 1980% CPU
Optimizing NNI: done in 142.654 secs using 1979% CPU
Optimizing NNI: done in 123.409 secs using 1985% CPU
Optimizing NNI: done in 118.362 secs using 1980% CPU
Optimizing NNI: done in 157.063 secs using 1979% CPU
Iteration 550 / LogL: -300838.166 / Time: 23h:2m:36s (2h:13m:28s left)
Log-likelihood cutoff on original alignment: -301003.793
Optimizing NNI: done in 141.443 secs using 1980% CPU
Optimizing NNI: done in 122.706 secs using 1981% CPU
Optimizing NNI: done in 129.512 secs using 1981% CPU
Optimizing NNI: done in 132.37 secs using 1979% CPU
Optimizing NNI: done in 121.25 secs using 1982% CPU
Optimizing NNI: done in 125.493 secs using 1982% CPU
Optimizing NNI: done in 138.794 secs using 1979% CPU
Optimizing NNI: done in 140.85 secs using 1979% CPU
Optimizing NNI: done in 122.096 secs using 1983% CPU
Optimizing NNI: done in 129.461 secs using 1982% CPU
Iteration 560 / LogL: -300953.914 / Time: 23h:25m:4s (1h:48m:4s left)
Optimizing NNI: done in 138.575 secs using 1981% CPU
Optimizing NNI: done in 129.939 secs using 1980% CPU
Optimizing NNI: done in 144.947 secs using 1981% CPU
Optimizing NNI: done in 140.463 secs using 1979% CPU
Optimizing NNI: done in 133.742 secs using 1979% CPU
Optimizing NNI: done in 145.284 secs using 1978% CPU
Optimizing NNI: done in 109.37 secs using 1984% CPU
Optimizing NNI: done in 132.531 secs using 1979% CPU
Optimizing NNI: done in 128.414 secs using 1979% CPU
Optimizing NNI: done in 149.72 secs using 1981% CPU
Iteration 570 / LogL: -300929.204 / Time: 23h:48m:5s (1h:22m:49s left)
Optimizing NNI: done in 130.196 secs using 1979% CPU
Optimizing NNI: done in 122.422 secs using 1979% CPU
Optimizing NNI: done in 142.826 secs using 1979% CPU
Optimizing NNI: done in 133.554 secs using 1979% CPU
Optimizing NNI: done in 125.683 secs using 1979% CPU
Optimizing NNI: done in 130.732 secs using 1980% CPU
Optimizing NNI: done in 125.77 secs using 1982% CPU
Optimizing NNI: done in 138.046 secs using 1978% CPU
Optimizing NNI: done in 133.413 secs using 1980% CPU
Optimizing NNI: done in 118.806 secs using 1979% CPU
Iteration 580 / LogL: -300873.728 / Time: 24h:10m:14s (0h:57m:36s left)
Optimizing NNI: done in 127.851 secs using 1982% CPU
Optimizing NNI: done in 148.776 secs using 1978% CPU
Optimizing NNI: done in 140.81 secs using 1978% CPU
Optimizing NNI: done in 102.139 secs using 1983% CPU
Optimizing NNI: done in 129.449 secs using 1980% CPU
Optimizing NNI: done in 122.161 secs using 1980% CPU
Optimizing NNI: done in 130.864 secs using 1981% CPU
Optimizing NNI: done in 126.269 secs using 1980% CPU
Optimizing NNI: done in 147.604 secs using 1980% CPU
Optimizing NNI: done in 138.192 secs using 1979% CPU
Iteration 590 / LogL: -300801.817 / Time: 24h:32m:36s (0h:32m:30s left)
Optimizing NNI: done in 127.237 secs using 1978% CPU
Optimizing NNI: done in 140.243 secs using 1980% CPU
Optimizing NNI: done in 118.444 secs using 1981% CPU
Optimizing NNI: done in 140.288 secs using 1976% CPU
Optimizing NNI: done in 143.308 secs using 1977% CPU
Optimizing NNI: done in 122.497 secs using 1981% CPU
Optimizing NNI: done in 123.367 secs using 1981% CPU
Optimizing NNI: done in 129.974 secs using 1981% CPU
Optimizing NNI: done in 152.87 secs using 1979% CPU
Optimizing NNI: done in 135.5 secs using 1981% CPU
Iteration 600 / LogL: -300941.321 / Time: 24h:55m:17s (0h:7m:29s left)
Log-likelihood cutoff on original alignment: -301003.793
NOTE: Bootstrap correlation coefficient of split occurrence frequencies: 0.991
Optimizing NNI: done in 135.657 secs using 1979% CPU
Optimizing NNI: done in 132.969 secs using 1981% CPU
Optimizing NNI: done in 142.821 secs using 1977% CPU
Optimizing NNI: done in 144.984 secs using 1979% CPU
TREE SEARCH COMPLETED AFTER 604 ITERATIONS / Time: 25h:5m:2s

--------------------------------------------------------------------
|                    FINALIZING TREE SEARCH                        |
--------------------------------------------------------------------
Performs final model parameters optimization
Estimate model parameters (epsilon = 0.010)
1. Initial log-likelihood: -300780.319
2. Current log-likelihood: -300780.291
3. Current log-likelihood: -300780.256
4. Current log-likelihood: -300780.224
5. Current log-likelihood: -300780.203
6. Current log-likelihood: -300780.188
7. Current log-likelihood: -300780.170
8. Current log-likelihood: -300780.158
9. Current log-likelihood: -300780.141
10. Current log-likelihood: -300780.131
11. Current log-likelihood: -300780.115
Optimal log-likelihood: -300780.101
Site proportion and rates:  (0.014,0.035) (0.021,0.131) (0.032,0.226) (0.073,0.363) (0.102,0.494) (0.186,0.665) (0.190,0.880) (0.164,1.159) (0.183,1.618) (0.036,3.778)
Parameters optimization took 11 rounds (161.902 sec)
BEST SCORE FOUND : -300780.101
Creating bootstrap support values...
Split supports printed to NEXUS file lys_insecta_alinhado.fasta.splits.nex
Total tree length: 830.821

Total number of iterations: 604
CPU time used for tree search: 1762009.222 sec (489h:26m:49s)
Wall-clock time used for tree search: 90083.391 sec (25h:1m:23s)
Total CPU time used: 1769575.085 sec (491h:32m:55s)
Total wall-clock time used: 90481.392 sec (25h:8m:1s)

Computing bootstrap consensus tree...
Reading input file lys_insecta_alinhado.fasta.splits.nex...
2216 taxa and 11425 splits.
Consensus tree written to lys_insecta_alinhado.fasta.contree
Reading input trees file lys_insecta_alinhado.fasta.contree
Log-likelihood of consensus tree: -300728.559

Analysis results written to: 
  IQ-TREE report:                lys_insecta_alinhado.fasta.iqtree
  Maximum-likelihood tree:       lys_insecta_alinhado.fasta.treefile
  Likelihood distances:          lys_insecta_alinhado.fasta.mldist

Ultrafast bootstrap approximation results written to:
  Split support values:          lys_insecta_alinhado.fasta.splits.nex
  Consensus tree:                lys_insecta_alinhado.fasta.contree
  Screen log file:               lys_insecta_alinhado.fasta.log

Date and Time: Wed Apr 16 08:40:10 2025
